[2026-09-04 05:43:32] SPPBlade: Starting render for 'project.home'
[2026-09-04 05:43:32] SPPBlade: Rendering relative view 'project.home' with paths: "\/mnt\/c\/projects\/apache\/school1\/src\/SPPDocs\/resources\/views"
[2026-09-04 05:43:32] SPPBlade: Starting render for 'partials/sidebar.blade.php'
[2026-09-04 05:43:32] SPPBlade: Rendering relative view 'partials/sidebar.blade.php' with paths: "\/mnt\/c\/projects\/apache\/school1\/src\/SPPDocs\/resources\/views"
[2026-09-04 05:43:33] SPPBlade: Starting render for 'partials/header.blade.php'
[2026-09-04 05:43:33] SPPBlade: Rendering relative view 'partials/header.blade.php' with paths: "\/mnt\/c\/projects\/apache\/school1\/src\/SPPDocs\/resources\/views"
[2026-09-04 05:43:33] SPPBlade: Starting render for 'partials/command_palette.blade.php'
[2026-09-04 05:43:33] SPPBlade: Rendering relative view 'partials/command_palette.blade.php' with paths: "\/mnt\/c\/projects\/apache\/school1\/src\/SPPDocs\/resources\/views"
[2026-09-04 05:43:33] SPPBlade: Starting render for 'partials/keyboard_shortcuts.blade.php'
[2026-09-04 05:43:33] SPPBlade: Rendering relative view 'partials/keyboard_shortcuts.blade.php' with paths: "\/mnt\/c\/projects\/apache\/school1\/src\/SPPDocs\/resources\/views"
[2026-09-04 05:43:42] SPPBlade: Starting render for 'login'
[2026-09-04 05:43:42] SPPBlade: Rendering relative view 'login' with paths: "\/mnt\/c\/projects\/apache\/school1\/src\/SPPDocs\/resources\/views"
[2026-09-04 05:43:45] DEBUG: Longest match routing: Picked 'assets' for request 'assets/logo.jpg'
[2026-09-04 08:10:27] DEBUG: Longest match routing: Picked 'css' for request 'css/login.css'
[2026-09-04 08:10:42] SPPBlade: Starting render for 'login'
[2026-09-04 08:10:42] SPPBlade: Rendering relative view 'login' with paths: "\/mnt\/c\/projects\/apache\/school1\/src\/SPPDocs\/resources\/views"
[2026-09-04 08:11:33] SPPBlade: Starting render for 'login'
[2026-09-04 08:11:33] SPPBlade: Rendering relative view 'login' with paths: "\/mnt\/c\/projects\/apache\/school1\/src\/SPPDocs\/resources\/views"
[2026-09-04 08:11:45] DEBUG: Longest match routing: Picked 'css' for request 'css/login.css'
[2026-09-04 08:12:36] DEBUG: Longest match routing: Picked 'css' for request 'css/login.css'
[2026-09-04 08:13:54] SPPBlade: Starting render for 'login'
[2026-09-04 08:13:54] SPPBlade: Rendering relative view 'login' with paths: "\/mnt\/c\/projects\/apache\/school1\/src\/SPPDocs\/resources\/views"
[2026-09-04 08:15:03] SPPBlade: Starting render for 'login'
[2026-09-04 08:15:03] SPPBlade: Rendering relative view 'login' with paths: "\/mnt\/c\/projects\/apache\/school1\/src\/SPPDocs\/resources\/views"
[2026-09-04 08:15:16] DEBUG: Longest match routing: Picked 'css' for request 'css/login.css'
[2026-09-04 08:16:33] SPPBlade: Starting render for 'login'
[2026-09-04 08:16:33] SPPBlade: Rendering relative view 'login' with paths: "\/mnt\/c\/projects\/apache\/school1\/src\/SPPDocs\/resources\/views"
[2026-09-04 08:16:36] DEBUG: Longest match routing: Picked 'css' for request 'css/login.css'
[2026-09-04 08:16:36] DEBUG: Longest match routing: Picked 'assets' for request 'assets/logo.jpg'
[2026-09-04 08:17:08] SPPBlade: Starting render for 'project.home'
[2026-09-04 08:17:08] SPPBlade: Rendering relative view 'project.home' with paths: "\/mnt\/c\/projects\/apache\/school1\/src\/SPPDocs\/resources\/views"
[2026-09-04 08:17:08] SPPBlade: Starting render for 'partials/sidebar.blade.php'
[2026-09-04 08:17:08] SPPBlade: Rendering relative view 'partials/sidebar.blade.php' with paths: "\/mnt\/c\/projects\/apache\/school1\/src\/SPPDocs\/resources\/views"
[2026-09-04 08:17:08] SPPBlade: Starting render for 'partials/header.blade.php'
[2026-09-04 08:17:08] SPPBlade: Rendering relative view 'partials/header.blade.php' with paths: "\/mnt\/c\/projects\/apache\/school1\/src\/SPPDocs\/resources\/views"
[2026-09-04 08:17:09] SPPBlade: Starting render for 'partials/command_palette.blade.php'
[2026-09-04 08:17:09] SPPBlade: Rendering relative view 'partials/command_palette.blade.php' with paths: "\/mnt\/c\/projects\/apache\/school1\/src\/SPPDocs\/resources\/views"
[2026-09-04 08:17:09] SPPBlade: Starting render for 'partials/keyboard_shortcuts.blade.php'
[2026-09-04 08:17:09] SPPBlade: Rendering relative view 'partials/keyboard_shortcuts.blade.php' with paths: "\/mnt\/c\/projects\/apache\/school1\/src\/SPPDocs\/resources\/views"
[2026-09-04 08:17:15] DEBUG: Longest match routing: Picked 'css' for request 'css/sppdocs.css'
[2026-09-04 08:17:38] SPPBlade: Starting render for 'login'
[2026-09-04 08:17:38] SPPBlade: Rendering relative view 'login' with paths: "\/mnt\/c\/projects\/apache\/school1\/src\/SPPDocs\/resources\/views"
[2026-09-04 08:17:42] DEBUG: Longest match routing: Picked 'assets' for request 'assets/logo.jpg'
[2026-09-04 08:17:50] SPPBlade: Starting render for 'login'
[2026-09-04 08:17:50] SPPBlade: Rendering relative view 'login' with paths: "\/mnt\/c\/projects\/apache\/school1\/src\/SPPDocs\/resources\/views"
[2026-09-04 08:17:53] DEBUG: Longest match routing: Picked 'assets' for request 'assets/logo.jpg'
[2026-09-04 08:17:53] DEBUG: Longest match routing: Picked 'css' for request 'css/login.css'
[2026-09-04 08:18:17] SPPBlade: Starting render for 'project.home'
[2026-09-04 08:18:17] SPPBlade: Rendering relative view 'project.home' with paths: "\/mnt\/c\/projects\/apache\/school1\/src\/SPPDocs\/resources\/views"
[2026-09-04 08:18:17] SPPBlade: Starting render for 'partials/sidebar.blade.php'
[2026-09-04 08:18:17] SPPBlade: Rendering relative view 'partials/sidebar.blade.php' with paths: "\/mnt\/c\/projects\/apache\/school1\/src\/SPPDocs\/resources\/views"
[2026-09-04 08:18:17] SPPBlade: Starting render for 'partials/header.blade.php'
[2026-09-04 08:18:17] SPPBlade: Rendering relative view 'partials/header.blade.php' with paths: "\/mnt\/c\/projects\/apache\/school1\/src\/SPPDocs\/resources\/views"
[2026-09-04 08:18:17] SPPBlade: Starting render for 'partials/command_palette.blade.php'
[2026-09-04 08:18:17] SPPBlade: Rendering relative view 'partials/command_palette.blade.php' with paths: "\/mnt\/c\/projects\/apache\/school1\/src\/SPPDocs\/resources\/views"
[2026-09-04 08:18:17] SPPBlade: Starting render for 'partials/keyboard_shortcuts.blade.php'
[2026-09-04 08:18:17] SPPBlade: Rendering relative view 'partials/keyboard_shortcuts.blade.php' with paths: "\/mnt\/c\/projects\/apache\/school1\/src\/SPPDocs\/resources\/views"
[2026-09-04 08:18:23] DEBUG: Longest match routing: Picked 'css' for request 'css/sppdocs.css'
[2026-09-04 08:21:05] SPPBlade: Starting render for 'project.home'
[2026-09-04 08:21:05] SPPBlade: Rendering relative view 'project.home' with paths: "\/mnt\/c\/projects\/apache\/school1\/src\/SPPDocs\/resources\/views"
[2026-09-04 08:21:05] SPPBlade: Starting render for 'partials/sidebar.blade.php'
[2026-09-04 08:21:05] SPPBlade: Rendering relative view 'partials/sidebar.blade.php' with paths: "\/mnt\/c\/projects\/apache\/school1\/src\/SPPDocs\/resources\/views"
[2026-09-04 08:21:06] SPPBlade: Starting render for 'partials/header.blade.php'
[2026-09-04 08:21:06] SPPBlade: Rendering relative view 'partials/header.blade.php' with paths: "\/mnt\/c\/projects\/apache\/school1\/src\/SPPDocs\/resources\/views"
[2026-09-04 08:21:06] SPPBlade: Starting render for 'partials/command_palette.blade.php'
[2026-09-04 08:21:06] SPPBlade: Rendering relative view 'partials/command_palette.blade.php' with paths: "\/mnt\/c\/projects\/apache\/school1\/src\/SPPDocs\/resources\/views"
[2026-09-04 08:21:06] SPPBlade: Starting render for 'partials/keyboard_shortcuts.blade.php'
[2026-09-04 08:21:06] SPPBlade: Rendering relative view 'partials/keyboard_shortcuts.blade.php' with paths: "\/mnt\/c\/projects\/apache\/school1\/src\/SPPDocs\/resources\/views"
[2026-09-04 08:21:22] SPPBlade: Starting render for 'project.home'
[2026-09-04 08:21:22] SPPBlade: Rendering relative view 'project.home' with paths: "\/mnt\/c\/projects\/apache\/school1\/src\/SPPDocs\/resources\/views"
[2026-09-04 08:21:22] SPPBlade: Starting render for 'partials/sidebar.blade.php'
[2026-09-04 08:21:22] SPPBlade: Rendering relative view 'partials/sidebar.blade.php' with paths: "\/mnt\/c\/projects\/apache\/school1\/src\/SPPDocs\/resources\/views"
[2026-09-04 08:21:22] SPPBlade: Starting render for 'partials/header.blade.php'
[2026-09-04 08:21:22] SPPBlade: Rendering relative view 'partials/header.blade.php' with paths: "\/mnt\/c\/projects\/apache\/school1\/src\/SPPDocs\/resources\/views"
[2026-09-04 08:21:22] SPPBlade: Starting render for 'partials/command_palette.blade.php'
[2026-09-04 08:21:22] SPPBlade: Rendering relative view 'partials/command_palette.blade.php' with paths: "\/mnt\/c\/projects\/apache\/school1\/src\/SPPDocs\/resources\/views"
[2026-09-04 08:21:22] SPPBlade: Starting render for 'partials/keyboard_shortcuts.blade.php'
[2026-09-04 08:21:22] SPPBlade: Rendering relative view 'partials/keyboard_shortcuts.blade.php' with paths: "\/mnt\/c\/projects\/apache\/school1\/src\/SPPDocs\/resources\/views"
[2026-09-04 08:24:14] SPPBlade: Starting render for 'project.home'
[2026-09-04 08:24:14] SPPBlade: Rendering relative view 'project.home' with paths: "\/mnt\/c\/projects\/apache\/school1\/src\/SPPDocs\/resources\/views"
[2026-09-04 08:24:14] SPPBlade: Starting render for 'partials/sidebar.blade.php'
[2026-09-04 08:24:14] SPPBlade: Rendering relative view 'partials/sidebar.blade.php' with paths: "\/mnt\/c\/projects\/apache\/school1\/src\/SPPDocs\/resources\/views"
[2026-09-04 08:24:15] SPPBlade Template Error in 'partials.sidebar': syntax error, unexpected end of file, expecting "elseif" or "else" or "endif"
[2026-09-04 08:24:15] SPPBlade Template Error in 'project.home': SPPBlade Template Error in 'partials.sidebar': syntax error, unexpected end of file, expecting "elseif" or "else" or "endif"

💡 Corrective Measure:
Check your Blade syntax in the file. Common issues include:
- Unescaped special characters inside {{ }} or {!! !!}
- Using raw PHP interpolation (like '$var' in double quotes) instead of Blade directives
- Missing commas or brackets in array arguments passed to @directives (e.g. @spppartial)
[2026-09-04 08:24:44] SPPBlade: Starting render for 'project.home'
[2026-09-04 08:24:44] SPPBlade: Rendering relative view 'project.home' with paths: "\/mnt\/c\/projects\/apache\/school1\/src\/SPPDocs\/resources\/views"
[2026-09-04 08:24:44] SPPBlade: Starting render for 'partials/sidebar.blade.php'
[2026-09-04 08:24:44] SPPBlade: Rendering relative view 'partials/sidebar.blade.php' with paths: "\/mnt\/c\/projects\/apache\/school1\/src\/SPPDocs\/resources\/views"
[2026-09-04 08:24:44] SPPBlade Template Error in 'partials.sidebar': syntax error, unexpected end of file, expecting "elseif" or "else" or "endif"
[2026-09-04 08:24:44] SPPBlade Template Error in 'project.home': SPPBlade Template Error in 'partials.sidebar': syntax error, unexpected end of file, expecting "elseif" or "else" or "endif"

💡 Corrective Measure:
Check your Blade syntax in the file. Common issues include:
- Unescaped special characters inside {{ }} or {!! !!}
- Using raw PHP interpolation (like '$var' in double quotes) instead of Blade directives
- Missing commas or brackets in array arguments passed to @directives (e.g. @spppartial)
[2026-09-04 08:25:05] SPPBlade: Starting render for 'project.home'
[2026-09-04 08:25:05] SPPBlade: Rendering relative view 'project.home' with paths: "\/mnt\/c\/projects\/apache\/school1\/src\/SPPDocs\/resources\/views"
[2026-09-04 08:25:05] SPPBlade: Starting render for 'partials/sidebar.blade.php'
[2026-09-04 08:25:05] SPPBlade: Rendering relative view 'partials/sidebar.blade.php' with paths: "\/mnt\/c\/projects\/apache\/school1\/src\/SPPDocs\/resources\/views"
[2026-09-04 08:25:05] SPPBlade Template Error in 'partials.sidebar': syntax error, unexpected end of file, expecting "elseif" or "else" or "endif"
[2026-09-04 08:25:05] SPPBlade Template Error in 'project.home': SPPBlade Template Error in 'partials.sidebar': syntax error, unexpected end of file, expecting "elseif" or "else" or "endif"

💡 Corrective Measure:
Check your Blade syntax in the file. Common issues include:
- Unescaped special characters inside {{ }} or {!! !!}
- Using raw PHP interpolation (like '$var' in double quotes) instead of Blade directives
- Missing commas or brackets in array arguments passed to @directives (e.g. @spppartial)
[2026-09-04 08:25:21] SPPBlade: Starting render for 'project.home'
[2026-09-04 08:25:21] SPPBlade: Rendering relative view 'project.home' with paths: "\/mnt\/c\/projects\/apache\/school1\/src\/SPPDocs\/resources\/views"
[2026-09-04 08:25:21] SPPBlade: Starting render for 'partials/sidebar.blade.php'
[2026-09-04 08:25:21] SPPBlade: Rendering relative view 'partials/sidebar.blade.php' with paths: "\/mnt\/c\/projects\/apache\/school1\/src\/SPPDocs\/resources\/views"
[2026-09-04 08:25:21] SPPBlade Template Error in 'partials.sidebar': syntax error, unexpected end of file, expecting "elseif" or "else" or "endif"
[2026-09-04 08:25:21] SPPBlade Template Error in 'project.home': SPPBlade Template Error in 'partials.sidebar': syntax error, unexpected end of file, expecting "elseif" or "else" or "endif"

💡 Corrective Measure:
Check your Blade syntax in the file. Common issues include:
- Unescaped special characters inside {{ }} or {!! !!}
- Using raw PHP interpolation (like '$var' in double quotes) instead of Blade directives
- Missing commas or brackets in array arguments passed to @directives (e.g. @spppartial)
[2026-09-04 08:25:27] SPPBlade: Starting render for 'project.home'
[2026-09-04 08:25:27] SPPBlade: Rendering relative view 'project.home' with paths: "\/mnt\/c\/projects\/apache\/school1\/src\/SPPDocs\/resources\/views"
[2026-09-04 08:25:27] SPPBlade: Starting render for 'partials/sidebar.blade.php'
[2026-09-04 08:25:27] SPPBlade: Rendering relative view 'partials/sidebar.blade.php' with paths: "\/mnt\/c\/projects\/apache\/school1\/src\/SPPDocs\/resources\/views"
[2026-09-04 08:25:27] SPPBlade Template Error in 'partials.sidebar': syntax error, unexpected end of file, expecting "elseif" or "else" or "endif"
[2026-09-04 08:25:27] SPPBlade Template Error in 'project.home': SPPBlade Template Error in 'partials.sidebar': syntax error, unexpected end of file, expecting "elseif" or "else" or "endif"

💡 Corrective Measure:
Check your Blade syntax in the file. Common issues include:
- Unescaped special characters inside {{ }} or {!! !!}
- Using raw PHP interpolation (like '$var' in double quotes) instead of Blade directives
- Missing commas or brackets in array arguments passed to @directives (e.g. @spppartial)
[2026-09-04 08:26:03] SPPBlade: Starting render for 'project.home'
[2026-09-04 08:26:03] SPPBlade: Rendering relative view 'project.home' with paths: "\/mnt\/c\/projects\/apache\/school1\/src\/SPPDocs\/resources\/views"
[2026-09-04 08:26:03] SPPBlade: Starting render for 'partials/sidebar.blade.php'
[2026-09-04 08:26:03] SPPBlade: Rendering relative view 'partials/sidebar.blade.php' with paths: "\/mnt\/c\/projects\/apache\/school1\/src\/SPPDocs\/resources\/views"
[2026-09-04 08:26:04] SPPBlade: Starting render for 'partials/header.blade.php'
[2026-09-04 08:26:04] SPPBlade: Rendering relative view 'partials/header.blade.php' with paths: "\/mnt\/c\/projects\/apache\/school1\/src\/SPPDocs\/resources\/views"
[2026-09-04 08:26:04] SPPBlade: Starting render for 'partials/command_palette.blade.php'
[2026-09-04 08:26:04] SPPBlade: Rendering relative view 'partials/command_palette.blade.php' with paths: "\/mnt\/c\/projects\/apache\/school1\/src\/SPPDocs\/resources\/views"
[2026-09-04 08:26:05] SPPBlade: Starting render for 'partials/keyboard_shortcuts.blade.php'
[2026-09-04 08:26:05] SPPBlade: Rendering relative view 'partials/keyboard_shortcuts.blade.php' with paths: "\/mnt\/c\/projects\/apache\/school1\/src\/SPPDocs\/resources\/views"
[2026-09-04 08:26:27] SPPBlade: Starting render for 'project.home'
[2026-09-04 08:26:27] SPPBlade: Rendering relative view 'project.home' with paths: "\/mnt\/c\/projects\/apache\/school1\/src\/SPPDocs\/resources\/views"
[2026-09-04 08:26:27] SPPBlade: Starting render for 'partials/sidebar.blade.php'
[2026-09-04 08:26:27] SPPBlade: Rendering relative view 'partials/sidebar.blade.php' with paths: "\/mnt\/c\/projects\/apache\/school1\/src\/SPPDocs\/resources\/views"
[2026-09-04 08:26:27] SPPBlade: Starting render for 'partials/header.blade.php'
[2026-09-04 08:26:27] SPPBlade: Rendering relative view 'partials/header.blade.php' with paths: "\/mnt\/c\/projects\/apache\/school1\/src\/SPPDocs\/resources\/views"
[2026-09-04 08:26:27] SPPBlade: Starting render for 'partials/command_palette.blade.php'
[2026-09-04 08:26:27] SPPBlade: Rendering relative view 'partials/command_palette.blade.php' with paths: "\/mnt\/c\/projects\/apache\/school1\/src\/SPPDocs\/resources\/views"
[2026-09-04 08:26:27] SPPBlade: Starting render for 'partials/keyboard_shortcuts.blade.php'
[2026-09-04 08:26:27] SPPBlade: Rendering relative view 'partials/keyboard_shortcuts.blade.php' with paths: "\/mnt\/c\/projects\/apache\/school1\/src\/SPPDocs\/resources\/views"
[2026-09-04 08:31:11] SPPBlade: Starting render for 'project.home'
[2026-09-04 08:31:11] SPPBlade: Rendering relative view 'project.home' with paths: "\/mnt\/c\/projects\/apache\/school1\/src\/SPPDocs\/resources\/views"
[2026-09-04 08:31:11] SPPBlade: Starting render for 'partials/sidebar.blade.php'
[2026-09-04 08:31:11] SPPBlade: Rendering relative view 'partials/sidebar.blade.php' with paths: "\/mnt\/c\/projects\/apache\/school1\/src\/SPPDocs\/resources\/views"
[2026-09-04 08:31:11] SPPBlade: Starting render for 'partials/header.blade.php'
[2026-09-04 08:31:11] SPPBlade: Rendering relative view 'partials/header.blade.php' with paths: "\/mnt\/c\/projects\/apache\/school1\/src\/SPPDocs\/resources\/views"
[2026-09-04 08:31:11] SPPBlade: Starting render for 'partials/command_palette.blade.php'
[2026-09-04 08:31:11] SPPBlade: Rendering relative view 'partials/command_palette.blade.php' with paths: "\/mnt\/c\/projects\/apache\/school1\/src\/SPPDocs\/resources\/views"
[2026-09-04 08:31:11] SPPBlade: Starting render for 'partials/keyboard_shortcuts.blade.php'
[2026-09-04 08:31:11] SPPBlade: Rendering relative view 'partials/keyboard_shortcuts.blade.php' with paths: "\/mnt\/c\/projects\/apache\/school1\/src\/SPPDocs\/resources\/views"
[2026-09-04 08:31:17] DEBUG: Longest match routing: Picked 'css' for request 'css/sppdocs.css'
[2026-09-04 08:31:26] SPPBlade: Starting render for 'login'
[2026-09-04 08:31:26] SPPBlade: Rendering relative view 'login' with paths: "\/mnt\/c\/projects\/apache\/school1\/src\/SPPDocs\/resources\/views"
[2026-09-04 08:31:31] DEBUG: Longest match routing: Picked 'assets' for request 'assets/logo.jpg'
[2026-09-04 08:32:30] SPPBlade: Starting render for 'login'
[2026-09-04 08:32:30] SPPBlade: Rendering relative view 'login' with paths: "\/mnt\/c\/projects\/apache\/school1\/src\/SPPDocs\/resources\/views"
[2026-09-04 08:32:33] DEBUG: Longest match routing: Picked 'css' for request 'css/login.css'
[2026-09-04 08:32:33] DEBUG: Longest match routing: Picked 'assets' for request 'assets/logo.jpg'
[2026-09-04 08:34:27] SPPBlade: Starting render for 'project.home'
[2026-09-04 08:34:27] SPPBlade: Rendering relative view 'project.home' with paths: "\/mnt\/c\/projects\/apache\/school1\/src\/SPPDocs\/resources\/views"
[2026-09-04 08:34:27] SPPBlade: Starting render for 'partials/sidebar.blade.php'
[2026-09-04 08:34:27] SPPBlade: Rendering relative view 'partials/sidebar.blade.php' with paths: "\/mnt\/c\/projects\/apache\/school1\/src\/SPPDocs\/resources\/views"
[2026-09-04 08:34:28] SPPBlade: Starting render for 'partials/header.blade.php'
[2026-09-04 08:34:28] SPPBlade: Rendering relative view 'partials/header.blade.php' with paths: "\/mnt\/c\/projects\/apache\/school1\/src\/SPPDocs\/resources\/views"
[2026-09-04 08:34:28] SPPBlade: Starting render for 'partials/command_palette.blade.php'
[2026-09-04 08:34:28] SPPBlade: Rendering relative view 'partials/command_palette.blade.php' with paths: "\/mnt\/c\/projects\/apache\/school1\/src\/SPPDocs\/resources\/views"
[2026-09-04 08:34:28] SPPBlade: Starting render for 'partials/keyboard_shortcuts.blade.php'
[2026-09-04 08:34:28] SPPBlade: Rendering relative view 'partials/keyboard_shortcuts.blade.php' with paths: "\/mnt\/c\/projects\/apache\/school1\/src\/SPPDocs\/resources\/views"
[2026-09-04 08:34:47] SPPBlade: Starting render for 'project.home'
[2026-09-04 08:34:47] SPPBlade: Rendering relative view 'project.home' with paths: "\/mnt\/c\/projects\/apache\/school1\/src\/SPPDocs\/resources\/views"
[2026-09-04 08:34:47] SPPBlade: Starting render for 'partials/sidebar.blade.php'
[2026-09-04 08:34:47] SPPBlade: Rendering relative view 'partials/sidebar.blade.php' with paths: "\/mnt\/c\/projects\/apache\/school1\/src\/SPPDocs\/resources\/views"
[2026-09-04 08:34:47] SPPBlade: Starting render for 'partials/header.blade.php'
[2026-09-04 08:34:47] SPPBlade: Rendering relative view 'partials/header.blade.php' with paths: "\/mnt\/c\/projects\/apache\/school1\/src\/SPPDocs\/resources\/views"
[2026-09-04 08:34:47] SPPBlade: Starting render for 'partials/command_palette.blade.php'
[2026-09-04 08:34:47] SPPBlade: Rendering relative view 'partials/command_palette.blade.php' with paths: "\/mnt\/c\/projects\/apache\/school1\/src\/SPPDocs\/resources\/views"
[2026-09-04 08:34:47] SPPBlade: Starting render for 'partials/keyboard_shortcuts.blade.php'
[2026-09-04 08:34:47] SPPBlade: Rendering relative view 'partials/keyboard_shortcuts.blade.php' with paths: "\/mnt\/c\/projects\/apache\/school1\/src\/SPPDocs\/resources\/views"
[2026-09-04 08:37:41] SPPBlade: Starting render for 'project.home'
[2026-09-04 08:37:41] SPPBlade: Rendering relative view 'project.home' with paths: "\/mnt\/c\/projects\/apache\/school1\/src\/SPPDocs\/resources\/views"
[2026-09-04 08:37:41] SPPBlade: Starting render for 'partials/sidebar.blade.php'
[2026-09-04 08:37:41] SPPBlade: Rendering relative view 'partials/sidebar.blade.php' with paths: "\/mnt\/c\/projects\/apache\/school1\/src\/SPPDocs\/resources\/views"
[2026-09-04 08:37:42] SPPBlade: Starting render for 'partials/header.blade.php'
[2026-09-04 08:37:42] SPPBlade: Rendering relative view 'partials/header.blade.php' with paths: "\/mnt\/c\/projects\/apache\/school1\/src\/SPPDocs\/resources\/views"
[2026-09-04 08:37:42] SPPBlade: Starting render for 'partials/command_palette.blade.php'
[2026-09-04 08:37:42] SPPBlade: Rendering relative view 'partials/command_palette.blade.php' with paths: "\/mnt\/c\/projects\/apache\/school1\/src\/SPPDocs\/resources\/views"
[2026-09-04 08:37:42] SPPBlade: Starting render for 'partials/keyboard_shortcuts.blade.php'
[2026-09-04 08:37:42] SPPBlade: Rendering relative view 'partials/keyboard_shortcuts.blade.php' with paths: "\/mnt\/c\/projects\/apache\/school1\/src\/SPPDocs\/resources\/views"
[2026-09-04 08:37:47] DEBUG: Longest match routing: Picked 'css' for request 'css/sppdocs.css'
[2026-09-04 08:40:32] SPPBlade: Starting render for 'admin.dashboard'
[2026-09-04 08:40:32] SPPBlade: Rendering relative view 'admin.dashboard' with paths: "\/mnt\/c\/projects\/apache\/school1\/src\/SPPDocs\/resources\/views"
[2026-09-04 08:40:36] DEBUG: Longest match routing: Picked 'css' for request 'css/admin.css'
[2026-09-04 08:40:36] DEBUG: Longest match routing: Picked 'css' for request 'css/sppdocs.css'
[2026-09-04 08:41:06] SPPBlade: Starting render for 'admin.project'
[2026-09-04 08:41:06] SPPBlade: Rendering relative view 'admin.project' with paths: "\/mnt\/c\/projects\/apache\/school1\/src\/SPPDocs\/resources\/views"
[2026-09-04 08:41:11] DEBUG: Longest match routing: Picked 'css' for request 'css/sppdocs.css'
[2026-09-04 08:41:11] DEBUG: Longest match routing: Picked 'css' for request 'css/admin.css'
[2026-09-04 08:44:36] SPPBlade: Starting render for 'admin/webhooks'
[2026-09-04 08:44:36] SPPBlade: Rendering relative view 'admin/webhooks' with paths: "\/mnt\/c\/projects\/apache\/school1\/src\/SPPDocs\/resources\/views"
[2026-09-04 08:44:36] SPPBlade: Starting render for 'partials/sidebar.blade.php'
[2026-09-04 08:44:36] SPPBlade: Rendering relative view 'partials/sidebar.blade.php' with paths: "\/mnt\/c\/projects\/apache\/school1\/src\/SPPDocs\/resources\/views"
[2026-09-04 08:44:36] SPPBlade: Starting render for 'partials/header.blade.php'
[2026-09-04 08:44:36] SPPBlade: Rendering relative view 'partials/header.blade.php' with paths: "\/mnt\/c\/projects\/apache\/school1\/src\/SPPDocs\/resources\/views"
[2026-09-04 08:44:36] SPPBlade: Starting render for 'partials/command_palette.blade.php'
[2026-09-04 08:44:36] SPPBlade: Rendering relative view 'partials/command_palette.blade.php' with paths: "\/mnt\/c\/projects\/apache\/school1\/src\/SPPDocs\/resources\/views"
[2026-09-04 08:44:36] SPPBlade: Starting render for 'partials/keyboard_shortcuts.blade.php'
[2026-09-04 08:44:36] SPPBlade: Rendering relative view 'partials/keyboard_shortcuts.blade.php' with paths: "\/mnt\/c\/projects\/apache\/school1\/src\/SPPDocs\/resources\/views"
[2026-09-04 08:44:39] DEBUG: Longest match routing: Picked 'css' for request 'css/sppdocs.css'
[2026-09-04 08:45:52] SPPBlade: Starting render for 'admin.project'
[2026-09-04 08:45:52] SPPBlade: Rendering relative view 'admin.project' with paths: "\/mnt\/c\/projects\/apache\/school1\/src\/SPPDocs\/resources\/views"
[2026-09-04 08:45:53] DEBUG: Longest match routing: Picked 'css' for request 'css/sppdocs.css'
[2026-09-04 08:45:53] DEBUG: Longest match routing: Picked 'css' for request 'css/admin.css'
[2026-09-04 08:53:02] SPPBlade: Starting render for 'project.home'
[2026-09-04 08:53:02] SPPBlade: Rendering relative view 'project.home' with paths: "\/mnt\/c\/projects\/apache\/school1\/src\/SPPDocs\/resources\/views"
[2026-09-04 08:53:02] SPPBlade: Starting render for 'partials/sidebar.blade.php'
[2026-09-04 08:53:02] SPPBlade: Rendering relative view 'partials/sidebar.blade.php' with paths: "\/mnt\/c\/projects\/apache\/school1\/src\/SPPDocs\/resources\/views"
[2026-09-04 08:53:03] SPPBlade: Starting render for 'partials/header.blade.php'
[2026-09-04 08:53:03] SPPBlade: Rendering relative view 'partials/header.blade.php' with paths: "\/mnt\/c\/projects\/apache\/school1\/src\/SPPDocs\/resources\/views"
[2026-09-04 08:53:03] SPPBlade: Starting render for 'partials/command_palette.blade.php'
[2026-09-04 08:53:03] SPPBlade: Rendering relative view 'partials/command_palette.blade.php' with paths: "\/mnt\/c\/projects\/apache\/school1\/src\/SPPDocs\/resources\/views"
[2026-09-04 08:53:03] SPPBlade: Starting render for 'partials/keyboard_shortcuts.blade.php'
[2026-09-04 08:53:03] SPPBlade: Rendering relative view 'partials/keyboard_shortcuts.blade.php' with paths: "\/mnt\/c\/projects\/apache\/school1\/src\/SPPDocs\/resources\/views"
[2026-09-04 08:53:20] SPPBlade: Starting render for 'project.home'
[2026-09-04 08:53:20] SPPBlade: Rendering relative view 'project.home' with paths: "\/mnt\/c\/projects\/apache\/school1\/src\/SPPDocs\/resources\/views"
[2026-09-04 08:53:20] SPPBlade: Starting render for 'partials/sidebar.blade.php'
[2026-09-04 08:53:20] SPPBlade: Rendering relative view 'partials/sidebar.blade.php' with paths: "\/mnt\/c\/projects\/apache\/school1\/src\/SPPDocs\/resources\/views"
[2026-09-04 08:53:20] SPPBlade: Starting render for 'partials/header.blade.php'
[2026-09-04 08:53:20] SPPBlade: Rendering relative view 'partials/header.blade.php' with paths: "\/mnt\/c\/projects\/apache\/school1\/src\/SPPDocs\/resources\/views"
[2026-09-04 08:53:20] SPPBlade: Starting render for 'partials/command_palette.blade.php'
[2026-09-04 08:53:20] SPPBlade: Rendering relative view 'partials/command_palette.blade.php' with paths: "\/mnt\/c\/projects\/apache\/school1\/src\/SPPDocs\/resources\/views"
[2026-09-04 08:53:20] SPPBlade: Starting render for 'partials/keyboard_shortcuts.blade.php'
[2026-09-04 08:53:20] SPPBlade: Rendering relative view 'partials/keyboard_shortcuts.blade.php' with paths: "\/mnt\/c\/projects\/apache\/school1\/src\/SPPDocs\/resources\/views"
[2026-09-04 10:56:30] SPPBlade: Starting render for 'admin.project'
[2026-09-04 10:56:30] SPPBlade: Rendering relative view 'admin.project' with paths: "C:\/projects\/apache\/school1\/src\/SPPDocs\/resources\/views"
[2026-09-04 10:56:35] SPPBlade: Starting render for 'admin.project'
[2026-09-04 10:56:35] SPPBlade: Rendering relative view 'admin.project' with paths: "C:\/projects\/apache\/school1\/src\/SPPDocs\/resources\/views"
[2026-09-04 08:58:21] SPPBlade: Starting render for 'admin.project'
[2026-09-04 08:58:21] SPPBlade: Rendering relative view 'admin.project' with paths: "\/mnt\/c\/projects\/apache\/school1\/src\/SPPDocs\/resources\/views"
[2026-09-04 08:58:23] DEBUG: Longest match routing: Picked 'css' for request 'css/sppdocs.css'
[2026-09-04 08:58:23] DEBUG: Longest match routing: Picked 'css' for request 'css/admin.css'
[2026-09-04 08:59:01] SPPBlade: Starting render for 'admin/webhooks'
[2026-09-04 08:59:01] SPPBlade: Rendering relative view 'admin/webhooks' with paths: "\/mnt\/c\/projects\/apache\/school1\/src\/SPPDocs\/resources\/views"
[2026-09-04 08:59:02] SPPBlade: Starting render for 'partials/sidebar.blade.php'
[2026-09-04 08:59:02] SPPBlade: Rendering relative view 'partials/sidebar.blade.php' with paths: "\/mnt\/c\/projects\/apache\/school1\/src\/SPPDocs\/resources\/views"
[2026-09-04 08:59:02] SPPBlade: Starting render for 'partials/header.blade.php'
[2026-09-04 08:59:02] SPPBlade: Rendering relative view 'partials/header.blade.php' with paths: "\/mnt\/c\/projects\/apache\/school1\/src\/SPPDocs\/resources\/views"
[2026-09-04 08:59:02] SPPBlade: Starting render for 'partials/command_palette.blade.php'
[2026-09-04 08:59:02] SPPBlade: Rendering relative view 'partials/command_palette.blade.php' with paths: "\/mnt\/c\/projects\/apache\/school1\/src\/SPPDocs\/resources\/views"
[2026-09-04 08:59:02] SPPBlade: Starting render for 'partials/keyboard_shortcuts.blade.php'
[2026-09-04 08:59:02] SPPBlade: Rendering relative view 'partials/keyboard_shortcuts.blade.php' with paths: "\/mnt\/c\/projects\/apache\/school1\/src\/SPPDocs\/resources\/views"
[2026-09-04 08:59:04] DEBUG: Longest match routing: Picked 'css' for request 'css/sppdocs.css'
[2026-09-04 11:03:47] SPPBlade: Starting render for 'admin.webhooks'
[2026-09-04 11:03:47] SPPBlade: Rendering relative view 'admin.webhooks' with paths: "C:\/projects\/apache\/school1\/src\/SPPDocs\/resources\/views"
[2026-09-04 11:03:57] SPPBlade: Starting render for 'admin.automations'
[2026-09-04 11:03:57] SPPBlade: Rendering relative view 'admin.automations' with paths: "C:\/projects\/apache\/school1\/src\/SPPDocs\/resources\/views"
[2026-09-04 09:14:23] SPPBlade: Starting render for 'admin.project'
[2026-09-04 09:14:23] SPPBlade: Rendering relative view 'admin.project' with paths: "\/mnt\/c\/projects\/apache\/school1\/src\/SPPDocs\/resources\/views"
[2026-09-04 09:14:26] DEBUG: Longest match routing: Picked 'css' for request 'css/admin.css'
[2026-09-04 09:14:33] SPPBlade: Starting render for 'admin.project'
[2026-09-04 09:14:33] SPPBlade: Rendering relative view 'admin.project' with paths: "\/mnt\/c\/projects\/apache\/school1\/src\/SPPDocs\/resources\/views"
[2026-09-04 09:14:34] DEBUG: Longest match routing: Picked 'css' for request 'css/sppdocs.css'
[2026-09-04 09:14:34] DEBUG: Longest match routing: Picked 'css' for request 'css/admin.css'
[2026-09-04 09:14:51] SPPBlade: Starting render for 'admin.webhooks'
[2026-09-04 09:14:51] SPPBlade: Rendering relative view 'admin.webhooks' with paths: "\/mnt\/c\/projects\/apache\/school1\/src\/SPPDocs\/resources\/views"
[2026-09-04 09:14:53] DEBUG: Longest match routing: Picked 'css' for request 'css/sppdocs.css'
[2026-09-04 09:14:53] DEBUG: Longest match routing: Picked 'css' for request 'css/admin.css'
[2026-09-04 09:15:22] SPPBlade: Starting render for 'admin.project'
[2026-09-04 09:15:22] SPPBlade: Rendering relative view 'admin.project' with paths: "\/mnt\/c\/projects\/apache\/school1\/src\/SPPDocs\/resources\/views"
[2026-09-04 09:15:23] DEBUG: Longest match routing: Picked 'css' for request 'css/sppdocs.css'
[2026-09-04 09:15:23] DEBUG: Longest match routing: Picked 'css' for request 'css/admin.css'
[2026-09-04 09:15:41] SPPBlade: Starting render for 'admin.media'
[2026-09-04 09:15:41] SPPBlade: Rendering relative view 'admin.media' with paths: "\/mnt\/c\/projects\/apache\/school1\/src\/SPPDocs\/resources\/views"
[2026-09-04 09:15:42] DEBUG: Longest match routing: Picked 'css' for request 'css/admin.css'
[2026-09-04 11:24:11] SPPBlade: Starting render for 'admin.media'
[2026-09-04 11:24:11] SPPBlade: Rendering relative view 'admin.media' with paths: "C:\/projects\/apache\/school1\/src\/SPPDocs\/resources\/views"
[2026-09-04 11:24:20] SPPBlade: Starting render for 'admin.media'
[2026-09-04 11:24:20] SPPBlade: Rendering relative view 'admin.media' with paths: "C:\/projects\/apache\/school1\/src\/SPPDocs\/resources\/views"
[2026-09-04 09:44:55] SPPBlade: Starting render for 'admin.media'
[2026-09-04 09:44:55] SPPBlade: Rendering relative view 'admin.media' with paths: "\/mnt\/c\/projects\/apache\/school1\/src\/SPPDocs\/resources\/views"
[2026-09-04 09:44:57] DEBUG: Longest match routing: Picked 'css' for request 'css/sppdocs.css'
[2026-09-04 09:44:57] DEBUG: Longest match routing: Picked 'css' for request 'css/admin.css'
[2026-09-04 09:45:48] SPPBlade: Starting render for 'admin.media'
[2026-09-04 09:45:48] SPPBlade: Rendering relative view 'admin.media' with paths: "\/mnt\/c\/projects\/apache\/school1\/src\/SPPDocs\/resources\/views"
[2026-09-04 09:45:53] SPPBlade: Starting render for 'admin.media'
[2026-09-04 09:45:53] SPPBlade: Rendering relative view 'admin.media' with paths: "\/mnt\/c\/projects\/apache\/school1\/src\/SPPDocs\/resources\/views"
[2026-09-04 09:45:55] DEBUG: Longest match routing: Picked 'css' for request 'css/sppdocs.css'
[2026-09-04 09:45:55] DEBUG: Longest match routing: Picked 'css' for request 'css/admin.css'
[2026-09-04 11:53:05] SPPBlade: Starting render for 'admin.media'
[2026-09-04 11:53:05] SPPBlade: Rendering relative view 'admin.media' with paths: "C:\/projects\/apache\/school1\/src\/SPPDocs\/resources\/views"
[2026-09-04 11:53:05] SPPBlade: Starting render for 'partials/media_grid.blade.php'
[2026-09-04 11:53:05] SPPBlade: Rendering relative view 'partials/media_grid.blade.php' with paths: "C:\/projects\/apache\/school1\/src\/SPPDocs\/resources\/views"
[2026-09-04 11:53:25] SPPBlade: Starting render for 'partials/media_grid.blade.php'
[2026-09-04 11:53:25] SPPBlade: Rendering relative view 'partials/media_grid.blade.php' with paths: "C:\/projects\/apache\/school1\/src\/SPPDocs\/resources\/views"
[2026-09-04 15:43:36] SPPBlade: Starting render for 'partials/components/tabs.blade.php'
[2026-09-04 15:43:36] SPPBlade: Rendering relative view 'partials/components/tabs.blade.php' with paths: "C:\/projects\/apache\/school1\/src\/SPPDocs\/resources\/views"
[2026-09-04 15:43:36] SPPBlade: Starting render for 'partials/components/api_playground.blade.php'
[2026-09-04 15:43:36] SPPBlade: Rendering relative view 'partials/components/api_playground.blade.php' with paths: "C:\/projects\/apache\/school1\/src\/SPPDocs\/resources\/views"
[2026-09-04 15:45:06] SPPBlade: Starting render for 'partials/components/tabs.blade.php'
[2026-09-04 15:45:06] SPPBlade: Rendering relative view 'partials/components/tabs.blade.php' with paths: "C:\/projects\/apache\/school1\/src\/SPPDocs\/resources\/views"
[2026-09-04 15:45:06] SPPBlade: Starting render for 'partials/components/api_playground.blade.php'
[2026-09-04 15:45:06] SPPBlade: Rendering relative view 'partials/components/api_playground.blade.php' with paths: "C:\/projects\/apache\/school1\/src\/SPPDocs\/resources\/views"
[2026-09-04 13:46:38] SPPBlade: Starting render for 'login'
[2026-09-04 13:46:38] SPPBlade: Rendering relative view 'login' with paths: "\/mnt\/c\/projects\/apache\/school1\/src\/SPPDocs\/resources\/views"
[2026-09-04 13:46:44] SPPBlade: Starting render for 'login'
[2026-09-04 13:46:44] SPPBlade: Rendering relative view 'login' with paths: "\/mnt\/c\/projects\/apache\/school1\/src\/SPPDocs\/resources\/views"
[2026-09-04 13:46:59] SPPBlade: Starting render for 'login'
[2026-09-04 13:46:59] SPPBlade: Rendering relative view 'login' with paths: "\/mnt\/c\/projects\/apache\/school1\/src\/SPPDocs\/resources\/views"
[2026-09-04 13:47:01] DEBUG: Longest match routing: Picked 'assets' for request 'assets/logo.jpg'
[2026-09-04 13:47:01] DEBUG: Longest match routing: Picked 'css' for request 'css/login.css'
[2026-09-04 13:47:15] SPPBlade: Starting render for 'portal'
[2026-09-04 13:47:15] SPPBlade: Rendering relative view 'portal' with paths: "\/mnt\/c\/projects\/apache\/school1\/src\/SPPDocs\/resources\/views"
[2026-09-04 13:47:26] SPPBlade: Starting render for 'project.home'
[2026-09-04 13:47:26] SPPBlade: Rendering relative view 'project.home' with paths: "\/mnt\/c\/projects\/apache\/school1\/src\/SPPDocs\/resources\/views"
[2026-09-04 13:47:26] SPPBlade: Starting render for 'partials/sidebar.blade.php'
[2026-09-04 13:47:26] SPPBlade: Rendering relative view 'partials/sidebar.blade.php' with paths: "\/mnt\/c\/projects\/apache\/school1\/src\/SPPDocs\/resources\/views"
[2026-09-04 13:47:26] SPPBlade: Starting render for 'partials/header.blade.php'
[2026-09-04 13:47:26] SPPBlade: Rendering relative view 'partials/header.blade.php' with paths: "\/mnt\/c\/projects\/apache\/school1\/src\/SPPDocs\/resources\/views"
[2026-09-04 13:47:26] SPPBlade: Starting render for 'partials/command_palette.blade.php'
[2026-09-04 13:47:26] SPPBlade: Rendering relative view 'partials/command_palette.blade.php' with paths: "\/mnt\/c\/projects\/apache\/school1\/src\/SPPDocs\/resources\/views"
[2026-09-04 13:47:26] SPPBlade: Starting render for 'partials/keyboard_shortcuts.blade.php'
[2026-09-04 13:47:26] SPPBlade: Rendering relative view 'partials/keyboard_shortcuts.blade.php' with paths: "\/mnt\/c\/projects\/apache\/school1\/src\/SPPDocs\/resources\/views"
[2026-09-04 13:47:29] DEBUG: Longest match routing: Picked 'css' for request 'css/sppdocs.css'
[2026-09-04 13:48:11] SPPBlade: Starting render for 'admin.project'
[2026-09-04 13:48:11] SPPBlade: Rendering relative view 'admin.project' with paths: "\/mnt\/c\/projects\/apache\/school1\/src\/SPPDocs\/resources\/views"
[2026-09-04 13:48:12] SPPBlade: Starting render for 'partials/command_palette.blade.php'
[2026-09-04 13:48:12] SPPBlade: Rendering relative view 'partials/command_palette.blade.php' with paths: "\/mnt\/c\/projects\/apache\/school1\/src\/SPPDocs\/resources\/views"
[2026-09-04 13:48:13] DEBUG: Longest match routing: Picked 'css' for request 'css/sppdocs.css'
[2026-09-04 13:48:13] DEBUG: Longest match routing: Picked 'css' for request 'css/admin.css'
[2026-09-04 15:54:10] SPPBlade: Starting render for 'admin.project'
[2026-09-04 15:54:10] SPPBlade: Rendering relative view 'admin.project' with paths: "C:\/projects\/apache\/school1\/src\/SPPDocs\/resources\/views"
[2026-09-04 15:54:11] SPPBlade: Starting render for 'partials/command_palette.blade.php'
[2026-09-04 15:54:11] SPPBlade: Rendering relative view 'partials/command_palette.blade.php' with paths: "C:\/projects\/apache\/school1\/src\/SPPDocs\/resources\/views"
[2026-09-04 15:54:24] SPPBlade: Starting render for 'partials/components/tabs.blade.php'
[2026-09-04 15:54:24] SPPBlade: Rendering relative view 'partials/components/tabs.blade.php' with paths: "C:\/projects\/apache\/school1\/src\/SPPDocs\/resources\/views"
[2026-09-04 15:54:24] SPPBlade: Starting render for 'partials/components/api_playground.blade.php'
[2026-09-04 15:54:24] SPPBlade: Rendering relative view 'partials/components/api_playground.blade.php' with paths: "C:\/projects\/apache\/school1\/src\/SPPDocs\/resources\/views"
[2026-09-04 14:02:08] SPPBlade: Starting render for 'admin.project'
[2026-09-04 14:02:08] SPPBlade: Rendering relative view 'admin.project' with paths: "\/mnt\/c\/projects\/apache\/school1\/src\/SPPDocs\/resources\/views"
[2026-09-04 14:02:09] SPPBlade: Starting render for 'partials/command_palette.blade.php'
[2026-09-04 14:02:09] SPPBlade: Rendering relative view 'partials/command_palette.blade.php' with paths: "\/mnt\/c\/projects\/apache\/school1\/src\/SPPDocs\/resources\/views"
[2026-09-04 14:02:10] DEBUG: Longest match routing: Picked 'css' for request 'css/sppdocs.css'
[2026-09-04 14:02:10] DEBUG: Longest match routing: Picked 'css' for request 'css/admin.css'
[2026-09-04 14:04:03] SPPBlade: Starting render for 'admin.project'
[2026-09-04 14:04:03] SPPBlade: Rendering relative view 'admin.project' with paths: "\/mnt\/c\/projects\/apache\/school1\/src\/SPPDocs\/resources\/views"
[2026-09-04 14:04:03] SPPBlade: Starting render for 'partials/command_palette.blade.php'
[2026-09-04 14:04:03] SPPBlade: Rendering relative view 'partials/command_palette.blade.php' with paths: "\/mnt\/c\/projects\/apache\/school1\/src\/SPPDocs\/resources\/views"
[2026-09-04 16:11:41] SPPBlade: Starting render for 'admin.roles'
[2026-09-04 16:11:41] SPPBlade: Rendering relative view 'admin.roles' with paths: "C:\/projects\/apache\/school1\/src\/SPPDocs\/resources\/views"
[2026-09-04 16:11:41] SPPBlade: Starting render for 'partials/command_palette.blade.php'
[2026-09-04 16:11:41] SPPBlade: Rendering relative view 'partials/command_palette.blade.php' with paths: "C:\/projects\/apache\/school1\/src\/SPPDocs\/resources\/views"
[2026-09-04 16:11:41] SPPBlade: Starting render for 'admin.project'
[2026-09-04 16:11:41] SPPBlade: Rendering relative view 'admin.project' with paths: "C:\/projects\/apache\/school1\/src\/SPPDocs\/resources\/views"
[2026-09-04 16:11:42] SPPBlade: Starting render for 'partials/command_palette.blade.php'
[2026-09-04 16:11:42] SPPBlade: Rendering relative view 'partials/command_palette.blade.php' with paths: "C:\/projects\/apache\/school1\/src\/SPPDocs\/resources\/views"
[2026-09-04 16:11:48] SPPBlade: Starting render for 'partials/components/tabs.blade.php'
[2026-09-04 16:11:48] SPPBlade: Rendering relative view 'partials/components/tabs.blade.php' with paths: "C:\/projects\/apache\/school1\/src\/SPPDocs\/resources\/views"
[2026-09-04 16:11:48] SPPBlade: Starting render for 'partials/components/api_playground.blade.php'
[2026-09-04 16:11:48] SPPBlade: Rendering relative view 'partials/components/api_playground.blade.php' with paths: "C:\/projects\/apache\/school1\/src\/SPPDocs\/resources\/views"
[2026-09-04 16:12:30] SPPBlade: Starting render for 'admin.roles'
[2026-09-04 16:12:30] SPPBlade: Rendering relative view 'admin.roles' with paths: "C:\/projects\/apache\/school1\/src\/SPPDocs\/resources\/views"
[2026-09-04 16:12:30] SPPBlade: Starting render for 'partials/command_palette.blade.php'
[2026-09-04 16:12:30] SPPBlade: Rendering relative view 'partials/command_palette.blade.php' with paths: "C:\/projects\/apache\/school1\/src\/SPPDocs\/resources\/views"
[2026-09-04 16:12:31] SPPBlade: Starting render for 'admin.project'
[2026-09-04 16:12:31] SPPBlade: Rendering relative view 'admin.project' with paths: "C:\/projects\/apache\/school1\/src\/SPPDocs\/resources\/views"
[2026-09-04 16:12:31] SPPBlade: Starting render for 'partials/command_palette.blade.php'
[2026-09-04 16:12:31] SPPBlade: Rendering relative view 'partials/command_palette.blade.php' with paths: "C:\/projects\/apache\/school1\/src\/SPPDocs\/resources\/views"
[2026-09-04 16:12:38] SPPBlade: Starting render for 'partials/components/tabs.blade.php'
[2026-09-04 16:12:38] SPPBlade: Rendering relative view 'partials/components/tabs.blade.php' with paths: "C:\/projects\/apache\/school1\/src\/SPPDocs\/resources\/views"
[2026-09-04 16:12:38] SPPBlade: Starting render for 'partials/components/api_playground.blade.php'
[2026-09-04 16:12:38] SPPBlade: Rendering relative view 'partials/components/api_playground.blade.php' with paths: "C:\/projects\/apache\/school1\/src\/SPPDocs\/resources\/views"
[2026-09-04 16:22:25] SPPBlade: Starting render for 'admin.roles'
[2026-09-04 16:22:25] SPPBlade: Rendering relative view 'admin.roles' with paths: "C:\/projects\/apache\/school1\/src\/SPPDocs\/resources\/views"
[2026-09-04 16:22:26] SPPBlade: Starting render for 'partials/command_palette.blade.php'
[2026-09-04 16:22:26] SPPBlade: Rendering relative view 'partials/command_palette.blade.php' with paths: "C:\/projects\/apache\/school1\/src\/SPPDocs\/resources\/views"
[2026-09-04 16:22:26] SPPBlade: Starting render for 'admin.project'
[2026-09-04 16:22:26] SPPBlade: Rendering relative view 'admin.project' with paths: "C:\/projects\/apache\/school1\/src\/SPPDocs\/resources\/views"
[2026-09-04 16:22:26] SPPBlade: Starting render for 'partials/command_palette.blade.php'
[2026-09-04 16:22:26] SPPBlade: Rendering relative view 'partials/command_palette.blade.php' with paths: "C:\/projects\/apache\/school1\/src\/SPPDocs\/resources\/views"
[2026-09-05 00:19:34] SPPBlade: Starting render for 'login'
[2026-09-05 00:19:34] SPPBlade: Rendering relative view 'login' with paths: "\/mnt\/c\/projects\/apache\/school1\/src\/SPPDocs\/resources\/views"
[2026-09-05 00:19:36] DEBUG: Longest match routing: Picked 'css' for request 'css/login.css'
[2026-09-05 00:19:36] DEBUG: Longest match routing: Picked 'assets' for request 'assets/logo.jpg'
[2026-09-05 00:19:50] SPPBlade: Starting render for 'portal'
[2026-09-05 00:19:50] SPPBlade: Rendering relative view 'portal' with paths: "\/mnt\/c\/projects\/apache\/school1\/src\/SPPDocs\/resources\/views"
[2026-09-05 00:20:01] SPPBlade: Starting render for 'project.home'
[2026-09-05 00:20:01] SPPBlade: Rendering relative view 'project.home' with paths: "\/mnt\/c\/projects\/apache\/school1\/src\/SPPDocs\/resources\/views"
[2026-09-05 00:20:01] SPPBlade: Starting render for 'partials/sidebar.blade.php'
[2026-09-05 00:20:01] SPPBlade: Rendering relative view 'partials/sidebar.blade.php' with paths: "\/mnt\/c\/projects\/apache\/school1\/src\/SPPDocs\/resources\/views"
[2026-09-05 00:20:01] SPPBlade: Starting render for 'partials/header.blade.php'
[2026-09-05 00:20:01] SPPBlade: Rendering relative view 'partials/header.blade.php' with paths: "\/mnt\/c\/projects\/apache\/school1\/src\/SPPDocs\/resources\/views"
[2026-09-05 00:20:02] SPPBlade: Starting render for 'partials/command_palette.blade.php'
[2026-09-05 00:20:02] SPPBlade: Rendering relative view 'partials/command_palette.blade.php' with paths: "\/mnt\/c\/projects\/apache\/school1\/src\/SPPDocs\/resources\/views"
[2026-09-05 00:20:02] SPPBlade: Starting render for 'partials/keyboard_shortcuts.blade.php'
[2026-09-05 00:20:02] SPPBlade: Rendering relative view 'partials/keyboard_shortcuts.blade.php' with paths: "\/mnt\/c\/projects\/apache\/school1\/src\/SPPDocs\/resources\/views"
[2026-09-05 00:20:06] DEBUG: Longest match routing: Picked 'css' for request 'css/sppdocs.css'
[2026-09-05 00:21:05] SPPBlade: Starting render for 'admin.dashboard'
[2026-09-05 00:21:05] SPPBlade: Rendering relative view 'admin.dashboard' with paths: "\/mnt\/c\/projects\/apache\/school1\/src\/SPPDocs\/resources\/views"
[2026-09-05 00:21:06] SPPBlade: Starting render for 'partials/command_palette.blade.php'
[2026-09-05 00:21:06] SPPBlade: Rendering relative view 'partials/command_palette.blade.php' with paths: "\/mnt\/c\/projects\/apache\/school1\/src\/SPPDocs\/resources\/views"
[2026-09-05 00:21:07] DEBUG: Longest match routing: Picked 'css' for request 'css/sppdocs.css'
[2026-09-05 00:21:07] DEBUG: Longest match routing: Picked 'css' for request 'css/admin.css'
[2026-09-05 00:22:05] SPPBlade: Starting render for 'admin.global_settings'
[2026-09-05 00:22:05] SPPBlade: Rendering relative view 'admin.global_settings' with paths: "\/mnt\/c\/projects\/apache\/school1\/src\/SPPDocs\/resources\/views"
[2026-09-05 00:22:05] SPPBlade: Starting render for 'partials/command_palette.blade.php'
[2026-09-05 00:22:05] SPPBlade: Rendering relative view 'partials/command_palette.blade.php' with paths: "\/mnt\/c\/projects\/apache\/school1\/src\/SPPDocs\/resources\/views"
[2026-09-05 00:22:51] SPPBlade: Starting render for 'admin.users'
[2026-09-05 00:22:51] SPPBlade: Rendering relative view 'admin.users' with paths: "\/mnt\/c\/projects\/apache\/school1\/src\/SPPDocs\/resources\/views"
[2026-09-05 00:22:51] SPPBlade: Starting render for 'partials/command_palette.blade.php'
[2026-09-05 00:22:51] SPPBlade: Rendering relative view 'partials/command_palette.blade.php' with paths: "\/mnt\/c\/projects\/apache\/school1\/src\/SPPDocs\/resources\/views"
[2026-09-05 00:23:27] SPPBlade: Starting render for 'admin.roles'
[2026-09-05 00:23:27] SPPBlade: Rendering relative view 'admin.roles' with paths: "\/mnt\/c\/projects\/apache\/school1\/src\/SPPDocs\/resources\/views"
[2026-09-05 00:23:27] SPPBlade: Starting render for 'partials/command_palette.blade.php'
[2026-09-05 00:23:27] SPPBlade: Rendering relative view 'partials/command_palette.blade.php' with paths: "\/mnt\/c\/projects\/apache\/school1\/src\/SPPDocs\/resources\/views"
[2026-09-05 00:23:45] SPPBlade: Starting render for 'admin.users'
[2026-09-05 00:23:45] SPPBlade: Rendering relative view 'admin.users' with paths: "\/mnt\/c\/projects\/apache\/school1\/src\/SPPDocs\/resources\/views"
[2026-09-05 00:23:45] SPPBlade: Starting render for 'partials/command_palette.blade.php'
[2026-09-05 00:23:45] SPPBlade: Rendering relative view 'partials/command_palette.blade.php' with paths: "\/mnt\/c\/projects\/apache\/school1\/src\/SPPDocs\/resources\/views"
[2026-09-05 02:31:39] SPPBlade: Starting render for 'admin.users'
[2026-09-05 02:31:39] SPPBlade: Rendering relative view 'admin.users' with paths: "C:\/projects\/apache\/school1\/src\/SPPDocs\/resources\/views"
[2026-09-05 02:31:40] SPPBlade: Starting render for 'partials/command_palette.blade.php'
[2026-09-05 02:31:40] SPPBlade: Rendering relative view 'partials/command_palette.blade.php' with paths: "C:\/projects\/apache\/school1\/src\/SPPDocs\/resources\/views"
[2026-09-05 02:31:51] SPPBlade: Starting render for 'admin.users'
[2026-09-05 02:31:51] SPPBlade: Rendering relative view 'admin.users' with paths: "C:\/projects\/apache\/school1\/src\/SPPDocs\/resources\/views"
[2026-09-05 02:31:51] SPPBlade: Starting render for 'partials/command_palette.blade.php'
[2026-09-05 02:31:51] SPPBlade: Rendering relative view 'partials/command_palette.blade.php' with paths: "C:\/projects\/apache\/school1\/src\/SPPDocs\/resources\/views"
[2026-09-05 02:31:51] SPPBlade: Starting render for 'admin.roles'
[2026-09-05 02:31:51] SPPBlade: Rendering relative view 'admin.roles' with paths: "C:\/projects\/apache\/school1\/src\/SPPDocs\/resources\/views"
[2026-09-05 02:31:51] SPPBlade: Starting render for 'partials/command_palette.blade.php'
[2026-09-05 02:31:51] SPPBlade: Rendering relative view 'partials/command_palette.blade.php' with paths: "C:\/projects\/apache\/school1\/src\/SPPDocs\/resources\/views"
[2026-09-05 02:32:12] SPPBlade: Starting render for 'admin.users'
[2026-09-05 02:32:12] SPPBlade: Rendering relative view 'admin.users' with paths: "C:\/projects\/apache\/school1\/src\/SPPDocs\/resources\/views"
[2026-09-05 02:32:12] SPPBlade: Starting render for 'partials/command_palette.blade.php'
[2026-09-05 02:32:12] SPPBlade: Rendering relative view 'partials/command_palette.blade.php' with paths: "C:\/projects\/apache\/school1\/src\/SPPDocs\/resources\/views"
[2026-09-05 02:32:12] SPPBlade: Starting render for 'admin.roles'
[2026-09-05 02:32:12] SPPBlade: Rendering relative view 'admin.roles' with paths: "C:\/projects\/apache\/school1\/src\/SPPDocs\/resources\/views"
[2026-09-05 02:32:12] SPPBlade: Starting render for 'partials/command_palette.blade.php'
[2026-09-05 02:32:12] SPPBlade: Rendering relative view 'partials/command_palette.blade.php' with paths: "C:\/projects\/apache\/school1\/src\/SPPDocs\/resources\/views"
[2026-09-05 03:07:27] SPPBlade: Starting render for 'partials/instant_search_results.blade.php'
[2026-09-05 03:07:27] SPPBlade: Rendering relative view 'partials/instant_search_results.blade.php' with paths: "C:\/projects\/apache\/school1\/src\/SPPDocs\/resources\/views"
[2026-09-05 03:07:27] SPPBlade: Starting render for 'partials/ai_ask_result.blade.php'
[2026-09-05 03:07:27] SPPBlade: Rendering relative view 'partials/ai_ask_result.blade.php' with paths: "C:\/projects\/apache\/school1\/src\/SPPDocs\/resources\/views"
[2026-09-05 03:07:37] SPPBlade: Starting render for 'partials/instant_search_results.blade.php'
[2026-09-05 03:07:37] SPPBlade: Rendering relative view 'partials/instant_search_results.blade.php' with paths: "C:\/projects\/apache\/school1\/src\/SPPDocs\/resources\/views"
[2026-09-05 03:07:37] SPPBlade: Starting render for 'partials/ai_ask_result.blade.php'
[2026-09-05 03:07:37] SPPBlade: Rendering relative view 'partials/ai_ask_result.blade.php' with paths: "C:\/projects\/apache\/school1\/src\/SPPDocs\/resources\/views"
[2026-09-05 03:12:32] SPPBlade: Starting render for 'admin.editor'
[2026-09-05 03:12:32] SPPBlade: Rendering relative view 'admin.editor' with paths: "C:\/projects\/apache\/school1\/src\/SPPDocs\/resources\/views"
[2026-09-05 03:12:32] SPPBlade: Starting render for 'partials/collab_presence.blade.php'
[2026-09-05 03:12:32] SPPBlade: Rendering relative view 'partials/collab_presence.blade.php' with paths: "C:\/projects\/apache\/school1\/src\/SPPDocs\/resources\/views"
[2026-09-05 03:12:32] SPPBlade: Starting render for 'partials/diff_merge_modal.blade.php'
[2026-09-05 03:12:32] SPPBlade: Rendering relative view 'partials/diff_merge_modal.blade.php' with paths: "C:\/projects\/apache\/school1\/src\/SPPDocs\/resources\/views"
[2026-09-05 03:12:32] SPPBlade: Starting render for 'partials/editor_slash_menu.blade.php'
[2026-09-05 03:12:32] SPPBlade: Rendering relative view 'partials/editor_slash_menu.blade.php' with paths: "C:\/projects\/apache\/school1\/src\/SPPDocs\/resources\/views"
[2026-09-05 03:12:43] SPPBlade: Starting render for 'partials/instant_search_results.blade.php'
[2026-09-05 03:12:43] SPPBlade: Rendering relative view 'partials/instant_search_results.blade.php' with paths: "C:\/projects\/apache\/school1\/src\/SPPDocs\/resources\/views"
[2026-09-05 03:12:43] SPPBlade: Starting render for 'partials/ai_ask_result.blade.php'
[2026-09-05 03:12:43] SPPBlade: Rendering relative view 'partials/ai_ask_result.blade.php' with paths: "C:\/projects\/apache\/school1\/src\/SPPDocs\/resources\/views"
[2026-09-05 03:12:43] SPPBlade: Starting render for 'admin.editor'
[2026-09-05 03:12:43] SPPBlade: Rendering relative view 'admin.editor' with paths: "C:\/projects\/apache\/school1\/src\/SPPDocs\/resources\/views"
[2026-09-05 03:12:43] SPPBlade: Starting render for 'partials/collab_presence.blade.php'
[2026-09-05 03:12:43] SPPBlade: Rendering relative view 'partials/collab_presence.blade.php' with paths: "C:\/projects\/apache\/school1\/src\/SPPDocs\/resources\/views"
[2026-09-05 03:12:43] SPPBlade: Starting render for 'partials/diff_merge_modal.blade.php'
[2026-09-05 03:12:43] SPPBlade: Rendering relative view 'partials/diff_merge_modal.blade.php' with paths: "C:\/projects\/apache\/school1\/src\/SPPDocs\/resources\/views"
[2026-09-05 03:12:43] SPPBlade: Starting render for 'partials/editor_slash_menu.blade.php'
[2026-09-05 03:12:43] SPPBlade: Rendering relative view 'partials/editor_slash_menu.blade.php' with paths: "C:\/projects\/apache\/school1\/src\/SPPDocs\/resources\/views"
[2026-09-05 03:40:50] SPPBlade: Starting render for 'login'
[2026-09-05 03:40:50] SPPBlade: Rendering relative view 'login' with paths: "\/mnt\/c\/projects\/apache\/school1\/src\/SPPDocs\/resources\/views"
[2026-09-05 03:40:54] DEBUG: Longest match routing: Picked 'css' for request 'css/login.css'
[2026-09-05 03:40:54] DEBUG: Longest match routing: Picked 'assets' for request 'assets/logo.jpg'
[2026-09-05 03:41:11] SPPBlade: Starting render for 'portal'
[2026-09-05 03:41:11] SPPBlade: Rendering relative view 'portal' with paths: "\/mnt\/c\/projects\/apache\/school1\/src\/SPPDocs\/resources\/views"
[2026-09-05 03:41:24] SPPBlade: Starting render for 'project.home'
[2026-09-05 03:41:24] SPPBlade: Rendering relative view 'project.home' with paths: "\/mnt\/c\/projects\/apache\/school1\/src\/SPPDocs\/resources\/views"
[2026-09-05 03:41:24] SPPBlade: Starting render for 'partials/sidebar.blade.php'
[2026-09-05 03:41:24] SPPBlade: Rendering relative view 'partials/sidebar.blade.php' with paths: "\/mnt\/c\/projects\/apache\/school1\/src\/SPPDocs\/resources\/views"
[2026-09-05 03:41:25] SPPBlade: Starting render for 'partials/header.blade.php'
[2026-09-05 03:41:25] SPPBlade: Rendering relative view 'partials/header.blade.php' with paths: "\/mnt\/c\/projects\/apache\/school1\/src\/SPPDocs\/resources\/views"
[2026-09-05 03:41:25] SPPBlade: Starting render for 'partials/command_palette.blade.php'
[2026-09-05 03:41:25] SPPBlade: Rendering relative view 'partials/command_palette.blade.php' with paths: "\/mnt\/c\/projects\/apache\/school1\/src\/SPPDocs\/resources\/views"
[2026-09-05 03:41:25] SPPBlade: Starting render for 'partials/keyboard_shortcuts.blade.php'
[2026-09-05 03:41:25] SPPBlade: Rendering relative view 'partials/keyboard_shortcuts.blade.php' with paths: "\/mnt\/c\/projects\/apache\/school1\/src\/SPPDocs\/resources\/views"
[2026-09-05 03:41:28] DEBUG: Longest match routing: Picked 'css' for request 'css/sppdocs.css'
[2026-09-05 03:41:44] SPPBlade: Starting render for 'admin.dashboard'
[2026-09-05 03:41:44] SPPBlade: Rendering relative view 'admin.dashboard' with paths: "\/mnt\/c\/projects\/apache\/school1\/src\/SPPDocs\/resources\/views"
[2026-09-05 03:41:44] SPPBlade: Starting render for 'partials/command_palette.blade.php'
[2026-09-05 03:41:44] SPPBlade: Rendering relative view 'partials/command_palette.blade.php' with paths: "\/mnt\/c\/projects\/apache\/school1\/src\/SPPDocs\/resources\/views"
[2026-09-05 03:41:47] DEBUG: Longest match routing: Picked 'css' for request 'css/admin.css'
[2026-09-05 03:41:47] DEBUG: Longest match routing: Picked 'css' for request 'css/sppdocs.css'
[2026-09-05 03:42:04] SPPBlade: Starting render for 'admin.users'
[2026-09-05 03:42:04] SPPBlade: Rendering relative view 'admin.users' with paths: "\/mnt\/c\/projects\/apache\/school1\/src\/SPPDocs\/resources\/views"
[2026-09-05 03:42:05] SPPBlade: Starting render for 'partials/command_palette.blade.php'
[2026-09-05 03:42:05] SPPBlade: Rendering relative view 'partials/command_palette.blade.php' with paths: "\/mnt\/c\/projects\/apache\/school1\/src\/SPPDocs\/resources\/views"
[2026-09-05 03:47:46] SPPBlade: Starting render for 'admin.users'
[2026-09-05 03:47:46] SPPBlade: Rendering relative view 'admin.users' with paths: "\/mnt\/c\/projects\/apache\/school1\/src\/SPPDocs\/resources\/views"
[2026-09-05 03:47:47] SPPBlade: Starting render for 'partials/command_palette.blade.php'
[2026-09-05 03:47:47] SPPBlade: Rendering relative view 'partials/command_palette.blade.php' with paths: "\/mnt\/c\/projects\/apache\/school1\/src\/SPPDocs\/resources\/views"
[2026-09-05 06:15:03] SPPBlade: Starting render for 'admin.users'
[2026-09-05 06:15:03] SPPBlade: Rendering relative view 'admin.users' with paths: "C:\/projects\/apache\/school1\/src\/SPPDocs\/resources\/views"
[2026-09-05 06:15:03] SPPBlade: Starting render for 'partials/command_palette.blade.php'
[2026-09-05 06:15:03] SPPBlade: Rendering relative view 'partials/command_palette.blade.php' with paths: "C:\/projects\/apache\/school1\/src\/SPPDocs\/resources\/views"
[2026-09-05 04:16:13] SPPBlade: Starting render for 'login'
[2026-09-05 04:16:13] SPPBlade: Rendering relative view 'login' with paths: "\/mnt\/c\/projects\/apache\/school1\/src\/SPPDocs\/resources\/views"
[2026-09-05 04:16:15] DEBUG: Longest match routing: Picked 'css' for request 'css/login.css'
[2026-09-05 04:16:15] DEBUG: Longest match routing: Picked 'assets' for request 'assets/logo.jpg'
[2026-09-05 04:16:34] SPPBlade: Starting render for 'portal'
[2026-09-05 04:16:34] SPPBlade: Rendering relative view 'portal' with paths: "\/mnt\/c\/projects\/apache\/school1\/src\/SPPDocs\/resources\/views"
[2026-09-05 04:16:46] SPPBlade: Starting render for 'project.home'
[2026-09-05 04:16:46] SPPBlade: Rendering relative view 'project.home' with paths: "\/mnt\/c\/projects\/apache\/school1\/src\/SPPDocs\/resources\/views"
[2026-09-05 04:16:46] SPPBlade: Starting render for 'partials/sidebar.blade.php'
[2026-09-05 04:16:46] SPPBlade: Rendering relative view 'partials/sidebar.blade.php' with paths: "\/mnt\/c\/projects\/apache\/school1\/src\/SPPDocs\/resources\/views"
[2026-09-05 04:16:46] SPPBlade: Starting render for 'partials/header.blade.php'
[2026-09-05 04:16:46] SPPBlade: Rendering relative view 'partials/header.blade.php' with paths: "\/mnt\/c\/projects\/apache\/school1\/src\/SPPDocs\/resources\/views"
[2026-09-05 04:16:47] SPPBlade: Starting render for 'partials/command_palette.blade.php'
[2026-09-05 04:16:47] SPPBlade: Rendering relative view 'partials/command_palette.blade.php' with paths: "\/mnt\/c\/projects\/apache\/school1\/src\/SPPDocs\/resources\/views"
[2026-09-05 04:16:47] SPPBlade: Starting render for 'partials/keyboard_shortcuts.blade.php'
[2026-09-05 04:16:47] SPPBlade: Rendering relative view 'partials/keyboard_shortcuts.blade.php' with paths: "\/mnt\/c\/projects\/apache\/school1\/src\/SPPDocs\/resources\/views"
[2026-09-05 04:16:50] DEBUG: Longest match routing: Picked 'css' for request 'css/sppdocs.css'
[2026-09-05 04:17:17] SPPBlade: Starting render for 'admin.dashboard'
[2026-09-05 04:17:17] SPPBlade: Rendering relative view 'admin.dashboard' with paths: "\/mnt\/c\/projects\/apache\/school1\/src\/SPPDocs\/resources\/views"
[2026-09-05 04:17:17] SPPBlade: Starting render for 'partials/command_palette.blade.php'
[2026-09-05 04:17:17] SPPBlade: Rendering relative view 'partials/command_palette.blade.php' with paths: "\/mnt\/c\/projects\/apache\/school1\/src\/SPPDocs\/resources\/views"
[2026-09-05 04:17:20] DEBUG: Longest match routing: Picked 'css' for request 'css/admin.css'
[2026-09-05 04:17:20] DEBUG: Longest match routing: Picked 'css' for request 'css/sppdocs.css'
[2026-09-05 04:17:36] SPPBlade: Starting render for 'admin.project'
[2026-09-05 04:17:36] SPPBlade: Rendering relative view 'admin.project' with paths: "\/mnt\/c\/projects\/apache\/school1\/src\/SPPDocs\/resources\/views"
[2026-09-05 04:17:37] SPPBlade: Starting render for 'partials/command_palette.blade.php'
[2026-09-05 04:17:37] SPPBlade: Rendering relative view 'partials/command_palette.blade.php' with paths: "\/mnt\/c\/projects\/apache\/school1\/src\/SPPDocs\/resources\/views"
[2026-09-05 06:21:13] SPPBlade: Starting render for 'admin.project'
[2026-09-05 06:21:13] SPPBlade: Rendering relative view 'admin.project' with paths: "C:\/projects\/apache\/school1\/src\/SPPDocs\/resources\/views"
[2026-09-05 06:21:14] SPPBlade: Starting render for 'partials/command_palette.blade.php'
[2026-09-05 06:21:14] SPPBlade: Rendering relative view 'partials/command_palette.blade.php' with paths: "C:\/projects\/apache\/school1\/src\/SPPDocs\/resources\/views"
[2026-09-05 04:22:13] SPPBlade: Starting render for 'admin.project'
[2026-09-05 04:22:13] SPPBlade: Rendering relative view 'admin.project' with paths: "\/mnt\/c\/projects\/apache\/school1\/src\/SPPDocs\/resources\/views"
[2026-09-05 04:22:14] SPPBlade: Starting render for 'partials/command_palette.blade.php'
[2026-09-05 04:22:14] SPPBlade: Rendering relative view 'partials/command_palette.blade.php' with paths: "\/mnt\/c\/projects\/apache\/school1\/src\/SPPDocs\/resources\/views"
[2026-09-05 04:22:16] DEBUG: Longest match routing: Picked 'css' for request 'css/sppdocs.css'
[2026-09-05 04:22:16] DEBUG: Longest match routing: Picked 'css' for request 'css/admin.css'
[2026-09-05 04:23:34] SPPBlade: Starting render for 'admin.project'
[2026-09-05 04:23:34] SPPBlade: Rendering relative view 'admin.project' with paths: "\/mnt\/c\/projects\/apache\/school1\/src\/SPPDocs\/resources\/views"
[2026-09-05 04:23:34] SPPBlade: Starting render for 'partials/command_palette.blade.php'
[2026-09-05 04:23:34] SPPBlade: Rendering relative view 'partials/command_palette.blade.php' with paths: "\/mnt\/c\/projects\/apache\/school1\/src\/SPPDocs\/resources\/views"
[2026-09-05 04:23:50] SPPBlade: Starting render for 'admin.roles'
[2026-09-05 04:23:50] SPPBlade: Rendering relative view 'admin.roles' with paths: "\/mnt\/c\/projects\/apache\/school1\/src\/SPPDocs\/resources\/views"
[2026-09-05 04:23:50] SPPBlade: Starting render for 'partials/command_palette.blade.php'
[2026-09-05 04:23:50] SPPBlade: Rendering relative view 'partials/command_palette.blade.php' with paths: "\/mnt\/c\/projects\/apache\/school1\/src\/SPPDocs\/resources\/views"
[2026-09-05 06:33:44] SPPBlade: Starting render for 'admin.roles'
[2026-09-05 06:33:44] SPPBlade: Rendering relative view 'admin.roles' with paths: "C:\/projects\/apache\/school1\/src\/SPPDocs\/resources\/views"
[2026-09-05 06:33:45] SPPBlade: Starting render for 'partials/command_palette.blade.php'
[2026-09-05 06:33:45] SPPBlade: Rendering relative view 'partials/command_palette.blade.php' with paths: "C:\/projects\/apache\/school1\/src\/SPPDocs\/resources\/views"
[2026-09-05 06:33:45] SPPBlade: Starting render for 'admin.automations'
[2026-09-05 06:33:45] SPPBlade: Rendering relative view 'admin.automations' with paths: "C:\/projects\/apache\/school1\/src\/SPPDocs\/resources\/views"
[2026-09-05 06:33:45] SPPBlade: Starting render for 'partials/command_palette.blade.php'
[2026-09-05 06:33:45] SPPBlade: Rendering relative view 'partials/command_palette.blade.php' with paths: "C:\/projects\/apache\/school1\/src\/SPPDocs\/resources\/views"
[2026-09-05 06:33:45] SPPBlade: Starting render for 'admin.webhooks'
[2026-09-05 06:33:45] SPPBlade: Rendering relative view 'admin.webhooks' with paths: "C:\/projects\/apache\/school1\/src\/SPPDocs\/resources\/views"
[2026-09-05 06:33:45] SPPBlade: Starting render for 'partials/command_palette.blade.php'
[2026-09-05 06:33:45] SPPBlade: Rendering relative view 'partials/command_palette.blade.php' with paths: "C:\/projects\/apache\/school1\/src\/SPPDocs\/resources\/views"
[2026-09-05 06:33:45] SPPBlade: Starting render for 'admin.media'
[2026-09-05 06:33:45] SPPBlade: Rendering relative view 'admin.media' with paths: "C:\/projects\/apache\/school1\/src\/SPPDocs\/resources\/views"
[2026-09-05 06:33:45] SPPBlade: Starting render for 'partials/media_grid.blade.php'
[2026-09-05 06:33:45] SPPBlade: Rendering relative view 'partials/media_grid.blade.php' with paths: "C:\/projects\/apache\/school1\/src\/SPPDocs\/resources\/views"
[2026-09-05 06:33:45] SPPBlade: Starting render for 'partials/command_palette.blade.php'
[2026-09-05 06:33:45] SPPBlade: Rendering relative view 'partials/command_palette.blade.php' with paths: "C:\/projects\/apache\/school1\/src\/SPPDocs\/resources\/views"
[2026-09-05 06:33:45] SPPBlade: Starting render for 'admin.project'
[2026-09-05 06:33:45] SPPBlade: Rendering relative view 'admin.project' with paths: "C:\/projects\/apache\/school1\/src\/SPPDocs\/resources\/views"
[2026-09-05 06:33:46] SPPBlade: Starting render for 'partials/command_palette.blade.php'
[2026-09-05 06:33:46] SPPBlade: Rendering relative view 'partials/command_palette.blade.php' with paths: "C:\/projects\/apache\/school1\/src\/SPPDocs\/resources\/views"
[2026-09-05 04:35:04] SPPBlade: Starting render for 'admin.roles'
[2026-09-05 04:35:04] SPPBlade: Rendering relative view 'admin.roles' with paths: "\/mnt\/c\/projects\/apache\/school1\/src\/SPPDocs\/resources\/views"
[2026-09-05 04:35:05] SPPBlade: Starting render for 'partials/command_palette.blade.php'
[2026-09-05 04:35:05] SPPBlade: Rendering relative view 'partials/command_palette.blade.php' with paths: "\/mnt\/c\/projects\/apache\/school1\/src\/SPPDocs\/resources\/views"
[2026-09-05 04:35:08] DEBUG: Longest match routing: Picked 'css' for request 'css/sppdocs.css'
[2026-09-05 04:35:08] DEBUG: Longest match routing: Picked 'css' for request 'css/admin.css'
[2026-09-05 04:35:28] SPPBlade: Starting render for 'admin.project'
[2026-09-05 04:35:28] SPPBlade: Rendering relative view 'admin.project' with paths: "\/mnt\/c\/projects\/apache\/school1\/src\/SPPDocs\/resources\/views"
[2026-09-05 04:35:29] SPPBlade: Starting render for 'partials/command_palette.blade.php'
[2026-09-05 04:35:29] SPPBlade: Rendering relative view 'partials/command_palette.blade.php' with paths: "\/mnt\/c\/projects\/apache\/school1\/src\/SPPDocs\/resources\/views"
[2026-09-05 06:40:30] SPPBlade: Starting render for 'admin.project'
[2026-09-05 06:40:30] SPPBlade: Rendering relative view 'admin.project' with paths: "C:\/projects\/apache\/school1\/src\/SPPDocs\/resources\/views"
[2026-09-05 06:40:32] SPPBlade: Starting render for 'partials/command_palette.blade.php'
[2026-09-05 06:40:32] SPPBlade: Rendering relative view 'partials/command_palette.blade.php' with paths: "C:\/projects\/apache\/school1\/src\/SPPDocs\/resources\/views"
[2026-09-05 06:40:32] SPPBlade: Starting render for 'admin.project'
[2026-09-05 06:40:32] SPPBlade: Rendering relative view 'admin.project' with paths: "C:\/projects\/apache\/school1\/src\/SPPDocs\/resources\/views"
[2026-09-05 06:40:32] SPPBlade: Starting render for 'partials/command_palette.blade.php'
[2026-09-05 06:40:32] SPPBlade: Rendering relative view 'partials/command_palette.blade.php' with paths: "C:\/projects\/apache\/school1\/src\/SPPDocs\/resources\/views"
[2026-09-05 06:40:37] SPPBlade: Starting render for 'admin.roles'
[2026-09-05 06:40:37] SPPBlade: Rendering relative view 'admin.roles' with paths: "C:\/projects\/apache\/school1\/src\/SPPDocs\/resources\/views"
[2026-09-05 06:40:38] SPPBlade: Starting render for 'partials/command_palette.blade.php'
[2026-09-05 06:40:38] SPPBlade: Rendering relative view 'partials/command_palette.blade.php' with paths: "C:\/projects\/apache\/school1\/src\/SPPDocs\/resources\/views"
[2026-09-05 06:40:38] SPPBlade: Starting render for 'admin.automations'
[2026-09-05 06:40:38] SPPBlade: Rendering relative view 'admin.automations' with paths: "C:\/projects\/apache\/school1\/src\/SPPDocs\/resources\/views"
[2026-09-05 06:40:38] SPPBlade: Starting render for 'partials/command_palette.blade.php'
[2026-09-05 06:40:38] SPPBlade: Rendering relative view 'partials/command_palette.blade.php' with paths: "C:\/projects\/apache\/school1\/src\/SPPDocs\/resources\/views"
[2026-09-05 06:40:38] SPPBlade: Starting render for 'admin.webhooks'
[2026-09-05 06:40:38] SPPBlade: Rendering relative view 'admin.webhooks' with paths: "C:\/projects\/apache\/school1\/src\/SPPDocs\/resources\/views"
[2026-09-05 06:40:38] SPPBlade: Starting render for 'partials/command_palette.blade.php'
[2026-09-05 06:40:38] SPPBlade: Rendering relative view 'partials/command_palette.blade.php' with paths: "C:\/projects\/apache\/school1\/src\/SPPDocs\/resources\/views"
[2026-09-05 06:40:38] SPPBlade: Starting render for 'admin.media'
[2026-09-05 06:40:38] SPPBlade: Rendering relative view 'admin.media' with paths: "C:\/projects\/apache\/school1\/src\/SPPDocs\/resources\/views"
[2026-09-05 06:40:38] SPPBlade: Starting render for 'partials/media_grid.blade.php'
[2026-09-05 06:40:38] SPPBlade: Rendering relative view 'partials/media_grid.blade.php' with paths: "C:\/projects\/apache\/school1\/src\/SPPDocs\/resources\/views"
[2026-09-05 06:40:38] SPPBlade: Starting render for 'partials/command_palette.blade.php'
[2026-09-05 06:40:38] SPPBlade: Rendering relative view 'partials/command_palette.blade.php' with paths: "C:\/projects\/apache\/school1\/src\/SPPDocs\/resources\/views"
[2026-09-05 06:40:38] SPPBlade: Starting render for 'admin.project'
[2026-09-05 06:40:38] SPPBlade: Rendering relative view 'admin.project' with paths: "C:\/projects\/apache\/school1\/src\/SPPDocs\/resources\/views"
[2026-09-05 06:40:38] SPPBlade: Starting render for 'partials/command_palette.blade.php'
[2026-09-05 06:40:38] SPPBlade: Rendering relative view 'partials/command_palette.blade.php' with paths: "C:\/projects\/apache\/school1\/src\/SPPDocs\/resources\/views"
[2026-09-05 04:44:06] SPPBlade: Starting render for 'admin.roles'
[2026-09-05 04:44:06] SPPBlade: Rendering relative view 'admin.roles' with paths: "\/mnt\/c\/projects\/apache\/school1\/src\/SPPDocs\/resources\/views"
[2026-09-05 04:44:06] SPPBlade: Starting render for 'partials/command_palette.blade.php'
[2026-09-05 04:44:06] SPPBlade: Rendering relative view 'partials/command_palette.blade.php' with paths: "\/mnt\/c\/projects\/apache\/school1\/src\/SPPDocs\/resources\/views"
[2026-09-05 04:44:08] DEBUG: Longest match routing: Picked 'css' for request 'css/sppdocs.css'
[2026-09-05 04:44:08] DEBUG: Longest match routing: Picked 'css' for request 'css/admin.css'
[2026-09-05 04:44:24] SPPBlade: Starting render for 'admin.project'
[2026-09-05 04:44:24] SPPBlade: Rendering relative view 'admin.project' with paths: "\/mnt\/c\/projects\/apache\/school1\/src\/SPPDocs\/resources\/views"
[2026-09-05 04:44:25] SPPBlade: Starting render for 'partials/command_palette.blade.php'
[2026-09-05 04:44:25] SPPBlade: Rendering relative view 'partials/command_palette.blade.php' with paths: "\/mnt\/c\/projects\/apache\/school1\/src\/SPPDocs\/resources\/views"
[2026-09-05 06:48:50] SPPBlade: Starting render for 'admin.project'
[2026-09-05 06:48:50] SPPBlade: Rendering relative view 'admin.project' with paths: "C:\/projects\/apache\/school1\/src\/SPPDocs\/resources\/views"
[2026-09-05 06:48:50] SPPBlade: Starting render for 'partials/command_palette.blade.php'
[2026-09-05 06:48:50] SPPBlade: Rendering relative view 'partials/command_palette.blade.php' with paths: "C:\/projects\/apache\/school1\/src\/SPPDocs\/resources\/views"
[2026-09-05 06:52:51] SPPBlade: Starting render for 'admin.project'
[2026-09-05 06:52:51] SPPBlade: Rendering relative view 'admin.project' with paths: "C:\/projects\/apache\/school1\/src\/SPPDocs\/resources\/views"
[2026-09-05 06:52:52] SPPBlade: Starting render for 'partials/command_palette.blade.php'
[2026-09-05 06:52:52] SPPBlade: Rendering relative view 'partials/command_palette.blade.php' with paths: "C:\/projects\/apache\/school1\/src\/SPPDocs\/resources\/views"
[2026-09-05 06:52:52] SPPBlade: Starting render for 'partials/keyboard_shortcuts.blade.php'
[2026-09-05 06:52:52] SPPBlade: Rendering relative view 'partials/keyboard_shortcuts.blade.php' with paths: "C:\/projects\/apache\/school1\/src\/SPPDocs\/resources\/views"
[2026-09-05 06:53:36] SPPBlade: Starting render for 'admin.project'
[2026-09-05 06:53:36] SPPBlade: Rendering relative view 'admin.project' with paths: "C:\/projects\/apache\/school1\/src\/SPPDocs\/resources\/views"
[2026-09-05 06:53:36] SPPBlade: Starting render for 'partials/command_palette.blade.php'
[2026-09-05 06:53:36] SPPBlade: Rendering relative view 'partials/command_palette.blade.php' with paths: "C:\/projects\/apache\/school1\/src\/SPPDocs\/resources\/views"
[2026-09-05 06:53:36] SPPBlade: Starting render for 'partials/keyboard_shortcuts.blade.php'
[2026-09-05 06:53:36] SPPBlade: Rendering relative view 'partials/keyboard_shortcuts.blade.php' with paths: "C:\/projects\/apache\/school1\/src\/SPPDocs\/resources\/views"
[2026-09-05 06:53:40] SPPBlade: Starting render for 'admin.roles'
[2026-09-05 06:53:40] SPPBlade: Rendering relative view 'admin.roles' with paths: "C:\/projects\/apache\/school1\/src\/SPPDocs\/resources\/views"
[2026-09-05 06:53:40] SPPBlade: Starting render for 'partials/command_palette.blade.php'
[2026-09-05 06:53:40] SPPBlade: Rendering relative view 'partials/command_palette.blade.php' with paths: "C:\/projects\/apache\/school1\/src\/SPPDocs\/resources\/views"
[2026-09-05 06:53:40] SPPBlade: Starting render for 'partials/keyboard_shortcuts.blade.php'
[2026-09-05 06:53:40] SPPBlade: Rendering relative view 'partials/keyboard_shortcuts.blade.php' with paths: "C:\/projects\/apache\/school1\/src\/SPPDocs\/resources\/views"
[2026-09-05 06:53:40] SPPBlade: Starting render for 'admin.automations'
[2026-09-05 06:53:40] SPPBlade: Rendering relative view 'admin.automations' with paths: "C:\/projects\/apache\/school1\/src\/SPPDocs\/resources\/views"
[2026-09-05 06:53:40] SPPBlade: Starting render for 'partials/command_palette.blade.php'
[2026-09-05 06:53:40] SPPBlade: Rendering relative view 'partials/command_palette.blade.php' with paths: "C:\/projects\/apache\/school1\/src\/SPPDocs\/resources\/views"
[2026-09-05 06:53:40] SPPBlade: Starting render for 'partials/keyboard_shortcuts.blade.php'
[2026-09-05 06:53:40] SPPBlade: Rendering relative view 'partials/keyboard_shortcuts.blade.php' with paths: "C:\/projects\/apache\/school1\/src\/SPPDocs\/resources\/views"
[2026-09-05 06:53:40] SPPBlade: Starting render for 'admin.webhooks'
[2026-09-05 06:53:40] SPPBlade: Rendering relative view 'admin.webhooks' with paths: "C:\/projects\/apache\/school1\/src\/SPPDocs\/resources\/views"
[2026-09-05 06:53:40] SPPBlade: Starting render for 'partials/command_palette.blade.php'
[2026-09-05 06:53:40] SPPBlade: Rendering relative view 'partials/command_palette.blade.php' with paths: "C:\/projects\/apache\/school1\/src\/SPPDocs\/resources\/views"
[2026-09-05 06:53:40] SPPBlade: Starting render for 'partials/keyboard_shortcuts.blade.php'
[2026-09-05 06:53:40] SPPBlade: Rendering relative view 'partials/keyboard_shortcuts.blade.php' with paths: "C:\/projects\/apache\/school1\/src\/SPPDocs\/resources\/views"
[2026-09-05 06:53:40] SPPBlade: Starting render for 'admin.media'
[2026-09-05 06:53:40] SPPBlade: Rendering relative view 'admin.media' with paths: "C:\/projects\/apache\/school1\/src\/SPPDocs\/resources\/views"
[2026-09-05 06:53:40] SPPBlade: Starting render for 'partials/media_grid.blade.php'
[2026-09-05 06:53:40] SPPBlade: Rendering relative view 'partials/media_grid.blade.php' with paths: "C:\/projects\/apache\/school1\/src\/SPPDocs\/resources\/views"
[2026-09-05 06:53:40] SPPBlade: Starting render for 'partials/command_palette.blade.php'
[2026-09-05 06:53:40] SPPBlade: Rendering relative view 'partials/command_palette.blade.php' with paths: "C:\/projects\/apache\/school1\/src\/SPPDocs\/resources\/views"
[2026-09-05 06:53:40] SPPBlade: Starting render for 'partials/keyboard_shortcuts.blade.php'
[2026-09-05 06:53:40] SPPBlade: Rendering relative view 'partials/keyboard_shortcuts.blade.php' with paths: "C:\/projects\/apache\/school1\/src\/SPPDocs\/resources\/views"
[2026-09-05 06:53:40] SPPBlade: Starting render for 'admin.project'
[2026-09-05 06:53:40] SPPBlade: Rendering relative view 'admin.project' with paths: "C:\/projects\/apache\/school1\/src\/SPPDocs\/resources\/views"
[2026-09-05 06:53:40] SPPBlade: Starting render for 'partials/command_palette.blade.php'
[2026-09-05 06:53:40] SPPBlade: Rendering relative view 'partials/command_palette.blade.php' with paths: "C:\/projects\/apache\/school1\/src\/SPPDocs\/resources\/views"
[2026-09-05 06:53:40] SPPBlade: Starting render for 'partials/keyboard_shortcuts.blade.php'
[2026-09-05 06:53:40] SPPBlade: Rendering relative view 'partials/keyboard_shortcuts.blade.php' with paths: "C:\/projects\/apache\/school1\/src\/SPPDocs\/resources\/views"
[2026-09-05 06:53:40] SPPBlade: Starting render for 'admin.project'
[2026-09-05 06:53:40] SPPBlade: Rendering relative view 'admin.project' with paths: "C:\/projects\/apache\/school1\/src\/SPPDocs\/resources\/views"
[2026-09-05 06:53:40] SPPBlade: Starting render for 'partials/command_palette.blade.php'
[2026-09-05 06:53:40] SPPBlade: Rendering relative view 'partials/command_palette.blade.php' with paths: "C:\/projects\/apache\/school1\/src\/SPPDocs\/resources\/views"
[2026-09-05 06:53:40] SPPBlade: Starting render for 'partials/keyboard_shortcuts.blade.php'
[2026-09-05 06:53:40] SPPBlade: Rendering relative view 'partials/keyboard_shortcuts.blade.php' with paths: "C:\/projects\/apache\/school1\/src\/SPPDocs\/resources\/views"
[2026-09-05 06:53:40] SPPBlade: Starting render for 'admin.project'
[2026-09-05 06:53:40] SPPBlade: Rendering relative view 'admin.project' with paths: "C:\/projects\/apache\/school1\/src\/SPPDocs\/resources\/views"
[2026-09-05 06:53:40] SPPBlade: Starting render for 'partials/command_palette.blade.php'
[2026-09-05 06:53:40] SPPBlade: Rendering relative view 'partials/command_palette.blade.php' with paths: "C:\/projects\/apache\/school1\/src\/SPPDocs\/resources\/views"
[2026-09-05 06:53:40] SPPBlade: Starting render for 'partials/keyboard_shortcuts.blade.php'
[2026-09-05 06:53:40] SPPBlade: Rendering relative view 'partials/keyboard_shortcuts.blade.php' with paths: "C:\/projects\/apache\/school1\/src\/SPPDocs\/resources\/views"
[2026-09-05 04:55:45] SPPBlade: Starting render for 'admin.project'
[2026-09-05 04:55:45] SPPBlade: Rendering relative view 'admin.project' with paths: "\/mnt\/c\/projects\/apache\/school1\/src\/SPPDocs\/resources\/views"
[2026-09-05 04:55:46] SPPBlade: Starting render for 'partials/command_palette.blade.php'
[2026-09-05 04:55:46] SPPBlade: Rendering relative view 'partials/command_palette.blade.php' with paths: "\/mnt\/c\/projects\/apache\/school1\/src\/SPPDocs\/resources\/views"
[2026-09-05 04:55:46] SPPBlade: Starting render for 'partials/keyboard_shortcuts.blade.php'
[2026-09-05 04:55:46] SPPBlade: Rendering relative view 'partials/keyboard_shortcuts.blade.php' with paths: "\/mnt\/c\/projects\/apache\/school1\/src\/SPPDocs\/resources\/views"
[2026-09-05 04:55:48] DEBUG: Longest match routing: Picked 'css' for request 'css/sppdocs.css'
[2026-09-05 04:55:48] DEBUG: Longest match routing: Picked 'css' for request 'css/admin.css'
[2026-09-05 04:56:10] SPPBlade: Starting render for 'admin.dashboard'
[2026-09-05 04:56:10] SPPBlade: Rendering relative view 'admin.dashboard' with paths: "\/mnt\/c\/projects\/apache\/school1\/src\/SPPDocs\/resources\/views"
[2026-09-05 04:56:10] SPPBlade: Starting render for 'partials/command_palette.blade.php'
[2026-09-05 04:56:10] SPPBlade: Rendering relative view 'partials/command_palette.blade.php' with paths: "\/mnt\/c\/projects\/apache\/school1\/src\/SPPDocs\/resources\/views"
[2026-09-05 04:56:10] SPPBlade: Starting render for 'partials/keyboard_shortcuts.blade.php'
[2026-09-05 04:56:10] SPPBlade: Rendering relative view 'partials/keyboard_shortcuts.blade.php' with paths: "\/mnt\/c\/projects\/apache\/school1\/src\/SPPDocs\/resources\/views"
[2026-09-05 06:58:19] SPPBlade: Starting render for 'admin.project'
[2026-09-05 06:58:19] SPPBlade: Rendering relative view 'admin.project' with paths: "C:\/projects\/apache\/school1\/src\/SPPDocs\/resources\/views"
[2026-09-05 06:58:19] SPPBlade: Starting render for 'partials/command_palette.blade.php'
[2026-09-05 06:58:19] SPPBlade: Rendering relative view 'partials/command_palette.blade.php' with paths: "C:\/projects\/apache\/school1\/src\/SPPDocs\/resources\/views"
[2026-09-05 06:58:19] SPPBlade: Starting render for 'partials/keyboard_shortcuts.blade.php'
[2026-09-05 06:58:19] SPPBlade: Rendering relative view 'partials/keyboard_shortcuts.blade.php' with paths: "C:\/projects\/apache\/school1\/src\/SPPDocs\/resources\/views"
[2026-09-05 07:00:15] SPPBlade: Starting render for 'admin.project'
[2026-09-05 07:00:15] SPPBlade: Rendering relative view 'admin.project' with paths: "C:\/projects\/apache\/school1\/src\/SPPDocs\/resources\/views"
[2026-09-05 07:00:15] SPPBlade: Starting render for 'partials/command_palette.blade.php'
[2026-09-05 07:00:15] SPPBlade: Rendering relative view 'partials/command_palette.blade.php' with paths: "C:\/projects\/apache\/school1\/src\/SPPDocs\/resources\/views"
[2026-09-05 07:00:15] SPPBlade: Starting render for 'partials/keyboard_shortcuts.blade.php'
[2026-09-05 07:00:15] SPPBlade: Rendering relative view 'partials/keyboard_shortcuts.blade.php' with paths: "C:\/projects\/apache\/school1\/src\/SPPDocs\/resources\/views"
[2026-09-05 07:01:11] SPPBlade: Starting render for 'admin.project'
[2026-09-05 07:01:11] SPPBlade: Rendering relative view 'admin.project' with paths: "C:\/projects\/apache\/school1\/src\/SPPDocs\/resources\/views"
[2026-09-05 07:01:11] SPPBlade: Starting render for 'partials/command_palette.blade.php'
[2026-09-05 07:01:11] SPPBlade: Rendering relative view 'partials/command_palette.blade.php' with paths: "C:\/projects\/apache\/school1\/src\/SPPDocs\/resources\/views"
[2026-09-05 07:01:11] SPPBlade: Starting render for 'partials/keyboard_shortcuts.blade.php'
[2026-09-05 07:01:11] SPPBlade: Rendering relative view 'partials/keyboard_shortcuts.blade.php' with paths: "C:\/projects\/apache\/school1\/src\/SPPDocs\/resources\/views"
[2026-09-05 05:03:01] SPPBlade: Starting render for 'admin.dashboard'
[2026-09-05 05:03:01] SPPBlade: Rendering relative view 'admin.dashboard' with paths: "\/mnt\/c\/projects\/apache\/school1\/src\/SPPDocs\/resources\/views"
[2026-09-05 05:03:01] SPPBlade: Starting render for 'partials/command_palette.blade.php'
[2026-09-05 05:03:01] SPPBlade: Rendering relative view 'partials/command_palette.blade.php' with paths: "\/mnt\/c\/projects\/apache\/school1\/src\/SPPDocs\/resources\/views"
[2026-09-05 05:03:01] SPPBlade: Starting render for 'partials/keyboard_shortcuts.blade.php'
[2026-09-05 05:03:01] SPPBlade: Rendering relative view 'partials/keyboard_shortcuts.blade.php' with paths: "\/mnt\/c\/projects\/apache\/school1\/src\/SPPDocs\/resources\/views"
[2026-09-05 05:03:03] DEBUG: Longest match routing: Picked 'css' for request 'css/sppdocs.css'
[2026-09-05 05:03:03] DEBUG: Longest match routing: Picked 'css' for request 'css/admin.css'
[2026-09-05 07:11:14] SPPBlade: Starting render for 'errors/404'
[2026-09-05 07:11:14] SPPBlade: Rendering relative view 'errors/404' with paths: "C:\/projects\/apache\/school1\/src\/SPPDocs\/resources\/views"
[2026-09-05 07:11:14] SPPBlade: Starting render for 'partials/header.blade.php'
[2026-09-05 07:11:14] SPPBlade: Rendering relative view 'partials/header.blade.php' with paths: "C:\/projects\/apache\/school1\/src\/SPPDocs\/resources\/views"
[2026-09-05 07:11:15] SPPBlade: Starting render for 'partials/command_palette.blade.php'
[2026-09-05 07:11:15] SPPBlade: Rendering relative view 'partials/command_palette.blade.php' with paths: "C:\/projects\/apache\/school1\/src\/SPPDocs\/resources\/views"
[2026-09-05 07:11:15] SPPBlade: Starting render for 'partials/keyboard_shortcuts.blade.php'
[2026-09-05 07:11:15] SPPBlade: Rendering relative view 'partials/keyboard_shortcuts.blade.php' with paths: "C:\/projects\/apache\/school1\/src\/SPPDocs\/resources\/views"
[2026-09-05 05:11:34] SPPBlade: Starting render for 'errors/404'
[2026-09-05 05:11:34] SPPBlade: Rendering relative view 'errors/404' with paths: "\/mnt\/c\/projects\/apache\/school1\/src\/SPPDocs\/resources\/views"
[2026-09-05 05:11:34] SPPBlade: Starting render for 'partials/header.blade.php'
[2026-09-05 05:11:34] SPPBlade: Rendering relative view 'partials/header.blade.php' with paths: "\/mnt\/c\/projects\/apache\/school1\/src\/SPPDocs\/resources\/views"
[2026-09-05 05:11:34] SPPBlade: Starting render for 'partials/command_palette.blade.php'
[2026-09-05 05:11:34] SPPBlade: Rendering relative view 'partials/command_palette.blade.php' with paths: "\/mnt\/c\/projects\/apache\/school1\/src\/SPPDocs\/resources\/views"
[2026-09-05 05:11:34] SPPBlade: Starting render for 'partials/keyboard_shortcuts.blade.php'
[2026-09-05 05:11:34] SPPBlade: Rendering relative view 'partials/keyboard_shortcuts.blade.php' with paths: "\/mnt\/c\/projects\/apache\/school1\/src\/SPPDocs\/resources\/views"
[2026-09-05 05:13:18] SPPBlade: Starting render for 'errors/404'
[2026-09-05 05:13:18] SPPBlade: Rendering relative view 'errors/404' with paths: "\/mnt\/c\/projects\/apache\/school1\/src\/SPPDocs\/resources\/views"
[2026-09-05 05:13:18] SPPBlade: Starting render for 'partials/header.blade.php'
[2026-09-05 05:13:18] SPPBlade: Rendering relative view 'partials/header.blade.php' with paths: "\/mnt\/c\/projects\/apache\/school1\/src\/SPPDocs\/resources\/views"
[2026-09-05 05:13:18] SPPBlade: Starting render for 'partials/command_palette.blade.php'
[2026-09-05 05:13:18] SPPBlade: Rendering relative view 'partials/command_palette.blade.php' with paths: "\/mnt\/c\/projects\/apache\/school1\/src\/SPPDocs\/resources\/views"
[2026-09-05 05:13:18] SPPBlade: Starting render for 'partials/keyboard_shortcuts.blade.php'
[2026-09-05 05:13:18] SPPBlade: Rendering relative view 'partials/keyboard_shortcuts.blade.php' with paths: "\/mnt\/c\/projects\/apache\/school1\/src\/SPPDocs\/resources\/views"
[2026-09-05 07:22:15] SPPBlade: Starting render for 'issues/index'
[2026-09-05 07:22:15] SPPBlade: Rendering relative view 'issues/index' with paths: "C:\/projects\/apache\/school1\/src\/SPPDocs\/resources\/views"
[2026-09-05 07:22:16] SPPBlade: Starting render for 'partials/sidebar.blade.php'
[2026-09-05 07:22:16] SPPBlade: Rendering relative view 'partials/sidebar.blade.php' with paths: "C:\/projects\/apache\/school1\/src\/SPPDocs\/resources\/views"
[2026-09-05 07:22:16] SPPBlade Template Error in 'issues.index': Template not found: C:/projects/apache/school1/src/SPPDocs/resources/views/issues/partials/issue_row
[2026-09-05 07:22:16] SPPBlade: Starting render for 'issues/board'
[2026-09-05 07:22:16] SPPBlade: Rendering relative view 'issues/board' with paths: "C:\/projects\/apache\/school1\/src\/SPPDocs\/resources\/views"
[2026-09-05 07:22:16] SPPBlade: Starting render for 'partials/sidebar.blade.php'
[2026-09-05 07:22:16] SPPBlade: Rendering relative view 'partials/sidebar.blade.php' with paths: "C:\/projects\/apache\/school1\/src\/SPPDocs\/resources\/views"
[2026-09-05 07:22:16] SPPBlade: Starting render for 'partials/header.blade.php'
[2026-09-05 07:22:16] SPPBlade: Rendering relative view 'partials/header.blade.php' with paths: "C:\/projects\/apache\/school1\/src\/SPPDocs\/resources\/views"
[2026-09-05 07:22:16] SPPBlade Template Error in 'partials.header': session_start(): Session cannot be started after headers have already been sent
[2026-09-05 07:22:16] SPPBlade Template Error in 'issues.board': SPPBlade Template Error in 'partials.header': session_start(): Session cannot be started after headers have already been sent

💡 Corrective Measure:
Check your Blade syntax in the file. Common issues include:
- Unescaped special characters inside {{ }} or {!! !!}
- Using raw PHP interpolation (like '$var' in double quotes) instead of Blade directives
- Missing commas or brackets in array arguments passed to @directives (e.g. @spppartial)
[2026-09-05 07:22:17] SPPBlade: Starting render for 'issues/milestones'
[2026-09-05 07:22:17] SPPBlade: Rendering relative view 'issues/milestones' with paths: "C:\/projects\/apache\/school1\/src\/SPPDocs\/resources\/views"
[2026-09-05 07:22:17] SPPBlade: Starting render for 'partials/sidebar.blade.php'
[2026-09-05 07:22:17] SPPBlade: Rendering relative view 'partials/sidebar.blade.php' with paths: "C:\/projects\/apache\/school1\/src\/SPPDocs\/resources\/views"
[2026-09-05 07:22:17] SPPBlade: Starting render for 'partials/header.blade.php'
[2026-09-05 07:22:17] SPPBlade: Rendering relative view 'partials/header.blade.php' with paths: "C:\/projects\/apache\/school1\/src\/SPPDocs\/resources\/views"
[2026-09-05 07:22:17] SPPBlade Template Error in 'partials.header': session_start(): Session cannot be started after headers have already been sent
[2026-09-05 07:22:17] SPPBlade Template Error in 'issues.milestones': SPPBlade Template Error in 'partials.header': session_start(): Session cannot be started after headers have already been sent

💡 Corrective Measure:
Check your Blade syntax in the file. Common issues include:
- Unescaped special characters inside {{ }} or {!! !!}
- Using raw PHP interpolation (like '$var' in double quotes) instead of Blade directives
- Missing commas or brackets in array arguments passed to @directives (e.g. @spppartial)
[2026-09-05 07:22:17] SPPBlade: Starting render for 'issues/calendar'
[2026-09-05 07:22:17] SPPBlade: Rendering relative view 'issues/calendar' with paths: "C:\/projects\/apache\/school1\/src\/SPPDocs\/resources\/views"
[2026-09-05 07:22:17] SPPBlade: Starting render for 'partials/sidebar.blade.php'
[2026-09-05 07:22:17] SPPBlade: Rendering relative view 'partials/sidebar.blade.php' with paths: "C:\/projects\/apache\/school1\/src\/SPPDocs\/resources\/views"
[2026-09-05 07:22:17] SPPBlade: Starting render for 'partials/header.blade.php'
[2026-09-05 07:22:17] SPPBlade: Rendering relative view 'partials/header.blade.php' with paths: "C:\/projects\/apache\/school1\/src\/SPPDocs\/resources\/views"
[2026-09-05 07:22:17] SPPBlade Template Error in 'partials.header': session_start(): Session cannot be started after headers have already been sent
[2026-09-05 07:22:17] SPPBlade Template Error in 'issues.calendar': SPPBlade Template Error in 'partials.header': session_start(): Session cannot be started after headers have already been sent

💡 Corrective Measure:
Check your Blade syntax in the file. Common issues include:
- Unescaped special characters inside {{ }} or {!! !!}
- Using raw PHP interpolation (like '$var' in double quotes) instead of Blade directives
- Missing commas or brackets in array arguments passed to @directives (e.g. @spppartial)
[2026-09-05 07:22:17] SPPBlade: Starting render for 'issues/teams'
[2026-09-05 07:22:17] SPPBlade: Rendering relative view 'issues/teams' with paths: "C:\/projects\/apache\/school1\/src\/SPPDocs\/resources\/views"
[2026-09-05 07:22:17] SPPBlade: Starting render for 'partials/sidebar.blade.php'
[2026-09-05 07:22:17] SPPBlade: Rendering relative view 'partials/sidebar.blade.php' with paths: "C:\/projects\/apache\/school1\/src\/SPPDocs\/resources\/views"
[2026-09-05 07:22:17] SPPBlade: Starting render for 'partials/header.blade.php'
[2026-09-05 07:22:17] SPPBlade: Rendering relative view 'partials/header.blade.php' with paths: "C:\/projects\/apache\/school1\/src\/SPPDocs\/resources\/views"
[2026-09-05 07:22:17] SPPBlade Template Error in 'partials.header': session_start(): Session cannot be started after headers have already been sent
[2026-09-05 07:22:17] SPPBlade Template Error in 'issues.teams': SPPBlade Template Error in 'partials.header': session_start(): Session cannot be started after headers have already been sent

💡 Corrective Measure:
Check your Blade syntax in the file. Common issues include:
- Unescaped special characters inside {{ }} or {!! !!}
- Using raw PHP interpolation (like '$var' in double quotes) instead of Blade directives
- Missing commas or brackets in array arguments passed to @directives (e.g. @spppartial)
[2026-09-05 07:22:36] SPPBlade: Starting render for 'issues/index'
[2026-09-05 07:22:36] SPPBlade: Rendering relative view 'issues/index' with paths: "C:\/projects\/apache\/school1\/src\/SPPDocs\/resources\/views"
[2026-09-05 07:22:36] SPPBlade: Starting render for 'partials/sidebar.blade.php'
[2026-09-05 07:22:36] SPPBlade: Rendering relative view 'partials/sidebar.blade.php' with paths: "C:\/projects\/apache\/school1\/src\/SPPDocs\/resources\/views"
[2026-09-05 07:22:36] SPPBlade Template Error in 'issues.index': Template not found: C:/projects/apache/school1/src/SPPDocs/resources/views/issues/partials/issue_row
[2026-09-05 07:22:36] SPPBlade: Starting render for 'issues/board'
[2026-09-05 07:22:36] SPPBlade: Rendering relative view 'issues/board' with paths: "C:\/projects\/apache\/school1\/src\/SPPDocs\/resources\/views"
[2026-09-05 07:22:36] SPPBlade: Starting render for 'partials/sidebar.blade.php'
[2026-09-05 07:22:36] SPPBlade: Rendering relative view 'partials/sidebar.blade.php' with paths: "C:\/projects\/apache\/school1\/src\/SPPDocs\/resources\/views"
[2026-09-05 07:22:36] SPPBlade: Starting render for 'partials/header.blade.php'
[2026-09-05 07:22:36] SPPBlade: Rendering relative view 'partials/header.blade.php' with paths: "C:\/projects\/apache\/school1\/src\/SPPDocs\/resources\/views"
[2026-09-05 07:22:36] SPPBlade: Starting render for 'partials/command_palette.blade.php'
[2026-09-05 07:22:36] SPPBlade: Rendering relative view 'partials/command_palette.blade.php' with paths: "C:\/projects\/apache\/school1\/src\/SPPDocs\/resources\/views"
[2026-09-05 07:22:36] SPPBlade: Starting render for 'partials/keyboard_shortcuts.blade.php'
[2026-09-05 07:22:36] SPPBlade: Rendering relative view 'partials/keyboard_shortcuts.blade.php' with paths: "C:\/projects\/apache\/school1\/src\/SPPDocs\/resources\/views"
[2026-09-05 07:22:36] SPPBlade: Starting render for 'issues/milestones'
[2026-09-05 07:22:36] SPPBlade: Rendering relative view 'issues/milestones' with paths: "C:\/projects\/apache\/school1\/src\/SPPDocs\/resources\/views"
[2026-09-05 07:22:36] SPPBlade: Starting render for 'partials/sidebar.blade.php'
[2026-09-05 07:22:36] SPPBlade: Rendering relative view 'partials/sidebar.blade.php' with paths: "C:\/projects\/apache\/school1\/src\/SPPDocs\/resources\/views"
[2026-09-05 07:22:36] SPPBlade: Starting render for 'partials/header.blade.php'
[2026-09-05 07:22:36] SPPBlade: Rendering relative view 'partials/header.blade.php' with paths: "C:\/projects\/apache\/school1\/src\/SPPDocs\/resources\/views"
[2026-09-05 07:22:36] SPPBlade: Starting render for 'partials/command_palette.blade.php'
[2026-09-05 07:22:36] SPPBlade: Rendering relative view 'partials/command_palette.blade.php' with paths: "C:\/projects\/apache\/school1\/src\/SPPDocs\/resources\/views"
[2026-09-05 07:22:36] SPPBlade: Starting render for 'partials/keyboard_shortcuts.blade.php'
[2026-09-05 07:22:36] SPPBlade: Rendering relative view 'partials/keyboard_shortcuts.blade.php' with paths: "C:\/projects\/apache\/school1\/src\/SPPDocs\/resources\/views"
[2026-09-05 07:22:36] SPPBlade: Starting render for 'issues/calendar'
[2026-09-05 07:22:36] SPPBlade: Rendering relative view 'issues/calendar' with paths: "C:\/projects\/apache\/school1\/src\/SPPDocs\/resources\/views"
[2026-09-05 07:22:36] SPPBlade: Starting render for 'partials/sidebar.blade.php'
[2026-09-05 07:22:36] SPPBlade: Rendering relative view 'partials/sidebar.blade.php' with paths: "C:\/projects\/apache\/school1\/src\/SPPDocs\/resources\/views"
[2026-09-05 07:22:36] SPPBlade: Starting render for 'partials/header.blade.php'
[2026-09-05 07:22:36] SPPBlade: Rendering relative view 'partials/header.blade.php' with paths: "C:\/projects\/apache\/school1\/src\/SPPDocs\/resources\/views"
[2026-09-05 07:22:36] SPPBlade: Starting render for 'partials/command_palette.blade.php'
[2026-09-05 07:22:36] SPPBlade: Rendering relative view 'partials/command_palette.blade.php' with paths: "C:\/projects\/apache\/school1\/src\/SPPDocs\/resources\/views"
[2026-09-05 07:22:36] SPPBlade: Starting render for 'partials/keyboard_shortcuts.blade.php'
[2026-09-05 07:22:36] SPPBlade: Rendering relative view 'partials/keyboard_shortcuts.blade.php' with paths: "C:\/projects\/apache\/school1\/src\/SPPDocs\/resources\/views"
[2026-09-05 07:22:36] SPPBlade: Starting render for 'issues/teams'
[2026-09-05 07:22:36] SPPBlade: Rendering relative view 'issues/teams' with paths: "C:\/projects\/apache\/school1\/src\/SPPDocs\/resources\/views"
[2026-09-05 07:22:36] SPPBlade: Starting render for 'partials/sidebar.blade.php'
[2026-09-05 07:22:36] SPPBlade: Rendering relative view 'partials/sidebar.blade.php' with paths: "C:\/projects\/apache\/school1\/src\/SPPDocs\/resources\/views"
[2026-09-05 07:22:36] SPPBlade: Starting render for 'partials/header.blade.php'
[2026-09-05 07:22:36] SPPBlade: Rendering relative view 'partials/header.blade.php' with paths: "C:\/projects\/apache\/school1\/src\/SPPDocs\/resources\/views"
[2026-09-05 07:22:36] SPPBlade: Starting render for 'partials/command_palette.blade.php'
[2026-09-05 07:22:36] SPPBlade: Rendering relative view 'partials/command_palette.blade.php' with paths: "C:\/projects\/apache\/school1\/src\/SPPDocs\/resources\/views"
[2026-09-05 07:22:36] SPPBlade: Starting render for 'partials/keyboard_shortcuts.blade.php'
[2026-09-05 07:22:36] SPPBlade: Rendering relative view 'partials/keyboard_shortcuts.blade.php' with paths: "C:\/projects\/apache\/school1\/src\/SPPDocs\/resources\/views"
[2026-09-05 07:23:49] SPPBlade: Starting render for 'issues.partials.issue_row'
[2026-09-05 07:23:49] SPPBlade: Rendering relative view 'issues.partials.issue_row' with paths: "C:\/projects\/apache\/school1\/src\/SPPDocs\/resources\/views"
[2026-09-05 07:23:49] SPPBlade: Starting render for 'issues/partials/issue_row.blade.php'
[2026-09-05 07:23:49] SPPBlade: Rendering relative view 'issues/partials/issue_row.blade.php' with paths: "C:\/projects\/apache\/school1\/src\/SPPDocs\/resources\/views"
[2026-09-05 07:24:20] SPPBlade: Starting render for 'issues/index'
[2026-09-05 07:24:20] SPPBlade: Rendering relative view 'issues/index' with paths: "C:\/projects\/apache\/school1\/src\/SPPDocs\/resources\/views"
[2026-09-05 07:24:20] SPPBlade: Starting render for 'partials/sidebar.blade.php'
[2026-09-05 07:24:20] SPPBlade: Rendering relative view 'partials/sidebar.blade.php' with paths: "C:\/projects\/apache\/school1\/src\/SPPDocs\/resources\/views"
[2026-09-05 07:24:20] SPPBlade: Starting render for 'issues/partials/issue_row.blade.php'
[2026-09-05 07:24:20] SPPBlade: Rendering relative view 'issues/partials/issue_row.blade.php' with paths: "C:\/projects\/apache\/school1\/src\/SPPDocs\/resources\/views"
[2026-09-05 07:24:20] SPPBlade: Starting render for 'issues/partials/issue_row.blade.php'
[2026-09-05 07:24:20] SPPBlade: Rendering relative view 'issues/partials/issue_row.blade.php' with paths: "C:\/projects\/apache\/school1\/src\/SPPDocs\/resources\/views"
[2026-09-05 07:24:20] SPPBlade: Starting render for 'partials/header.blade.php'
[2026-09-05 07:24:20] SPPBlade: Rendering relative view 'partials/header.blade.php' with paths: "C:\/projects\/apache\/school1\/src\/SPPDocs\/resources\/views"
[2026-09-05 07:24:20] SPPBlade: Starting render for 'partials/command_palette.blade.php'
[2026-09-05 07:24:20] SPPBlade: Rendering relative view 'partials/command_palette.blade.php' with paths: "C:\/projects\/apache\/school1\/src\/SPPDocs\/resources\/views"
[2026-09-05 07:24:20] SPPBlade: Starting render for 'partials/keyboard_shortcuts.blade.php'
[2026-09-05 07:24:20] SPPBlade: Rendering relative view 'partials/keyboard_shortcuts.blade.php' with paths: "C:\/projects\/apache\/school1\/src\/SPPDocs\/resources\/views"
[2026-09-05 07:24:20] SPPBlade: Starting render for 'issues/board'
[2026-09-05 07:24:20] SPPBlade: Rendering relative view 'issues/board' with paths: "C:\/projects\/apache\/school1\/src\/SPPDocs\/resources\/views"
[2026-09-05 07:24:20] SPPBlade: Starting render for 'partials/sidebar.blade.php'
[2026-09-05 07:24:20] SPPBlade: Rendering relative view 'partials/sidebar.blade.php' with paths: "C:\/projects\/apache\/school1\/src\/SPPDocs\/resources\/views"
[2026-09-05 07:24:20] SPPBlade: Starting render for 'partials/header.blade.php'
[2026-09-05 07:24:20] SPPBlade: Rendering relative view 'partials/header.blade.php' with paths: "C:\/projects\/apache\/school1\/src\/SPPDocs\/resources\/views"
[2026-09-05 07:24:20] SPPBlade: Starting render for 'partials/command_palette.blade.php'
[2026-09-05 07:24:20] SPPBlade: Rendering relative view 'partials/command_palette.blade.php' with paths: "C:\/projects\/apache\/school1\/src\/SPPDocs\/resources\/views"
[2026-09-05 07:24:20] SPPBlade: Starting render for 'partials/keyboard_shortcuts.blade.php'
[2026-09-05 07:24:20] SPPBlade: Rendering relative view 'partials/keyboard_shortcuts.blade.php' with paths: "C:\/projects\/apache\/school1\/src\/SPPDocs\/resources\/views"
[2026-09-05 07:24:20] SPPBlade: Starting render for 'issues/milestones'
[2026-09-05 07:24:20] SPPBlade: Rendering relative view 'issues/milestones' with paths: "C:\/projects\/apache\/school1\/src\/SPPDocs\/resources\/views"
[2026-09-05 07:24:20] SPPBlade: Starting render for 'partials/sidebar.blade.php'
[2026-09-05 07:24:20] SPPBlade: Rendering relative view 'partials/sidebar.blade.php' with paths: "C:\/projects\/apache\/school1\/src\/SPPDocs\/resources\/views"
[2026-09-05 07:24:20] SPPBlade: Starting render for 'partials/header.blade.php'
[2026-09-05 07:24:20] SPPBlade: Rendering relative view 'partials/header.blade.php' with paths: "C:\/projects\/apache\/school1\/src\/SPPDocs\/resources\/views"
[2026-09-05 07:24:20] SPPBlade: Starting render for 'partials/command_palette.blade.php'
[2026-09-05 07:24:20] SPPBlade: Rendering relative view 'partials/command_palette.blade.php' with paths: "C:\/projects\/apache\/school1\/src\/SPPDocs\/resources\/views"
[2026-09-05 07:24:20] SPPBlade: Starting render for 'partials/keyboard_shortcuts.blade.php'
[2026-09-05 07:24:20] SPPBlade: Rendering relative view 'partials/keyboard_shortcuts.blade.php' with paths: "C:\/projects\/apache\/school1\/src\/SPPDocs\/resources\/views"
[2026-09-05 07:24:20] SPPBlade: Starting render for 'issues/calendar'
[2026-09-05 07:24:20] SPPBlade: Rendering relative view 'issues/calendar' with paths: "C:\/projects\/apache\/school1\/src\/SPPDocs\/resources\/views"
[2026-09-05 07:24:20] SPPBlade: Starting render for 'partials/sidebar.blade.php'
[2026-09-05 07:24:20] SPPBlade: Rendering relative view 'partials/sidebar.blade.php' with paths: "C:\/projects\/apache\/school1\/src\/SPPDocs\/resources\/views"
[2026-09-05 07:24:20] SPPBlade: Starting render for 'partials/header.blade.php'
[2026-09-05 07:24:20] SPPBlade: Rendering relative view 'partials/header.blade.php' with paths: "C:\/projects\/apache\/school1\/src\/SPPDocs\/resources\/views"
[2026-09-05 07:24:20] SPPBlade: Starting render for 'partials/command_palette.blade.php'
[2026-09-05 07:24:20] SPPBlade: Rendering relative view 'partials/command_palette.blade.php' with paths: "C:\/projects\/apache\/school1\/src\/SPPDocs\/resources\/views"
[2026-09-05 07:24:20] SPPBlade: Starting render for 'partials/keyboard_shortcuts.blade.php'
[2026-09-05 07:24:20] SPPBlade: Rendering relative view 'partials/keyboard_shortcuts.blade.php' with paths: "C:\/projects\/apache\/school1\/src\/SPPDocs\/resources\/views"
[2026-09-05 07:24:20] SPPBlade: Starting render for 'issues/teams'
[2026-09-05 07:24:20] SPPBlade: Rendering relative view 'issues/teams' with paths: "C:\/projects\/apache\/school1\/src\/SPPDocs\/resources\/views"
[2026-09-05 07:24:20] SPPBlade: Starting render for 'partials/sidebar.blade.php'
[2026-09-05 07:24:20] SPPBlade: Rendering relative view 'partials/sidebar.blade.php' with paths: "C:\/projects\/apache\/school1\/src\/SPPDocs\/resources\/views"
[2026-09-05 07:24:20] SPPBlade: Starting render for 'partials/header.blade.php'
[2026-09-05 07:24:20] SPPBlade: Rendering relative view 'partials/header.blade.php' with paths: "C:\/projects\/apache\/school1\/src\/SPPDocs\/resources\/views"
[2026-09-05 07:24:20] SPPBlade: Starting render for 'partials/command_palette.blade.php'
[2026-09-05 07:24:20] SPPBlade: Rendering relative view 'partials/command_palette.blade.php' with paths: "C:\/projects\/apache\/school1\/src\/SPPDocs\/resources\/views"
[2026-09-05 07:24:20] SPPBlade: Starting render for 'partials/keyboard_shortcuts.blade.php'
[2026-09-05 07:24:20] SPPBlade: Rendering relative view 'partials/keyboard_shortcuts.blade.php' with paths: "C:\/projects\/apache\/school1\/src\/SPPDocs\/resources\/views"
[2026-09-05 07:24:20] SPPBlade: Starting render for 'layouts/admin'
[2026-09-05 07:24:20] SPPBlade: Rendering relative view 'layouts/admin' with paths: "C:\/projects\/apache\/school1\/src\/SPPDocs\/resources\/views"
[2026-09-05 07:24:21] SPPBlade: Starting render for 'partials/command_palette.blade.php'
[2026-09-05 07:24:21] SPPBlade: Rendering relative view 'partials/command_palette.blade.php' with paths: "C:\/projects\/apache\/school1\/src\/SPPDocs\/resources\/views"
[2026-09-05 07:24:21] SPPBlade: Starting render for 'partials/keyboard_shortcuts.blade.php'
[2026-09-05 07:24:21] SPPBlade: Rendering relative view 'partials/keyboard_shortcuts.blade.php' with paths: "C:\/projects\/apache\/school1\/src\/SPPDocs\/resources\/views"
[2026-09-05 05:25:56] SPPBlade: Starting render for 'issues/index'
[2026-09-05 05:25:56] SPPBlade: Rendering relative view 'issues/index' with paths: "\/mnt\/c\/projects\/apache\/school1\/src\/SPPDocs\/resources\/views"
[2026-09-05 05:25:56] SPPBlade: Starting render for 'partials/sidebar.blade.php'
[2026-09-05 05:25:56] SPPBlade: Rendering relative view 'partials/sidebar.blade.php' with paths: "\/mnt\/c\/projects\/apache\/school1\/src\/SPPDocs\/resources\/views"
[2026-09-05 05:25:56] SPPBlade: Starting render for 'partials/header.blade.php'
[2026-09-05 05:25:56] SPPBlade: Rendering relative view 'partials/header.blade.php' with paths: "\/mnt\/c\/projects\/apache\/school1\/src\/SPPDocs\/resources\/views"
[2026-09-05 05:25:57] SPPBlade: Starting render for 'partials/command_palette.blade.php'
[2026-09-05 05:25:57] SPPBlade: Rendering relative view 'partials/command_palette.blade.php' with paths: "\/mnt\/c\/projects\/apache\/school1\/src\/SPPDocs\/resources\/views"
[2026-09-05 05:25:57] SPPBlade: Starting render for 'partials/keyboard_shortcuts.blade.php'
[2026-09-05 05:25:57] SPPBlade: Rendering relative view 'partials/keyboard_shortcuts.blade.php' with paths: "\/mnt\/c\/projects\/apache\/school1\/src\/SPPDocs\/resources\/views"
[2026-09-05 05:26:08] SPPBlade: Starting render for 'issues/index'
[2026-09-05 05:26:08] SPPBlade: Rendering relative view 'issues/index' with paths: "\/mnt\/c\/projects\/apache\/school1\/src\/SPPDocs\/resources\/views"
[2026-09-05 05:26:08] SPPBlade: Starting render for 'partials/sidebar.blade.php'
[2026-09-05 05:26:08] SPPBlade: Rendering relative view 'partials/sidebar.blade.php' with paths: "\/mnt\/c\/projects\/apache\/school1\/src\/SPPDocs\/resources\/views"
[2026-09-05 05:26:08] SPPBlade: Starting render for 'partials/header.blade.php'
[2026-09-05 05:26:08] SPPBlade: Rendering relative view 'partials/header.blade.php' with paths: "\/mnt\/c\/projects\/apache\/school1\/src\/SPPDocs\/resources\/views"
[2026-09-05 05:26:08] SPPBlade: Starting render for 'partials/command_palette.blade.php'
[2026-09-05 05:26:08] SPPBlade: Rendering relative view 'partials/command_palette.blade.php' with paths: "\/mnt\/c\/projects\/apache\/school1\/src\/SPPDocs\/resources\/views"
[2026-09-05 05:26:08] SPPBlade: Starting render for 'partials/keyboard_shortcuts.blade.php'
[2026-09-05 05:26:08] SPPBlade: Rendering relative view 'partials/keyboard_shortcuts.blade.php' with paths: "\/mnt\/c\/projects\/apache\/school1\/src\/SPPDocs\/resources\/views"
[2026-09-05 05:26:15] SPPBlade: Starting render for 'issues/board'
[2026-09-05 05:26:15] SPPBlade: Rendering relative view 'issues/board' with paths: "\/mnt\/c\/projects\/apache\/school1\/src\/SPPDocs\/resources\/views"
[2026-09-05 05:26:16] SPPBlade: Starting render for 'partials/sidebar.blade.php'
[2026-09-05 05:26:16] SPPBlade: Rendering relative view 'partials/sidebar.blade.php' with paths: "\/mnt\/c\/projects\/apache\/school1\/src\/SPPDocs\/resources\/views"
[2026-09-05 05:26:16] SPPBlade: Starting render for 'partials/header.blade.php'
[2026-09-05 05:26:16] SPPBlade: Rendering relative view 'partials/header.blade.php' with paths: "\/mnt\/c\/projects\/apache\/school1\/src\/SPPDocs\/resources\/views"
[2026-09-05 05:26:16] SPPBlade: Starting render for 'partials/command_palette.blade.php'
[2026-09-05 05:26:16] SPPBlade: Rendering relative view 'partials/command_palette.blade.php' with paths: "\/mnt\/c\/projects\/apache\/school1\/src\/SPPDocs\/resources\/views"
[2026-09-05 05:26:16] SPPBlade: Starting render for 'partials/keyboard_shortcuts.blade.php'
[2026-09-05 05:26:16] SPPBlade: Rendering relative view 'partials/keyboard_shortcuts.blade.php' with paths: "\/mnt\/c\/projects\/apache\/school1\/src\/SPPDocs\/resources\/views"
[2026-09-05 05:26:25] SPPBlade: Starting render for 'issues/milestones'
[2026-09-05 05:26:25] SPPBlade: Rendering relative view 'issues/milestones' with paths: "\/mnt\/c\/projects\/apache\/school1\/src\/SPPDocs\/resources\/views"
[2026-09-05 05:26:25] SPPBlade: Starting render for 'partials/sidebar.blade.php'
[2026-09-05 05:26:25] SPPBlade: Rendering relative view 'partials/sidebar.blade.php' with paths: "\/mnt\/c\/projects\/apache\/school1\/src\/SPPDocs\/resources\/views"
[2026-09-05 05:26:25] SPPBlade: Starting render for 'partials/header.blade.php'
[2026-09-05 05:26:25] SPPBlade: Rendering relative view 'partials/header.blade.php' with paths: "\/mnt\/c\/projects\/apache\/school1\/src\/SPPDocs\/resources\/views"
[2026-09-05 05:26:25] SPPBlade: Starting render for 'partials/command_palette.blade.php'
[2026-09-05 05:26:25] SPPBlade: Rendering relative view 'partials/command_palette.blade.php' with paths: "\/mnt\/c\/projects\/apache\/school1\/src\/SPPDocs\/resources\/views"
[2026-09-05 05:26:25] SPPBlade: Starting render for 'partials/keyboard_shortcuts.blade.php'
[2026-09-05 05:26:25] SPPBlade: Rendering relative view 'partials/keyboard_shortcuts.blade.php' with paths: "\/mnt\/c\/projects\/apache\/school1\/src\/SPPDocs\/resources\/views"
[2026-09-05 05:26:33] SPPBlade: Starting render for 'issues/calendar'
[2026-09-05 05:26:33] SPPBlade: Rendering relative view 'issues/calendar' with paths: "\/mnt\/c\/projects\/apache\/school1\/src\/SPPDocs\/resources\/views"
[2026-09-05 05:26:33] SPPBlade: Starting render for 'partials/sidebar.blade.php'
[2026-09-05 05:26:33] SPPBlade: Rendering relative view 'partials/sidebar.blade.php' with paths: "\/mnt\/c\/projects\/apache\/school1\/src\/SPPDocs\/resources\/views"
[2026-09-05 05:26:33] SPPBlade: Starting render for 'partials/header.blade.php'
[2026-09-05 05:26:33] SPPBlade: Rendering relative view 'partials/header.blade.php' with paths: "\/mnt\/c\/projects\/apache\/school1\/src\/SPPDocs\/resources\/views"
[2026-09-05 05:26:33] SPPBlade: Starting render for 'partials/command_palette.blade.php'
[2026-09-05 05:26:33] SPPBlade: Rendering relative view 'partials/command_palette.blade.php' with paths: "\/mnt\/c\/projects\/apache\/school1\/src\/SPPDocs\/resources\/views"
[2026-09-05 05:26:33] SPPBlade: Starting render for 'partials/keyboard_shortcuts.blade.php'
[2026-09-05 05:26:33] SPPBlade: Rendering relative view 'partials/keyboard_shortcuts.blade.php' with paths: "\/mnt\/c\/projects\/apache\/school1\/src\/SPPDocs\/resources\/views"
[2026-09-05 05:26:40] SPPBlade: Starting render for 'issues/teams'
[2026-09-05 05:26:40] SPPBlade: Rendering relative view 'issues/teams' with paths: "\/mnt\/c\/projects\/apache\/school1\/src\/SPPDocs\/resources\/views"
[2026-09-05 05:26:41] SPPBlade: Starting render for 'partials/sidebar.blade.php'
[2026-09-05 05:26:41] SPPBlade: Rendering relative view 'partials/sidebar.blade.php' with paths: "\/mnt\/c\/projects\/apache\/school1\/src\/SPPDocs\/resources\/views"
[2026-09-05 05:26:41] SPPBlade: Starting render for 'partials/header.blade.php'
[2026-09-05 05:26:41] SPPBlade: Rendering relative view 'partials/header.blade.php' with paths: "\/mnt\/c\/projects\/apache\/school1\/src\/SPPDocs\/resources\/views"
[2026-09-05 05:26:41] SPPBlade: Starting render for 'partials/command_palette.blade.php'
[2026-09-05 05:26:41] SPPBlade: Rendering relative view 'partials/command_palette.blade.php' with paths: "\/mnt\/c\/projects\/apache\/school1\/src\/SPPDocs\/resources\/views"
[2026-09-05 05:26:41] SPPBlade: Starting render for 'partials/keyboard_shortcuts.blade.php'
[2026-09-05 05:26:41] SPPBlade: Rendering relative view 'partials/keyboard_shortcuts.blade.php' with paths: "\/mnt\/c\/projects\/apache\/school1\/src\/SPPDocs\/resources\/views"
[2026-09-05 05:27:01] SPPBlade: Starting render for 'issues/index'
[2026-09-05 05:27:01] SPPBlade: Rendering relative view 'issues/index' with paths: "\/mnt\/c\/projects\/apache\/school1\/src\/SPPDocs\/resources\/views"
[2026-09-05 05:27:01] SPPBlade: Starting render for 'partials/sidebar.blade.php'
[2026-09-05 05:27:01] SPPBlade: Rendering relative view 'partials/sidebar.blade.php' with paths: "\/mnt\/c\/projects\/apache\/school1\/src\/SPPDocs\/resources\/views"
[2026-09-05 05:27:01] SPPBlade: Starting render for 'partials/header.blade.php'
[2026-09-05 05:27:01] SPPBlade: Rendering relative view 'partials/header.blade.php' with paths: "\/mnt\/c\/projects\/apache\/school1\/src\/SPPDocs\/resources\/views"
[2026-09-05 05:27:01] SPPBlade: Starting render for 'partials/command_palette.blade.php'
[2026-09-05 05:27:01] SPPBlade: Rendering relative view 'partials/command_palette.blade.php' with paths: "\/mnt\/c\/projects\/apache\/school1\/src\/SPPDocs\/resources\/views"
[2026-09-05 05:27:01] SPPBlade: Starting render for 'partials/keyboard_shortcuts.blade.php'
[2026-09-05 05:27:01] SPPBlade: Rendering relative view 'partials/keyboard_shortcuts.blade.php' with paths: "\/mnt\/c\/projects\/apache\/school1\/src\/SPPDocs\/resources\/views"
[2026-09-05 05:30:59] SPPBlade: Starting render for 'login'
[2026-09-05 05:30:59] SPPBlade: Rendering relative view 'login' with paths: "\/mnt\/c\/projects\/apache\/school1\/src\/SPPDocs\/resources\/views"
[2026-09-05 05:31:01] DEBUG: Longest match routing: Picked 'css' for request 'css/login.css'
[2026-09-05 05:31:01] DEBUG: Longest match routing: Picked 'assets' for request 'assets/logo.jpg'
[2026-09-05 05:31:15] SPPBlade: Starting render for 'portal'
[2026-09-05 05:31:15] SPPBlade: Rendering relative view 'portal' with paths: "\/mnt\/c\/projects\/apache\/school1\/src\/SPPDocs\/resources\/views"
[2026-09-05 05:31:26] SPPBlade: Starting render for 'project.home'
[2026-09-05 05:31:26] SPPBlade: Rendering relative view 'project.home' with paths: "\/mnt\/c\/projects\/apache\/school1\/src\/SPPDocs\/resources\/views"
[2026-09-05 05:31:26] SPPBlade: Starting render for 'partials/sidebar.blade.php'
[2026-09-05 05:31:26] SPPBlade: Rendering relative view 'partials/sidebar.blade.php' with paths: "\/mnt\/c\/projects\/apache\/school1\/src\/SPPDocs\/resources\/views"
[2026-09-05 05:31:26] SPPBlade: Starting render for 'partials/header.blade.php'
[2026-09-05 05:31:26] SPPBlade: Rendering relative view 'partials/header.blade.php' with paths: "\/mnt\/c\/projects\/apache\/school1\/src\/SPPDocs\/resources\/views"
[2026-09-05 05:31:26] SPPBlade: Starting render for 'partials/command_palette.blade.php'
[2026-09-05 05:31:26] SPPBlade: Rendering relative view 'partials/command_palette.blade.php' with paths: "\/mnt\/c\/projects\/apache\/school1\/src\/SPPDocs\/resources\/views"
[2026-09-05 05:31:26] SPPBlade: Starting render for 'partials/keyboard_shortcuts.blade.php'
[2026-09-05 05:31:26] SPPBlade: Rendering relative view 'partials/keyboard_shortcuts.blade.php' with paths: "\/mnt\/c\/projects\/apache\/school1\/src\/SPPDocs\/resources\/views"
[2026-09-05 05:31:27] DEBUG: Longest match routing: Picked 'css' for request 'css/sppdocs.css'
[2026-09-05 05:31:40] SPPBlade: Starting render for 'admin.dashboard'
[2026-09-05 05:31:40] SPPBlade: Rendering relative view 'admin.dashboard' with paths: "\/mnt\/c\/projects\/apache\/school1\/src\/SPPDocs\/resources\/views"
[2026-09-05 05:31:40] SPPBlade: Starting render for 'partials/command_palette.blade.php'
[2026-09-05 05:31:40] SPPBlade: Rendering relative view 'partials/command_palette.blade.php' with paths: "\/mnt\/c\/projects\/apache\/school1\/src\/SPPDocs\/resources\/views"
[2026-09-05 05:31:40] SPPBlade: Starting render for 'partials/keyboard_shortcuts.blade.php'
[2026-09-05 05:31:40] SPPBlade: Rendering relative view 'partials/keyboard_shortcuts.blade.php' with paths: "\/mnt\/c\/projects\/apache\/school1\/src\/SPPDocs\/resources\/views"
[2026-09-05 05:31:42] DEBUG: Longest match routing: Picked 'css' for request 'css/sppdocs.css'
[2026-09-05 05:31:42] DEBUG: Longest match routing: Picked 'css' for request 'css/admin.css'
[2026-09-05 05:32:13] SPPBlade: Starting render for 'issues/index'
[2026-09-05 05:32:13] SPPBlade: Rendering relative view 'issues/index' with paths: "\/mnt\/c\/projects\/apache\/school1\/src\/SPPDocs\/resources\/views"
[2026-09-05 05:32:13] SPPBlade: Starting render for 'partials/sidebar.blade.php'
[2026-09-05 05:32:13] SPPBlade: Rendering relative view 'partials/sidebar.blade.php' with paths: "\/mnt\/c\/projects\/apache\/school1\/src\/SPPDocs\/resources\/views"
[2026-09-05 05:32:13] SPPBlade: Starting render for 'partials/header.blade.php'
[2026-09-05 05:32:13] SPPBlade: Rendering relative view 'partials/header.blade.php' with paths: "\/mnt\/c\/projects\/apache\/school1\/src\/SPPDocs\/resources\/views"
[2026-09-05 05:32:13] SPPBlade: Starting render for 'partials/command_palette.blade.php'
[2026-09-05 05:32:13] SPPBlade: Rendering relative view 'partials/command_palette.blade.php' with paths: "\/mnt\/c\/projects\/apache\/school1\/src\/SPPDocs\/resources\/views"
[2026-09-05 05:32:13] SPPBlade: Starting render for 'partials/keyboard_shortcuts.blade.php'
[2026-09-05 05:32:13] SPPBlade: Rendering relative view 'partials/keyboard_shortcuts.blade.php' with paths: "\/mnt\/c\/projects\/apache\/school1\/src\/SPPDocs\/resources\/views"
[2026-09-05 05:32:25] SPPBlade: Starting render for 'issues/index'
[2026-09-05 05:32:25] SPPBlade: Rendering relative view 'issues/index' with paths: "\/mnt\/c\/projects\/apache\/school1\/src\/SPPDocs\/resources\/views"
[2026-09-05 05:32:25] SPPBlade: Starting render for 'partials/sidebar.blade.php'
[2026-09-05 05:32:25] SPPBlade: Rendering relative view 'partials/sidebar.blade.php' with paths: "\/mnt\/c\/projects\/apache\/school1\/src\/SPPDocs\/resources\/views"
[2026-09-05 05:32:25] SPPBlade: Starting render for 'partials/header.blade.php'
[2026-09-05 05:32:25] SPPBlade: Rendering relative view 'partials/header.blade.php' with paths: "\/mnt\/c\/projects\/apache\/school1\/src\/SPPDocs\/resources\/views"
[2026-09-05 05:32:25] SPPBlade: Starting render for 'partials/command_palette.blade.php'
[2026-09-05 05:32:25] SPPBlade: Rendering relative view 'partials/command_palette.blade.php' with paths: "\/mnt\/c\/projects\/apache\/school1\/src\/SPPDocs\/resources\/views"
[2026-09-05 05:32:25] SPPBlade: Starting render for 'partials/keyboard_shortcuts.blade.php'
[2026-09-05 05:32:25] SPPBlade: Rendering relative view 'partials/keyboard_shortcuts.blade.php' with paths: "\/mnt\/c\/projects\/apache\/school1\/src\/SPPDocs\/resources\/views"
[2026-09-05 05:32:29] SPPBlade: Starting render for 'issues/index'
[2026-09-05 05:32:29] SPPBlade: Rendering relative view 'issues/index' with paths: "\/mnt\/c\/projects\/apache\/school1\/src\/SPPDocs\/resources\/views"
[2026-09-05 05:32:29] SPPBlade: Starting render for 'partials/sidebar.blade.php'
[2026-09-05 05:32:29] SPPBlade: Rendering relative view 'partials/sidebar.blade.php' with paths: "\/mnt\/c\/projects\/apache\/school1\/src\/SPPDocs\/resources\/views"
[2026-09-05 05:32:29] SPPBlade: Starting render for 'partials/header.blade.php'
[2026-09-05 05:32:29] SPPBlade: Rendering relative view 'partials/header.blade.php' with paths: "\/mnt\/c\/projects\/apache\/school1\/src\/SPPDocs\/resources\/views"
[2026-09-05 05:32:29] SPPBlade: Starting render for 'partials/command_palette.blade.php'
[2026-09-05 05:32:29] SPPBlade: Rendering relative view 'partials/command_palette.blade.php' with paths: "\/mnt\/c\/projects\/apache\/school1\/src\/SPPDocs\/resources\/views"
[2026-09-05 05:32:29] SPPBlade: Starting render for 'partials/keyboard_shortcuts.blade.php'
[2026-09-05 05:32:29] SPPBlade: Rendering relative view 'partials/keyboard_shortcuts.blade.php' with paths: "\/mnt\/c\/projects\/apache\/school1\/src\/SPPDocs\/resources\/views"
[2026-09-05 05:34:39] SPPBlade: Starting render for 'issues/index'
[2026-09-05 05:34:39] SPPBlade: Rendering relative view 'issues/index' with paths: "\/mnt\/c\/projects\/apache\/school1\/src\/SPPDocs\/resources\/views"
[2026-09-05 05:34:39] SPPBlade: Starting render for 'partials/sidebar.blade.php'
[2026-09-05 05:34:39] SPPBlade: Rendering relative view 'partials/sidebar.blade.php' with paths: "\/mnt\/c\/projects\/apache\/school1\/src\/SPPDocs\/resources\/views"
[2026-09-05 05:34:39] SPPBlade: Starting render for 'partials/header.blade.php'
[2026-09-05 05:34:39] SPPBlade: Rendering relative view 'partials/header.blade.php' with paths: "\/mnt\/c\/projects\/apache\/school1\/src\/SPPDocs\/resources\/views"
[2026-09-05 05:34:39] SPPBlade: Starting render for 'partials/command_palette.blade.php'
[2026-09-05 05:34:39] SPPBlade: Rendering relative view 'partials/command_palette.blade.php' with paths: "\/mnt\/c\/projects\/apache\/school1\/src\/SPPDocs\/resources\/views"
[2026-09-05 05:34:39] SPPBlade: Starting render for 'partials/keyboard_shortcuts.blade.php'
[2026-09-05 05:34:39] SPPBlade: Rendering relative view 'partials/keyboard_shortcuts.blade.php' with paths: "\/mnt\/c\/projects\/apache\/school1\/src\/SPPDocs\/resources\/views"
[2026-09-05 05:34:44] SPPBlade: Starting render for 'issues/index'
[2026-09-05 05:34:44] SPPBlade: Rendering relative view 'issues/index' with paths: "\/mnt\/c\/projects\/apache\/school1\/src\/SPPDocs\/resources\/views"
[2026-09-05 05:34:44] SPPBlade: Starting render for 'partials/sidebar.blade.php'
[2026-09-05 05:34:44] SPPBlade: Rendering relative view 'partials/sidebar.blade.php' with paths: "\/mnt\/c\/projects\/apache\/school1\/src\/SPPDocs\/resources\/views"
[2026-09-05 05:34:44] SPPBlade: Starting render for 'partials/header.blade.php'
[2026-09-05 05:34:44] SPPBlade: Rendering relative view 'partials/header.blade.php' with paths: "\/mnt\/c\/projects\/apache\/school1\/src\/SPPDocs\/resources\/views"
[2026-09-05 05:34:44] SPPBlade: Starting render for 'partials/command_palette.blade.php'
[2026-09-05 05:34:44] SPPBlade: Rendering relative view 'partials/command_palette.blade.php' with paths: "\/mnt\/c\/projects\/apache\/school1\/src\/SPPDocs\/resources\/views"
[2026-09-05 05:34:44] SPPBlade: Starting render for 'partials/keyboard_shortcuts.blade.php'
[2026-09-05 05:34:44] SPPBlade: Rendering relative view 'partials/keyboard_shortcuts.blade.php' with paths: "\/mnt\/c\/projects\/apache\/school1\/src\/SPPDocs\/resources\/views"
[2026-09-05 05:35:44] SPPBlade: Starting render for 'issues/index'
[2026-09-05 05:35:44] SPPBlade: Rendering relative view 'issues/index' with paths: "\/mnt\/c\/projects\/apache\/school1\/src\/SPPDocs\/resources\/views"
[2026-09-05 05:35:44] SPPBlade: Starting render for 'partials/sidebar.blade.php'
[2026-09-05 05:35:44] SPPBlade: Rendering relative view 'partials/sidebar.blade.php' with paths: "\/mnt\/c\/projects\/apache\/school1\/src\/SPPDocs\/resources\/views"
[2026-09-05 05:35:44] SPPBlade: Starting render for 'issues/partials/issue_row.blade.php'
[2026-09-05 05:35:44] SPPBlade: Rendering relative view 'issues/partials/issue_row.blade.php' with paths: "\/mnt\/c\/projects\/apache\/school1\/src\/SPPDocs\/resources\/views"
[2026-09-05 05:35:45] SPPBlade: Starting render for 'issues/partials/issue_row.blade.php'
[2026-09-05 05:35:45] SPPBlade: Rendering relative view 'issues/partials/issue_row.blade.php' with paths: "\/mnt\/c\/projects\/apache\/school1\/src\/SPPDocs\/resources\/views"
[2026-09-05 05:35:45] SPPBlade: Starting render for 'partials/header.blade.php'
[2026-09-05 05:35:45] SPPBlade: Rendering relative view 'partials/header.blade.php' with paths: "\/mnt\/c\/projects\/apache\/school1\/src\/SPPDocs\/resources\/views"
[2026-09-05 05:35:45] SPPBlade: Starting render for 'partials/command_palette.blade.php'
[2026-09-05 05:35:45] SPPBlade: Rendering relative view 'partials/command_palette.blade.php' with paths: "\/mnt\/c\/projects\/apache\/school1\/src\/SPPDocs\/resources\/views"
[2026-09-05 05:35:45] SPPBlade: Starting render for 'partials/keyboard_shortcuts.blade.php'
[2026-09-05 05:35:45] SPPBlade: Rendering relative view 'partials/keyboard_shortcuts.blade.php' with paths: "\/mnt\/c\/projects\/apache\/school1\/src\/SPPDocs\/resources\/views"
[2026-09-05 05:35:53] SPPBlade: Starting render for 'issues/index'
[2026-09-05 05:35:53] SPPBlade: Rendering relative view 'issues/index' with paths: "\/mnt\/c\/projects\/apache\/school1\/src\/SPPDocs\/resources\/views"
[2026-09-05 05:35:53] SPPBlade: Starting render for 'partials/sidebar.blade.php'
[2026-09-05 05:35:53] SPPBlade: Rendering relative view 'partials/sidebar.blade.php' with paths: "\/mnt\/c\/projects\/apache\/school1\/src\/SPPDocs\/resources\/views"
[2026-09-05 05:35:53] SPPBlade: Starting render for 'issues/partials/issue_row.blade.php'
[2026-09-05 05:35:53] SPPBlade: Rendering relative view 'issues/partials/issue_row.blade.php' with paths: "\/mnt\/c\/projects\/apache\/school1\/src\/SPPDocs\/resources\/views"
[2026-09-05 05:35:53] SPPBlade: Starting render for 'issues/partials/issue_row.blade.php'
[2026-09-05 05:35:53] SPPBlade: Rendering relative view 'issues/partials/issue_row.blade.php' with paths: "\/mnt\/c\/projects\/apache\/school1\/src\/SPPDocs\/resources\/views"
[2026-09-05 05:35:53] SPPBlade: Starting render for 'partials/header.blade.php'
[2026-09-05 05:35:53] SPPBlade: Rendering relative view 'partials/header.blade.php' with paths: "\/mnt\/c\/projects\/apache\/school1\/src\/SPPDocs\/resources\/views"
[2026-09-05 05:35:53] SPPBlade: Starting render for 'partials/command_palette.blade.php'
[2026-09-05 05:35:53] SPPBlade: Rendering relative view 'partials/command_palette.blade.php' with paths: "\/mnt\/c\/projects\/apache\/school1\/src\/SPPDocs\/resources\/views"
[2026-09-05 05:35:53] SPPBlade: Starting render for 'partials/keyboard_shortcuts.blade.php'
[2026-09-05 05:35:53] SPPBlade: Rendering relative view 'partials/keyboard_shortcuts.blade.php' with paths: "\/mnt\/c\/projects\/apache\/school1\/src\/SPPDocs\/resources\/views"
[2026-09-05 05:36:07] SPPBlade: Starting render for 'issues/index'
[2026-09-05 05:36:07] SPPBlade: Rendering relative view 'issues/index' with paths: "\/mnt\/c\/projects\/apache\/school1\/src\/SPPDocs\/resources\/views"
[2026-09-05 05:36:07] SPPBlade: Starting render for 'partials/sidebar.blade.php'
[2026-09-05 05:36:07] SPPBlade: Rendering relative view 'partials/sidebar.blade.php' with paths: "\/mnt\/c\/projects\/apache\/school1\/src\/SPPDocs\/resources\/views"
[2026-09-05 05:36:07] SPPBlade: Starting render for 'issues/partials/issue_row.blade.php'
[2026-09-05 05:36:07] SPPBlade: Rendering relative view 'issues/partials/issue_row.blade.php' with paths: "\/mnt\/c\/projects\/apache\/school1\/src\/SPPDocs\/resources\/views"
[2026-09-05 05:36:07] SPPBlade: Starting render for 'partials/header.blade.php'
[2026-09-05 05:36:07] SPPBlade: Rendering relative view 'partials/header.blade.php' with paths: "\/mnt\/c\/projects\/apache\/school1\/src\/SPPDocs\/resources\/views"
[2026-09-05 05:36:07] SPPBlade: Starting render for 'partials/command_palette.blade.php'
[2026-09-05 05:36:07] SPPBlade: Rendering relative view 'partials/command_palette.blade.php' with paths: "\/mnt\/c\/projects\/apache\/school1\/src\/SPPDocs\/resources\/views"
[2026-09-05 05:36:07] SPPBlade: Starting render for 'partials/keyboard_shortcuts.blade.php'
[2026-09-05 05:36:07] SPPBlade: Rendering relative view 'partials/keyboard_shortcuts.blade.php' with paths: "\/mnt\/c\/projects\/apache\/school1\/src\/SPPDocs\/resources\/views"
[2026-09-05 05:36:18] SPPBlade: Starting render for 'issues/index'
[2026-09-05 05:36:18] SPPBlade: Rendering relative view 'issues/index' with paths: "\/mnt\/c\/projects\/apache\/school1\/src\/SPPDocs\/resources\/views"
[2026-09-05 05:36:18] SPPBlade: Starting render for 'partials/sidebar.blade.php'
[2026-09-05 05:36:18] SPPBlade: Rendering relative view 'partials/sidebar.blade.php' with paths: "\/mnt\/c\/projects\/apache\/school1\/src\/SPPDocs\/resources\/views"
[2026-09-05 05:36:18] SPPBlade: Starting render for 'issues/partials/issue_row.blade.php'
[2026-09-05 05:36:18] SPPBlade: Rendering relative view 'issues/partials/issue_row.blade.php' with paths: "\/mnt\/c\/projects\/apache\/school1\/src\/SPPDocs\/resources\/views"
[2026-09-05 05:36:18] SPPBlade: Starting render for 'issues/partials/issue_row.blade.php'
[2026-09-05 05:36:18] SPPBlade: Rendering relative view 'issues/partials/issue_row.blade.php' with paths: "\/mnt\/c\/projects\/apache\/school1\/src\/SPPDocs\/resources\/views"
[2026-09-05 05:36:18] SPPBlade: Starting render for 'issues/partials/issue_row.blade.php'
[2026-09-05 05:36:18] SPPBlade: Rendering relative view 'issues/partials/issue_row.blade.php' with paths: "\/mnt\/c\/projects\/apache\/school1\/src\/SPPDocs\/resources\/views"
[2026-09-05 05:36:18] SPPBlade: Starting render for 'partials/header.blade.php'
[2026-09-05 05:36:18] SPPBlade: Rendering relative view 'partials/header.blade.php' with paths: "\/mnt\/c\/projects\/apache\/school1\/src\/SPPDocs\/resources\/views"
[2026-09-05 05:36:18] SPPBlade: Starting render for 'partials/command_palette.blade.php'
[2026-09-05 05:36:18] SPPBlade: Rendering relative view 'partials/command_palette.blade.php' with paths: "\/mnt\/c\/projects\/apache\/school1\/src\/SPPDocs\/resources\/views"
[2026-09-05 05:36:18] SPPBlade: Starting render for 'partials/keyboard_shortcuts.blade.php'
[2026-09-05 05:36:18] SPPBlade: Rendering relative view 'partials/keyboard_shortcuts.blade.php' with paths: "\/mnt\/c\/projects\/apache\/school1\/src\/SPPDocs\/resources\/views"
[2026-09-05 05:36:30] SPPBlade: Starting render for 'issues/index'
[2026-09-05 05:36:30] SPPBlade: Rendering relative view 'issues/index' with paths: "\/mnt\/c\/projects\/apache\/school1\/src\/SPPDocs\/resources\/views"
[2026-09-05 05:36:30] SPPBlade: Starting render for 'partials/sidebar.blade.php'
[2026-09-05 05:36:30] SPPBlade: Rendering relative view 'partials/sidebar.blade.php' with paths: "\/mnt\/c\/projects\/apache\/school1\/src\/SPPDocs\/resources\/views"
[2026-09-05 05:36:30] SPPBlade: Starting render for 'issues/partials/issue_row.blade.php'
[2026-09-05 05:36:30] SPPBlade: Rendering relative view 'issues/partials/issue_row.blade.php' with paths: "\/mnt\/c\/projects\/apache\/school1\/src\/SPPDocs\/resources\/views"
[2026-09-05 05:36:30] SPPBlade: Starting render for 'issues/partials/issue_row.blade.php'
[2026-09-05 05:36:30] SPPBlade: Rendering relative view 'issues/partials/issue_row.blade.php' with paths: "\/mnt\/c\/projects\/apache\/school1\/src\/SPPDocs\/resources\/views"
[2026-09-05 05:36:30] SPPBlade: Starting render for 'partials/header.blade.php'
[2026-09-05 05:36:30] SPPBlade: Rendering relative view 'partials/header.blade.php' with paths: "\/mnt\/c\/projects\/apache\/school1\/src\/SPPDocs\/resources\/views"
[2026-09-05 05:36:30] SPPBlade: Starting render for 'partials/command_palette.blade.php'
[2026-09-05 05:36:30] SPPBlade: Rendering relative view 'partials/command_palette.blade.php' with paths: "\/mnt\/c\/projects\/apache\/school1\/src\/SPPDocs\/resources\/views"
[2026-09-05 05:36:30] SPPBlade: Starting render for 'partials/keyboard_shortcuts.blade.php'
[2026-09-05 05:36:30] SPPBlade: Rendering relative view 'partials/keyboard_shortcuts.blade.php' with paths: "\/mnt\/c\/projects\/apache\/school1\/src\/SPPDocs\/resources\/views"
[2026-09-05 05:36:41] SPPBlade: Starting render for 'issues/index'
[2026-09-05 05:36:41] SPPBlade: Rendering relative view 'issues/index' with paths: "\/mnt\/c\/projects\/apache\/school1\/src\/SPPDocs\/resources\/views"
[2026-09-05 05:36:41] SPPBlade: Starting render for 'partials/sidebar.blade.php'
[2026-09-05 05:36:41] SPPBlade: Rendering relative view 'partials/sidebar.blade.php' with paths: "\/mnt\/c\/projects\/apache\/school1\/src\/SPPDocs\/resources\/views"
[2026-09-05 05:36:41] SPPBlade: Starting render for 'issues/partials/issue_row.blade.php'
[2026-09-05 05:36:41] SPPBlade: Rendering relative view 'issues/partials/issue_row.blade.php' with paths: "\/mnt\/c\/projects\/apache\/school1\/src\/SPPDocs\/resources\/views"
[2026-09-05 05:36:41] SPPBlade: Starting render for 'partials/header.blade.php'
[2026-09-05 05:36:41] SPPBlade: Rendering relative view 'partials/header.blade.php' with paths: "\/mnt\/c\/projects\/apache\/school1\/src\/SPPDocs\/resources\/views"
[2026-09-05 05:36:41] SPPBlade: Starting render for 'partials/command_palette.blade.php'
[2026-09-05 05:36:41] SPPBlade: Rendering relative view 'partials/command_palette.blade.php' with paths: "\/mnt\/c\/projects\/apache\/school1\/src\/SPPDocs\/resources\/views"
[2026-09-05 05:36:41] SPPBlade: Starting render for 'partials/keyboard_shortcuts.blade.php'
[2026-09-05 05:36:41] SPPBlade: Rendering relative view 'partials/keyboard_shortcuts.blade.php' with paths: "\/mnt\/c\/projects\/apache\/school1\/src\/SPPDocs\/resources\/views"
[2026-09-05 05:36:50] SPPBlade: Starting render for 'issues/index'
[2026-09-05 05:36:50] SPPBlade: Rendering relative view 'issues/index' with paths: "\/mnt\/c\/projects\/apache\/school1\/src\/SPPDocs\/resources\/views"
[2026-09-05 05:36:50] SPPBlade: Starting render for 'partials/sidebar.blade.php'
[2026-09-05 05:36:50] SPPBlade: Rendering relative view 'partials/sidebar.blade.php' with paths: "\/mnt\/c\/projects\/apache\/school1\/src\/SPPDocs\/resources\/views"
[2026-09-05 05:36:50] SPPBlade: Starting render for 'issues/partials/issue_row.blade.php'
[2026-09-05 05:36:50] SPPBlade: Rendering relative view 'issues/partials/issue_row.blade.php' with paths: "\/mnt\/c\/projects\/apache\/school1\/src\/SPPDocs\/resources\/views"
[2026-09-05 05:36:50] SPPBlade: Starting render for 'partials/header.blade.php'
[2026-09-05 05:36:50] SPPBlade: Rendering relative view 'partials/header.blade.php' with paths: "\/mnt\/c\/projects\/apache\/school1\/src\/SPPDocs\/resources\/views"
[2026-09-05 05:36:51] SPPBlade: Starting render for 'partials/command_palette.blade.php'
[2026-09-05 05:36:51] SPPBlade: Rendering relative view 'partials/command_palette.blade.php' with paths: "\/mnt\/c\/projects\/apache\/school1\/src\/SPPDocs\/resources\/views"
[2026-09-05 05:36:51] SPPBlade: Starting render for 'partials/keyboard_shortcuts.blade.php'
[2026-09-05 05:36:51] SPPBlade: Rendering relative view 'partials/keyboard_shortcuts.blade.php' with paths: "\/mnt\/c\/projects\/apache\/school1\/src\/SPPDocs\/resources\/views"
[2026-09-05 05:38:32] SPPBlade: Starting render for 'issues/index'
[2026-09-05 05:38:32] SPPBlade: Rendering relative view 'issues/index' with paths: "\/mnt\/c\/projects\/apache\/school1\/src\/SPPDocs\/resources\/views"
[2026-09-05 05:38:32] SPPBlade: Starting render for 'partials/sidebar.blade.php'
[2026-09-05 05:38:32] SPPBlade: Rendering relative view 'partials/sidebar.blade.php' with paths: "\/mnt\/c\/projects\/apache\/school1\/src\/SPPDocs\/resources\/views"
[2026-09-05 05:38:32] SPPBlade: Starting render for 'issues/partials/issue_row.blade.php'
[2026-09-05 05:38:32] SPPBlade: Rendering relative view 'issues/partials/issue_row.blade.php' with paths: "\/mnt\/c\/projects\/apache\/school1\/src\/SPPDocs\/resources\/views"
[2026-09-05 05:38:32] SPPBlade: Starting render for 'issues/partials/issue_row.blade.php'
[2026-09-05 05:38:32] SPPBlade: Rendering relative view 'issues/partials/issue_row.blade.php' with paths: "\/mnt\/c\/projects\/apache\/school1\/src\/SPPDocs\/resources\/views"
[2026-09-05 05:38:32] SPPBlade: Starting render for 'partials/header.blade.php'
[2026-09-05 05:38:32] SPPBlade: Rendering relative view 'partials/header.blade.php' with paths: "\/mnt\/c\/projects\/apache\/school1\/src\/SPPDocs\/resources\/views"
[2026-09-05 05:38:32] SPPBlade: Starting render for 'partials/command_palette.blade.php'
[2026-09-05 05:38:32] SPPBlade: Rendering relative view 'partials/command_palette.blade.php' with paths: "\/mnt\/c\/projects\/apache\/school1\/src\/SPPDocs\/resources\/views"
[2026-09-05 05:38:32] SPPBlade: Starting render for 'partials/keyboard_shortcuts.blade.php'
[2026-09-05 05:38:32] SPPBlade: Rendering relative view 'partials/keyboard_shortcuts.blade.php' with paths: "\/mnt\/c\/projects\/apache\/school1\/src\/SPPDocs\/resources\/views"
[2026-09-05 05:38:34] DEBUG: Longest match routing: Picked 'assets' for request 'assets/logo.jpg'
[2026-09-05 05:38:34] DEBUG: Longest match routing: Picked 'css' for request 'css/sppdocs.css'
[2026-09-05 05:38:46] SPPBlade: Starting render for 'issues/index'
[2026-09-05 05:38:46] SPPBlade: Rendering relative view 'issues/index' with paths: "\/mnt\/c\/projects\/apache\/school1\/src\/SPPDocs\/resources\/views"
[2026-09-05 05:38:46] SPPBlade: Starting render for 'partials/sidebar.blade.php'
[2026-09-05 05:38:46] SPPBlade: Rendering relative view 'partials/sidebar.blade.php' with paths: "\/mnt\/c\/projects\/apache\/school1\/src\/SPPDocs\/resources\/views"
[2026-09-05 05:38:46] SPPBlade: Starting render for 'issues/partials/issue_row.blade.php'
[2026-09-05 05:38:46] SPPBlade: Rendering relative view 'issues/partials/issue_row.blade.php' with paths: "\/mnt\/c\/projects\/apache\/school1\/src\/SPPDocs\/resources\/views"
[2026-09-05 05:38:46] SPPBlade: Starting render for 'partials/header.blade.php'
[2026-09-05 05:38:46] SPPBlade: Rendering relative view 'partials/header.blade.php' with paths: "\/mnt\/c\/projects\/apache\/school1\/src\/SPPDocs\/resources\/views"
[2026-09-05 05:38:46] SPPBlade: Starting render for 'partials/command_palette.blade.php'
[2026-09-05 05:38:46] SPPBlade: Rendering relative view 'partials/command_palette.blade.php' with paths: "\/mnt\/c\/projects\/apache\/school1\/src\/SPPDocs\/resources\/views"
[2026-09-05 05:38:46] SPPBlade: Starting render for 'partials/keyboard_shortcuts.blade.php'
[2026-09-05 05:38:46] SPPBlade: Rendering relative view 'partials/keyboard_shortcuts.blade.php' with paths: "\/mnt\/c\/projects\/apache\/school1\/src\/SPPDocs\/resources\/views"
[2026-09-05 05:38:53] SPPBlade: Starting render for 'issues/index'
[2026-09-05 05:38:53] SPPBlade: Rendering relative view 'issues/index' with paths: "\/mnt\/c\/projects\/apache\/school1\/src\/SPPDocs\/resources\/views"
[2026-09-05 05:38:53] SPPBlade: Starting render for 'partials/sidebar.blade.php'
[2026-09-05 05:38:53] SPPBlade: Rendering relative view 'partials/sidebar.blade.php' with paths: "\/mnt\/c\/projects\/apache\/school1\/src\/SPPDocs\/resources\/views"
[2026-09-05 05:38:53] SPPBlade: Starting render for 'issues/partials/issue_row.blade.php'
[2026-09-05 05:38:53] SPPBlade: Rendering relative view 'issues/partials/issue_row.blade.php' with paths: "\/mnt\/c\/projects\/apache\/school1\/src\/SPPDocs\/resources\/views"
[2026-09-05 05:38:53] SPPBlade: Starting render for 'issues/partials/issue_row.blade.php'
[2026-09-05 05:38:53] SPPBlade: Rendering relative view 'issues/partials/issue_row.blade.php' with paths: "\/mnt\/c\/projects\/apache\/school1\/src\/SPPDocs\/resources\/views"
[2026-09-05 05:38:53] SPPBlade: Starting render for 'partials/header.blade.php'
[2026-09-05 05:38:53] SPPBlade: Rendering relative view 'partials/header.blade.php' with paths: "\/mnt\/c\/projects\/apache\/school1\/src\/SPPDocs\/resources\/views"
[2026-09-05 05:38:53] SPPBlade: Starting render for 'partials/command_palette.blade.php'
[2026-09-05 05:38:53] SPPBlade: Rendering relative view 'partials/command_palette.blade.php' with paths: "\/mnt\/c\/projects\/apache\/school1\/src\/SPPDocs\/resources\/views"
[2026-09-05 05:38:53] SPPBlade: Starting render for 'partials/keyboard_shortcuts.blade.php'
[2026-09-05 05:38:53] SPPBlade: Rendering relative view 'partials/keyboard_shortcuts.blade.php' with paths: "\/mnt\/c\/projects\/apache\/school1\/src\/SPPDocs\/resources\/views"
[2026-09-05 05:39:00] SPPBlade: Starting render for 'issues/view'
[2026-09-05 05:39:00] SPPBlade: Rendering relative view 'issues/view' with paths: "\/mnt\/c\/projects\/apache\/school1\/src\/SPPDocs\/resources\/views"
[2026-09-05 05:39:01] SPPBlade: Starting render for 'partials/sidebar.blade.php'
[2026-09-05 05:39:01] SPPBlade: Rendering relative view 'partials/sidebar.blade.php' with paths: "\/mnt\/c\/projects\/apache\/school1\/src\/SPPDocs\/resources\/views"
[2026-09-05 05:39:01] SPPBlade: Starting render for 'partials/header.blade.php'
[2026-09-05 05:39:01] SPPBlade: Rendering relative view 'partials/header.blade.php' with paths: "\/mnt\/c\/projects\/apache\/school1\/src\/SPPDocs\/resources\/views"
[2026-09-05 05:39:01] SPPBlade: Starting render for 'partials/command_palette.blade.php'
[2026-09-05 05:39:01] SPPBlade: Rendering relative view 'partials/command_palette.blade.php' with paths: "\/mnt\/c\/projects\/apache\/school1\/src\/SPPDocs\/resources\/views"
[2026-09-05 05:39:01] SPPBlade: Starting render for 'partials/keyboard_shortcuts.blade.php'
[2026-09-05 05:39:01] SPPBlade: Rendering relative view 'partials/keyboard_shortcuts.blade.php' with paths: "\/mnt\/c\/projects\/apache\/school1\/src\/SPPDocs\/resources\/views"
[2026-09-05 05:41:09] SPPBlade: Starting render for 'issues/view'
[2026-09-05 05:41:09] SPPBlade: Rendering relative view 'issues/view' with paths: "\/mnt\/c\/projects\/apache\/school1\/src\/SPPDocs\/resources\/views"
[2026-09-05 05:41:09] SPPBlade: Starting render for 'partials/sidebar.blade.php'
[2026-09-05 05:41:09] SPPBlade: Rendering relative view 'partials/sidebar.blade.php' with paths: "\/mnt\/c\/projects\/apache\/school1\/src\/SPPDocs\/resources\/views"
[2026-09-05 05:41:09] SPPBlade: Starting render for 'partials/header.blade.php'
[2026-09-05 05:41:09] SPPBlade: Rendering relative view 'partials/header.blade.php' with paths: "\/mnt\/c\/projects\/apache\/school1\/src\/SPPDocs\/resources\/views"
[2026-09-05 05:41:09] SPPBlade: Starting render for 'partials/command_palette.blade.php'
[2026-09-05 05:41:09] SPPBlade: Rendering relative view 'partials/command_palette.blade.php' with paths: "\/mnt\/c\/projects\/apache\/school1\/src\/SPPDocs\/resources\/views"
[2026-09-05 05:41:09] SPPBlade: Starting render for 'partials/keyboard_shortcuts.blade.php'
[2026-09-05 05:41:09] SPPBlade: Rendering relative view 'partials/keyboard_shortcuts.blade.php' with paths: "\/mnt\/c\/projects\/apache\/school1\/src\/SPPDocs\/resources\/views"
[2026-09-05 05:47:50] SPPBlade: Starting render for 'admin.project'
[2026-09-05 05:47:50] SPPBlade: Rendering relative view 'admin.project' with paths: "\/mnt\/c\/projects\/apache\/school1\/src\/SPPDocs\/resources\/views"
[2026-09-05 05:47:51] SPPBlade: Starting render for 'partials/command_palette.blade.php'
[2026-09-05 05:47:51] SPPBlade: Rendering relative view 'partials/command_palette.blade.php' with paths: "\/mnt\/c\/projects\/apache\/school1\/src\/SPPDocs\/resources\/views"
[2026-09-05 05:47:51] SPPBlade: Starting render for 'partials/keyboard_shortcuts.blade.php'
[2026-09-05 05:47:51] SPPBlade: Rendering relative view 'partials/keyboard_shortcuts.blade.php' with paths: "\/mnt\/c\/projects\/apache\/school1\/src\/SPPDocs\/resources\/views"
[2026-09-05 07:51:13] SPPBlade: Starting render for 'admin.project'
[2026-09-05 07:51:13] SPPBlade: Rendering relative view 'admin.project' with paths: "C:\/projects\/apache\/school1\/src\/SPPDocs\/resources\/views"
[2026-09-05 07:51:13] SPPBlade: Starting render for 'partials/command_palette.blade.php'
[2026-09-05 07:51:13] SPPBlade: Rendering relative view 'partials/command_palette.blade.php' with paths: "C:\/projects\/apache\/school1\/src\/SPPDocs\/resources\/views"
[2026-09-05 07:51:13] SPPBlade: Starting render for 'partials/keyboard_shortcuts.blade.php'
[2026-09-05 07:51:13] SPPBlade: Rendering relative view 'partials/keyboard_shortcuts.blade.php' with paths: "C:\/projects\/apache\/school1\/src\/SPPDocs\/resources\/views"
[2026-09-05 07:51:29] SPPBlade: Starting render for 'admin.project'
[2026-09-05 07:51:29] SPPBlade: Rendering relative view 'admin.project' with paths: "C:\/projects\/apache\/school1\/src\/SPPDocs\/resources\/views"
[2026-09-05 07:51:29] SPPBlade: Starting render for 'partials/command_palette.blade.php'
[2026-09-05 07:51:29] SPPBlade: Rendering relative view 'partials/command_palette.blade.php' with paths: "C:\/projects\/apache\/school1\/src\/SPPDocs\/resources\/views"
[2026-09-05 07:51:29] SPPBlade: Starting render for 'partials/keyboard_shortcuts.blade.php'
[2026-09-05 07:51:29] SPPBlade: Rendering relative view 'partials/keyboard_shortcuts.blade.php' with paths: "C:\/projects\/apache\/school1\/src\/SPPDocs\/resources\/views"
[2026-09-05 05:51:41] DEBUG: Longest match routing: Picked 'css' for request 'css/admin.css'
[2026-09-05 05:51:49] DEBUG: Longest match routing: Picked 'css' for request 'css/sppdocs.css'
[2026-09-05 05:54:51] DEBUG: Longest match routing: Picked 'css' for request 'css/admin.css'
[2026-09-05 05:55:07] SPPBlade: Starting render for 'admin.login'
[2026-09-05 05:55:07] SPPBlade: Rendering relative view 'admin.login' with paths: "\/mnt\/c\/projects\/apache\/school1\/src\/SPPDocs\/resources\/views"
[2026-09-05 07:56:45] SPPBlade: Starting render for 'partials/command_palette.blade.php'
[2026-09-05 07:56:45] SPPBlade: Rendering relative view 'partials/command_palette.blade.php' with paths: "C:\/projects\/apache\/school1\/src\/SPPDocs\/resources\/views"
[2026-09-05 07:56:54] SPPBlade: Starting render for 'partials/command_palette.blade.php'
[2026-09-05 07:56:54] SPPBlade: Rendering relative view 'partials/command_palette.blade.php' with paths: "C:\/projects\/apache\/school1\/src\/SPPDocs\/resources\/views"
[2026-09-05 07:57:24] SPPBlade: Starting render for 'partials/command_palette.blade.php'
[2026-09-05 07:57:24] SPPBlade: Rendering relative view 'partials/command_palette.blade.php' with paths: "C:\/projects\/apache\/school1\/src\/SPPDocs\/resources\/views"
[2026-09-05 07:57:46] SPPBlade: Starting render for 'admin.project'
[2026-09-05 07:57:46] SPPBlade: Rendering relative view 'admin.project' with paths: "C:\/projects\/apache\/school1\/src\/SPPDocs\/resources\/views"
[2026-09-05 07:57:46] SPPBlade: Starting render for 'partials/command_palette.blade.php'
[2026-09-05 07:57:46] SPPBlade: Rendering relative view 'partials/command_palette.blade.php' with paths: "C:\/projects\/apache\/school1\/src\/SPPDocs\/resources\/views"
[2026-09-05 07:57:46] SPPBlade: Starting render for 'partials/keyboard_shortcuts.blade.php'
[2026-09-05 07:57:46] SPPBlade: Rendering relative view 'partials/keyboard_shortcuts.blade.php' with paths: "C:\/projects\/apache\/school1\/src\/SPPDocs\/resources\/views"
[2026-09-05 07:58:02] SPPBlade: Starting render for 'admin.project'
[2026-09-05 07:58:02] SPPBlade: Rendering relative view 'admin.project' with paths: "C:\/projects\/apache\/school1\/src\/SPPDocs\/resources\/views"
[2026-09-05 07:58:02] SPPBlade: Starting render for 'partials/command_palette.blade.php'
[2026-09-05 07:58:02] SPPBlade: Rendering relative view 'partials/command_palette.blade.php' with paths: "C:\/projects\/apache\/school1\/src\/SPPDocs\/resources\/views"
[2026-09-05 07:58:02] SPPBlade: Starting render for 'partials/keyboard_shortcuts.blade.php'
[2026-09-05 07:58:02] SPPBlade: Rendering relative view 'partials/keyboard_shortcuts.blade.php' with paths: "C:\/projects\/apache\/school1\/src\/SPPDocs\/resources\/views"
[2026-09-05 06:03:26] SPPBlade: Starting render for 'issues/view'
[2026-09-05 06:03:26] SPPBlade: Rendering relative view 'issues/view' with paths: "\/mnt\/c\/projects\/apache\/school1\/src\/SPPDocs\/resources\/views"
[2026-09-05 06:03:26] SPPBlade: Starting render for 'partials/sidebar.blade.php'
[2026-09-05 06:03:26] SPPBlade: Rendering relative view 'partials/sidebar.blade.php' with paths: "\/mnt\/c\/projects\/apache\/school1\/src\/SPPDocs\/resources\/views"
[2026-09-05 06:03:26] SPPBlade: Starting render for 'partials/header.blade.php'
[2026-09-05 06:03:26] SPPBlade: Rendering relative view 'partials/header.blade.php' with paths: "\/mnt\/c\/projects\/apache\/school1\/src\/SPPDocs\/resources\/views"
[2026-09-05 06:03:26] SPPBlade: Starting render for 'partials/command_palette.blade.php'
[2026-09-05 06:03:26] SPPBlade: Rendering relative view 'partials/command_palette.blade.php' with paths: "\/mnt\/c\/projects\/apache\/school1\/src\/SPPDocs\/resources\/views"
[2026-09-05 06:03:27] SPPBlade: Starting render for 'partials/keyboard_shortcuts.blade.php'
[2026-09-05 06:03:27] SPPBlade: Rendering relative view 'partials/keyboard_shortcuts.blade.php' with paths: "\/mnt\/c\/projects\/apache\/school1\/src\/SPPDocs\/resources\/views"
[2026-09-05 06:03:28] DEBUG: Longest match routing: Picked 'css' for request 'css/sppdocs.css'
[2026-09-05 06:03:38] SPPBlade: Starting render for 'admin.project'
[2026-09-05 06:03:38] SPPBlade: Rendering relative view 'admin.project' with paths: "\/mnt\/c\/projects\/apache\/school1\/src\/SPPDocs\/resources\/views"
[2026-09-05 06:03:38] SPPBlade: Starting render for 'partials/command_palette.blade.php'
[2026-09-05 06:03:38] SPPBlade: Rendering relative view 'partials/command_palette.blade.php' with paths: "\/mnt\/c\/projects\/apache\/school1\/src\/SPPDocs\/resources\/views"
[2026-09-05 06:03:38] SPPBlade: Starting render for 'partials/keyboard_shortcuts.blade.php'
[2026-09-05 06:03:38] SPPBlade: Rendering relative view 'partials/keyboard_shortcuts.blade.php' with paths: "\/mnt\/c\/projects\/apache\/school1\/src\/SPPDocs\/resources\/views"
[2026-09-05 06:03:39] DEBUG: Longest match routing: Picked 'css' for request 'css/sppdocs.css'
[2026-09-05 06:03:40] DEBUG: Longest match routing: Picked 'css' for request 'css/admin.css'
[2026-09-05 06:03:52] SPPBlade: Starting render for 'issues/board'
[2026-09-05 06:03:52] SPPBlade: Rendering relative view 'issues/board' with paths: "\/mnt\/c\/projects\/apache\/school1\/src\/SPPDocs\/resources\/views"
[2026-09-05 06:03:52] SPPBlade: Starting render for 'partials/sidebar.blade.php'
[2026-09-05 06:03:52] SPPBlade: Rendering relative view 'partials/sidebar.blade.php' with paths: "\/mnt\/c\/projects\/apache\/school1\/src\/SPPDocs\/resources\/views"
[2026-09-05 06:03:52] SPPBlade: Starting render for 'partials/header.blade.php'
[2026-09-05 06:03:52] SPPBlade: Rendering relative view 'partials/header.blade.php' with paths: "\/mnt\/c\/projects\/apache\/school1\/src\/SPPDocs\/resources\/views"
[2026-09-05 06:03:52] SPPBlade: Starting render for 'partials/command_palette.blade.php'
[2026-09-05 06:03:52] SPPBlade: Rendering relative view 'partials/command_palette.blade.php' with paths: "\/mnt\/c\/projects\/apache\/school1\/src\/SPPDocs\/resources\/views"
[2026-09-05 06:03:52] SPPBlade: Starting render for 'partials/keyboard_shortcuts.blade.php'
[2026-09-05 06:03:52] SPPBlade: Rendering relative view 'partials/keyboard_shortcuts.blade.php' with paths: "\/mnt\/c\/projects\/apache\/school1\/src\/SPPDocs\/resources\/views"
[2026-09-05 06:03:54] DEBUG: Longest match routing: Picked 'css' for request 'css/sppdocs.css'
[2026-09-05 08:43:37] SPPBlade: Starting render for 'issues.partials.issue_row'
[2026-09-05 08:43:37] SPPBlade: Rendering relative view 'issues.partials.issue_row' with paths: "C:\/projects\/apache\/school1\/src\/SPPDocs\/resources\/views"
[2026-09-05 08:43:37] SPPBlade: Starting render for 'issues.index'
[2026-09-05 08:43:37] SPPBlade: Rendering relative view 'issues.index' with paths: "C:\/projects\/apache\/school1\/src\/SPPDocs\/resources\/views"
[2026-09-05 08:43:38] SPPBlade: Starting render for 'partials/sidebar.blade.php'
[2026-09-05 08:43:38] SPPBlade: Rendering relative view 'partials/sidebar.blade.php' with paths: "C:\/projects\/apache\/school1\/src\/SPPDocs\/resources\/views"
[2026-09-05 08:43:38] SPPBlade: Starting render for 'issues/partials/issue_row.blade.php'
[2026-09-05 08:43:38] SPPBlade: Rendering relative view 'issues/partials/issue_row.blade.php' with paths: "C:\/projects\/apache\/school1\/src\/SPPDocs\/resources\/views"
[2026-09-05 08:43:38] SPPBlade: Starting render for 'partials/header.blade.php'
[2026-09-05 08:43:38] SPPBlade: Rendering relative view 'partials/header.blade.php' with paths: "C:\/projects\/apache\/school1\/src\/SPPDocs\/resources\/views"
[2026-09-05 08:43:38] SPPBlade Template Error in 'partials.header': session_start(): Session cannot be started after headers have already been sent
[2026-09-05 08:43:38] SPPBlade Template Error in 'issues.index': SPPBlade Template Error in 'partials.header': session_start(): Session cannot be started after headers have already been sent

💡 Corrective Measure:
Check your Blade syntax in the file. Common issues include:
- Unescaped special characters inside {{ }} or {!! !!}
- Using raw PHP interpolation (like '$var' in double quotes) instead of Blade directives
- Missing commas or brackets in array arguments passed to @directives (e.g. @spppartial)
[2026-09-05 08:43:38] SPPBlade: Starting render for 'issues.view'
[2026-09-05 08:43:38] SPPBlade: Rendering relative view 'issues.view' with paths: "C:\/projects\/apache\/school1\/src\/SPPDocs\/resources\/views"
[2026-09-05 08:43:40] SPPBlade: Starting render for 'partials/sidebar.blade.php'
[2026-09-05 08:43:40] SPPBlade: Rendering relative view 'partials/sidebar.blade.php' with paths: "C:\/projects\/apache\/school1\/src\/SPPDocs\/resources\/views"
[2026-09-05 08:43:40] SPPBlade Template Error in 'issues.view': Undefined array key "timestamp"
[2026-09-05 08:43:40] SPPBlade: Starting render for 'issues.board'
[2026-09-05 08:43:40] SPPBlade: Rendering relative view 'issues.board' with paths: "C:\/projects\/apache\/school1\/src\/SPPDocs\/resources\/views"
[2026-09-05 08:43:41] SPPBlade: Starting render for 'partials/sidebar.blade.php'
[2026-09-05 08:43:41] SPPBlade: Rendering relative view 'partials/sidebar.blade.php' with paths: "C:\/projects\/apache\/school1\/src\/SPPDocs\/resources\/views"
[2026-09-05 08:43:41] SPPBlade: Starting render for 'partials/header.blade.php'
[2026-09-05 08:43:41] SPPBlade: Rendering relative view 'partials/header.blade.php' with paths: "C:\/projects\/apache\/school1\/src\/SPPDocs\/resources\/views"
[2026-09-05 08:43:41] SPPBlade Template Error in 'partials.header': session_start(): Session cannot be started after headers have already been sent
[2026-09-05 08:43:41] SPPBlade Template Error in 'issues.board': SPPBlade Template Error in 'partials.header': session_start(): Session cannot be started after headers have already been sent

💡 Corrective Measure:
Check your Blade syntax in the file. Common issues include:
- Unescaped special characters inside {{ }} or {!! !!}
- Using raw PHP interpolation (like '$var' in double quotes) instead of Blade directives
- Missing commas or brackets in array arguments passed to @directives (e.g. @spppartial)
[2026-09-05 08:44:02] SPPBlade: Starting render for 'issues.partials.issue_row'
[2026-09-05 08:44:02] SPPBlade: Rendering relative view 'issues.partials.issue_row' with paths: "C:\/projects\/apache\/school1\/src\/SPPDocs\/resources\/views"
[2026-09-05 08:44:02] SPPBlade: Starting render for 'issues.index'
[2026-09-05 08:44:02] SPPBlade: Rendering relative view 'issues.index' with paths: "C:\/projects\/apache\/school1\/src\/SPPDocs\/resources\/views"
[2026-09-05 08:44:02] SPPBlade: Starting render for 'partials/sidebar.blade.php'
[2026-09-05 08:44:02] SPPBlade: Rendering relative view 'partials/sidebar.blade.php' with paths: "C:\/projects\/apache\/school1\/src\/SPPDocs\/resources\/views"
[2026-09-05 08:44:02] SPPBlade: Starting render for 'issues/partials/issue_row.blade.php'
[2026-09-05 08:44:02] SPPBlade: Rendering relative view 'issues/partials/issue_row.blade.php' with paths: "C:\/projects\/apache\/school1\/src\/SPPDocs\/resources\/views"
[2026-09-05 08:44:02] SPPBlade: Starting render for 'partials/header.blade.php'
[2026-09-05 08:44:02] SPPBlade: Rendering relative view 'partials/header.blade.php' with paths: "C:\/projects\/apache\/school1\/src\/SPPDocs\/resources\/views"
[2026-09-05 08:44:02] SPPBlade: Starting render for 'partials/command_palette.blade.php'
[2026-09-05 08:44:02] SPPBlade: Rendering relative view 'partials/command_palette.blade.php' with paths: "C:\/projects\/apache\/school1\/src\/SPPDocs\/resources\/views"
[2026-09-05 08:44:02] SPPBlade: Starting render for 'partials/keyboard_shortcuts.blade.php'
[2026-09-05 08:44:02] SPPBlade: Rendering relative view 'partials/keyboard_shortcuts.blade.php' with paths: "C:\/projects\/apache\/school1\/src\/SPPDocs\/resources\/views"
[2026-09-05 08:44:02] SPPBlade: Starting render for 'issues.view'
[2026-09-05 08:44:02] SPPBlade: Rendering relative view 'issues.view' with paths: "C:\/projects\/apache\/school1\/src\/SPPDocs\/resources\/views"
[2026-09-05 08:44:04] SPPBlade: Starting render for 'partials/sidebar.blade.php'
[2026-09-05 08:44:04] SPPBlade: Rendering relative view 'partials/sidebar.blade.php' with paths: "C:\/projects\/apache\/school1\/src\/SPPDocs\/resources\/views"
[2026-09-05 08:44:04] SPPBlade: Starting render for 'partials/header.blade.php'
[2026-09-05 08:44:04] SPPBlade: Rendering relative view 'partials/header.blade.php' with paths: "C:\/projects\/apache\/school1\/src\/SPPDocs\/resources\/views"
[2026-09-05 08:44:04] SPPBlade: Starting render for 'partials/command_palette.blade.php'
[2026-09-05 08:44:04] SPPBlade: Rendering relative view 'partials/command_palette.blade.php' with paths: "C:\/projects\/apache\/school1\/src\/SPPDocs\/resources\/views"
[2026-09-05 08:44:04] SPPBlade: Starting render for 'partials/keyboard_shortcuts.blade.php'
[2026-09-05 08:44:04] SPPBlade: Rendering relative view 'partials/keyboard_shortcuts.blade.php' with paths: "C:\/projects\/apache\/school1\/src\/SPPDocs\/resources\/views"
[2026-09-05 08:44:04] SPPBlade: Starting render for 'issues.board'
[2026-09-05 08:44:04] SPPBlade: Rendering relative view 'issues.board' with paths: "C:\/projects\/apache\/school1\/src\/SPPDocs\/resources\/views"
[2026-09-05 08:44:04] SPPBlade: Starting render for 'partials/sidebar.blade.php'
[2026-09-05 08:44:04] SPPBlade: Rendering relative view 'partials/sidebar.blade.php' with paths: "C:\/projects\/apache\/school1\/src\/SPPDocs\/resources\/views"
[2026-09-05 08:44:04] SPPBlade: Starting render for 'partials/header.blade.php'
[2026-09-05 08:44:04] SPPBlade: Rendering relative view 'partials/header.blade.php' with paths: "C:\/projects\/apache\/school1\/src\/SPPDocs\/resources\/views"
[2026-09-05 08:44:04] SPPBlade: Starting render for 'partials/command_palette.blade.php'
[2026-09-05 08:44:04] SPPBlade: Rendering relative view 'partials/command_palette.blade.php' with paths: "C:\/projects\/apache\/school1\/src\/SPPDocs\/resources\/views"
[2026-09-05 08:44:04] SPPBlade: Starting render for 'partials/keyboard_shortcuts.blade.php'
[2026-09-05 08:44:04] SPPBlade: Rendering relative view 'partials/keyboard_shortcuts.blade.php' with paths: "C:\/projects\/apache\/school1\/src\/SPPDocs\/resources\/views"
[2026-09-05 14:20:37] SPPBlade: Starting render for 'partials/region.blade.php'
[2026-09-05 14:20:37] SPPBlade: Rendering relative view 'partials/region.blade.php' with paths: "C:\/projects\/apache\/school1\/src\/SPPDocs\/resources\/views"
[2026-09-05 14:20:37] SPPBlade Template Error in 'partials.region': Template not found: C:/projects/apache/school1/src/SPPDocs/resources/views/partials.region
[2026-09-05 14:21:01] SPPBlade: Starting render for 'partials/region.blade.php'
[2026-09-05 14:21:01] SPPBlade: Rendering relative view 'partials/region.blade.php' with paths: "C:\/projects\/apache\/school1\/src\/SPPDocs\/resources\/views"
[2026-09-05 14:21:01] SPPBlade Template Error in 'partials.region': Template not found: C:/projects/apache/school1/src/SPPDocs/resources/views/partials.region
[2026-09-05 14:21:55] SPPBlade: Starting render for 'C:\projects\apache\school1/src/SPPDocs/resources/views/partials/region.blade.php'
[2026-09-05 14:21:55] SPPBlade: Rendering absolute file. ViewName: region, Paths: ["C:\\projects\\apache\\school1\/src\/SPPDocs\/resources\/views\/partials","C:\\projects\\apache\\school1\/src\/SPPDocs\/resources\/views","C:\/projects\/apache\/school1\/src\/SPPDocs\/resources\/views"]
[2026-09-05 14:21:55] SPPBlade: Starting render for 'C:\projects\apache\school1/src/SPPDocs/resources/views/partials/blocks/alert.blade.php'
[2026-09-05 14:21:55] SPPBlade: Rendering absolute file. ViewName: alert, Paths: ["C:\\projects\\apache\\school1\/src\/SPPDocs\/resources\/views\/partials\/blocks","C:\\projects\\apache\\school1\/src\/SPPDocs\/resources\/views","C:\/projects\/apache\/school1\/src\/SPPDocs\/resources\/views"]
[2026-09-05 14:21:55] SPPBlade: Render successful for alert
[2026-09-05 14:21:55] SPPBlade: Render successful for region
[2026-09-05 14:56:22] SPPBlade: Starting render for 'C:\projects\apache\school1/src/SPPDocs/resources/views/partials/region.blade.php'
[2026-09-05 14:56:22] SPPBlade: Rendering absolute file. ViewName: region, Paths: ["C:\\projects\\apache\\school1\/src\/SPPDocs\/resources\/views\/partials","C:\\projects\\apache\\school1\/src\/SPPDocs\/resources\/views","C:\/projects\/apache\/school1\/src\/SPPDocs\/resources\/views"]
[2026-09-05 14:56:22] SPPBlade Template Error in 'region': Undefined variable $context
[2026-09-05 14:56:35] SPPBlade: Starting render for 'C:\projects\apache\school1/src/SPPDocs/resources/views/partials/region.blade.php'
[2026-09-05 14:56:35] SPPBlade: Rendering absolute file. ViewName: region, Paths: ["C:\\projects\\apache\\school1\/src\/SPPDocs\/resources\/views\/partials","C:\\projects\\apache\\school1\/src\/SPPDocs\/resources\/views","C:\/projects\/apache\/school1\/src\/SPPDocs\/resources\/views"]
[2026-09-05 14:56:35] SPPBlade: Starting render for 'C:\projects\apache\school1/src/SPPDocs/resources/views/partials/blocks/alert.blade.php'
[2026-09-05 14:56:35] SPPBlade: Rendering absolute file. ViewName: alert, Paths: ["C:\\projects\\apache\\school1\/src\/SPPDocs\/resources\/views\/partials\/blocks","C:\\projects\\apache\\school1\/src\/SPPDocs\/resources\/views","C:\/projects\/apache\/school1\/src\/SPPDocs\/resources\/views"]
[2026-09-05 14:56:35] SPPBlade: Render successful for alert
[2026-09-05 14:56:35] SPPBlade: Render successful for region
[2026-09-05 13:00:40] SPPBlade: Starting render for 'project.home'
[2026-09-05 13:00:40] SPPBlade: Rendering relative view 'project.home' with paths: "\/mnt\/c\/projects\/apache\/school1\/src\/SPPDocs\/resources\/views"
[2026-09-05 13:00:40] SPPBlade: Starting render for '/mnt/c/projects/apache/school1/src/SPPDocs/resources/views/partials/sidebar.blade.php'
[2026-09-05 13:00:40] SPPBlade: Rendering absolute file. ViewName: sidebar, Paths: ["\/mnt\/c\/projects\/apache\/school1\/src\/SPPDocs\/resources\/views\/partials","\/mnt\/c\/projects\/apache\/school1\/src\/SPPDocs\/resources\/views"]
[2026-09-05 13:00:40] SPPBlade: Render successful for sidebar
[2026-09-05 13:00:41] SPPBlade: Starting render for '/mnt/c/projects/apache/school1/src/SPPDocs/resources/views/partials/header.blade.php'
[2026-09-05 13:00:41] SPPBlade: Rendering absolute file. ViewName: header, Paths: ["\/mnt\/c\/projects\/apache\/school1\/src\/SPPDocs\/resources\/views\/partials","\/mnt\/c\/projects\/apache\/school1\/src\/SPPDocs\/resources\/views"]
[2026-09-05 13:00:41] SPPBlade: Starting render for '/mnt/c/projects/apache/school1/src/SPPDocs/resources/views/partials/locale_switcher.blade.php'
[2026-09-05 13:00:41] SPPBlade: Rendering absolute file. ViewName: locale_switcher, Paths: ["\/mnt\/c\/projects\/apache\/school1\/src\/SPPDocs\/resources\/views\/partials","\/mnt\/c\/projects\/apache\/school1\/src\/SPPDocs\/resources\/views"]
[2026-09-05 13:00:41] SPPBlade: Render successful for locale_switcher
[2026-09-05 13:00:41] SPPBlade: Render successful for header
[2026-09-05 13:00:41] SPPBlade: Starting render for '/mnt/c/projects/apache/school1/src/SPPDocs/resources/views/partials/region.blade.php'
[2026-09-05 13:00:41] SPPBlade: Rendering absolute file. ViewName: region, Paths: ["\/mnt\/c\/projects\/apache\/school1\/src\/SPPDocs\/resources\/views\/partials","\/mnt\/c\/projects\/apache\/school1\/src\/SPPDocs\/resources\/views"]
[2026-09-05 13:00:41] SPPBlade: Starting render for '/mnt/c/projects/apache/school1/src/SPPDocs/resources/views/partials/blocks/taxonomy_tree.blade.php'
[2026-09-05 13:00:41] SPPBlade: Rendering absolute file. ViewName: taxonomy_tree, Paths: ["\/mnt\/c\/projects\/apache\/school1\/src\/SPPDocs\/resources\/views\/partials\/blocks","\/mnt\/c\/projects\/apache\/school1\/src\/SPPDocs\/resources\/views"]
[2026-09-05 13:00:42] SPPBlade: Render successful for taxonomy_tree
[2026-09-05 13:00:42] SPPBlade: Render successful for region
[2026-09-05 13:00:42] SPPBlade: Starting render for '/mnt/c/projects/apache/school1/src/SPPDocs/resources/views/partials/command_palette.blade.php'
[2026-09-05 13:00:42] SPPBlade: Rendering absolute file. ViewName: command_palette, Paths: ["\/mnt\/c\/projects\/apache\/school1\/src\/SPPDocs\/resources\/views\/partials","\/mnt\/c\/projects\/apache\/school1\/src\/SPPDocs\/resources\/views"]
[2026-09-05 13:00:42] SPPBlade: Render successful for command_palette
[2026-09-05 13:00:42] SPPBlade: Starting render for '/mnt/c/projects/apache/school1/src/SPPDocs/resources/views/partials/keyboard_shortcuts.blade.php'
[2026-09-05 13:00:42] SPPBlade: Rendering absolute file. ViewName: keyboard_shortcuts, Paths: ["\/mnt\/c\/projects\/apache\/school1\/src\/SPPDocs\/resources\/views\/partials","\/mnt\/c\/projects\/apache\/school1\/src\/SPPDocs\/resources\/views"]
[2026-09-05 13:00:42] SPPBlade: Render successful for keyboard_shortcuts
[2026-09-05 13:00:44] DEBUG: Longest match routing: Picked 'css' for request 'css/sppdocs.css'
[2026-09-05 15:04:36] SPPBlade: Starting render for 'C:\projects\apache\school1/src/SPPDocs/resources/views/partials/region.blade.php'
[2026-09-05 15:04:36] SPPBlade: Rendering absolute file. ViewName: region, Paths: ["C:\\projects\\apache\\school1\/src\/SPPDocs\/resources\/views\/partials","C:\\projects\\apache\\school1\/src\/SPPDocs\/resources\/views","C:\/projects\/apache\/school1\/src\/SPPDocs\/resources\/views"]
[2026-09-05 15:04:36] SPPBlade: Starting render for 'C:\projects\apache\school1/src/SPPDocs/resources/views/partials/blocks/taxonomy_tree.blade.php'
[2026-09-05 15:04:36] SPPBlade: Rendering absolute file. ViewName: taxonomy_tree, Paths: ["C:\\projects\\apache\\school1\/src\/SPPDocs\/resources\/views\/partials\/blocks","C:\\projects\\apache\\school1\/src\/SPPDocs\/resources\/views","C:\/projects\/apache\/school1\/src\/SPPDocs\/resources\/views"]
[2026-09-05 15:04:36] SPPBlade: Render successful for taxonomy_tree
[2026-09-05 15:04:36] SPPBlade: Render successful for region
[2026-09-05 15:10:36] SPPBlade: Starting render for 'project.home'
[2026-09-05 15:10:36] SPPBlade: Rendering relative view 'project.home' with paths: "C:\/projects\/apache\/school1\/src\/SPPDocs\/resources\/views"
[2026-09-05 15:10:37] SPPBlade: Starting render for 'C:\projects\apache\school1/src/SPPDocs/resources/views/partials/sidebar.blade.php'
[2026-09-05 15:10:37] SPPBlade: Rendering absolute file. ViewName: sidebar, Paths: ["C:\\projects\\apache\\school1\/src\/SPPDocs\/resources\/views\/partials","C:\\projects\\apache\\school1\/src\/SPPDocs\/resources\/views","C:\/projects\/apache\/school1\/src\/SPPDocs\/resources\/views"]
[2026-09-05 15:10:37] SPPBlade: Render successful for sidebar
[2026-09-05 15:10:37] SPPBlade: Starting render for 'C:\projects\apache\school1/src/SPPDocs/resources/views/partials/region.blade.php'
[2026-09-05 15:10:37] SPPBlade: Rendering absolute file. ViewName: region, Paths: ["C:\\projects\\apache\\school1\/src\/SPPDocs\/resources\/views\/partials","C:\\projects\\apache\\school1\/src\/SPPDocs\/resources\/views","C:\/projects\/apache\/school1\/src\/SPPDocs\/resources\/views"]
[2026-09-05 15:10:37] SPPBlade: Starting render for 'C:\projects\apache\school1/src/SPPDocs/resources/views/partials/blocks/alert.blade.php'
[2026-09-05 15:10:37] SPPBlade: Rendering absolute file. ViewName: alert, Paths: ["C:\\projects\\apache\\school1\/src\/SPPDocs\/resources\/views\/partials\/blocks","C:\\projects\\apache\\school1\/src\/SPPDocs\/resources\/views","C:\/projects\/apache\/school1\/src\/SPPDocs\/resources\/views"]
[2026-09-05 15:10:37] SPPBlade: Render successful for alert
[2026-09-05 15:10:37] SPPBlade: Render successful for region
[2026-09-05 15:10:37] SPPBlade: Starting render for 'C:\projects\apache\school1/src/SPPDocs/resources/views/partials/header.blade.php'
[2026-09-05 15:10:37] SPPBlade: Rendering absolute file. ViewName: header, Paths: ["C:\\projects\\apache\\school1\/src\/SPPDocs\/resources\/views\/partials","C:\\projects\\apache\\school1\/src\/SPPDocs\/resources\/views","C:\/projects\/apache\/school1\/src\/SPPDocs\/resources\/views"]
[2026-09-05 15:10:37] SPPBlade: Starting render for 'C:\projects\apache\school1/src/SPPDocs/resources/views/partials/locale_switcher.blade.php'
[2026-09-05 15:10:37] SPPBlade: Rendering absolute file. ViewName: locale_switcher, Paths: ["C:\\projects\\apache\\school1\/src\/SPPDocs\/resources\/views\/partials","C:\\projects\\apache\\school1\/src\/SPPDocs\/resources\/views","C:\/projects\/apache\/school1\/src\/SPPDocs\/resources\/views"]
[2026-09-05 15:10:37] SPPBlade: Render successful for locale_switcher
[2026-09-05 15:10:37] SPPBlade: Render successful for header
[2026-09-05 15:10:37] SPPBlade: Starting render for 'C:\projects\apache\school1/src/SPPDocs/resources/views/partials/region.blade.php'
[2026-09-05 15:10:37] SPPBlade: Rendering absolute file. ViewName: region, Paths: ["C:\\projects\\apache\\school1\/src\/SPPDocs\/resources\/views\/partials","C:\\projects\\apache\\school1\/src\/SPPDocs\/resources\/views","C:\/projects\/apache\/school1\/src\/SPPDocs\/resources\/views"]
[2026-09-05 15:10:37] SPPBlade: Starting render for 'C:\projects\apache\school1/src/SPPDocs/resources/views/partials/blocks/taxonomy_tree.blade.php'
[2026-09-05 15:10:37] SPPBlade: Rendering absolute file. ViewName: taxonomy_tree, Paths: ["C:\\projects\\apache\\school1\/src\/SPPDocs\/resources\/views\/partials\/blocks","C:\\projects\\apache\\school1\/src\/SPPDocs\/resources\/views","C:\/projects\/apache\/school1\/src\/SPPDocs\/resources\/views"]
[2026-09-05 15:10:37] SPPBlade: Render successful for taxonomy_tree
[2026-09-05 15:10:37] SPPBlade: Render successful for region
[2026-09-05 15:10:37] SPPBlade: Starting render for 'C:\projects\apache\school1/src/SPPDocs/resources/views/partials/region.blade.php'
[2026-09-05 15:10:37] SPPBlade: Rendering absolute file. ViewName: region, Paths: ["C:\\projects\\apache\\school1\/src\/SPPDocs\/resources\/views\/partials","C:\\projects\\apache\\school1\/src\/SPPDocs\/resources\/views","C:\/projects\/apache\/school1\/src\/SPPDocs\/resources\/views"]
[2026-09-05 15:10:37] SPPBlade: Starting render for 'C:\projects\apache\school1/src/SPPDocs/resources/views/partials/blocks/alert.blade.php'
[2026-09-05 15:10:37] SPPBlade: Rendering absolute file. ViewName: alert, Paths: ["C:\\projects\\apache\\school1\/src\/SPPDocs\/resources\/views\/partials\/blocks","C:\\projects\\apache\\school1\/src\/SPPDocs\/resources\/views","C:\/projects\/apache\/school1\/src\/SPPDocs\/resources\/views"]
[2026-09-05 15:10:37] SPPBlade: Render successful for alert
[2026-09-05 15:10:37] SPPBlade: Render successful for region
[2026-09-05 15:10:37] SPPBlade: Starting render for 'C:\projects\apache\school1/src/SPPDocs/resources/views/partials/command_palette.blade.php'
[2026-09-05 15:10:37] SPPBlade: Rendering absolute file. ViewName: command_palette, Paths: ["C:\\projects\\apache\\school1\/src\/SPPDocs\/resources\/views\/partials","C:\\projects\\apache\\school1\/src\/SPPDocs\/resources\/views","C:\/projects\/apache\/school1\/src\/SPPDocs\/resources\/views"]
[2026-09-05 15:10:37] SPPBlade: Render successful for command_palette
[2026-09-05 15:10:38] SPPBlade: Starting render for 'C:\projects\apache\school1/src/SPPDocs/resources/views/partials/keyboard_shortcuts.blade.php'
[2026-09-05 15:10:38] SPPBlade: Rendering absolute file. ViewName: keyboard_shortcuts, Paths: ["C:\\projects\\apache\\school1\/src\/SPPDocs\/resources\/views\/partials","C:\\projects\\apache\\school1\/src\/SPPDocs\/resources\/views","C:\/projects\/apache\/school1\/src\/SPPDocs\/resources\/views"]
[2026-09-05 15:10:38] SPPBlade: Render successful for keyboard_shortcuts
[2026-09-05 13:10:59] SPPBlade: Starting render for 'project.home'
[2026-09-05 13:10:59] SPPBlade: Rendering relative view 'project.home' with paths: "\/mnt\/c\/projects\/apache\/school1\/src\/SPPDocs\/resources\/views"
[2026-09-05 13:10:59] SPPBlade: Starting render for '/mnt/c/projects/apache/school1/src/SPPDocs/resources/views/partials/sidebar.blade.php'
[2026-09-05 13:10:59] SPPBlade: Rendering absolute file. ViewName: sidebar, Paths: ["\/mnt\/c\/projects\/apache\/school1\/src\/SPPDocs\/resources\/views\/partials","\/mnt\/c\/projects\/apache\/school1\/src\/SPPDocs\/resources\/views"]
[2026-09-05 13:10:59] SPPBlade: Render successful for sidebar
[2026-09-05 13:11:00] SPPBlade: Starting render for '/mnt/c/projects/apache/school1/src/SPPDocs/resources/views/partials/region.blade.php'
[2026-09-05 13:11:00] SPPBlade: Rendering absolute file. ViewName: region, Paths: ["\/mnt\/c\/projects\/apache\/school1\/src\/SPPDocs\/resources\/views\/partials","\/mnt\/c\/projects\/apache\/school1\/src\/SPPDocs\/resources\/views"]
[2026-09-05 13:11:00] SPPBlade: Starting render for '/mnt/c/projects/apache/school1/src/SPPDocs/resources/views/partials/blocks/alert.blade.php'
[2026-09-05 13:11:00] SPPBlade: Rendering absolute file. ViewName: alert, Paths: ["\/mnt\/c\/projects\/apache\/school1\/src\/SPPDocs\/resources\/views\/partials\/blocks","\/mnt\/c\/projects\/apache\/school1\/src\/SPPDocs\/resources\/views"]
[2026-09-05 13:11:00] SPPBlade: Render successful for alert
[2026-09-05 13:11:00] SPPBlade: Render successful for region
[2026-09-05 13:11:00] SPPBlade: Starting render for '/mnt/c/projects/apache/school1/src/SPPDocs/resources/views/partials/header.blade.php'
[2026-09-05 13:11:00] SPPBlade: Rendering absolute file. ViewName: header, Paths: ["\/mnt\/c\/projects\/apache\/school1\/src\/SPPDocs\/resources\/views\/partials","\/mnt\/c\/projects\/apache\/school1\/src\/SPPDocs\/resources\/views"]
[2026-09-05 13:11:00] SPPBlade: Starting render for '/mnt/c/projects/apache/school1/src/SPPDocs/resources/views/partials/locale_switcher.blade.php'
[2026-09-05 13:11:00] SPPBlade: Rendering absolute file. ViewName: locale_switcher, Paths: ["\/mnt\/c\/projects\/apache\/school1\/src\/SPPDocs\/resources\/views\/partials","\/mnt\/c\/projects\/apache\/school1\/src\/SPPDocs\/resources\/views"]
[2026-09-05 13:11:00] SPPBlade: Render successful for locale_switcher
[2026-09-05 13:11:00] SPPBlade: Render successful for header
[2026-09-05 13:11:00] SPPBlade: Starting render for '/mnt/c/projects/apache/school1/src/SPPDocs/resources/views/partials/region.blade.php'
[2026-09-05 13:11:00] SPPBlade: Rendering absolute file. ViewName: region, Paths: ["\/mnt\/c\/projects\/apache\/school1\/src\/SPPDocs\/resources\/views\/partials","\/mnt\/c\/projects\/apache\/school1\/src\/SPPDocs\/resources\/views"]
[2026-09-05 13:11:00] SPPBlade: Starting render for '/mnt/c/projects/apache/school1/src/SPPDocs/resources/views/partials/blocks/taxonomy_tree.blade.php'
[2026-09-05 13:11:00] SPPBlade: Rendering absolute file. ViewName: taxonomy_tree, Paths: ["\/mnt\/c\/projects\/apache\/school1\/src\/SPPDocs\/resources\/views\/partials\/blocks","\/mnt\/c\/projects\/apache\/school1\/src\/SPPDocs\/resources\/views"]
[2026-09-05 13:11:00] SPPBlade: Render successful for taxonomy_tree
[2026-09-05 13:11:00] SPPBlade: Render successful for region
[2026-09-05 13:11:00] SPPBlade: Starting render for '/mnt/c/projects/apache/school1/src/SPPDocs/resources/views/partials/region.blade.php'
[2026-09-05 13:11:00] SPPBlade: Rendering absolute file. ViewName: region, Paths: ["\/mnt\/c\/projects\/apache\/school1\/src\/SPPDocs\/resources\/views\/partials","\/mnt\/c\/projects\/apache\/school1\/src\/SPPDocs\/resources\/views"]
[2026-09-05 13:11:00] SPPBlade: Starting render for '/mnt/c/projects/apache/school1/src/SPPDocs/resources/views/partials/blocks/alert.blade.php'
[2026-09-05 13:11:00] SPPBlade: Rendering absolute file. ViewName: alert, Paths: ["\/mnt\/c\/projects\/apache\/school1\/src\/SPPDocs\/resources\/views\/partials\/blocks","\/mnt\/c\/projects\/apache\/school1\/src\/SPPDocs\/resources\/views"]
[2026-09-05 13:11:00] SPPBlade: Render successful for alert
[2026-09-05 13:11:00] SPPBlade: Render successful for region
[2026-09-05 13:11:00] SPPBlade: Starting render for '/mnt/c/projects/apache/school1/src/SPPDocs/resources/views/partials/command_palette.blade.php'
[2026-09-05 13:11:00] SPPBlade: Rendering absolute file. ViewName: command_palette, Paths: ["\/mnt\/c\/projects\/apache\/school1\/src\/SPPDocs\/resources\/views\/partials","\/mnt\/c\/projects\/apache\/school1\/src\/SPPDocs\/resources\/views"]
[2026-09-05 13:11:00] SPPBlade: Render successful for command_palette
[2026-09-05 13:11:00] SPPBlade: Starting render for '/mnt/c/projects/apache/school1/src/SPPDocs/resources/views/partials/keyboard_shortcuts.blade.php'
[2026-09-05 13:11:00] SPPBlade: Rendering absolute file. ViewName: keyboard_shortcuts, Paths: ["\/mnt\/c\/projects\/apache\/school1\/src\/SPPDocs\/resources\/views\/partials","\/mnt\/c\/projects\/apache\/school1\/src\/SPPDocs\/resources\/views"]
[2026-09-05 13:11:00] SPPBlade: Render successful for keyboard_shortcuts
[2026-09-05 13:11:22] SPPBlade: Starting render for 'project.home'
[2026-09-05 13:11:22] SPPBlade: Rendering relative view 'project.home' with paths: "\/mnt\/c\/projects\/apache\/school1\/src\/SPPDocs\/resources\/views"
[2026-09-05 13:11:22] SPPBlade: Starting render for '/mnt/c/projects/apache/school1/src/SPPDocs/resources/views/partials/sidebar.blade.php'
[2026-09-05 13:11:22] SPPBlade: Rendering absolute file. ViewName: sidebar, Paths: ["\/mnt\/c\/projects\/apache\/school1\/src\/SPPDocs\/resources\/views\/partials","\/mnt\/c\/projects\/apache\/school1\/src\/SPPDocs\/resources\/views"]
[2026-09-05 13:11:22] SPPBlade: Render successful for sidebar
[2026-09-05 13:11:23] SPPBlade: Starting render for '/mnt/c/projects/apache/school1/src/SPPDocs/resources/views/partials/region.blade.php'
[2026-09-05 13:11:23] SPPBlade: Rendering absolute file. ViewName: region, Paths: ["\/mnt\/c\/projects\/apache\/school1\/src\/SPPDocs\/resources\/views\/partials","\/mnt\/c\/projects\/apache\/school1\/src\/SPPDocs\/resources\/views"]
[2026-09-05 13:11:23] SPPBlade: Starting render for '/mnt/c/projects/apache/school1/src/SPPDocs/resources/views/partials/blocks/alert.blade.php'
[2026-09-05 13:11:23] SPPBlade: Rendering absolute file. ViewName: alert, Paths: ["\/mnt\/c\/projects\/apache\/school1\/src\/SPPDocs\/resources\/views\/partials\/blocks","\/mnt\/c\/projects\/apache\/school1\/src\/SPPDocs\/resources\/views"]
[2026-09-05 13:11:23] SPPBlade: Render successful for alert
[2026-09-05 13:11:23] SPPBlade: Render successful for region
[2026-09-05 13:11:23] SPPBlade: Starting render for '/mnt/c/projects/apache/school1/src/SPPDocs/resources/views/partials/header.blade.php'
[2026-09-05 13:11:23] SPPBlade: Rendering absolute file. ViewName: header, Paths: ["\/mnt\/c\/projects\/apache\/school1\/src\/SPPDocs\/resources\/views\/partials","\/mnt\/c\/projects\/apache\/school1\/src\/SPPDocs\/resources\/views"]
[2026-09-05 13:11:23] SPPBlade: Starting render for '/mnt/c/projects/apache/school1/src/SPPDocs/resources/views/partials/locale_switcher.blade.php'
[2026-09-05 13:11:23] SPPBlade: Rendering absolute file. ViewName: locale_switcher, Paths: ["\/mnt\/c\/projects\/apache\/school1\/src\/SPPDocs\/resources\/views\/partials","\/mnt\/c\/projects\/apache\/school1\/src\/SPPDocs\/resources\/views"]
[2026-09-05 13:11:23] SPPBlade: Render successful for locale_switcher
[2026-09-05 13:11:23] SPPBlade: Render successful for header
[2026-09-05 13:11:23] SPPBlade: Starting render for '/mnt/c/projects/apache/school1/src/SPPDocs/resources/views/partials/region.blade.php'
[2026-09-05 13:11:23] SPPBlade: Rendering absolute file. ViewName: region, Paths: ["\/mnt\/c\/projects\/apache\/school1\/src\/SPPDocs\/resources\/views\/partials","\/mnt\/c\/projects\/apache\/school1\/src\/SPPDocs\/resources\/views"]
[2026-09-05 13:11:23] SPPBlade: Starting render for '/mnt/c/projects/apache/school1/src/SPPDocs/resources/views/partials/blocks/taxonomy_tree.blade.php'
[2026-09-05 13:11:23] SPPBlade: Rendering absolute file. ViewName: taxonomy_tree, Paths: ["\/mnt\/c\/projects\/apache\/school1\/src\/SPPDocs\/resources\/views\/partials\/blocks","\/mnt\/c\/projects\/apache\/school1\/src\/SPPDocs\/resources\/views"]
[2026-09-05 13:11:23] SPPBlade: Render successful for taxonomy_tree
[2026-09-05 13:11:23] SPPBlade: Render successful for region
[2026-09-05 13:11:23] SPPBlade: Starting render for '/mnt/c/projects/apache/school1/src/SPPDocs/resources/views/partials/region.blade.php'
[2026-09-05 13:11:23] SPPBlade: Rendering absolute file. ViewName: region, Paths: ["\/mnt\/c\/projects\/apache\/school1\/src\/SPPDocs\/resources\/views\/partials","\/mnt\/c\/projects\/apache\/school1\/src\/SPPDocs\/resources\/views"]
[2026-09-05 13:11:23] SPPBlade: Starting render for '/mnt/c/projects/apache/school1/src/SPPDocs/resources/views/partials/blocks/alert.blade.php'
[2026-09-05 13:11:23] SPPBlade: Rendering absolute file. ViewName: alert, Paths: ["\/mnt\/c\/projects\/apache\/school1\/src\/SPPDocs\/resources\/views\/partials\/blocks","\/mnt\/c\/projects\/apache\/school1\/src\/SPPDocs\/resources\/views"]
[2026-09-05 13:11:23] SPPBlade: Render successful for alert
[2026-09-05 13:11:23] SPPBlade: Render successful for region
[2026-09-05 13:11:23] SPPBlade: Starting render for '/mnt/c/projects/apache/school1/src/SPPDocs/resources/views/partials/command_palette.blade.php'
[2026-09-05 13:11:23] SPPBlade: Rendering absolute file. ViewName: command_palette, Paths: ["\/mnt\/c\/projects\/apache\/school1\/src\/SPPDocs\/resources\/views\/partials","\/mnt\/c\/projects\/apache\/school1\/src\/SPPDocs\/resources\/views"]
[2026-09-05 13:11:23] SPPBlade: Render successful for command_palette
[2026-09-05 13:11:23] SPPBlade: Starting render for '/mnt/c/projects/apache/school1/src/SPPDocs/resources/views/partials/keyboard_shortcuts.blade.php'
[2026-09-05 13:11:23] SPPBlade: Rendering absolute file. ViewName: keyboard_shortcuts, Paths: ["\/mnt\/c\/projects\/apache\/school1\/src\/SPPDocs\/resources\/views\/partials","\/mnt\/c\/projects\/apache\/school1\/src\/SPPDocs\/resources\/views"]
[2026-09-05 13:11:23] SPPBlade: Render successful for keyboard_shortcuts
[2026-09-05 13:11:46] SPPBlade: Starting render for 'project.home'
[2026-09-05 13:11:46] SPPBlade: Rendering relative view 'project.home' with paths: "\/mnt\/c\/projects\/apache\/school1\/src\/SPPDocs\/resources\/views"
[2026-09-05 13:11:46] SPPBlade: Starting render for '/mnt/c/projects/apache/school1/src/SPPDocs/resources/views/partials/sidebar.blade.php'
[2026-09-05 13:11:46] SPPBlade: Rendering absolute file. ViewName: sidebar, Paths: ["\/mnt\/c\/projects\/apache\/school1\/src\/SPPDocs\/resources\/views\/partials","\/mnt\/c\/projects\/apache\/school1\/src\/SPPDocs\/resources\/views"]
[2026-09-05 13:11:46] SPPBlade: Render successful for sidebar
[2026-09-05 13:11:46] SPPBlade: Starting render for '/mnt/c/projects/apache/school1/src/SPPDocs/resources/views/partials/region.blade.php'
[2026-09-05 13:11:46] SPPBlade: Rendering absolute file. ViewName: region, Paths: ["\/mnt\/c\/projects\/apache\/school1\/src\/SPPDocs\/resources\/views\/partials","\/mnt\/c\/projects\/apache\/school1\/src\/SPPDocs\/resources\/views"]
[2026-09-05 13:11:46] SPPBlade: Starting render for '/mnt/c/projects/apache/school1/src/SPPDocs/resources/views/partials/blocks/alert.blade.php'
[2026-09-05 13:11:46] SPPBlade: Rendering absolute file. ViewName: alert, Paths: ["\/mnt\/c\/projects\/apache\/school1\/src\/SPPDocs\/resources\/views\/partials\/blocks","\/mnt\/c\/projects\/apache\/school1\/src\/SPPDocs\/resources\/views"]
[2026-09-05 13:11:46] SPPBlade: Render successful for alert
[2026-09-05 13:11:46] SPPBlade: Render successful for region
[2026-09-05 13:11:46] SPPBlade: Starting render for '/mnt/c/projects/apache/school1/src/SPPDocs/resources/views/partials/header.blade.php'
[2026-09-05 13:11:46] SPPBlade: Rendering absolute file. ViewName: header, Paths: ["\/mnt\/c\/projects\/apache\/school1\/src\/SPPDocs\/resources\/views\/partials","\/mnt\/c\/projects\/apache\/school1\/src\/SPPDocs\/resources\/views"]
[2026-09-05 13:11:46] SPPBlade: Starting render for '/mnt/c/projects/apache/school1/src/SPPDocs/resources/views/partials/locale_switcher.blade.php'
[2026-09-05 13:11:46] SPPBlade: Rendering absolute file. ViewName: locale_switcher, Paths: ["\/mnt\/c\/projects\/apache\/school1\/src\/SPPDocs\/resources\/views\/partials","\/mnt\/c\/projects\/apache\/school1\/src\/SPPDocs\/resources\/views"]
[2026-09-05 13:11:46] SPPBlade: Render successful for locale_switcher
[2026-09-05 13:11:46] SPPBlade: Render successful for header
[2026-09-05 13:11:46] SPPBlade: Starting render for '/mnt/c/projects/apache/school1/src/SPPDocs/resources/views/partials/region.blade.php'
[2026-09-05 13:11:46] SPPBlade: Rendering absolute file. ViewName: region, Paths: ["\/mnt\/c\/projects\/apache\/school1\/src\/SPPDocs\/resources\/views\/partials","\/mnt\/c\/projects\/apache\/school1\/src\/SPPDocs\/resources\/views"]
[2026-09-05 13:11:46] SPPBlade: Starting render for '/mnt/c/projects/apache/school1/src/SPPDocs/resources/views/partials/blocks/taxonomy_tree.blade.php'
[2026-09-05 13:11:46] SPPBlade: Rendering absolute file. ViewName: taxonomy_tree, Paths: ["\/mnt\/c\/projects\/apache\/school1\/src\/SPPDocs\/resources\/views\/partials\/blocks","\/mnt\/c\/projects\/apache\/school1\/src\/SPPDocs\/resources\/views"]
[2026-09-05 13:11:46] SPPBlade: Render successful for taxonomy_tree
[2026-09-05 13:11:46] SPPBlade: Render successful for region
[2026-09-05 13:11:46] SPPBlade: Starting render for '/mnt/c/projects/apache/school1/src/SPPDocs/resources/views/partials/region.blade.php'
[2026-09-05 13:11:46] SPPBlade: Rendering absolute file. ViewName: region, Paths: ["\/mnt\/c\/projects\/apache\/school1\/src\/SPPDocs\/resources\/views\/partials","\/mnt\/c\/projects\/apache\/school1\/src\/SPPDocs\/resources\/views"]
[2026-09-05 13:11:46] SPPBlade: Starting render for '/mnt/c/projects/apache/school1/src/SPPDocs/resources/views/partials/blocks/alert.blade.php'
[2026-09-05 13:11:46] SPPBlade: Rendering absolute file. ViewName: alert, Paths: ["\/mnt\/c\/projects\/apache\/school1\/src\/SPPDocs\/resources\/views\/partials\/blocks","\/mnt\/c\/projects\/apache\/school1\/src\/SPPDocs\/resources\/views"]
[2026-09-05 13:11:46] SPPBlade: Render successful for alert
[2026-09-05 13:11:46] SPPBlade: Render successful for region
[2026-09-05 13:11:46] SPPBlade: Starting render for '/mnt/c/projects/apache/school1/src/SPPDocs/resources/views/partials/command_palette.blade.php'
[2026-09-05 13:11:46] SPPBlade: Rendering absolute file. ViewName: command_palette, Paths: ["\/mnt\/c\/projects\/apache\/school1\/src\/SPPDocs\/resources\/views\/partials","\/mnt\/c\/projects\/apache\/school1\/src\/SPPDocs\/resources\/views"]
[2026-09-05 13:11:46] SPPBlade: Render successful for command_palette
[2026-09-05 13:11:46] SPPBlade: Starting render for '/mnt/c/projects/apache/school1/src/SPPDocs/resources/views/partials/keyboard_shortcuts.blade.php'
[2026-09-05 13:11:46] SPPBlade: Rendering absolute file. ViewName: keyboard_shortcuts, Paths: ["\/mnt\/c\/projects\/apache\/school1\/src\/SPPDocs\/resources\/views\/partials","\/mnt\/c\/projects\/apache\/school1\/src\/SPPDocs\/resources\/views"]
[2026-09-05 13:11:46] SPPBlade: Render successful for keyboard_shortcuts
[2026-09-05 13:11:48] DEBUG: Longest match routing: Picked 'css' for request 'css/sppdocs.css'
[2026-09-05 13:12:04] SPPBlade: Starting render for 'project.home'
[2026-09-05 13:12:04] SPPBlade: Rendering relative view 'project.home' with paths: "\/mnt\/c\/projects\/apache\/school1\/src\/SPPDocs\/resources\/views"
[2026-09-05 13:12:04] SPPBlade: Starting render for '/mnt/c/projects/apache/school1/src/SPPDocs/resources/views/partials/sidebar.blade.php'
[2026-09-05 13:12:04] SPPBlade: Rendering absolute file. ViewName: sidebar, Paths: ["\/mnt\/c\/projects\/apache\/school1\/src\/SPPDocs\/resources\/views\/partials","\/mnt\/c\/projects\/apache\/school1\/src\/SPPDocs\/resources\/views"]
[2026-09-05 13:12:04] SPPBlade: Render successful for sidebar
[2026-09-05 13:12:04] SPPBlade: Starting render for '/mnt/c/projects/apache/school1/src/SPPDocs/resources/views/partials/region.blade.php'
[2026-09-05 13:12:04] SPPBlade: Rendering absolute file. ViewName: region, Paths: ["\/mnt\/c\/projects\/apache\/school1\/src\/SPPDocs\/resources\/views\/partials","\/mnt\/c\/projects\/apache\/school1\/src\/SPPDocs\/resources\/views"]
[2026-09-05 13:12:04] SPPBlade: Starting render for '/mnt/c/projects/apache/school1/src/SPPDocs/resources/views/partials/blocks/alert.blade.php'
[2026-09-05 13:12:04] SPPBlade: Rendering absolute file. ViewName: alert, Paths: ["\/mnt\/c\/projects\/apache\/school1\/src\/SPPDocs\/resources\/views\/partials\/blocks","\/mnt\/c\/projects\/apache\/school1\/src\/SPPDocs\/resources\/views"]
[2026-09-05 13:12:04] SPPBlade: Render successful for alert
[2026-09-05 13:12:04] SPPBlade: Render successful for region
[2026-09-05 13:12:04] SPPBlade: Starting render for '/mnt/c/projects/apache/school1/src/SPPDocs/resources/views/partials/header.blade.php'
[2026-09-05 13:12:04] SPPBlade: Rendering absolute file. ViewName: header, Paths: ["\/mnt\/c\/projects\/apache\/school1\/src\/SPPDocs\/resources\/views\/partials","\/mnt\/c\/projects\/apache\/school1\/src\/SPPDocs\/resources\/views"]
[2026-09-05 13:12:04] SPPBlade: Starting render for '/mnt/c/projects/apache/school1/src/SPPDocs/resources/views/partials/locale_switcher.blade.php'
[2026-09-05 13:12:04] SPPBlade: Rendering absolute file. ViewName: locale_switcher, Paths: ["\/mnt\/c\/projects\/apache\/school1\/src\/SPPDocs\/resources\/views\/partials","\/mnt\/c\/projects\/apache\/school1\/src\/SPPDocs\/resources\/views"]
[2026-09-05 13:12:04] SPPBlade: Render successful for locale_switcher
[2026-09-05 13:12:04] SPPBlade: Render successful for header
[2026-09-05 13:12:04] SPPBlade: Starting render for '/mnt/c/projects/apache/school1/src/SPPDocs/resources/views/partials/region.blade.php'
[2026-09-05 13:12:04] SPPBlade: Rendering absolute file. ViewName: region, Paths: ["\/mnt\/c\/projects\/apache\/school1\/src\/SPPDocs\/resources\/views\/partials","\/mnt\/c\/projects\/apache\/school1\/src\/SPPDocs\/resources\/views"]
[2026-09-05 13:12:05] SPPBlade: Starting render for '/mnt/c/projects/apache/school1/src/SPPDocs/resources/views/partials/blocks/taxonomy_tree.blade.php'
[2026-09-05 13:12:05] SPPBlade: Rendering absolute file. ViewName: taxonomy_tree, Paths: ["\/mnt\/c\/projects\/apache\/school1\/src\/SPPDocs\/resources\/views\/partials\/blocks","\/mnt\/c\/projects\/apache\/school1\/src\/SPPDocs\/resources\/views"]
[2026-09-05 13:12:05] SPPBlade: Render successful for taxonomy_tree
[2026-09-05 13:12:05] SPPBlade: Render successful for region
[2026-09-05 13:12:05] SPPBlade: Starting render for '/mnt/c/projects/apache/school1/src/SPPDocs/resources/views/partials/region.blade.php'
[2026-09-05 13:12:05] SPPBlade: Rendering absolute file. ViewName: region, Paths: ["\/mnt\/c\/projects\/apache\/school1\/src\/SPPDocs\/resources\/views\/partials","\/mnt\/c\/projects\/apache\/school1\/src\/SPPDocs\/resources\/views"]
[2026-09-05 13:12:05] SPPBlade: Starting render for '/mnt/c/projects/apache/school1/src/SPPDocs/resources/views/partials/blocks/alert.blade.php'
[2026-09-05 13:12:05] SPPBlade: Rendering absolute file. ViewName: alert, Paths: ["\/mnt\/c\/projects\/apache\/school1\/src\/SPPDocs\/resources\/views\/partials\/blocks","\/mnt\/c\/projects\/apache\/school1\/src\/SPPDocs\/resources\/views"]
[2026-09-05 13:12:05] SPPBlade: Render successful for alert
[2026-09-05 13:12:05] SPPBlade: Render successful for region
[2026-09-05 13:12:05] SPPBlade: Starting render for '/mnt/c/projects/apache/school1/src/SPPDocs/resources/views/partials/command_palette.blade.php'
[2026-09-05 13:12:05] SPPBlade: Rendering absolute file. ViewName: command_palette, Paths: ["\/mnt\/c\/projects\/apache\/school1\/src\/SPPDocs\/resources\/views\/partials","\/mnt\/c\/projects\/apache\/school1\/src\/SPPDocs\/resources\/views"]
[2026-09-05 13:12:05] SPPBlade: Render successful for command_palette
[2026-09-05 13:12:05] SPPBlade: Starting render for '/mnt/c/projects/apache/school1/src/SPPDocs/resources/views/partials/keyboard_shortcuts.blade.php'
[2026-09-05 13:12:05] SPPBlade: Rendering absolute file. ViewName: keyboard_shortcuts, Paths: ["\/mnt\/c\/projects\/apache\/school1\/src\/SPPDocs\/resources\/views\/partials","\/mnt\/c\/projects\/apache\/school1\/src\/SPPDocs\/resources\/views"]
[2026-09-05 13:12:05] SPPBlade: Render successful for keyboard_shortcuts
[2026-09-05 13:12:06] DEBUG: Longest match routing: Picked 'css' for request 'css/sppdocs.css'
[2026-09-05 13:16:31] SPPBlade: Starting render for 'project.home'
[2026-09-05 13:16:31] SPPBlade: Rendering relative view 'project.home' with paths: "\/mnt\/c\/projects\/apache\/school1\/src\/SPPDocs\/resources\/views"
[2026-09-05 13:16:31] SPPBlade: Starting render for '/mnt/c/projects/apache/school1/src/SPPDocs/resources/views/partials/sidebar.blade.php'
[2026-09-05 13:16:31] SPPBlade: Rendering absolute file. ViewName: sidebar, Paths: ["\/mnt\/c\/projects\/apache\/school1\/src\/SPPDocs\/resources\/views\/partials","\/mnt\/c\/projects\/apache\/school1\/src\/SPPDocs\/resources\/views"]
[2026-09-05 13:16:32] SPPBlade: Render successful for sidebar
[2026-09-05 13:16:32] SPPBlade: Starting render for '/mnt/c/projects/apache/school1/src/SPPDocs/resources/views/partials/header.blade.php'
[2026-09-05 13:16:32] SPPBlade: Rendering absolute file. ViewName: header, Paths: ["\/mnt\/c\/projects\/apache\/school1\/src\/SPPDocs\/resources\/views\/partials","\/mnt\/c\/projects\/apache\/school1\/src\/SPPDocs\/resources\/views"]
[2026-09-05 13:16:32] SPPBlade: Starting render for '/mnt/c/projects/apache/school1/src/SPPDocs/resources/views/partials/locale_switcher.blade.php'
[2026-09-05 13:16:32] SPPBlade: Rendering absolute file. ViewName: locale_switcher, Paths: ["\/mnt\/c\/projects\/apache\/school1\/src\/SPPDocs\/resources\/views\/partials","\/mnt\/c\/projects\/apache\/school1\/src\/SPPDocs\/resources\/views"]
[2026-09-05 13:16:32] SPPBlade: Render successful for locale_switcher
[2026-09-05 13:16:32] SPPBlade: Render successful for header
[2026-09-05 13:16:32] SPPBlade: Starting render for '/mnt/c/projects/apache/school1/src/SPPDocs/resources/views/partials/region.blade.php'
[2026-09-05 13:16:32] SPPBlade: Rendering absolute file. ViewName: region, Paths: ["\/mnt\/c\/projects\/apache\/school1\/src\/SPPDocs\/resources\/views\/partials","\/mnt\/c\/projects\/apache\/school1\/src\/SPPDocs\/resources\/views"]
[2026-09-05 13:16:32] SPPBlade: Starting render for '/mnt/c/projects/apache/school1/src/SPPDocs/resources/views/partials/blocks/taxonomy_tree.blade.php'
[2026-09-05 13:16:32] SPPBlade: Rendering absolute file. ViewName: taxonomy_tree, Paths: ["\/mnt\/c\/projects\/apache\/school1\/src\/SPPDocs\/resources\/views\/partials\/blocks","\/mnt\/c\/projects\/apache\/school1\/src\/SPPDocs\/resources\/views"]
[2026-09-05 13:16:32] SPPBlade: Render successful for taxonomy_tree
[2026-09-05 13:16:32] SPPBlade: Render successful for region
[2026-09-05 13:16:32] SPPBlade: Starting render for '/mnt/c/projects/apache/school1/src/SPPDocs/resources/views/partials/command_palette.blade.php'
[2026-09-05 13:16:32] SPPBlade: Rendering absolute file. ViewName: command_palette, Paths: ["\/mnt\/c\/projects\/apache\/school1\/src\/SPPDocs\/resources\/views\/partials","\/mnt\/c\/projects\/apache\/school1\/src\/SPPDocs\/resources\/views"]
[2026-09-05 13:16:32] SPPBlade: Render successful for command_palette
[2026-09-05 13:16:32] SPPBlade: Starting render for '/mnt/c/projects/apache/school1/src/SPPDocs/resources/views/partials/keyboard_shortcuts.blade.php'
[2026-09-05 13:16:32] SPPBlade: Rendering absolute file. ViewName: keyboard_shortcuts, Paths: ["\/mnt\/c\/projects\/apache\/school1\/src\/SPPDocs\/resources\/views\/partials","\/mnt\/c\/projects\/apache\/school1\/src\/SPPDocs\/resources\/views"]
[2026-09-05 13:16:32] SPPBlade: Render successful for keyboard_shortcuts
[2026-09-05 13:21:55] SPPBlade: Starting render for 'project.home'
[2026-09-05 13:21:55] SPPBlade: Rendering relative view 'project.home' with paths: "\/mnt\/c\/projects\/apache\/school1\/src\/SPPDocs\/resources\/views"
[2026-09-05 13:21:55] SPPBlade: Starting render for '/mnt/c/projects/apache/school1/src/SPPDocs/resources/views/partials/sidebar.blade.php'
[2026-09-05 13:21:55] SPPBlade: Rendering absolute file. ViewName: sidebar, Paths: ["\/mnt\/c\/projects\/apache\/school1\/src\/SPPDocs\/resources\/views\/partials","\/mnt\/c\/projects\/apache\/school1\/src\/SPPDocs\/resources\/views"]
[2026-09-05 13:21:55] SPPBlade: Render successful for sidebar
[2026-09-05 13:21:55] SPPBlade: Starting render for '/mnt/c/projects/apache/school1/src/SPPDocs/resources/views/partials/header.blade.php'
[2026-09-05 13:21:55] SPPBlade: Rendering absolute file. ViewName: header, Paths: ["\/mnt\/c\/projects\/apache\/school1\/src\/SPPDocs\/resources\/views\/partials","\/mnt\/c\/projects\/apache\/school1\/src\/SPPDocs\/resources\/views"]
[2026-09-05 13:21:55] SPPBlade: Starting render for '/mnt/c/projects/apache/school1/src/SPPDocs/resources/views/partials/locale_switcher.blade.php'
[2026-09-05 13:21:55] SPPBlade: Rendering absolute file. ViewName: locale_switcher, Paths: ["\/mnt\/c\/projects\/apache\/school1\/src\/SPPDocs\/resources\/views\/partials","\/mnt\/c\/projects\/apache\/school1\/src\/SPPDocs\/resources\/views"]
[2026-09-05 13:21:55] SPPBlade: Render successful for locale_switcher
[2026-09-05 13:21:55] SPPBlade: Render successful for header
[2026-09-05 13:21:55] SPPBlade: Starting render for '/mnt/c/projects/apache/school1/src/SPPDocs/resources/views/partials/region.blade.php'
[2026-09-05 13:21:55] SPPBlade: Rendering absolute file. ViewName: region, Paths: ["\/mnt\/c\/projects\/apache\/school1\/src\/SPPDocs\/resources\/views\/partials","\/mnt\/c\/projects\/apache\/school1\/src\/SPPDocs\/resources\/views"]
[2026-09-05 13:21:55] SPPBlade: Starting render for '/mnt/c/projects/apache/school1/src/SPPDocs/resources/views/partials/blocks/taxonomy_tree.blade.php'
[2026-09-05 13:21:55] SPPBlade: Rendering absolute file. ViewName: taxonomy_tree, Paths: ["\/mnt\/c\/projects\/apache\/school1\/src\/SPPDocs\/resources\/views\/partials\/blocks","\/mnt\/c\/projects\/apache\/school1\/src\/SPPDocs\/resources\/views"]
[2026-09-05 13:21:55] SPPBlade: Render successful for taxonomy_tree
[2026-09-05 13:21:55] SPPBlade: Render successful for region
[2026-09-05 13:21:55] SPPBlade: Starting render for '/mnt/c/projects/apache/school1/src/SPPDocs/resources/views/partials/command_palette.blade.php'
[2026-09-05 13:21:55] SPPBlade: Rendering absolute file. ViewName: command_palette, Paths: ["\/mnt\/c\/projects\/apache\/school1\/src\/SPPDocs\/resources\/views\/partials","\/mnt\/c\/projects\/apache\/school1\/src\/SPPDocs\/resources\/views"]
[2026-09-05 13:21:55] SPPBlade: Render successful for command_palette
[2026-09-05 13:21:55] SPPBlade: Starting render for '/mnt/c/projects/apache/school1/src/SPPDocs/resources/views/partials/keyboard_shortcuts.blade.php'
[2026-09-05 13:21:55] SPPBlade: Rendering absolute file. ViewName: keyboard_shortcuts, Paths: ["\/mnt\/c\/projects\/apache\/school1\/src\/SPPDocs\/resources\/views\/partials","\/mnt\/c\/projects\/apache\/school1\/src\/SPPDocs\/resources\/views"]
[2026-09-05 13:21:55] SPPBlade: Render successful for keyboard_shortcuts
[2026-09-05 13:21:57] DEBUG: Longest match routing: Picked 'css' for request 'css/sppdocs.css'
[2026-09-05 13:24:27] DEBUG: Longest match routing: Picked 'docs' for request 'docs/demo-app/v1/es'
[2026-09-05 13:24:28] SPPBlade: Starting render for 'errors/404'
[2026-09-05 13:24:28] SPPBlade: Rendering relative view 'errors/404' with paths: "\/mnt\/c\/projects\/apache\/school1\/src\/SPPDocs\/resources\/views"
[2026-09-05 13:24:28] SPPBlade: Starting render for '/mnt/c/projects/apache/school1/src/SPPDocs/resources/views/partials/header.blade.php'
[2026-09-05 13:24:28] SPPBlade: Rendering absolute file. ViewName: header, Paths: ["\/mnt\/c\/projects\/apache\/school1\/src\/SPPDocs\/resources\/views\/partials","\/mnt\/c\/projects\/apache\/school1\/src\/SPPDocs\/resources\/views"]
[2026-09-05 13:24:28] SPPBlade: Starting render for '/mnt/c/projects/apache/school1/src/SPPDocs/resources/views/partials/locale_switcher.blade.php'
[2026-09-05 13:24:28] SPPBlade: Rendering absolute file. ViewName: locale_switcher, Paths: ["\/mnt\/c\/projects\/apache\/school1\/src\/SPPDocs\/resources\/views\/partials","\/mnt\/c\/projects\/apache\/school1\/src\/SPPDocs\/resources\/views"]
[2026-09-05 13:24:28] SPPBlade: Render successful for locale_switcher
[2026-09-05 13:24:28] SPPBlade: Render successful for header
[2026-09-05 13:24:28] SPPBlade: Starting render for '/mnt/c/projects/apache/school1/src/SPPDocs/resources/views/partials/region.blade.php'
[2026-09-05 13:24:28] SPPBlade: Rendering absolute file. ViewName: region, Paths: ["\/mnt\/c\/projects\/apache\/school1\/src\/SPPDocs\/resources\/views\/partials","\/mnt\/c\/projects\/apache\/school1\/src\/SPPDocs\/resources\/views"]
[2026-09-05 13:24:28] SPPBlade: Starting render for '/mnt/c/projects/apache/school1/src/SPPDocs/resources/views/partials/blocks/taxonomy_tree.blade.php'
[2026-09-05 13:24:28] SPPBlade: Rendering absolute file. ViewName: taxonomy_tree, Paths: ["\/mnt\/c\/projects\/apache\/school1\/src\/SPPDocs\/resources\/views\/partials\/blocks","\/mnt\/c\/projects\/apache\/school1\/src\/SPPDocs\/resources\/views"]
[2026-09-05 13:24:28] SPPBlade: Render successful for taxonomy_tree
[2026-09-05 13:24:28] SPPBlade: Render successful for region
[2026-09-05 13:24:28] SPPBlade: Starting render for '/mnt/c/projects/apache/school1/src/SPPDocs/resources/views/partials/command_palette.blade.php'
[2026-09-05 13:24:28] SPPBlade: Rendering absolute file. ViewName: command_palette, Paths: ["\/mnt\/c\/projects\/apache\/school1\/src\/SPPDocs\/resources\/views\/partials","\/mnt\/c\/projects\/apache\/school1\/src\/SPPDocs\/resources\/views"]
[2026-09-05 13:24:28] SPPBlade: Render successful for command_palette
[2026-09-05 13:24:28] SPPBlade: Starting render for '/mnt/c/projects/apache/school1/src/SPPDocs/resources/views/partials/keyboard_shortcuts.blade.php'
[2026-09-05 13:24:28] SPPBlade: Rendering absolute file. ViewName: keyboard_shortcuts, Paths: ["\/mnt\/c\/projects\/apache\/school1\/src\/SPPDocs\/resources\/views\/partials","\/mnt\/c\/projects\/apache\/school1\/src\/SPPDocs\/resources\/views"]
[2026-09-05 13:24:28] SPPBlade: Render successful for keyboard_shortcuts
[2026-09-05 13:24:30] DEBUG: Longest match routing: Picked 'assets' for request 'assets/logo.jpg'
[2026-09-05 13:24:30] DEBUG: Longest match routing: Picked 'css' for request 'css/sppdocs.css'
[2026-09-05 13:24:39] DEBUG: Longest match routing: Picked 'docs' for request 'docs/v1'
[2026-09-05 13:24:40] SPPBlade: Starting render for 'errors/404'
[2026-09-05 13:24:40] SPPBlade: Rendering relative view 'errors/404' with paths: "\/mnt\/c\/projects\/apache\/school1\/src\/SPPDocs\/resources\/views"
[2026-09-05 13:24:40] SPPBlade: Starting render for '/mnt/c/projects/apache/school1/src/SPPDocs/resources/views/partials/header.blade.php'
[2026-09-05 13:24:40] SPPBlade: Rendering absolute file. ViewName: header, Paths: ["\/mnt\/c\/projects\/apache\/school1\/src\/SPPDocs\/resources\/views\/partials","\/mnt\/c\/projects\/apache\/school1\/src\/SPPDocs\/resources\/views"]
[2026-09-05 13:24:40] SPPBlade: Starting render for '/mnt/c/projects/apache/school1/src/SPPDocs/resources/views/partials/locale_switcher.blade.php'
[2026-09-05 13:24:40] SPPBlade: Rendering absolute file. ViewName: locale_switcher, Paths: ["\/mnt\/c\/projects\/apache\/school1\/src\/SPPDocs\/resources\/views\/partials","\/mnt\/c\/projects\/apache\/school1\/src\/SPPDocs\/resources\/views"]
[2026-09-05 13:24:40] SPPBlade: Render successful for locale_switcher
[2026-09-05 13:24:40] SPPBlade: Render successful for header
[2026-09-05 13:24:40] SPPBlade: Starting render for '/mnt/c/projects/apache/school1/src/SPPDocs/resources/views/partials/region.blade.php'
[2026-09-05 13:24:40] SPPBlade: Rendering absolute file. ViewName: region, Paths: ["\/mnt\/c\/projects\/apache\/school1\/src\/SPPDocs\/resources\/views\/partials","\/mnt\/c\/projects\/apache\/school1\/src\/SPPDocs\/resources\/views"]
[2026-09-05 13:24:40] SPPBlade: Starting render for '/mnt/c/projects/apache/school1/src/SPPDocs/resources/views/partials/blocks/taxonomy_tree.blade.php'
[2026-09-05 13:24:40] SPPBlade: Rendering absolute file. ViewName: taxonomy_tree, Paths: ["\/mnt\/c\/projects\/apache\/school1\/src\/SPPDocs\/resources\/views\/partials\/blocks","\/mnt\/c\/projects\/apache\/school1\/src\/SPPDocs\/resources\/views"]
[2026-09-05 13:24:40] SPPBlade: Render successful for taxonomy_tree
[2026-09-05 13:24:40] SPPBlade: Render successful for region
[2026-09-05 13:24:40] SPPBlade: Starting render for '/mnt/c/projects/apache/school1/src/SPPDocs/resources/views/partials/command_palette.blade.php'
[2026-09-05 13:24:40] SPPBlade: Rendering absolute file. ViewName: command_palette, Paths: ["\/mnt\/c\/projects\/apache\/school1\/src\/SPPDocs\/resources\/views\/partials","\/mnt\/c\/projects\/apache\/school1\/src\/SPPDocs\/resources\/views"]
[2026-09-05 13:24:40] SPPBlade: Render successful for command_palette
[2026-09-05 13:24:40] SPPBlade: Starting render for '/mnt/c/projects/apache/school1/src/SPPDocs/resources/views/partials/keyboard_shortcuts.blade.php'
[2026-09-05 13:24:40] SPPBlade: Rendering absolute file. ViewName: keyboard_shortcuts, Paths: ["\/mnt\/c\/projects\/apache\/school1\/src\/SPPDocs\/resources\/views\/partials","\/mnt\/c\/projects\/apache\/school1\/src\/SPPDocs\/resources\/views"]
[2026-09-05 13:24:40] SPPBlade: Render successful for keyboard_shortcuts
[2026-09-05 13:24:42] DEBUG: Longest match routing: Picked 'css' for request 'css/sppdocs.css'
[2026-09-05 13:24:42] DEBUG: Longest match routing: Picked 'assets' for request 'assets/logo.jpg'
[2026-09-05 13:24:50] SPPBlade: Starting render for 'errors/404'
[2026-09-05 13:24:50] SPPBlade: Rendering relative view 'errors/404' with paths: "\/mnt\/c\/projects\/apache\/school1\/src\/SPPDocs\/resources\/views"
[2026-09-05 13:24:50] SPPBlade: Starting render for '/mnt/c/projects/apache/school1/src/SPPDocs/resources/views/partials/header.blade.php'
[2026-09-05 13:24:50] SPPBlade: Rendering absolute file. ViewName: header, Paths: ["\/mnt\/c\/projects\/apache\/school1\/src\/SPPDocs\/resources\/views\/partials","\/mnt\/c\/projects\/apache\/school1\/src\/SPPDocs\/resources\/views"]
[2026-09-05 13:24:50] SPPBlade: Starting render for '/mnt/c/projects/apache/school1/src/SPPDocs/resources/views/partials/locale_switcher.blade.php'
[2026-09-05 13:24:50] SPPBlade: Rendering absolute file. ViewName: locale_switcher, Paths: ["\/mnt\/c\/projects\/apache\/school1\/src\/SPPDocs\/resources\/views\/partials","\/mnt\/c\/projects\/apache\/school1\/src\/SPPDocs\/resources\/views"]
[2026-09-05 13:24:50] SPPBlade: Render successful for locale_switcher
[2026-09-05 13:24:50] SPPBlade: Render successful for header
[2026-09-05 13:24:50] SPPBlade: Starting render for '/mnt/c/projects/apache/school1/src/SPPDocs/resources/views/partials/region.blade.php'
[2026-09-05 13:24:50] SPPBlade: Rendering absolute file. ViewName: region, Paths: ["\/mnt\/c\/projects\/apache\/school1\/src\/SPPDocs\/resources\/views\/partials","\/mnt\/c\/projects\/apache\/school1\/src\/SPPDocs\/resources\/views"]
[2026-09-05 13:24:50] SPPBlade: Starting render for '/mnt/c/projects/apache/school1/src/SPPDocs/resources/views/partials/blocks/taxonomy_tree.blade.php'
[2026-09-05 13:24:50] SPPBlade: Rendering absolute file. ViewName: taxonomy_tree, Paths: ["\/mnt\/c\/projects\/apache\/school1\/src\/SPPDocs\/resources\/views\/partials\/blocks","\/mnt\/c\/projects\/apache\/school1\/src\/SPPDocs\/resources\/views"]
[2026-09-05 13:24:50] SPPBlade: Render successful for taxonomy_tree
[2026-09-05 13:24:50] SPPBlade: Render successful for region
[2026-09-05 13:24:50] SPPBlade: Starting render for '/mnt/c/projects/apache/school1/src/SPPDocs/resources/views/partials/command_palette.blade.php'
[2026-09-05 13:24:50] SPPBlade: Rendering absolute file. ViewName: command_palette, Paths: ["\/mnt\/c\/projects\/apache\/school1\/src\/SPPDocs\/resources\/views\/partials","\/mnt\/c\/projects\/apache\/school1\/src\/SPPDocs\/resources\/views"]
[2026-09-05 13:24:50] SPPBlade: Render successful for command_palette
[2026-09-05 13:24:50] SPPBlade: Starting render for '/mnt/c/projects/apache/school1/src/SPPDocs/resources/views/partials/keyboard_shortcuts.blade.php'
[2026-09-05 13:24:50] SPPBlade: Rendering absolute file. ViewName: keyboard_shortcuts, Paths: ["\/mnt\/c\/projects\/apache\/school1\/src\/SPPDocs\/resources\/views\/partials","\/mnt\/c\/projects\/apache\/school1\/src\/SPPDocs\/resources\/views"]
[2026-09-05 13:24:50] SPPBlade: Render successful for keyboard_shortcuts
[2026-09-05 13:24:51] DEBUG: Longest match routing: Picked 'css' for request 'css/sppdocs.css'
[2026-09-05 13:24:51] DEBUG: Longest match routing: Picked 'assets' for request 'assets/logo.jpg'
[2026-09-05 13:25:17] SPPBlade: Starting render for 'errors/404'
[2026-09-05 13:25:17] SPPBlade: Rendering relative view 'errors/404' with paths: "\/mnt\/c\/projects\/apache\/school1\/src\/SPPDocs\/resources\/views"
[2026-09-05 13:25:17] SPPBlade: Starting render for '/mnt/c/projects/apache/school1/src/SPPDocs/resources/views/partials/header.blade.php'
[2026-09-05 13:25:17] SPPBlade: Rendering absolute file. ViewName: header, Paths: ["\/mnt\/c\/projects\/apache\/school1\/src\/SPPDocs\/resources\/views\/partials","\/mnt\/c\/projects\/apache\/school1\/src\/SPPDocs\/resources\/views"]
[2026-09-05 13:25:17] SPPBlade: Starting render for '/mnt/c/projects/apache/school1/src/SPPDocs/resources/views/partials/locale_switcher.blade.php'
[2026-09-05 13:25:17] SPPBlade: Rendering absolute file. ViewName: locale_switcher, Paths: ["\/mnt\/c\/projects\/apache\/school1\/src\/SPPDocs\/resources\/views\/partials","\/mnt\/c\/projects\/apache\/school1\/src\/SPPDocs\/resources\/views"]
[2026-09-05 13:25:17] SPPBlade: Render successful for locale_switcher
[2026-09-05 13:25:17] SPPBlade: Render successful for header
[2026-09-05 13:25:17] SPPBlade: Starting render for '/mnt/c/projects/apache/school1/src/SPPDocs/resources/views/partials/region.blade.php'
[2026-09-05 13:25:17] SPPBlade: Rendering absolute file. ViewName: region, Paths: ["\/mnt\/c\/projects\/apache\/school1\/src\/SPPDocs\/resources\/views\/partials","\/mnt\/c\/projects\/apache\/school1\/src\/SPPDocs\/resources\/views"]
[2026-09-05 13:25:17] SPPBlade: Starting render for '/mnt/c/projects/apache/school1/src/SPPDocs/resources/views/partials/blocks/taxonomy_tree.blade.php'
[2026-09-05 13:25:17] SPPBlade: Rendering absolute file. ViewName: taxonomy_tree, Paths: ["\/mnt\/c\/projects\/apache\/school1\/src\/SPPDocs\/resources\/views\/partials\/blocks","\/mnt\/c\/projects\/apache\/school1\/src\/SPPDocs\/resources\/views"]
[2026-09-05 13:25:17] SPPBlade: Render successful for taxonomy_tree
[2026-09-05 13:25:17] SPPBlade: Render successful for region
[2026-09-05 13:25:17] SPPBlade: Starting render for '/mnt/c/projects/apache/school1/src/SPPDocs/resources/views/partials/command_palette.blade.php'
[2026-09-05 13:25:17] SPPBlade: Rendering absolute file. ViewName: command_palette, Paths: ["\/mnt\/c\/projects\/apache\/school1\/src\/SPPDocs\/resources\/views\/partials","\/mnt\/c\/projects\/apache\/school1\/src\/SPPDocs\/resources\/views"]
[2026-09-05 13:25:17] SPPBlade: Render successful for command_palette
[2026-09-05 13:25:17] SPPBlade: Starting render for '/mnt/c/projects/apache/school1/src/SPPDocs/resources/views/partials/keyboard_shortcuts.blade.php'
[2026-09-05 13:25:17] SPPBlade: Rendering absolute file. ViewName: keyboard_shortcuts, Paths: ["\/mnt\/c\/projects\/apache\/school1\/src\/SPPDocs\/resources\/views\/partials","\/mnt\/c\/projects\/apache\/school1\/src\/SPPDocs\/resources\/views"]
[2026-09-05 13:25:18] SPPBlade: Render successful for keyboard_shortcuts
[2026-09-05 13:25:19] DEBUG: Longest match routing: Picked 'assets' for request 'assets/logo.jpg'
[2026-09-05 13:25:19] DEBUG: Longest match routing: Picked 'css' for request 'css/sppdocs.css'
[2026-09-05 14:31:27] SPPBlade: Starting render for 'project.home'
[2026-09-05 14:31:27] SPPBlade: Rendering relative view 'project.home' with paths: "\/mnt\/c\/projects\/apache\/school1\/src\/SPPDocs\/resources\/views"
[2026-09-05 14:31:27] SPPBlade: Starting render for '/mnt/c/projects/apache/school1/src/SPPDocs/resources/views/partials/sidebar.blade.php'
[2026-09-05 14:31:27] SPPBlade: Rendering absolute file. ViewName: sidebar, Paths: ["\/mnt\/c\/projects\/apache\/school1\/src\/SPPDocs\/resources\/views\/partials","\/mnt\/c\/projects\/apache\/school1\/src\/SPPDocs\/resources\/views"]
[2026-09-05 14:31:27] SPPBlade: Render successful for sidebar
[2026-09-05 14:31:27] SPPBlade: Starting render for '/mnt/c/projects/apache/school1/src/SPPDocs/resources/views/partials/header.blade.php'
[2026-09-05 14:31:27] SPPBlade: Rendering absolute file. ViewName: header, Paths: ["\/mnt\/c\/projects\/apache\/school1\/src\/SPPDocs\/resources\/views\/partials","\/mnt\/c\/projects\/apache\/school1\/src\/SPPDocs\/resources\/views"]
[2026-09-05 14:31:27] SPPBlade: Starting render for '/mnt/c/projects/apache/school1/src/SPPDocs/resources/views/partials/locale_switcher.blade.php'
[2026-09-05 14:31:27] SPPBlade: Rendering absolute file. ViewName: locale_switcher, Paths: ["\/mnt\/c\/projects\/apache\/school1\/src\/SPPDocs\/resources\/views\/partials","\/mnt\/c\/projects\/apache\/school1\/src\/SPPDocs\/resources\/views"]
[2026-09-05 14:31:27] SPPBlade: Render successful for locale_switcher
[2026-09-05 14:31:27] SPPBlade: Render successful for header
[2026-09-05 14:31:28] SPPBlade: Starting render for '/mnt/c/projects/apache/school1/src/SPPDocs/resources/views/partials/region.blade.php'
[2026-09-05 14:31:28] SPPBlade: Rendering absolute file. ViewName: region, Paths: ["\/mnt\/c\/projects\/apache\/school1\/src\/SPPDocs\/resources\/views\/partials","\/mnt\/c\/projects\/apache\/school1\/src\/SPPDocs\/resources\/views"]
[2026-09-05 14:31:28] SPPBlade: Starting render for '/mnt/c/projects/apache/school1/src/SPPDocs/resources/views/partials/blocks/taxonomy_tree.blade.php'
[2026-09-05 14:31:28] SPPBlade: Rendering absolute file. ViewName: taxonomy_tree, Paths: ["\/mnt\/c\/projects\/apache\/school1\/src\/SPPDocs\/resources\/views\/partials\/blocks","\/mnt\/c\/projects\/apache\/school1\/src\/SPPDocs\/resources\/views"]
[2026-09-05 14:31:28] SPPBlade: Render successful for taxonomy_tree
[2026-09-05 14:31:28] SPPBlade: Render successful for region
[2026-09-05 14:31:28] SPPBlade: Starting render for '/mnt/c/projects/apache/school1/src/SPPDocs/resources/views/partials/command_palette.blade.php'
[2026-09-05 14:31:28] SPPBlade: Rendering absolute file. ViewName: command_palette, Paths: ["\/mnt\/c\/projects\/apache\/school1\/src\/SPPDocs\/resources\/views\/partials","\/mnt\/c\/projects\/apache\/school1\/src\/SPPDocs\/resources\/views"]
[2026-09-05 14:31:28] SPPBlade: Render successful for command_palette
[2026-09-05 14:31:28] SPPBlade: Starting render for '/mnt/c/projects/apache/school1/src/SPPDocs/resources/views/partials/keyboard_shortcuts.blade.php'
[2026-09-05 14:31:28] SPPBlade: Rendering absolute file. ViewName: keyboard_shortcuts, Paths: ["\/mnt\/c\/projects\/apache\/school1\/src\/SPPDocs\/resources\/views\/partials","\/mnt\/c\/projects\/apache\/school1\/src\/SPPDocs\/resources\/views"]
[2026-09-05 14:31:28] SPPBlade: Render successful for keyboard_shortcuts
[2026-09-05 14:31:45] SPPBlade: Starting render for 'project.home'
[2026-09-05 14:31:45] SPPBlade: Rendering relative view 'project.home' with paths: "\/mnt\/c\/projects\/apache\/school1\/src\/SPPDocs\/resources\/views"
[2026-09-05 14:31:45] SPPBlade: Starting render for '/mnt/c/projects/apache/school1/src/SPPDocs/resources/views/partials/sidebar.blade.php'
[2026-09-05 14:31:45] SPPBlade: Rendering absolute file. ViewName: sidebar, Paths: ["\/mnt\/c\/projects\/apache\/school1\/src\/SPPDocs\/resources\/views\/partials","\/mnt\/c\/projects\/apache\/school1\/src\/SPPDocs\/resources\/views"]
[2026-09-05 14:31:45] SPPBlade: Render successful for sidebar
[2026-09-05 14:31:45] SPPBlade: Starting render for '/mnt/c/projects/apache/school1/src/SPPDocs/resources/views/partials/header.blade.php'
[2026-09-05 14:31:45] SPPBlade: Rendering absolute file. ViewName: header, Paths: ["\/mnt\/c\/projects\/apache\/school1\/src\/SPPDocs\/resources\/views\/partials","\/mnt\/c\/projects\/apache\/school1\/src\/SPPDocs\/resources\/views"]
[2026-09-05 14:31:45] SPPBlade: Starting render for '/mnt/c/projects/apache/school1/src/SPPDocs/resources/views/partials/locale_switcher.blade.php'
[2026-09-05 14:31:45] SPPBlade: Rendering absolute file. ViewName: locale_switcher, Paths: ["\/mnt\/c\/projects\/apache\/school1\/src\/SPPDocs\/resources\/views\/partials","\/mnt\/c\/projects\/apache\/school1\/src\/SPPDocs\/resources\/views"]
[2026-09-05 14:31:45] SPPBlade: Render successful for locale_switcher
[2026-09-05 14:31:45] SPPBlade: Render successful for header
[2026-09-05 14:31:45] SPPBlade: Starting render for '/mnt/c/projects/apache/school1/src/SPPDocs/resources/views/partials/region.blade.php'
[2026-09-05 14:31:45] SPPBlade: Rendering absolute file. ViewName: region, Paths: ["\/mnt\/c\/projects\/apache\/school1\/src\/SPPDocs\/resources\/views\/partials","\/mnt\/c\/projects\/apache\/school1\/src\/SPPDocs\/resources\/views"]
[2026-09-05 14:31:45] SPPBlade: Starting render for '/mnt/c/projects/apache/school1/src/SPPDocs/resources/views/partials/blocks/taxonomy_tree.blade.php'
[2026-09-05 14:31:45] SPPBlade: Rendering absolute file. ViewName: taxonomy_tree, Paths: ["\/mnt\/c\/projects\/apache\/school1\/src\/SPPDocs\/resources\/views\/partials\/blocks","\/mnt\/c\/projects\/apache\/school1\/src\/SPPDocs\/resources\/views"]
[2026-09-05 14:31:45] SPPBlade: Render successful for taxonomy_tree
[2026-09-05 14:31:45] SPPBlade: Render successful for region
[2026-09-05 14:31:45] SPPBlade: Starting render for '/mnt/c/projects/apache/school1/src/SPPDocs/resources/views/partials/command_palette.blade.php'
[2026-09-05 14:31:45] SPPBlade: Rendering absolute file. ViewName: command_palette, Paths: ["\/mnt\/c\/projects\/apache\/school1\/src\/SPPDocs\/resources\/views\/partials","\/mnt\/c\/projects\/apache\/school1\/src\/SPPDocs\/resources\/views"]
[2026-09-05 14:31:45] SPPBlade: Render successful for command_palette
[2026-09-05 14:31:46] SPPBlade: Starting render for '/mnt/c/projects/apache/school1/src/SPPDocs/resources/views/partials/keyboard_shortcuts.blade.php'
[2026-09-05 14:31:46] SPPBlade: Rendering absolute file. ViewName: keyboard_shortcuts, Paths: ["\/mnt\/c\/projects\/apache\/school1\/src\/SPPDocs\/resources\/views\/partials","\/mnt\/c\/projects\/apache\/school1\/src\/SPPDocs\/resources\/views"]
[2026-09-05 14:31:46] SPPBlade: Render successful for keyboard_shortcuts
[2026-09-05 14:33:34] SPPBlade: Starting render for 'project.home'
[2026-09-05 14:33:34] SPPBlade: Rendering relative view 'project.home' with paths: "\/mnt\/c\/projects\/apache\/school1\/src\/SPPDocs\/resources\/views"
[2026-09-05 14:33:34] SPPBlade: Starting render for '/mnt/c/projects/apache/school1/src/SPPDocs/resources/views/partials/sidebar.blade.php'
[2026-09-05 14:33:34] SPPBlade: Rendering absolute file. ViewName: sidebar, Paths: ["\/mnt\/c\/projects\/apache\/school1\/src\/SPPDocs\/resources\/views\/partials","\/mnt\/c\/projects\/apache\/school1\/src\/SPPDocs\/resources\/views"]
[2026-09-05 14:33:34] SPPBlade: Render successful for sidebar
[2026-09-05 14:33:34] SPPBlade: Starting render for '/mnt/c/projects/apache/school1/src/SPPDocs/resources/views/partials/header.blade.php'
[2026-09-05 14:33:35] SPPBlade: Rendering absolute file. ViewName: header, Paths: ["\/mnt\/c\/projects\/apache\/school1\/src\/SPPDocs\/resources\/views\/partials","\/mnt\/c\/projects\/apache\/school1\/src\/SPPDocs\/resources\/views"]
[2026-09-05 14:33:35] SPPBlade: Starting render for '/mnt/c/projects/apache/school1/src/SPPDocs/resources/views/partials/locale_switcher.blade.php'
[2026-09-05 14:33:35] SPPBlade: Rendering absolute file. ViewName: locale_switcher, Paths: ["\/mnt\/c\/projects\/apache\/school1\/src\/SPPDocs\/resources\/views\/partials","\/mnt\/c\/projects\/apache\/school1\/src\/SPPDocs\/resources\/views"]
[2026-09-05 14:33:35] SPPBlade: Render successful for locale_switcher
[2026-09-05 14:33:35] SPPBlade: Render successful for header
[2026-09-05 14:33:35] SPPBlade: Starting render for '/mnt/c/projects/apache/school1/src/SPPDocs/resources/views/partials/region.blade.php'
[2026-09-05 14:33:35] SPPBlade: Rendering absolute file. ViewName: region, Paths: ["\/mnt\/c\/projects\/apache\/school1\/src\/SPPDocs\/resources\/views\/partials","\/mnt\/c\/projects\/apache\/school1\/src\/SPPDocs\/resources\/views"]
[2026-09-05 14:33:35] SPPBlade: Starting render for '/mnt/c/projects/apache/school1/src/SPPDocs/resources/views/partials/blocks/taxonomy_tree.blade.php'
[2026-09-05 14:33:35] SPPBlade: Rendering absolute file. ViewName: taxonomy_tree, Paths: ["\/mnt\/c\/projects\/apache\/school1\/src\/SPPDocs\/resources\/views\/partials\/blocks","\/mnt\/c\/projects\/apache\/school1\/src\/SPPDocs\/resources\/views"]
[2026-09-05 14:33:35] SPPBlade: Render successful for taxonomy_tree
[2026-09-05 14:33:35] SPPBlade: Render successful for region
[2026-09-05 14:33:35] SPPBlade: Starting render for '/mnt/c/projects/apache/school1/src/SPPDocs/resources/views/partials/command_palette.blade.php'
[2026-09-05 14:33:35] SPPBlade: Rendering absolute file. ViewName: command_palette, Paths: ["\/mnt\/c\/projects\/apache\/school1\/src\/SPPDocs\/resources\/views\/partials","\/mnt\/c\/projects\/apache\/school1\/src\/SPPDocs\/resources\/views"]
[2026-09-05 14:33:35] SPPBlade: Render successful for command_palette
[2026-09-05 14:33:35] SPPBlade: Starting render for '/mnt/c/projects/apache/school1/src/SPPDocs/resources/views/partials/keyboard_shortcuts.blade.php'
[2026-09-05 14:33:35] SPPBlade: Rendering absolute file. ViewName: keyboard_shortcuts, Paths: ["\/mnt\/c\/projects\/apache\/school1\/src\/SPPDocs\/resources\/views\/partials","\/mnt\/c\/projects\/apache\/school1\/src\/SPPDocs\/resources\/views"]
[2026-09-05 14:33:35] SPPBlade: Render successful for keyboard_shortcuts
[2026-09-05 14:33:38] DEBUG: Longest match routing: Picked 'css' for request 'css/sppdocs.css'
[2026-09-05 16:36:04] SPPBlade: Starting render for 'admin.modules'
[2026-09-05 16:36:04] SPPBlade: Rendering relative view 'admin.modules' with paths: "C:\/projects\/apache\/school1\/src\/SPPDocs\/resources\/views"
[2026-09-05 16:36:05] SPPBlade: Starting render for 'C:\projects\apache\school1/src/SPPDocs/resources/views/partials/command_palette.blade.php'
[2026-09-05 16:36:05] SPPBlade: Rendering absolute file. ViewName: command_palette, Paths: ["C:\\projects\\apache\\school1\/src\/SPPDocs\/resources\/views\/partials","C:\\projects\\apache\\school1\/src\/SPPDocs\/resources\/views","C:\/projects\/apache\/school1\/src\/SPPDocs\/resources\/views"]
[2026-09-05 16:36:05] SPPBlade: Render successful for command_palette
[2026-09-05 16:36:05] SPPBlade: Starting render for 'C:\projects\apache\school1/src/SPPDocs/resources/views/partials/keyboard_shortcuts.blade.php'
[2026-09-05 16:36:05] SPPBlade: Rendering absolute file. ViewName: keyboard_shortcuts, Paths: ["C:\\projects\\apache\\school1\/src\/SPPDocs\/resources\/views\/partials","C:\\projects\\apache\\school1\/src\/SPPDocs\/resources\/views","C:\/projects\/apache\/school1\/src\/SPPDocs\/resources\/views"]
[2026-09-05 16:36:05] SPPBlade: Render successful for keyboard_shortcuts
[2026-09-05 14:54:08] SPPBlade: Starting render for 'admin.login'
[2026-09-05 14:54:08] SPPBlade: Rendering relative view 'admin.login' with paths: "\/mnt\/c\/projects\/apache\/school1\/src\/SPPDocs\/resources\/views"
[2026-09-05 14:54:12] DEBUG: Longest match routing: Picked 'css' for request 'css/admin_login.css'
[2026-09-05 14:54:31] SPPBlade: Starting render for 'admin.dashboard'
[2026-09-05 14:54:31] SPPBlade: Rendering relative view 'admin.dashboard' with paths: "\/mnt\/c\/projects\/apache\/school1\/src\/SPPDocs\/resources\/views"
[2026-09-05 14:54:32] SPPBlade: Starting render for '/mnt/c/projects/apache/school1/src/SPPDocs/resources/views/partials/command_palette.blade.php'
[2026-09-05 14:54:32] SPPBlade: Rendering absolute file. ViewName: command_palette, Paths: ["\/mnt\/c\/projects\/apache\/school1\/src\/SPPDocs\/resources\/views\/partials","\/mnt\/c\/projects\/apache\/school1\/src\/SPPDocs\/resources\/views"]
[2026-09-05 14:54:32] SPPBlade: Render successful for command_palette
[2026-09-05 14:54:32] SPPBlade: Starting render for '/mnt/c/projects/apache/school1/src/SPPDocs/resources/views/partials/keyboard_shortcuts.blade.php'
[2026-09-05 14:54:32] SPPBlade: Rendering absolute file. ViewName: keyboard_shortcuts, Paths: ["\/mnt\/c\/projects\/apache\/school1\/src\/SPPDocs\/resources\/views\/partials","\/mnt\/c\/projects\/apache\/school1\/src\/SPPDocs\/resources\/views"]
[2026-09-05 14:54:32] SPPBlade: Render successful for keyboard_shortcuts
[2026-09-05 14:54:35] DEBUG: Longest match routing: Picked 'css' for request 'css/admin.css'
[2026-09-05 14:54:35] DEBUG: Longest match routing: Picked 'css' for request 'css/sppdocs.css'
[2026-09-05 14:57:22] SPPBlade: Starting render for 'admin.login'
[2026-09-05 14:57:22] SPPBlade: Rendering relative view 'admin.login' with paths: "\/mnt\/c\/projects\/apache\/school1\/src\/SPPDocs\/resources\/views"
[2026-09-05 14:57:35] SPPBlade: Starting render for 'portal'
[2026-09-05 14:57:35] SPPBlade: Rendering relative view 'portal' with paths: "\/mnt\/c\/projects\/apache\/school1\/src\/SPPDocs\/resources\/views"
[2026-09-05 14:57:50] SPPBlade: Starting render for 'project.home'
[2026-09-05 14:57:50] SPPBlade: Rendering relative view 'project.home' with paths: "\/mnt\/c\/projects\/apache\/school1\/src\/SPPDocs\/resources\/views"
[2026-09-05 14:57:50] SPPBlade: Starting render for '/mnt/c/projects/apache/school1/src/SPPDocs/resources/views/partials/sidebar.blade.php'
[2026-09-05 14:57:50] SPPBlade: Rendering absolute file. ViewName: sidebar, Paths: ["\/mnt\/c\/projects\/apache\/school1\/src\/SPPDocs\/resources\/views\/partials","\/mnt\/c\/projects\/apache\/school1\/src\/SPPDocs\/resources\/views"]
[2026-09-05 14:57:50] SPPBlade: Render successful for sidebar
[2026-09-05 14:57:50] SPPBlade: Starting render for '/mnt/c/projects/apache/school1/src/SPPDocs/resources/views/partials/header.blade.php'
[2026-09-05 14:57:50] SPPBlade: Rendering absolute file. ViewName: header, Paths: ["\/mnt\/c\/projects\/apache\/school1\/src\/SPPDocs\/resources\/views\/partials","\/mnt\/c\/projects\/apache\/school1\/src\/SPPDocs\/resources\/views"]
[2026-09-05 14:57:51] SPPBlade: Starting render for '/mnt/c/projects/apache/school1/src/SPPDocs/resources/views/partials/locale_switcher.blade.php'
[2026-09-05 14:57:51] SPPBlade: Rendering absolute file. ViewName: locale_switcher, Paths: ["\/mnt\/c\/projects\/apache\/school1\/src\/SPPDocs\/resources\/views\/partials","\/mnt\/c\/projects\/apache\/school1\/src\/SPPDocs\/resources\/views"]
[2026-09-05 14:57:51] SPPBlade: Render successful for locale_switcher
[2026-09-05 14:57:51] SPPBlade: Render successful for header
[2026-09-05 14:57:51] SPPBlade: Starting render for '/mnt/c/projects/apache/school1/src/SPPDocs/resources/views/partials/region.blade.php'
[2026-09-05 14:57:51] SPPBlade: Rendering absolute file. ViewName: region, Paths: ["\/mnt\/c\/projects\/apache\/school1\/src\/SPPDocs\/resources\/views\/partials","\/mnt\/c\/projects\/apache\/school1\/src\/SPPDocs\/resources\/views"]
[2026-09-05 14:57:51] SPPBlade: Starting render for '/mnt/c/projects/apache/school1/src/SPPDocs/resources/views/partials/blocks/taxonomy_tree.blade.php'
[2026-09-05 14:57:51] SPPBlade: Rendering absolute file. ViewName: taxonomy_tree, Paths: ["\/mnt\/c\/projects\/apache\/school1\/src\/SPPDocs\/resources\/views\/partials\/blocks","\/mnt\/c\/projects\/apache\/school1\/src\/SPPDocs\/resources\/views"]
[2026-09-05 14:57:51] SPPBlade: Render successful for taxonomy_tree
[2026-09-05 14:57:51] SPPBlade: Render successful for region
[2026-09-05 14:57:51] SPPBlade: Starting render for '/mnt/c/projects/apache/school1/src/SPPDocs/resources/views/partials/command_palette.blade.php'
[2026-09-05 14:57:51] SPPBlade: Rendering absolute file. ViewName: command_palette, Paths: ["\/mnt\/c\/projects\/apache\/school1\/src\/SPPDocs\/resources\/views\/partials","\/mnt\/c\/projects\/apache\/school1\/src\/SPPDocs\/resources\/views"]
[2026-09-05 14:57:51] SPPBlade: Render successful for command_palette
[2026-09-05 14:57:51] SPPBlade: Starting render for '/mnt/c/projects/apache/school1/src/SPPDocs/resources/views/partials/keyboard_shortcuts.blade.php'
[2026-09-05 14:57:51] SPPBlade: Rendering absolute file. ViewName: keyboard_shortcuts, Paths: ["\/mnt\/c\/projects\/apache\/school1\/src\/SPPDocs\/resources\/views\/partials","\/mnt\/c\/projects\/apache\/school1\/src\/SPPDocs\/resources\/views"]
[2026-09-05 14:57:51] SPPBlade: Render successful for keyboard_shortcuts
[2026-09-05 14:58:05] SPPBlade: Starting render for 'project.home'
[2026-09-05 14:58:05] SPPBlade: Rendering relative view 'project.home' with paths: "\/mnt\/c\/projects\/apache\/school1\/src\/SPPDocs\/resources\/views"
[2026-09-05 14:58:05] SPPBlade: Starting render for '/mnt/c/projects/apache/school1/src/SPPDocs/resources/views/partials/sidebar.blade.php'
[2026-09-05 14:58:05] SPPBlade: Rendering absolute file. ViewName: sidebar, Paths: ["\/mnt\/c\/projects\/apache\/school1\/src\/SPPDocs\/resources\/views\/partials","\/mnt\/c\/projects\/apache\/school1\/src\/SPPDocs\/resources\/views"]
[2026-09-05 14:58:05] SPPBlade: Render successful for sidebar
[2026-09-05 14:58:05] SPPBlade: Starting render for '/mnt/c/projects/apache/school1/src/SPPDocs/resources/views/partials/header.blade.php'
[2026-09-05 14:58:05] SPPBlade: Rendering absolute file. ViewName: header, Paths: ["\/mnt\/c\/projects\/apache\/school1\/src\/SPPDocs\/resources\/views\/partials","\/mnt\/c\/projects\/apache\/school1\/src\/SPPDocs\/resources\/views"]
[2026-09-05 14:58:05] SPPBlade: Starting render for '/mnt/c/projects/apache/school1/src/SPPDocs/resources/views/partials/locale_switcher.blade.php'
[2026-09-05 14:58:05] SPPBlade: Rendering absolute file. ViewName: locale_switcher, Paths: ["\/mnt\/c\/projects\/apache\/school1\/src\/SPPDocs\/resources\/views\/partials","\/mnt\/c\/projects\/apache\/school1\/src\/SPPDocs\/resources\/views"]
[2026-09-05 14:58:05] SPPBlade: Render successful for locale_switcher
[2026-09-05 14:58:05] SPPBlade: Render successful for header
[2026-09-05 14:58:05] SPPBlade: Starting render for '/mnt/c/projects/apache/school1/src/SPPDocs/resources/views/partials/region.blade.php'
[2026-09-05 14:58:05] SPPBlade: Rendering absolute file. ViewName: region, Paths: ["\/mnt\/c\/projects\/apache\/school1\/src\/SPPDocs\/resources\/views\/partials","\/mnt\/c\/projects\/apache\/school1\/src\/SPPDocs\/resources\/views"]
[2026-09-05 14:58:06] SPPBlade: Starting render for '/mnt/c/projects/apache/school1/src/SPPDocs/resources/views/partials/blocks/taxonomy_tree.blade.php'
[2026-09-05 14:58:06] SPPBlade: Rendering absolute file. ViewName: taxonomy_tree, Paths: ["\/mnt\/c\/projects\/apache\/school1\/src\/SPPDocs\/resources\/views\/partials\/blocks","\/mnt\/c\/projects\/apache\/school1\/src\/SPPDocs\/resources\/views"]
[2026-09-05 14:58:06] SPPBlade: Render successful for taxonomy_tree
[2026-09-05 14:58:06] SPPBlade: Render successful for region
[2026-09-05 14:58:06] SPPBlade: Starting render for '/mnt/c/projects/apache/school1/src/SPPDocs/resources/views/partials/command_palette.blade.php'
[2026-09-05 14:58:06] SPPBlade: Rendering absolute file. ViewName: command_palette, Paths: ["\/mnt\/c\/projects\/apache\/school1\/src\/SPPDocs\/resources\/views\/partials","\/mnt\/c\/projects\/apache\/school1\/src\/SPPDocs\/resources\/views"]
[2026-09-05 14:58:06] SPPBlade: Render successful for command_palette
[2026-09-05 14:58:06] SPPBlade: Starting render for '/mnt/c/projects/apache/school1/src/SPPDocs/resources/views/partials/keyboard_shortcuts.blade.php'
[2026-09-05 14:58:06] SPPBlade: Rendering absolute file. ViewName: keyboard_shortcuts, Paths: ["\/mnt\/c\/projects\/apache\/school1\/src\/SPPDocs\/resources\/views\/partials","\/mnt\/c\/projects\/apache\/school1\/src\/SPPDocs\/resources\/views"]
[2026-09-05 14:58:06] SPPBlade: Render successful for keyboard_shortcuts
[2026-09-05 15:03:22] SPPBlade: Starting render for 'admin.dashboard'
[2026-09-05 15:03:22] SPPBlade: Rendering relative view 'admin.dashboard' with paths: "\/mnt\/c\/projects\/apache\/school1\/src\/SPPDocs\/resources\/views"
[2026-09-05 15:03:22] SPPBlade: Starting render for '/mnt/c/projects/apache/school1/src/SPPDocs/resources/views/partials/command_palette.blade.php'
[2026-09-05 15:03:22] SPPBlade: Rendering absolute file. ViewName: command_palette, Paths: ["\/mnt\/c\/projects\/apache\/school1\/src\/SPPDocs\/resources\/views\/partials","\/mnt\/c\/projects\/apache\/school1\/src\/SPPDocs\/resources\/views"]
[2026-09-05 15:03:23] SPPBlade: Render successful for command_palette
[2026-09-05 15:03:23] SPPBlade: Starting render for '/mnt/c/projects/apache/school1/src/SPPDocs/resources/views/partials/keyboard_shortcuts.blade.php'
[2026-09-05 15:03:23] SPPBlade: Rendering absolute file. ViewName: keyboard_shortcuts, Paths: ["\/mnt\/c\/projects\/apache\/school1\/src\/SPPDocs\/resources\/views\/partials","\/mnt\/c\/projects\/apache\/school1\/src\/SPPDocs\/resources\/views"]
[2026-09-05 15:03:23] SPPBlade: Render successful for keyboard_shortcuts
[2026-09-05 15:03:25] DEBUG: Longest match routing: Picked 'css' for request 'css/admin.css'
[2026-09-05 15:03:25] DEBUG: Longest match routing: Picked 'css' for request 'css/sppdocs.css'
[2026-09-05 15:03:39] SPPBlade: Starting render for 'project.home'
[2026-09-05 15:03:39] SPPBlade: Rendering relative view 'project.home' with paths: "\/mnt\/c\/projects\/apache\/school1\/src\/SPPDocs\/resources\/views"
[2026-09-05 15:03:39] SPPBlade: Starting render for '/mnt/c/projects/apache/school1/src/SPPDocs/resources/views/partials/sidebar.blade.php'
[2026-09-05 15:03:39] SPPBlade: Rendering absolute file. ViewName: sidebar, Paths: ["\/mnt\/c\/projects\/apache\/school1\/src\/SPPDocs\/resources\/views\/partials","\/mnt\/c\/projects\/apache\/school1\/src\/SPPDocs\/resources\/views"]
[2026-09-05 15:03:39] SPPBlade: Render successful for sidebar
[2026-09-05 15:03:39] SPPBlade: Starting render for '/mnt/c/projects/apache/school1/src/SPPDocs/resources/views/partials/header.blade.php'
[2026-09-05 15:03:39] SPPBlade: Rendering absolute file. ViewName: header, Paths: ["\/mnt\/c\/projects\/apache\/school1\/src\/SPPDocs\/resources\/views\/partials","\/mnt\/c\/projects\/apache\/school1\/src\/SPPDocs\/resources\/views"]
[2026-09-05 15:03:39] SPPBlade: Starting render for '/mnt/c/projects/apache/school1/src/SPPDocs/resources/views/partials/locale_switcher.blade.php'
[2026-09-05 15:03:39] SPPBlade: Rendering absolute file. ViewName: locale_switcher, Paths: ["\/mnt\/c\/projects\/apache\/school1\/src\/SPPDocs\/resources\/views\/partials","\/mnt\/c\/projects\/apache\/school1\/src\/SPPDocs\/resources\/views"]
[2026-09-05 15:03:39] SPPBlade: Render successful for locale_switcher
[2026-09-05 15:03:39] SPPBlade: Render successful for header
[2026-09-05 15:03:40] SPPBlade: Starting render for '/mnt/c/projects/apache/school1/src/SPPDocs/resources/views/partials/region.blade.php'
[2026-09-05 15:03:40] SPPBlade: Rendering absolute file. ViewName: region, Paths: ["\/mnt\/c\/projects\/apache\/school1\/src\/SPPDocs\/resources\/views\/partials","\/mnt\/c\/projects\/apache\/school1\/src\/SPPDocs\/resources\/views"]
[2026-09-05 15:03:40] SPPBlade: Starting render for '/mnt/c/projects/apache/school1/src/SPPDocs/resources/views/partials/blocks/taxonomy_tree.blade.php'
[2026-09-05 15:03:40] SPPBlade: Rendering absolute file. ViewName: taxonomy_tree, Paths: ["\/mnt\/c\/projects\/apache\/school1\/src\/SPPDocs\/resources\/views\/partials\/blocks","\/mnt\/c\/projects\/apache\/school1\/src\/SPPDocs\/resources\/views"]
[2026-09-05 15:03:40] SPPBlade: Render successful for taxonomy_tree
[2026-09-05 15:03:40] SPPBlade: Render successful for region
[2026-09-05 15:03:40] SPPBlade: Starting render for '/mnt/c/projects/apache/school1/src/SPPDocs/resources/views/partials/command_palette.blade.php'
[2026-09-05 15:03:40] SPPBlade: Rendering absolute file. ViewName: command_palette, Paths: ["\/mnt\/c\/projects\/apache\/school1\/src\/SPPDocs\/resources\/views\/partials","\/mnt\/c\/projects\/apache\/school1\/src\/SPPDocs\/resources\/views"]
[2026-09-05 15:03:40] SPPBlade: Render successful for command_palette
[2026-09-05 15:03:40] SPPBlade: Starting render for '/mnt/c/projects/apache/school1/src/SPPDocs/resources/views/partials/keyboard_shortcuts.blade.php'
[2026-09-05 15:03:40] SPPBlade: Rendering absolute file. ViewName: keyboard_shortcuts, Paths: ["\/mnt\/c\/projects\/apache\/school1\/src\/SPPDocs\/resources\/views\/partials","\/mnt\/c\/projects\/apache\/school1\/src\/SPPDocs\/resources\/views"]
[2026-09-05 15:03:40] SPPBlade: Render successful for keyboard_shortcuts
[2026-09-05 15:03:42] DEBUG: Longest match routing: Picked 'css' for request 'css/sppdocs.css'
[2026-09-05 15:03:56] SPPBlade: Starting render for 'admin.views'
[2026-09-05 15:03:56] SPPBlade: Rendering relative view 'admin.views' with paths: "\/mnt\/c\/projects\/apache\/school1\/src\/SPPDocs\/resources\/views"
[2026-09-05 15:03:57] SPPBlade: Starting render for '/mnt/c/projects/apache/school1/src/SPPDocs/resources/views/partials/command_palette.blade.php'
[2026-09-05 15:03:57] SPPBlade: Rendering absolute file. ViewName: command_palette, Paths: ["\/mnt\/c\/projects\/apache\/school1\/src\/SPPDocs\/resources\/views\/partials","\/mnt\/c\/projects\/apache\/school1\/src\/SPPDocs\/resources\/views"]
[2026-09-05 15:03:57] SPPBlade: Render successful for command_palette
[2026-09-05 15:03:57] SPPBlade: Starting render for '/mnt/c/projects/apache/school1/src/SPPDocs/resources/views/partials/keyboard_shortcuts.blade.php'
[2026-09-05 15:03:57] SPPBlade: Rendering absolute file. ViewName: keyboard_shortcuts, Paths: ["\/mnt\/c\/projects\/apache\/school1\/src\/SPPDocs\/resources\/views\/partials","\/mnt\/c\/projects\/apache\/school1\/src\/SPPDocs\/resources\/views"]
[2026-09-05 15:03:57] SPPBlade: Render successful for keyboard_shortcuts
[2026-09-05 15:05:20] SPPBlade: Starting render for 'project.home'
[2026-09-05 15:05:20] SPPBlade: Rendering relative view 'project.home' with paths: "\/mnt\/c\/projects\/apache\/school1\/src\/SPPDocs\/resources\/views"
[2026-09-05 15:05:20] SPPBlade: Starting render for '/mnt/c/projects/apache/school1/src/SPPDocs/resources/views/partials/sidebar.blade.php'
[2026-09-05 15:05:20] SPPBlade: Rendering absolute file. ViewName: sidebar, Paths: ["\/mnt\/c\/projects\/apache\/school1\/src\/SPPDocs\/resources\/views\/partials","\/mnt\/c\/projects\/apache\/school1\/src\/SPPDocs\/resources\/views"]
[2026-09-05 15:05:20] SPPBlade: Render successful for sidebar
[2026-09-05 15:05:21] SPPBlade: Starting render for '/mnt/c/projects/apache/school1/src/SPPDocs/resources/views/partials/header.blade.php'
[2026-09-05 15:05:21] SPPBlade: Rendering absolute file. ViewName: header, Paths: ["\/mnt\/c\/projects\/apache\/school1\/src\/SPPDocs\/resources\/views\/partials","\/mnt\/c\/projects\/apache\/school1\/src\/SPPDocs\/resources\/views"]
[2026-09-05 15:05:21] SPPBlade: Starting render for '/mnt/c/projects/apache/school1/src/SPPDocs/resources/views/partials/locale_switcher.blade.php'
[2026-09-05 15:05:21] SPPBlade: Rendering absolute file. ViewName: locale_switcher, Paths: ["\/mnt\/c\/projects\/apache\/school1\/src\/SPPDocs\/resources\/views\/partials","\/mnt\/c\/projects\/apache\/school1\/src\/SPPDocs\/resources\/views"]
[2026-09-05 15:05:21] SPPBlade: Render successful for locale_switcher
[2026-09-05 15:05:21] SPPBlade: Render successful for header
[2026-09-05 15:05:21] SPPBlade: Starting render for '/mnt/c/projects/apache/school1/src/SPPDocs/resources/views/partials/region.blade.php'
[2026-09-05 15:05:21] SPPBlade: Rendering absolute file. ViewName: region, Paths: ["\/mnt\/c\/projects\/apache\/school1\/src\/SPPDocs\/resources\/views\/partials","\/mnt\/c\/projects\/apache\/school1\/src\/SPPDocs\/resources\/views"]
[2026-09-05 15:05:21] SPPBlade: Starting render for '/mnt/c/projects/apache/school1/src/SPPDocs/resources/views/partials/blocks/taxonomy_tree.blade.php'
[2026-09-05 15:05:21] SPPBlade: Rendering absolute file. ViewName: taxonomy_tree, Paths: ["\/mnt\/c\/projects\/apache\/school1\/src\/SPPDocs\/resources\/views\/partials\/blocks","\/mnt\/c\/projects\/apache\/school1\/src\/SPPDocs\/resources\/views"]
[2026-09-05 15:05:21] SPPBlade: Render successful for taxonomy_tree
[2026-09-05 15:05:21] SPPBlade: Render successful for region
[2026-09-05 15:05:21] SPPBlade: Starting render for '/mnt/c/projects/apache/school1/src/SPPDocs/resources/views/partials/command_palette.blade.php'
[2026-09-05 15:05:21] SPPBlade: Rendering absolute file. ViewName: command_palette, Paths: ["\/mnt\/c\/projects\/apache\/school1\/src\/SPPDocs\/resources\/views\/partials","\/mnt\/c\/projects\/apache\/school1\/src\/SPPDocs\/resources\/views"]
[2026-09-05 15:05:21] SPPBlade: Render successful for command_palette
[2026-09-05 15:05:21] SPPBlade: Starting render for '/mnt/c/projects/apache/school1/src/SPPDocs/resources/views/partials/keyboard_shortcuts.blade.php'
[2026-09-05 15:05:21] SPPBlade: Rendering absolute file. ViewName: keyboard_shortcuts, Paths: ["\/mnt\/c\/projects\/apache\/school1\/src\/SPPDocs\/resources\/views\/partials","\/mnt\/c\/projects\/apache\/school1\/src\/SPPDocs\/resources\/views"]
[2026-09-05 15:05:21] SPPBlade: Render successful for keyboard_shortcuts
[2026-09-05 15:05:31] SPPBlade: Starting render for 'errors/404'
[2026-09-05 15:05:31] SPPBlade: Rendering relative view 'errors/404' with paths: "\/mnt\/c\/projects\/apache\/school1\/src\/SPPDocs\/resources\/views"
[2026-09-05 15:05:32] SPPBlade: Starting render for '/mnt/c/projects/apache/school1/src/SPPDocs/resources/views/partials/header.blade.php'
[2026-09-05 15:05:32] SPPBlade: Rendering absolute file. ViewName: header, Paths: ["\/mnt\/c\/projects\/apache\/school1\/src\/SPPDocs\/resources\/views\/partials","\/mnt\/c\/projects\/apache\/school1\/src\/SPPDocs\/resources\/views"]
[2026-09-05 15:05:32] SPPBlade: Starting render for '/mnt/c/projects/apache/school1/src/SPPDocs/resources/views/partials/locale_switcher.blade.php'
[2026-09-05 15:05:32] SPPBlade: Rendering absolute file. ViewName: locale_switcher, Paths: ["\/mnt\/c\/projects\/apache\/school1\/src\/SPPDocs\/resources\/views\/partials","\/mnt\/c\/projects\/apache\/school1\/src\/SPPDocs\/resources\/views"]
[2026-09-05 15:05:32] SPPBlade: Render successful for locale_switcher
[2026-09-05 15:05:32] SPPBlade: Render successful for header
[2026-09-05 15:05:32] SPPBlade: Starting render for '/mnt/c/projects/apache/school1/src/SPPDocs/resources/views/partials/region.blade.php'
[2026-09-05 15:05:32] SPPBlade: Rendering absolute file. ViewName: region, Paths: ["\/mnt\/c\/projects\/apache\/school1\/src\/SPPDocs\/resources\/views\/partials","\/mnt\/c\/projects\/apache\/school1\/src\/SPPDocs\/resources\/views"]
[2026-09-05 15:05:32] SPPBlade: Starting render for '/mnt/c/projects/apache/school1/src/SPPDocs/resources/views/partials/blocks/taxonomy_tree.blade.php'
[2026-09-05 15:05:32] SPPBlade: Rendering absolute file. ViewName: taxonomy_tree, Paths: ["\/mnt\/c\/projects\/apache\/school1\/src\/SPPDocs\/resources\/views\/partials\/blocks","\/mnt\/c\/projects\/apache\/school1\/src\/SPPDocs\/resources\/views"]
[2026-09-05 15:05:32] SPPBlade: Render successful for taxonomy_tree
[2026-09-05 15:05:32] SPPBlade: Render successful for region
[2026-09-05 15:05:32] SPPBlade: Starting render for '/mnt/c/projects/apache/school1/src/SPPDocs/resources/views/partials/command_palette.blade.php'
[2026-09-05 15:05:32] SPPBlade: Rendering absolute file. ViewName: command_palette, Paths: ["\/mnt\/c\/projects\/apache\/school1\/src\/SPPDocs\/resources\/views\/partials","\/mnt\/c\/projects\/apache\/school1\/src\/SPPDocs\/resources\/views"]
[2026-09-05 15:05:32] SPPBlade: Render successful for command_palette
[2026-09-05 15:05:32] SPPBlade: Starting render for '/mnt/c/projects/apache/school1/src/SPPDocs/resources/views/partials/keyboard_shortcuts.blade.php'
[2026-09-05 15:05:32] SPPBlade: Rendering absolute file. ViewName: keyboard_shortcuts, Paths: ["\/mnt\/c\/projects\/apache\/school1\/src\/SPPDocs\/resources\/views\/partials","\/mnt\/c\/projects\/apache\/school1\/src\/SPPDocs\/resources\/views"]
[2026-09-05 15:05:32] SPPBlade: Render successful for keyboard_shortcuts
[2026-09-05 15:05:46] SPPBlade: Starting render for 'errors/404'
[2026-09-05 15:05:46] SPPBlade: Rendering relative view 'errors/404' with paths: "\/mnt\/c\/projects\/apache\/school1\/src\/SPPDocs\/resources\/views"
[2026-09-05 15:05:46] SPPBlade: Starting render for '/mnt/c/projects/apache/school1/src/SPPDocs/resources/views/partials/header.blade.php'
[2026-09-05 15:05:46] SPPBlade: Rendering absolute file. ViewName: header, Paths: ["\/mnt\/c\/projects\/apache\/school1\/src\/SPPDocs\/resources\/views\/partials","\/mnt\/c\/projects\/apache\/school1\/src\/SPPDocs\/resources\/views"]
[2026-09-05 15:05:46] SPPBlade: Starting render for '/mnt/c/projects/apache/school1/src/SPPDocs/resources/views/partials/locale_switcher.blade.php'
[2026-09-05 15:05:46] SPPBlade: Rendering absolute file. ViewName: locale_switcher, Paths: ["\/mnt\/c\/projects\/apache\/school1\/src\/SPPDocs\/resources\/views\/partials","\/mnt\/c\/projects\/apache\/school1\/src\/SPPDocs\/resources\/views"]
[2026-09-05 15:05:46] SPPBlade: Render successful for locale_switcher
[2026-09-05 15:05:46] SPPBlade: Render successful for header
[2026-09-05 15:05:46] SPPBlade: Starting render for '/mnt/c/projects/apache/school1/src/SPPDocs/resources/views/partials/region.blade.php'
[2026-09-05 15:05:46] SPPBlade: Rendering absolute file. ViewName: region, Paths: ["\/mnt\/c\/projects\/apache\/school1\/src\/SPPDocs\/resources\/views\/partials","\/mnt\/c\/projects\/apache\/school1\/src\/SPPDocs\/resources\/views"]
[2026-09-05 15:05:46] SPPBlade: Starting render for '/mnt/c/projects/apache/school1/src/SPPDocs/resources/views/partials/blocks/taxonomy_tree.blade.php'
[2026-09-05 15:05:46] SPPBlade: Rendering absolute file. ViewName: taxonomy_tree, Paths: ["\/mnt\/c\/projects\/apache\/school1\/src\/SPPDocs\/resources\/views\/partials\/blocks","\/mnt\/c\/projects\/apache\/school1\/src\/SPPDocs\/resources\/views"]
[2026-09-05 15:05:46] SPPBlade: Render successful for taxonomy_tree
[2026-09-05 15:05:46] SPPBlade: Render successful for region
[2026-09-05 15:05:46] SPPBlade: Starting render for '/mnt/c/projects/apache/school1/src/SPPDocs/resources/views/partials/command_palette.blade.php'
[2026-09-05 15:05:46] SPPBlade: Rendering absolute file. ViewName: command_palette, Paths: ["\/mnt\/c\/projects\/apache\/school1\/src\/SPPDocs\/resources\/views\/partials","\/mnt\/c\/projects\/apache\/school1\/src\/SPPDocs\/resources\/views"]
[2026-09-05 15:05:46] SPPBlade: Render successful for command_palette
[2026-09-05 15:05:46] SPPBlade: Starting render for '/mnt/c/projects/apache/school1/src/SPPDocs/resources/views/partials/keyboard_shortcuts.blade.php'
[2026-09-05 15:05:46] SPPBlade: Rendering absolute file. ViewName: keyboard_shortcuts, Paths: ["\/mnt\/c\/projects\/apache\/school1\/src\/SPPDocs\/resources\/views\/partials","\/mnt\/c\/projects\/apache\/school1\/src\/SPPDocs\/resources\/views"]
[2026-09-05 15:05:46] SPPBlade: Render successful for keyboard_shortcuts
[2026-09-05 15:06:01] SPPBlade: Starting render for 'errors/404'
[2026-09-05 15:06:01] SPPBlade: Rendering relative view 'errors/404' with paths: "\/mnt\/c\/projects\/apache\/school1\/src\/SPPDocs\/resources\/views"
[2026-09-05 15:06:01] SPPBlade: Starting render for '/mnt/c/projects/apache/school1/src/SPPDocs/resources/views/partials/header.blade.php'
[2026-09-05 15:06:01] SPPBlade: Rendering absolute file. ViewName: header, Paths: ["\/mnt\/c\/projects\/apache\/school1\/src\/SPPDocs\/resources\/views\/partials","\/mnt\/c\/projects\/apache\/school1\/src\/SPPDocs\/resources\/views"]
[2026-09-05 15:06:01] SPPBlade: Starting render for '/mnt/c/projects/apache/school1/src/SPPDocs/resources/views/partials/locale_switcher.blade.php'
[2026-09-05 15:06:01] SPPBlade: Rendering absolute file. ViewName: locale_switcher, Paths: ["\/mnt\/c\/projects\/apache\/school1\/src\/SPPDocs\/resources\/views\/partials","\/mnt\/c\/projects\/apache\/school1\/src\/SPPDocs\/resources\/views"]
[2026-09-05 15:06:01] SPPBlade: Render successful for locale_switcher
[2026-09-05 15:06:01] SPPBlade: Render successful for header
[2026-09-05 15:06:01] SPPBlade: Starting render for '/mnt/c/projects/apache/school1/src/SPPDocs/resources/views/partials/region.blade.php'
[2026-09-05 15:06:01] SPPBlade: Rendering absolute file. ViewName: region, Paths: ["\/mnt\/c\/projects\/apache\/school1\/src\/SPPDocs\/resources\/views\/partials","\/mnt\/c\/projects\/apache\/school1\/src\/SPPDocs\/resources\/views"]
[2026-09-05 15:06:01] SPPBlade: Starting render for '/mnt/c/projects/apache/school1/src/SPPDocs/resources/views/partials/blocks/taxonomy_tree.blade.php'
[2026-09-05 15:06:01] SPPBlade: Rendering absolute file. ViewName: taxonomy_tree, Paths: ["\/mnt\/c\/projects\/apache\/school1\/src\/SPPDocs\/resources\/views\/partials\/blocks","\/mnt\/c\/projects\/apache\/school1\/src\/SPPDocs\/resources\/views"]
[2026-09-05 15:06:01] SPPBlade: Render successful for taxonomy_tree
[2026-09-05 15:06:01] SPPBlade: Render successful for region
[2026-09-05 15:06:01] SPPBlade: Starting render for '/mnt/c/projects/apache/school1/src/SPPDocs/resources/views/partials/command_palette.blade.php'
[2026-09-05 15:06:01] SPPBlade: Rendering absolute file. ViewName: command_palette, Paths: ["\/mnt\/c\/projects\/apache\/school1\/src\/SPPDocs\/resources\/views\/partials","\/mnt\/c\/projects\/apache\/school1\/src\/SPPDocs\/resources\/views"]
[2026-09-05 15:06:01] SPPBlade: Render successful for command_palette
[2026-09-05 15:06:01] SPPBlade: Starting render for '/mnt/c/projects/apache/school1/src/SPPDocs/resources/views/partials/keyboard_shortcuts.blade.php'
[2026-09-05 15:06:01] SPPBlade: Rendering absolute file. ViewName: keyboard_shortcuts, Paths: ["\/mnt\/c\/projects\/apache\/school1\/src\/SPPDocs\/resources\/views\/partials","\/mnt\/c\/projects\/apache\/school1\/src\/SPPDocs\/resources\/views"]
[2026-09-05 15:06:01] SPPBlade: Render successful for keyboard_shortcuts
[2026-09-05 15:06:11] SPPBlade: Starting render for 'project.home'
[2026-09-05 15:06:11] SPPBlade: Rendering relative view 'project.home' with paths: "\/mnt\/c\/projects\/apache\/school1\/src\/SPPDocs\/resources\/views"
[2026-09-05 15:06:11] SPPBlade: Starting render for '/mnt/c/projects/apache/school1/src/SPPDocs/resources/views/partials/sidebar.blade.php'
[2026-09-05 15:06:11] SPPBlade: Rendering absolute file. ViewName: sidebar, Paths: ["\/mnt\/c\/projects\/apache\/school1\/src\/SPPDocs\/resources\/views\/partials","\/mnt\/c\/projects\/apache\/school1\/src\/SPPDocs\/resources\/views"]
[2026-09-05 15:06:11] SPPBlade: Render successful for sidebar
[2026-09-05 15:06:12] SPPBlade: Starting render for '/mnt/c/projects/apache/school1/src/SPPDocs/resources/views/partials/header.blade.php'
[2026-09-05 15:06:12] SPPBlade: Rendering absolute file. ViewName: header, Paths: ["\/mnt\/c\/projects\/apache\/school1\/src\/SPPDocs\/resources\/views\/partials","\/mnt\/c\/projects\/apache\/school1\/src\/SPPDocs\/resources\/views"]
[2026-09-05 15:06:12] SPPBlade: Starting render for '/mnt/c/projects/apache/school1/src/SPPDocs/resources/views/partials/locale_switcher.blade.php'
[2026-09-05 15:06:12] SPPBlade: Rendering absolute file. ViewName: locale_switcher, Paths: ["\/mnt\/c\/projects\/apache\/school1\/src\/SPPDocs\/resources\/views\/partials","\/mnt\/c\/projects\/apache\/school1\/src\/SPPDocs\/resources\/views"]
[2026-09-05 15:06:12] SPPBlade: Render successful for locale_switcher
[2026-09-05 15:06:12] SPPBlade: Render successful for header
[2026-09-05 15:06:12] SPPBlade: Starting render for '/mnt/c/projects/apache/school1/src/SPPDocs/resources/views/partials/region.blade.php'
[2026-09-05 15:06:12] SPPBlade: Rendering absolute file. ViewName: region, Paths: ["\/mnt\/c\/projects\/apache\/school1\/src\/SPPDocs\/resources\/views\/partials","\/mnt\/c\/projects\/apache\/school1\/src\/SPPDocs\/resources\/views"]
[2026-09-05 15:06:12] SPPBlade: Starting render for '/mnt/c/projects/apache/school1/src/SPPDocs/resources/views/partials/blocks/taxonomy_tree.blade.php'
[2026-09-05 15:06:12] SPPBlade: Rendering absolute file. ViewName: taxonomy_tree, Paths: ["\/mnt\/c\/projects\/apache\/school1\/src\/SPPDocs\/resources\/views\/partials\/blocks","\/mnt\/c\/projects\/apache\/school1\/src\/SPPDocs\/resources\/views"]
[2026-09-05 15:06:12] SPPBlade: Render successful for taxonomy_tree
[2026-09-05 15:06:12] SPPBlade: Render successful for region
[2026-09-05 15:06:12] SPPBlade: Starting render for '/mnt/c/projects/apache/school1/src/SPPDocs/resources/views/partials/command_palette.blade.php'
[2026-09-05 15:06:12] SPPBlade: Rendering absolute file. ViewName: command_palette, Paths: ["\/mnt\/c\/projects\/apache\/school1\/src\/SPPDocs\/resources\/views\/partials","\/mnt\/c\/projects\/apache\/school1\/src\/SPPDocs\/resources\/views"]
[2026-09-05 15:06:12] SPPBlade: Render successful for command_palette
[2026-09-05 15:06:12] SPPBlade: Starting render for '/mnt/c/projects/apache/school1/src/SPPDocs/resources/views/partials/keyboard_shortcuts.blade.php'
[2026-09-05 15:06:12] SPPBlade: Rendering absolute file. ViewName: keyboard_shortcuts, Paths: ["\/mnt\/c\/projects\/apache\/school1\/src\/SPPDocs\/resources\/views\/partials","\/mnt\/c\/projects\/apache\/school1\/src\/SPPDocs\/resources\/views"]
[2026-09-05 15:06:12] SPPBlade: Render successful for keyboard_shortcuts
[2026-09-05 17:13:21] SPPBlade: Starting render for 'admin.views'
[2026-09-05 17:13:21] SPPBlade: Rendering relative view 'admin.views' with paths: "C:\/projects\/apache\/school1\/src\/SPPDocs\/resources\/views"
[2026-09-05 17:13:22] SPPBlade: Starting render for 'C:\projects\apache\school1/src/SPPDocs/resources/views/partials/command_palette.blade.php'
[2026-09-05 17:13:22] SPPBlade: Rendering absolute file. ViewName: command_palette, Paths: ["C:\\projects\\apache\\school1\/src\/SPPDocs\/resources\/views\/partials","C:\\projects\\apache\\school1\/src\/SPPDocs\/resources\/views","C:\/projects\/apache\/school1\/src\/SPPDocs\/resources\/views"]
[2026-09-05 17:13:22] SPPBlade: Render successful for command_palette
[2026-09-05 17:13:22] SPPBlade: Starting render for 'C:\projects\apache\school1/src/SPPDocs/resources/views/partials/keyboard_shortcuts.blade.php'
[2026-09-05 17:13:22] SPPBlade: Rendering absolute file. ViewName: keyboard_shortcuts, Paths: ["C:\\projects\\apache\\school1\/src\/SPPDocs\/resources\/views\/partials","C:\\projects\\apache\\school1\/src\/SPPDocs\/resources\/views","C:\/projects\/apache\/school1\/src\/SPPDocs\/resources\/views"]
[2026-09-05 17:13:22] SPPBlade: Render successful for keyboard_shortcuts
[2026-09-05 15:14:51] DEBUG: Longest match routing: Picked 'css' for request 'css/admin.css'
[2026-09-05 17:15:26] SPPBlade: Starting render for 'admin.views'
[2026-09-05 17:15:26] SPPBlade: Rendering relative view 'admin.views' with paths: "C:\/projects\/apache\/school1\/src\/SPPDocs\/resources\/views"
[2026-09-05 17:15:26] SPPBlade: Starting render for 'C:\projects\apache\school1/src/SPPDocs/resources/views/partials/command_palette.blade.php'
[2026-09-05 17:15:26] SPPBlade: Rendering absolute file. ViewName: command_palette, Paths: ["C:\\projects\\apache\\school1\/src\/SPPDocs\/resources\/views\/partials","C:\\projects\\apache\\school1\/src\/SPPDocs\/resources\/views","C:\/projects\/apache\/school1\/src\/SPPDocs\/resources\/views"]
[2026-09-05 17:15:26] SPPBlade: Render successful for command_palette
[2026-09-05 17:15:26] SPPBlade: Starting render for 'C:\projects\apache\school1/src/SPPDocs/resources/views/partials/keyboard_shortcuts.blade.php'
[2026-09-05 17:15:26] SPPBlade: Rendering absolute file. ViewName: keyboard_shortcuts, Paths: ["C:\\projects\\apache\\school1\/src\/SPPDocs\/resources\/views\/partials","C:\\projects\\apache\\school1\/src\/SPPDocs\/resources\/views","C:\/projects\/apache\/school1\/src\/SPPDocs\/resources\/views"]
[2026-09-05 17:15:26] SPPBlade: Render successful for keyboard_shortcuts
[2026-09-05 15:17:11] SPPBlade: Starting render for 'portal'
[2026-09-05 15:17:11] SPPBlade: Rendering relative view 'portal' with paths: "\/mnt\/c\/projects\/apache\/school1\/src\/SPPDocs\/resources\/views"
[2026-09-05 15:17:15] SPPBlade: Starting render for 'admin.views'
[2026-09-05 15:17:15] SPPBlade: Rendering relative view 'admin.views' with paths: "\/mnt\/c\/projects\/apache\/school1\/src\/SPPDocs\/resources\/views"
[2026-09-05 15:17:15] SPPBlade: Starting render for '/mnt/c/projects/apache/school1/src/SPPDocs/resources/views/partials/command_palette.blade.php'
[2026-09-05 15:17:15] SPPBlade: Rendering absolute file. ViewName: command_palette, Paths: ["\/mnt\/c\/projects\/apache\/school1\/src\/SPPDocs\/resources\/views\/partials","\/mnt\/c\/projects\/apache\/school1\/src\/SPPDocs\/resources\/views"]
[2026-09-05 15:17:15] SPPBlade: Render successful for command_palette
[2026-09-05 15:17:15] SPPBlade: Starting render for '/mnt/c/projects/apache/school1/src/SPPDocs/resources/views/partials/keyboard_shortcuts.blade.php'
[2026-09-05 15:17:15] SPPBlade: Rendering absolute file. ViewName: keyboard_shortcuts, Paths: ["\/mnt\/c\/projects\/apache\/school1\/src\/SPPDocs\/resources\/views\/partials","\/mnt\/c\/projects\/apache\/school1\/src\/SPPDocs\/resources\/views"]
[2026-09-05 15:17:15] SPPBlade: Render successful for keyboard_shortcuts
[2026-09-05 15:17:27] DEBUG: Longest match routing: Picked 'css' for request 'css/admin.css'
[2026-09-05 15:17:42] SPPBlade: Starting render for 'admin.views'
[2026-09-05 15:17:42] SPPBlade: Rendering relative view 'admin.views' with paths: "\/mnt\/c\/projects\/apache\/school1\/src\/SPPDocs\/resources\/views"
[2026-09-05 15:17:42] SPPBlade: Starting render for '/mnt/c/projects/apache/school1/src/SPPDocs/resources/views/partials/command_palette.blade.php'
[2026-09-05 15:17:42] SPPBlade: Rendering absolute file. ViewName: command_palette, Paths: ["\/mnt\/c\/projects\/apache\/school1\/src\/SPPDocs\/resources\/views\/partials","\/mnt\/c\/projects\/apache\/school1\/src\/SPPDocs\/resources\/views"]
[2026-09-05 15:17:42] SPPBlade: Render successful for command_palette
[2026-09-05 15:17:42] SPPBlade: Starting render for '/mnt/c/projects/apache/school1/src/SPPDocs/resources/views/partials/keyboard_shortcuts.blade.php'
[2026-09-05 15:17:42] SPPBlade: Rendering absolute file. ViewName: keyboard_shortcuts, Paths: ["\/mnt\/c\/projects\/apache\/school1\/src\/SPPDocs\/resources\/views\/partials","\/mnt\/c\/projects\/apache\/school1\/src\/SPPDocs\/resources\/views"]
[2026-09-05 15:17:42] SPPBlade: Render successful for keyboard_shortcuts
[2026-09-05 15:18:11] DEBUG: Longest match routing: Picked 'css' for request 'css/admin.css'
[2026-09-05 15:18:27] DEBUG: Longest match routing: Picked 'css' for request 'css/sppdocs.css'
[2026-09-05 15:22:10] SPPBlade: Starting render for 'admin.views'
[2026-09-05 15:22:10] SPPBlade: Rendering relative view 'admin.views' with paths: "\/mnt\/c\/projects\/apache\/school1\/src\/SPPDocs\/resources\/views"
[2026-09-05 15:22:10] SPPBlade: Starting render for '/mnt/c/projects/apache/school1/src/SPPDocs/resources/views/partials/command_palette.blade.php'
[2026-09-05 15:22:10] SPPBlade: Rendering absolute file. ViewName: command_palette, Paths: ["\/mnt\/c\/projects\/apache\/school1\/src\/SPPDocs\/resources\/views\/partials","\/mnt\/c\/projects\/apache\/school1\/src\/SPPDocs\/resources\/views"]
[2026-09-05 15:22:10] SPPBlade: Render successful for command_palette
[2026-09-05 15:22:10] SPPBlade: Starting render for '/mnt/c/projects/apache/school1/src/SPPDocs/resources/views/partials/keyboard_shortcuts.blade.php'
[2026-09-05 15:22:10] SPPBlade: Rendering absolute file. ViewName: keyboard_shortcuts, Paths: ["\/mnt\/c\/projects\/apache\/school1\/src\/SPPDocs\/resources\/views\/partials","\/mnt\/c\/projects\/apache\/school1\/src\/SPPDocs\/resources\/views"]
[2026-09-05 15:22:10] SPPBlade: Render successful for keyboard_shortcuts
[2026-09-05 15:22:49] SPPBlade: Starting render for 'admin.dashboard'
[2026-09-05 15:22:49] SPPBlade: Rendering relative view 'admin.dashboard' with paths: "\/mnt\/c\/projects\/apache\/school1\/src\/SPPDocs\/resources\/views"
[2026-09-05 15:22:49] SPPBlade: Starting render for '/mnt/c/projects/apache/school1/src/SPPDocs/resources/views/partials/command_palette.blade.php'
[2026-09-05 15:22:49] SPPBlade: Rendering absolute file. ViewName: command_palette, Paths: ["\/mnt\/c\/projects\/apache\/school1\/src\/SPPDocs\/resources\/views\/partials","\/mnt\/c\/projects\/apache\/school1\/src\/SPPDocs\/resources\/views"]
[2026-09-05 15:22:49] SPPBlade: Render successful for command_palette
[2026-09-05 15:22:49] SPPBlade: Starting render for '/mnt/c/projects/apache/school1/src/SPPDocs/resources/views/partials/keyboard_shortcuts.blade.php'
[2026-09-05 15:22:49] SPPBlade: Rendering absolute file. ViewName: keyboard_shortcuts, Paths: ["\/mnt\/c\/projects\/apache\/school1\/src\/SPPDocs\/resources\/views\/partials","\/mnt\/c\/projects\/apache\/school1\/src\/SPPDocs\/resources\/views"]
[2026-09-05 15:22:50] SPPBlade: Render successful for keyboard_shortcuts
[2026-09-05 17:29:38] SPPBlade: Starting render for 'admin.views'
[2026-09-05 17:29:38] SPPBlade: Rendering relative view 'admin.views' with paths: "C:\/projects\/apache\/school1\/src\/SPPDocs\/resources\/views"
[2026-09-05 17:29:39] SPPBlade: Starting render for 'C:\projects\apache\school1/src/SPPDocs/resources/views/partials/command_palette.blade.php'
[2026-09-05 17:29:39] SPPBlade: Rendering absolute file. ViewName: command_palette, Paths: ["C:\\projects\\apache\\school1\/src\/SPPDocs\/resources\/views\/partials","C:\\projects\\apache\\school1\/src\/SPPDocs\/resources\/views","C:\/projects\/apache\/school1\/src\/SPPDocs\/resources\/views"]
[2026-09-05 17:29:39] SPPBlade: Render successful for command_palette
[2026-09-05 17:29:39] SPPBlade: Starting render for 'C:\projects\apache\school1/src/SPPDocs/resources/views/partials/keyboard_shortcuts.blade.php'
[2026-09-05 17:29:39] SPPBlade: Rendering absolute file. ViewName: keyboard_shortcuts, Paths: ["C:\\projects\\apache\\school1\/src\/SPPDocs\/resources\/views\/partials","C:\\projects\\apache\\school1\/src\/SPPDocs\/resources\/views","C:\/projects\/apache\/school1\/src\/SPPDocs\/resources\/views"]
[2026-09-05 17:29:39] SPPBlade: Render successful for keyboard_shortcuts
[2026-09-05 15:31:31] SPPBlade: Starting render for 'admin.views'
[2026-09-05 15:31:31] SPPBlade: Rendering relative view 'admin.views' with paths: "\/mnt\/c\/projects\/apache\/school1\/src\/SPPDocs\/resources\/views"
[2026-09-05 15:31:31] SPPBlade: Starting render for '/mnt/c/projects/apache/school1/src/SPPDocs/resources/views/partials/command_palette.blade.php'
[2026-09-05 15:31:31] SPPBlade: Rendering absolute file. ViewName: command_palette, Paths: ["\/mnt\/c\/projects\/apache\/school1\/src\/SPPDocs\/resources\/views\/partials","\/mnt\/c\/projects\/apache\/school1\/src\/SPPDocs\/resources\/views"]
[2026-09-05 15:31:31] SPPBlade: Render successful for command_palette
[2026-09-05 15:31:31] SPPBlade: Starting render for '/mnt/c/projects/apache/school1/src/SPPDocs/resources/views/partials/keyboard_shortcuts.blade.php'
[2026-09-05 15:31:31] SPPBlade: Rendering absolute file. ViewName: keyboard_shortcuts, Paths: ["\/mnt\/c\/projects\/apache\/school1\/src\/SPPDocs\/resources\/views\/partials","\/mnt\/c\/projects\/apache\/school1\/src\/SPPDocs\/resources\/views"]
[2026-09-05 15:31:31] SPPBlade: Render successful for keyboard_shortcuts
[2026-09-05 15:31:46] DEBUG: Longest match routing: Picked 'css' for request 'css/admin.css'
[2026-09-05 15:35:06] SPPBlade: Starting render for 'admin.views'
[2026-09-05 15:35:06] SPPBlade: Rendering relative view 'admin.views' with paths: "\/mnt\/c\/projects\/apache\/school1\/src\/SPPDocs\/resources\/views"
[2026-09-05 15:35:06] SPPBlade: Starting render for '/mnt/c/projects/apache/school1/src/SPPDocs/resources/views/partials/command_palette.blade.php'
[2026-09-05 15:35:06] SPPBlade: Rendering absolute file. ViewName: command_palette, Paths: ["\/mnt\/c\/projects\/apache\/school1\/src\/SPPDocs\/resources\/views\/partials","\/mnt\/c\/projects\/apache\/school1\/src\/SPPDocs\/resources\/views"]
[2026-09-05 15:35:06] SPPBlade: Render successful for command_palette
[2026-09-05 15:35:06] SPPBlade: Starting render for '/mnt/c/projects/apache/school1/src/SPPDocs/resources/views/partials/keyboard_shortcuts.blade.php'
[2026-09-05 15:35:06] SPPBlade: Rendering absolute file. ViewName: keyboard_shortcuts, Paths: ["\/mnt\/c\/projects\/apache\/school1\/src\/SPPDocs\/resources\/views\/partials","\/mnt\/c\/projects\/apache\/school1\/src\/SPPDocs\/resources\/views"]
[2026-09-05 15:35:06] SPPBlade: Render successful for keyboard_shortcuts
[2026-09-05 15:35:17] SPPBlade: Starting render for 'project.home'
[2026-09-05 15:35:17] SPPBlade: Rendering relative view 'project.home' with paths: "\/mnt\/c\/projects\/apache\/school1\/src\/SPPDocs\/resources\/views"
[2026-09-05 15:35:17] SPPBlade: Starting render for '/mnt/c/projects/apache/school1/src/SPPDocs/resources/views/partials/sidebar.blade.php'
[2026-09-05 15:35:17] SPPBlade: Rendering absolute file. ViewName: sidebar, Paths: ["\/mnt\/c\/projects\/apache\/school1\/src\/SPPDocs\/resources\/views\/partials","\/mnt\/c\/projects\/apache\/school1\/src\/SPPDocs\/resources\/views"]
[2026-09-05 15:35:17] SPPBlade: Render successful for sidebar
[2026-09-05 15:35:17] SPPBlade: Starting render for '/mnt/c/projects/apache/school1/src/SPPDocs/resources/views/partials/header.blade.php'
[2026-09-05 15:35:17] SPPBlade: Rendering absolute file. ViewName: header, Paths: ["\/mnt\/c\/projects\/apache\/school1\/src\/SPPDocs\/resources\/views\/partials","\/mnt\/c\/projects\/apache\/school1\/src\/SPPDocs\/resources\/views"]
[2026-09-05 15:35:17] SPPBlade: Starting render for '/mnt/c/projects/apache/school1/src/SPPDocs/resources/views/partials/locale_switcher.blade.php'
[2026-09-05 15:35:17] SPPBlade: Rendering absolute file. ViewName: locale_switcher, Paths: ["\/mnt\/c\/projects\/apache\/school1\/src\/SPPDocs\/resources\/views\/partials","\/mnt\/c\/projects\/apache\/school1\/src\/SPPDocs\/resources\/views"]
[2026-09-05 15:35:17] SPPBlade: Render successful for locale_switcher
[2026-09-05 15:35:17] SPPBlade: Render successful for header
[2026-09-05 15:35:17] SPPBlade: Starting render for '/mnt/c/projects/apache/school1/src/SPPDocs/resources/views/partials/region.blade.php'
[2026-09-05 15:35:17] SPPBlade: Rendering absolute file. ViewName: region, Paths: ["\/mnt\/c\/projects\/apache\/school1\/src\/SPPDocs\/resources\/views\/partials","\/mnt\/c\/projects\/apache\/school1\/src\/SPPDocs\/resources\/views"]
[2026-09-05 15:35:17] SPPBlade: Starting render for '/mnt/c/projects/apache/school1/src/SPPDocs/resources/views/partials/blocks/taxonomy_tree.blade.php'
[2026-09-05 15:35:17] SPPBlade: Rendering absolute file. ViewName: taxonomy_tree, Paths: ["\/mnt\/c\/projects\/apache\/school1\/src\/SPPDocs\/resources\/views\/partials\/blocks","\/mnt\/c\/projects\/apache\/school1\/src\/SPPDocs\/resources\/views"]
[2026-09-05 15:35:17] SPPBlade: Render successful for taxonomy_tree
[2026-09-05 15:35:17] SPPBlade: Render successful for region
[2026-09-05 15:35:17] SPPBlade: Starting render for '/mnt/c/projects/apache/school1/src/SPPDocs/resources/views/partials/command_palette.blade.php'
[2026-09-05 15:35:17] SPPBlade: Rendering absolute file. ViewName: command_palette, Paths: ["\/mnt\/c\/projects\/apache\/school1\/src\/SPPDocs\/resources\/views\/partials","\/mnt\/c\/projects\/apache\/school1\/src\/SPPDocs\/resources\/views"]
[2026-09-05 15:35:17] SPPBlade: Render successful for command_palette
[2026-09-05 15:35:17] SPPBlade: Starting render for '/mnt/c/projects/apache/school1/src/SPPDocs/resources/views/partials/keyboard_shortcuts.blade.php'
[2026-09-05 15:35:17] SPPBlade: Rendering absolute file. ViewName: keyboard_shortcuts, Paths: ["\/mnt\/c\/projects\/apache\/school1\/src\/SPPDocs\/resources\/views\/partials","\/mnt\/c\/projects\/apache\/school1\/src\/SPPDocs\/resources\/views"]
[2026-09-05 15:35:17] SPPBlade: Render successful for keyboard_shortcuts
[2026-09-05 15:36:29] SPPBlade: Starting render for 'admin.login'
[2026-09-05 15:36:29] SPPBlade: Rendering relative view 'admin.login' with paths: "\/mnt\/c\/projects\/apache\/school1\/src\/SPPDocs\/resources\/views"
[2026-09-05 15:36:32] DEBUG: Longest match routing: Picked 'css' for request 'css/admin_login.css'
[2026-09-05 15:36:54] SPPBlade: Starting render for 'admin.dashboard'
[2026-09-05 15:36:54] SPPBlade: Rendering relative view 'admin.dashboard' with paths: "\/mnt\/c\/projects\/apache\/school1\/src\/SPPDocs\/resources\/views"
[2026-09-05 15:36:54] SPPBlade: Starting render for '/mnt/c/projects/apache/school1/src/SPPDocs/resources/views/partials/command_palette.blade.php'
[2026-09-05 15:36:54] SPPBlade: Rendering absolute file. ViewName: command_palette, Paths: ["\/mnt\/c\/projects\/apache\/school1\/src\/SPPDocs\/resources\/views\/partials","\/mnt\/c\/projects\/apache\/school1\/src\/SPPDocs\/resources\/views"]
[2026-09-05 15:36:54] SPPBlade: Render successful for command_palette
[2026-09-05 15:36:54] SPPBlade: Starting render for '/mnt/c/projects/apache/school1/src/SPPDocs/resources/views/partials/keyboard_shortcuts.blade.php'
[2026-09-05 15:36:54] SPPBlade: Rendering absolute file. ViewName: keyboard_shortcuts, Paths: ["\/mnt\/c\/projects\/apache\/school1\/src\/SPPDocs\/resources\/views\/partials","\/mnt\/c\/projects\/apache\/school1\/src\/SPPDocs\/resources\/views"]
[2026-09-05 15:36:54] SPPBlade: Render successful for keyboard_shortcuts
[2026-09-05 15:36:56] DEBUG: Longest match routing: Picked 'css' for request 'css/sppdocs.css'
[2026-09-05 15:36:57] DEBUG: Longest match routing: Picked 'css' for request 'css/admin.css'
[2026-09-05 15:37:11] SPPBlade: Starting render for 'project.home'
[2026-09-05 15:37:11] SPPBlade: Rendering relative view 'project.home' with paths: "\/mnt\/c\/projects\/apache\/school1\/src\/SPPDocs\/resources\/views"
[2026-09-05 15:37:11] SPPBlade: Starting render for '/mnt/c/projects/apache/school1/src/SPPDocs/resources/views/partials/sidebar.blade.php'
[2026-09-05 15:37:11] SPPBlade: Rendering absolute file. ViewName: sidebar, Paths: ["\/mnt\/c\/projects\/apache\/school1\/src\/SPPDocs\/resources\/views\/partials","\/mnt\/c\/projects\/apache\/school1\/src\/SPPDocs\/resources\/views"]
[2026-09-05 15:37:12] SPPBlade: Render successful for sidebar
[2026-09-05 15:37:12] SPPBlade: Starting render for '/mnt/c/projects/apache/school1/src/SPPDocs/resources/views/partials/header.blade.php'
[2026-09-05 15:37:12] SPPBlade: Rendering absolute file. ViewName: header, Paths: ["\/mnt\/c\/projects\/apache\/school1\/src\/SPPDocs\/resources\/views\/partials","\/mnt\/c\/projects\/apache\/school1\/src\/SPPDocs\/resources\/views"]
[2026-09-05 15:37:12] SPPBlade: Starting render for '/mnt/c/projects/apache/school1/src/SPPDocs/resources/views/partials/locale_switcher.blade.php'
[2026-09-05 15:37:12] SPPBlade: Rendering absolute file. ViewName: locale_switcher, Paths: ["\/mnt\/c\/projects\/apache\/school1\/src\/SPPDocs\/resources\/views\/partials","\/mnt\/c\/projects\/apache\/school1\/src\/SPPDocs\/resources\/views"]
[2026-09-05 15:37:12] SPPBlade: Render successful for locale_switcher
[2026-09-05 15:37:12] SPPBlade: Render successful for header
[2026-09-05 15:37:12] SPPBlade: Starting render for '/mnt/c/projects/apache/school1/src/SPPDocs/resources/views/partials/region.blade.php'
[2026-09-05 15:37:12] SPPBlade: Rendering absolute file. ViewName: region, Paths: ["\/mnt\/c\/projects\/apache\/school1\/src\/SPPDocs\/resources\/views\/partials","\/mnt\/c\/projects\/apache\/school1\/src\/SPPDocs\/resources\/views"]
[2026-09-05 15:37:12] SPPBlade: Starting render for '/mnt/c/projects/apache/school1/src/SPPDocs/resources/views/partials/blocks/taxonomy_tree.blade.php'
[2026-09-05 15:37:12] SPPBlade: Rendering absolute file. ViewName: taxonomy_tree, Paths: ["\/mnt\/c\/projects\/apache\/school1\/src\/SPPDocs\/resources\/views\/partials\/blocks","\/mnt\/c\/projects\/apache\/school1\/src\/SPPDocs\/resources\/views"]
[2026-09-05 15:37:12] SPPBlade: Render successful for taxonomy_tree
[2026-09-05 15:37:12] SPPBlade: Render successful for region
[2026-09-05 15:37:12] SPPBlade: Starting render for '/mnt/c/projects/apache/school1/src/SPPDocs/resources/views/partials/command_palette.blade.php'
[2026-09-05 15:37:12] SPPBlade: Rendering absolute file. ViewName: command_palette, Paths: ["\/mnt\/c\/projects\/apache\/school1\/src\/SPPDocs\/resources\/views\/partials","\/mnt\/c\/projects\/apache\/school1\/src\/SPPDocs\/resources\/views"]
[2026-09-05 15:37:12] SPPBlade: Render successful for command_palette
[2026-09-05 15:37:12] SPPBlade: Starting render for '/mnt/c/projects/apache/school1/src/SPPDocs/resources/views/partials/keyboard_shortcuts.blade.php'
[2026-09-05 15:37:12] SPPBlade: Rendering absolute file. ViewName: keyboard_shortcuts, Paths: ["\/mnt\/c\/projects\/apache\/school1\/src\/SPPDocs\/resources\/views\/partials","\/mnt\/c\/projects\/apache\/school1\/src\/SPPDocs\/resources\/views"]
[2026-09-05 15:37:12] SPPBlade: Render successful for keyboard_shortcuts
[2026-09-05 15:37:13] DEBUG: Longest match routing: Picked 'css' for request 'css/sppdocs.css'
[2026-09-05 15:37:22] SPPBlade: Starting render for 'admin.views'
[2026-09-05 15:37:22] SPPBlade: Rendering relative view 'admin.views' with paths: "\/mnt\/c\/projects\/apache\/school1\/src\/SPPDocs\/resources\/views"
[2026-09-05 15:37:23] SPPBlade: Starting render for '/mnt/c/projects/apache/school1/src/SPPDocs/resources/views/partials/command_palette.blade.php'
[2026-09-05 15:37:23] SPPBlade: Rendering absolute file. ViewName: command_palette, Paths: ["\/mnt\/c\/projects\/apache\/school1\/src\/SPPDocs\/resources\/views\/partials","\/mnt\/c\/projects\/apache\/school1\/src\/SPPDocs\/resources\/views"]
[2026-09-05 15:37:23] SPPBlade: Render successful for command_palette
[2026-09-05 15:37:23] SPPBlade: Starting render for '/mnt/c/projects/apache/school1/src/SPPDocs/resources/views/partials/keyboard_shortcuts.blade.php'
[2026-09-05 15:37:23] SPPBlade: Rendering absolute file. ViewName: keyboard_shortcuts, Paths: ["\/mnt\/c\/projects\/apache\/school1\/src\/SPPDocs\/resources\/views\/partials","\/mnt\/c\/projects\/apache\/school1\/src\/SPPDocs\/resources\/views"]
[2026-09-05 15:37:23] SPPBlade: Render successful for keyboard_shortcuts
[2026-09-05 15:37:24] DEBUG: Longest match routing: Picked 'css' for request 'css/sppdocs.css'
[2026-09-05 15:37:25] DEBUG: Longest match routing: Picked 'css' for request 'css/admin.css'
[2026-09-05 16:14:07] SPPBlade: Starting render for 'views.show'
[2026-09-05 16:14:07] SPPBlade: Rendering relative view 'views.show' with paths: "\/mnt\/c\/projects\/apache\/school1\/src\/SPPDocs\/resources\/views"
[2026-09-05 16:14:07] SPPBlade: Starting render for '/mnt/c/projects/apache/school1/src/SPPDocs/resources/views/partials/sidebar.blade.php'
[2026-09-05 16:14:07] SPPBlade: Rendering absolute file. ViewName: sidebar, Paths: ["\/mnt\/c\/projects\/apache\/school1\/src\/SPPDocs\/resources\/views\/partials","\/mnt\/c\/projects\/apache\/school1\/src\/SPPDocs\/resources\/views"]
[2026-09-05 16:14:07] SPPBlade: Render successful for sidebar
[2026-09-05 16:14:07] SPPBlade: Starting render for '/mnt/c/projects/apache/school1/src/SPPDocs/resources/views/partials/views_renderer.blade.php'
[2026-09-05 16:14:07] SPPBlade: Rendering absolute file. ViewName: views_renderer, Paths: ["\/mnt\/c\/projects\/apache\/school1\/src\/SPPDocs\/resources\/views\/partials","\/mnt\/c\/projects\/apache\/school1\/src\/SPPDocs\/resources\/views"]
[2026-09-05 16:14:07] SPPBlade: Render successful for views_renderer
[2026-09-05 16:14:07] SPPBlade: Starting render for '/mnt/c/projects/apache/school1/src/SPPDocs/resources/views/partials/header.blade.php'
[2026-09-05 16:14:07] SPPBlade: Rendering absolute file. ViewName: header, Paths: ["\/mnt\/c\/projects\/apache\/school1\/src\/SPPDocs\/resources\/views\/partials","\/mnt\/c\/projects\/apache\/school1\/src\/SPPDocs\/resources\/views"]
[2026-09-05 16:14:07] SPPBlade: Starting render for '/mnt/c/projects/apache/school1/src/SPPDocs/resources/views/partials/locale_switcher.blade.php'
[2026-09-05 16:14:07] SPPBlade: Rendering absolute file. ViewName: locale_switcher, Paths: ["\/mnt\/c\/projects\/apache\/school1\/src\/SPPDocs\/resources\/views\/partials","\/mnt\/c\/projects\/apache\/school1\/src\/SPPDocs\/resources\/views"]
[2026-09-05 16:14:07] SPPBlade: Render successful for locale_switcher
[2026-09-05 16:14:07] SPPBlade: Render successful for header
[2026-09-05 16:14:07] SPPBlade: Starting render for '/mnt/c/projects/apache/school1/src/SPPDocs/resources/views/partials/region.blade.php'
[2026-09-05 16:14:07] SPPBlade: Rendering absolute file. ViewName: region, Paths: ["\/mnt\/c\/projects\/apache\/school1\/src\/SPPDocs\/resources\/views\/partials","\/mnt\/c\/projects\/apache\/school1\/src\/SPPDocs\/resources\/views"]
[2026-09-05 16:14:07] SPPBlade: Starting render for '/mnt/c/projects/apache/school1/src/SPPDocs/resources/views/partials/blocks/taxonomy_tree.blade.php'
[2026-09-05 16:14:07] SPPBlade: Rendering absolute file. ViewName: taxonomy_tree, Paths: ["\/mnt\/c\/projects\/apache\/school1\/src\/SPPDocs\/resources\/views\/partials\/blocks","\/mnt\/c\/projects\/apache\/school1\/src\/SPPDocs\/resources\/views"]
[2026-09-05 16:14:07] SPPBlade: Render successful for taxonomy_tree
[2026-09-05 16:14:07] SPPBlade: Render successful for region
[2026-09-05 16:14:07] SPPBlade: Starting render for '/mnt/c/projects/apache/school1/src/SPPDocs/resources/views/partials/command_palette.blade.php'
[2026-09-05 16:14:07] SPPBlade: Rendering absolute file. ViewName: command_palette, Paths: ["\/mnt\/c\/projects\/apache\/school1\/src\/SPPDocs\/resources\/views\/partials","\/mnt\/c\/projects\/apache\/school1\/src\/SPPDocs\/resources\/views"]
[2026-09-05 16:14:07] SPPBlade: Render successful for command_palette
[2026-09-05 16:14:07] SPPBlade: Starting render for '/mnt/c/projects/apache/school1/src/SPPDocs/resources/views/partials/keyboard_shortcuts.blade.php'
[2026-09-05 16:14:07] SPPBlade: Rendering absolute file. ViewName: keyboard_shortcuts, Paths: ["\/mnt\/c\/projects\/apache\/school1\/src\/SPPDocs\/resources\/views\/partials","\/mnt\/c\/projects\/apache\/school1\/src\/SPPDocs\/resources\/views"]
[2026-09-05 16:14:07] SPPBlade: Render successful for keyboard_shortcuts
[2026-09-05 16:14:09] DEBUG: Longest match routing: Picked 'css' for request 'css/sppdocs.css'
[2026-09-05 16:14:09] DEBUG: Longest match routing: Picked 'assets' for request 'assets/logo.jpg'
[2026-09-05 16:26:27] SPPBlade: Starting render for 'project.home'
[2026-09-05 16:26:27] SPPBlade: Rendering relative view 'project.home' with paths: "\/mnt\/c\/projects\/apache\/school1\/src\/SPPDocs\/resources\/views"
[2026-09-05 16:26:27] SPPBlade: Starting render for '/mnt/c/projects/apache/school1/src/SPPDocs/resources/views/partials/sidebar.blade.php'
[2026-09-05 16:26:27] SPPBlade: Rendering absolute file. ViewName: sidebar, Paths: ["\/mnt\/c\/projects\/apache\/school1\/src\/SPPDocs\/resources\/views\/partials","\/mnt\/c\/projects\/apache\/school1\/src\/SPPDocs\/resources\/views"]
[2026-09-05 16:26:27] SPPBlade: Render successful for sidebar
[2026-09-05 16:26:27] SPPBlade: Starting render for '/mnt/c/projects/apache/school1/src/SPPDocs/resources/views/partials/header.blade.php'
[2026-09-05 16:26:27] SPPBlade: Rendering absolute file. ViewName: header, Paths: ["\/mnt\/c\/projects\/apache\/school1\/src\/SPPDocs\/resources\/views\/partials","\/mnt\/c\/projects\/apache\/school1\/src\/SPPDocs\/resources\/views"]
[2026-09-05 16:26:27] SPPBlade: Starting render for '/mnt/c/projects/apache/school1/src/SPPDocs/resources/views/partials/locale_switcher.blade.php'
[2026-09-05 16:26:27] SPPBlade: Rendering absolute file. ViewName: locale_switcher, Paths: ["\/mnt\/c\/projects\/apache\/school1\/src\/SPPDocs\/resources\/views\/partials","\/mnt\/c\/projects\/apache\/school1\/src\/SPPDocs\/resources\/views"]
[2026-09-05 16:26:27] SPPBlade: Render successful for locale_switcher
[2026-09-05 16:26:27] SPPBlade: Render successful for header
[2026-09-05 16:26:27] SPPBlade: Starting render for '/mnt/c/projects/apache/school1/src/SPPDocs/resources/views/partials/region.blade.php'
[2026-09-05 16:26:27] SPPBlade: Rendering absolute file. ViewName: region, Paths: ["\/mnt\/c\/projects\/apache\/school1\/src\/SPPDocs\/resources\/views\/partials","\/mnt\/c\/projects\/apache\/school1\/src\/SPPDocs\/resources\/views"]
[2026-09-05 16:26:27] SPPBlade: Starting render for '/mnt/c/projects/apache/school1/src/SPPDocs/resources/views/partials/blocks/taxonomy_tree.blade.php'
[2026-09-05 16:26:27] SPPBlade: Rendering absolute file. ViewName: taxonomy_tree, Paths: ["\/mnt\/c\/projects\/apache\/school1\/src\/SPPDocs\/resources\/views\/partials\/blocks","\/mnt\/c\/projects\/apache\/school1\/src\/SPPDocs\/resources\/views"]
[2026-09-05 16:26:27] SPPBlade: Render successful for taxonomy_tree
[2026-09-05 16:26:27] SPPBlade: Render successful for region
[2026-09-05 16:26:27] SPPBlade: Starting render for '/mnt/c/projects/apache/school1/src/SPPDocs/resources/views/partials/command_palette.blade.php'
[2026-09-05 16:26:27] SPPBlade: Rendering absolute file. ViewName: command_palette, Paths: ["\/mnt\/c\/projects\/apache\/school1\/src\/SPPDocs\/resources\/views\/partials","\/mnt\/c\/projects\/apache\/school1\/src\/SPPDocs\/resources\/views"]
[2026-09-05 16:26:28] SPPBlade: Render successful for command_palette
[2026-09-05 16:26:28] SPPBlade: Starting render for '/mnt/c/projects/apache/school1/src/SPPDocs/resources/views/partials/keyboard_shortcuts.blade.php'
[2026-09-05 16:26:28] SPPBlade: Rendering absolute file. ViewName: keyboard_shortcuts, Paths: ["\/mnt\/c\/projects\/apache\/school1\/src\/SPPDocs\/resources\/views\/partials","\/mnt\/c\/projects\/apache\/school1\/src\/SPPDocs\/resources\/views"]
[2026-09-05 16:26:28] SPPBlade: Render successful for keyboard_shortcuts
[2026-09-05 16:26:35] SPPBlade: Starting render for 'project.home'
[2026-09-05 16:26:35] SPPBlade: Rendering relative view 'project.home' with paths: "\/mnt\/c\/projects\/apache\/school1\/src\/SPPDocs\/resources\/views"
[2026-09-05 16:26:35] SPPBlade: Starting render for '/mnt/c/projects/apache/school1/src/SPPDocs/resources/views/partials/sidebar.blade.php'
[2026-09-05 16:26:35] SPPBlade: Rendering absolute file. ViewName: sidebar, Paths: ["\/mnt\/c\/projects\/apache\/school1\/src\/SPPDocs\/resources\/views\/partials","\/mnt\/c\/projects\/apache\/school1\/src\/SPPDocs\/resources\/views"]
[2026-09-05 16:26:35] SPPBlade: Render successful for sidebar
[2026-09-05 16:26:36] SPPBlade: Starting render for '/mnt/c/projects/apache/school1/src/SPPDocs/resources/views/partials/header.blade.php'
[2026-09-05 16:26:36] SPPBlade: Rendering absolute file. ViewName: header, Paths: ["\/mnt\/c\/projects\/apache\/school1\/src\/SPPDocs\/resources\/views\/partials","\/mnt\/c\/projects\/apache\/school1\/src\/SPPDocs\/resources\/views"]
[2026-09-05 16:26:36] SPPBlade: Starting render for '/mnt/c/projects/apache/school1/src/SPPDocs/resources/views/partials/locale_switcher.blade.php'
[2026-09-05 16:26:36] SPPBlade: Rendering absolute file. ViewName: locale_switcher, Paths: ["\/mnt\/c\/projects\/apache\/school1\/src\/SPPDocs\/resources\/views\/partials","\/mnt\/c\/projects\/apache\/school1\/src\/SPPDocs\/resources\/views"]
[2026-09-05 16:26:36] SPPBlade: Render successful for locale_switcher
[2026-09-05 16:26:36] SPPBlade: Render successful for header
[2026-09-05 16:26:36] SPPBlade: Starting render for '/mnt/c/projects/apache/school1/src/SPPDocs/resources/views/partials/region.blade.php'
[2026-09-05 16:26:36] SPPBlade: Rendering absolute file. ViewName: region, Paths: ["\/mnt\/c\/projects\/apache\/school1\/src\/SPPDocs\/resources\/views\/partials","\/mnt\/c\/projects\/apache\/school1\/src\/SPPDocs\/resources\/views"]
[2026-09-05 16:26:36] SPPBlade: Starting render for '/mnt/c/projects/apache/school1/src/SPPDocs/resources/views/partials/blocks/taxonomy_tree.blade.php'
[2026-09-05 16:26:36] SPPBlade: Rendering absolute file. ViewName: taxonomy_tree, Paths: ["\/mnt\/c\/projects\/apache\/school1\/src\/SPPDocs\/resources\/views\/partials\/blocks","\/mnt\/c\/projects\/apache\/school1\/src\/SPPDocs\/resources\/views"]
[2026-09-05 16:26:36] SPPBlade: Render successful for taxonomy_tree
[2026-09-05 16:26:36] SPPBlade: Render successful for region
[2026-09-05 16:26:36] SPPBlade: Starting render for '/mnt/c/projects/apache/school1/src/SPPDocs/resources/views/partials/command_palette.blade.php'
[2026-09-05 16:26:36] SPPBlade: Rendering absolute file. ViewName: command_palette, Paths: ["\/mnt\/c\/projects\/apache\/school1\/src\/SPPDocs\/resources\/views\/partials","\/mnt\/c\/projects\/apache\/school1\/src\/SPPDocs\/resources\/views"]
[2026-09-05 16:26:36] SPPBlade: Render successful for command_palette
[2026-09-05 16:26:36] SPPBlade: Starting render for '/mnt/c/projects/apache/school1/src/SPPDocs/resources/views/partials/keyboard_shortcuts.blade.php'
[2026-09-05 16:26:36] SPPBlade: Rendering absolute file. ViewName: keyboard_shortcuts, Paths: ["\/mnt\/c\/projects\/apache\/school1\/src\/SPPDocs\/resources\/views\/partials","\/mnt\/c\/projects\/apache\/school1\/src\/SPPDocs\/resources\/views"]
[2026-09-05 16:26:36] SPPBlade: Render successful for keyboard_shortcuts
[2026-09-05 16:26:46] SPPBlade: Starting render for 'project.home'
[2026-09-05 16:26:46] SPPBlade: Rendering relative view 'project.home' with paths: "\/mnt\/c\/projects\/apache\/school1\/src\/SPPDocs\/resources\/views"
[2026-09-05 16:26:46] SPPBlade: Starting render for '/mnt/c/projects/apache/school1/src/SPPDocs/resources/views/partials/sidebar.blade.php'
[2026-09-05 16:26:46] SPPBlade: Rendering absolute file. ViewName: sidebar, Paths: ["\/mnt\/c\/projects\/apache\/school1\/src\/SPPDocs\/resources\/views\/partials","\/mnt\/c\/projects\/apache\/school1\/src\/SPPDocs\/resources\/views"]
[2026-09-05 16:26:46] SPPBlade: Render successful for sidebar
[2026-09-05 16:26:46] SPPBlade: Starting render for '/mnt/c/projects/apache/school1/src/SPPDocs/resources/views/partials/header.blade.php'
[2026-09-05 16:26:46] SPPBlade: Rendering absolute file. ViewName: header, Paths: ["\/mnt\/c\/projects\/apache\/school1\/src\/SPPDocs\/resources\/views\/partials","\/mnt\/c\/projects\/apache\/school1\/src\/SPPDocs\/resources\/views"]
[2026-09-05 16:26:46] SPPBlade: Starting render for '/mnt/c/projects/apache/school1/src/SPPDocs/resources/views/partials/locale_switcher.blade.php'
[2026-09-05 16:26:46] SPPBlade: Rendering absolute file. ViewName: locale_switcher, Paths: ["\/mnt\/c\/projects\/apache\/school1\/src\/SPPDocs\/resources\/views\/partials","\/mnt\/c\/projects\/apache\/school1\/src\/SPPDocs\/resources\/views"]
[2026-09-05 16:26:46] SPPBlade: Render successful for locale_switcher
[2026-09-05 16:26:46] SPPBlade: Render successful for header
[2026-09-05 16:26:46] SPPBlade: Starting render for '/mnt/c/projects/apache/school1/src/SPPDocs/resources/views/partials/region.blade.php'
[2026-09-05 16:26:46] SPPBlade: Rendering absolute file. ViewName: region, Paths: ["\/mnt\/c\/projects\/apache\/school1\/src\/SPPDocs\/resources\/views\/partials","\/mnt\/c\/projects\/apache\/school1\/src\/SPPDocs\/resources\/views"]
[2026-09-05 16:26:46] SPPBlade: Starting render for '/mnt/c/projects/apache/school1/src/SPPDocs/resources/views/partials/blocks/taxonomy_tree.blade.php'
[2026-09-05 16:26:46] SPPBlade: Rendering absolute file. ViewName: taxonomy_tree, Paths: ["\/mnt\/c\/projects\/apache\/school1\/src\/SPPDocs\/resources\/views\/partials\/blocks","\/mnt\/c\/projects\/apache\/school1\/src\/SPPDocs\/resources\/views"]
[2026-09-05 16:26:46] SPPBlade: Render successful for taxonomy_tree
[2026-09-05 16:26:46] SPPBlade: Render successful for region
[2026-09-05 16:26:46] SPPBlade: Starting render for '/mnt/c/projects/apache/school1/src/SPPDocs/resources/views/partials/command_palette.blade.php'
[2026-09-05 16:26:46] SPPBlade: Rendering absolute file. ViewName: command_palette, Paths: ["\/mnt\/c\/projects\/apache\/school1\/src\/SPPDocs\/resources\/views\/partials","\/mnt\/c\/projects\/apache\/school1\/src\/SPPDocs\/resources\/views"]
[2026-09-05 16:26:46] SPPBlade: Render successful for command_palette
[2026-09-05 16:26:46] SPPBlade: Starting render for '/mnt/c/projects/apache/school1/src/SPPDocs/resources/views/partials/keyboard_shortcuts.blade.php'
[2026-09-05 16:26:46] SPPBlade: Rendering absolute file. ViewName: keyboard_shortcuts, Paths: ["\/mnt\/c\/projects\/apache\/school1\/src\/SPPDocs\/resources\/views\/partials","\/mnt\/c\/projects\/apache\/school1\/src\/SPPDocs\/resources\/views"]
[2026-09-05 16:26:46] SPPBlade: Render successful for keyboard_shortcuts
[2026-09-05 16:26:59] SPPBlade: Starting render for 'project.home'
[2026-09-05 16:26:59] SPPBlade: Rendering relative view 'project.home' with paths: "\/mnt\/c\/projects\/apache\/school1\/src\/SPPDocs\/resources\/views"
[2026-09-05 16:26:59] SPPBlade: Starting render for '/mnt/c/projects/apache/school1/src/SPPDocs/resources/views/partials/sidebar.blade.php'
[2026-09-05 16:26:59] SPPBlade: Rendering absolute file. ViewName: sidebar, Paths: ["\/mnt\/c\/projects\/apache\/school1\/src\/SPPDocs\/resources\/views\/partials","\/mnt\/c\/projects\/apache\/school1\/src\/SPPDocs\/resources\/views"]
[2026-09-05 16:26:59] SPPBlade: Render successful for sidebar
[2026-09-05 16:26:59] SPPBlade: Starting render for '/mnt/c/projects/apache/school1/src/SPPDocs/resources/views/partials/header.blade.php'
[2026-09-05 16:26:59] SPPBlade: Rendering absolute file. ViewName: header, Paths: ["\/mnt\/c\/projects\/apache\/school1\/src\/SPPDocs\/resources\/views\/partials","\/mnt\/c\/projects\/apache\/school1\/src\/SPPDocs\/resources\/views"]
[2026-09-05 16:26:59] SPPBlade: Starting render for '/mnt/c/projects/apache/school1/src/SPPDocs/resources/views/partials/locale_switcher.blade.php'
[2026-09-05 16:26:59] SPPBlade: Rendering absolute file. ViewName: locale_switcher, Paths: ["\/mnt\/c\/projects\/apache\/school1\/src\/SPPDocs\/resources\/views\/partials","\/mnt\/c\/projects\/apache\/school1\/src\/SPPDocs\/resources\/views"]
[2026-09-05 16:26:59] SPPBlade: Render successful for locale_switcher
[2026-09-05 16:26:59] SPPBlade: Render successful for header
[2026-09-05 16:26:59] SPPBlade: Starting render for '/mnt/c/projects/apache/school1/src/SPPDocs/resources/views/partials/region.blade.php'
[2026-09-05 16:26:59] SPPBlade: Rendering absolute file. ViewName: region, Paths: ["\/mnt\/c\/projects\/apache\/school1\/src\/SPPDocs\/resources\/views\/partials","\/mnt\/c\/projects\/apache\/school1\/src\/SPPDocs\/resources\/views"]
[2026-09-05 16:26:59] SPPBlade: Starting render for '/mnt/c/projects/apache/school1/src/SPPDocs/resources/views/partials/blocks/taxonomy_tree.blade.php'
[2026-09-05 16:26:59] SPPBlade: Rendering absolute file. ViewName: taxonomy_tree, Paths: ["\/mnt\/c\/projects\/apache\/school1\/src\/SPPDocs\/resources\/views\/partials\/blocks","\/mnt\/c\/projects\/apache\/school1\/src\/SPPDocs\/resources\/views"]
[2026-09-05 16:26:59] SPPBlade: Render successful for taxonomy_tree
[2026-09-05 16:26:59] SPPBlade: Render successful for region
[2026-09-05 16:26:59] SPPBlade: Starting render for '/mnt/c/projects/apache/school1/src/SPPDocs/resources/views/partials/command_palette.blade.php'
[2026-09-05 16:26:59] SPPBlade: Rendering absolute file. ViewName: command_palette, Paths: ["\/mnt\/c\/projects\/apache\/school1\/src\/SPPDocs\/resources\/views\/partials","\/mnt\/c\/projects\/apache\/school1\/src\/SPPDocs\/resources\/views"]
[2026-09-05 16:26:59] SPPBlade: Render successful for command_palette
[2026-09-05 16:26:59] SPPBlade: Starting render for '/mnt/c/projects/apache/school1/src/SPPDocs/resources/views/partials/keyboard_shortcuts.blade.php'
[2026-09-05 16:26:59] SPPBlade: Rendering absolute file. ViewName: keyboard_shortcuts, Paths: ["\/mnt\/c\/projects\/apache\/school1\/src\/SPPDocs\/resources\/views\/partials","\/mnt\/c\/projects\/apache\/school1\/src\/SPPDocs\/resources\/views"]
[2026-09-05 16:26:59] SPPBlade: Render successful for keyboard_shortcuts
[2026-09-05 16:27:07] SPPBlade: Starting render for 'project.home'
[2026-09-05 16:27:07] SPPBlade: Rendering relative view 'project.home' with paths: "\/mnt\/c\/projects\/apache\/school1\/src\/SPPDocs\/resources\/views"
[2026-09-05 16:27:07] SPPBlade: Starting render for '/mnt/c/projects/apache/school1/src/SPPDocs/resources/views/partials/sidebar.blade.php'
[2026-09-05 16:27:07] SPPBlade: Rendering absolute file. ViewName: sidebar, Paths: ["\/mnt\/c\/projects\/apache\/school1\/src\/SPPDocs\/resources\/views\/partials","\/mnt\/c\/projects\/apache\/school1\/src\/SPPDocs\/resources\/views"]
[2026-09-05 16:27:07] SPPBlade: Render successful for sidebar
[2026-09-05 16:27:08] SPPBlade: Starting render for '/mnt/c/projects/apache/school1/src/SPPDocs/resources/views/partials/header.blade.php'
[2026-09-05 16:27:08] SPPBlade: Rendering absolute file. ViewName: header, Paths: ["\/mnt\/c\/projects\/apache\/school1\/src\/SPPDocs\/resources\/views\/partials","\/mnt\/c\/projects\/apache\/school1\/src\/SPPDocs\/resources\/views"]
[2026-09-05 16:27:08] SPPBlade: Starting render for '/mnt/c/projects/apache/school1/src/SPPDocs/resources/views/partials/locale_switcher.blade.php'
[2026-09-05 16:27:08] SPPBlade: Rendering absolute file. ViewName: locale_switcher, Paths: ["\/mnt\/c\/projects\/apache\/school1\/src\/SPPDocs\/resources\/views\/partials","\/mnt\/c\/projects\/apache\/school1\/src\/SPPDocs\/resources\/views"]
[2026-09-05 16:27:08] SPPBlade: Render successful for locale_switcher
[2026-09-05 16:27:08] SPPBlade: Render successful for header
[2026-09-05 16:27:08] SPPBlade: Starting render for '/mnt/c/projects/apache/school1/src/SPPDocs/resources/views/partials/region.blade.php'
[2026-09-05 16:27:08] SPPBlade: Rendering absolute file. ViewName: region, Paths: ["\/mnt\/c\/projects\/apache\/school1\/src\/SPPDocs\/resources\/views\/partials","\/mnt\/c\/projects\/apache\/school1\/src\/SPPDocs\/resources\/views"]
[2026-09-05 16:27:08] SPPBlade: Starting render for '/mnt/c/projects/apache/school1/src/SPPDocs/resources/views/partials/blocks/taxonomy_tree.blade.php'
[2026-09-05 16:27:08] SPPBlade: Rendering absolute file. ViewName: taxonomy_tree, Paths: ["\/mnt\/c\/projects\/apache\/school1\/src\/SPPDocs\/resources\/views\/partials\/blocks","\/mnt\/c\/projects\/apache\/school1\/src\/SPPDocs\/resources\/views"]
[2026-09-05 16:27:08] SPPBlade: Render successful for taxonomy_tree
[2026-09-05 16:27:08] SPPBlade: Render successful for region
[2026-09-05 16:27:08] SPPBlade: Starting render for '/mnt/c/projects/apache/school1/src/SPPDocs/resources/views/partials/command_palette.blade.php'
[2026-09-05 16:27:08] SPPBlade: Rendering absolute file. ViewName: command_palette, Paths: ["\/mnt\/c\/projects\/apache\/school1\/src\/SPPDocs\/resources\/views\/partials","\/mnt\/c\/projects\/apache\/school1\/src\/SPPDocs\/resources\/views"]
[2026-09-05 16:27:08] SPPBlade: Render successful for command_palette
[2026-09-05 16:27:08] SPPBlade: Starting render for '/mnt/c/projects/apache/school1/src/SPPDocs/resources/views/partials/keyboard_shortcuts.blade.php'
[2026-09-05 16:27:08] SPPBlade: Rendering absolute file. ViewName: keyboard_shortcuts, Paths: ["\/mnt\/c\/projects\/apache\/school1\/src\/SPPDocs\/resources\/views\/partials","\/mnt\/c\/projects\/apache\/school1\/src\/SPPDocs\/resources\/views"]
[2026-09-05 16:27:08] SPPBlade: Render successful for keyboard_shortcuts
[2026-09-05 16:30:56] SPPBlade: Starting render for 'admin.project'
[2026-09-05 16:30:56] SPPBlade: Rendering relative view 'admin.project' with paths: "\/mnt\/c\/projects\/apache\/school1\/src\/SPPDocs\/resources\/views"
[2026-09-05 16:30:58] SPPBlade: Starting render for '/mnt/c/projects/apache/school1/src/SPPDocs/resources/views/partials/command_palette.blade.php'
[2026-09-05 16:30:58] SPPBlade: Rendering absolute file. ViewName: command_palette, Paths: ["\/mnt\/c\/projects\/apache\/school1\/src\/SPPDocs\/resources\/views\/partials","\/mnt\/c\/projects\/apache\/school1\/src\/SPPDocs\/resources\/views"]
[2026-09-05 16:30:58] SPPBlade: Render successful for command_palette
[2026-09-05 16:30:58] SPPBlade: Starting render for '/mnt/c/projects/apache/school1/src/SPPDocs/resources/views/partials/keyboard_shortcuts.blade.php'
[2026-09-05 16:30:58] SPPBlade: Rendering absolute file. ViewName: keyboard_shortcuts, Paths: ["\/mnt\/c\/projects\/apache\/school1\/src\/SPPDocs\/resources\/views\/partials","\/mnt\/c\/projects\/apache\/school1\/src\/SPPDocs\/resources\/views"]
[2026-09-05 16:30:58] SPPBlade: Render successful for keyboard_shortcuts
[2026-09-05 16:31:07] SPPBlade: Starting render for 'admin.project'
[2026-09-05 16:31:08] SPPBlade: Rendering relative view 'admin.project' with paths: "\/mnt\/c\/projects\/apache\/school1\/src\/SPPDocs\/resources\/views"
[2026-09-05 16:31:08] SPPBlade: Starting render for '/mnt/c/projects/apache/school1/src/SPPDocs/resources/views/partials/command_palette.blade.php'
[2026-09-05 16:31:08] SPPBlade: Rendering absolute file. ViewName: command_palette, Paths: ["\/mnt\/c\/projects\/apache\/school1\/src\/SPPDocs\/resources\/views\/partials","\/mnt\/c\/projects\/apache\/school1\/src\/SPPDocs\/resources\/views"]
[2026-09-05 16:31:08] SPPBlade: Render successful for command_palette
[2026-09-05 16:31:08] SPPBlade: Starting render for '/mnt/c/projects/apache/school1/src/SPPDocs/resources/views/partials/keyboard_shortcuts.blade.php'
[2026-09-05 16:31:08] SPPBlade: Rendering absolute file. ViewName: keyboard_shortcuts, Paths: ["\/mnt\/c\/projects\/apache\/school1\/src\/SPPDocs\/resources\/views\/partials","\/mnt\/c\/projects\/apache\/school1\/src\/SPPDocs\/resources\/views"]
[2026-09-05 16:31:08] SPPBlade: Render successful for keyboard_shortcuts
[2026-09-05 16:31:19] SPPBlade: Starting render for 'admin.project'
[2026-09-05 16:31:19] SPPBlade: Rendering relative view 'admin.project' with paths: "\/mnt\/c\/projects\/apache\/school1\/src\/SPPDocs\/resources\/views"
[2026-09-05 16:31:19] SPPBlade: Starting render for '/mnt/c/projects/apache/school1/src/SPPDocs/resources/views/partials/command_palette.blade.php'
[2026-09-05 16:31:19] SPPBlade: Rendering absolute file. ViewName: command_palette, Paths: ["\/mnt\/c\/projects\/apache\/school1\/src\/SPPDocs\/resources\/views\/partials","\/mnt\/c\/projects\/apache\/school1\/src\/SPPDocs\/resources\/views"]
[2026-09-05 16:31:19] SPPBlade: Render successful for command_palette
[2026-09-05 16:31:19] SPPBlade: Starting render for '/mnt/c/projects/apache/school1/src/SPPDocs/resources/views/partials/keyboard_shortcuts.blade.php'
[2026-09-05 16:31:19] SPPBlade: Rendering absolute file. ViewName: keyboard_shortcuts, Paths: ["\/mnt\/c\/projects\/apache\/school1\/src\/SPPDocs\/resources\/views\/partials","\/mnt\/c\/projects\/apache\/school1\/src\/SPPDocs\/resources\/views"]
[2026-09-05 16:31:19] SPPBlade: Render successful for keyboard_shortcuts
[2026-09-05 16:31:48] SPPBlade: Starting render for 'admin.project'
[2026-09-05 16:31:48] SPPBlade: Rendering relative view 'admin.project' with paths: "\/mnt\/c\/projects\/apache\/school1\/src\/SPPDocs\/resources\/views"
[2026-09-05 16:31:49] SPPBlade: Starting render for '/mnt/c/projects/apache/school1/src/SPPDocs/resources/views/partials/command_palette.blade.php'
[2026-09-05 16:31:49] SPPBlade: Rendering absolute file. ViewName: command_palette, Paths: ["\/mnt\/c\/projects\/apache\/school1\/src\/SPPDocs\/resources\/views\/partials","\/mnt\/c\/projects\/apache\/school1\/src\/SPPDocs\/resources\/views"]
[2026-09-05 16:31:49] SPPBlade: Render successful for command_palette
[2026-09-05 16:31:49] SPPBlade: Starting render for '/mnt/c/projects/apache/school1/src/SPPDocs/resources/views/partials/keyboard_shortcuts.blade.php'
[2026-09-05 16:31:49] SPPBlade: Rendering absolute file. ViewName: keyboard_shortcuts, Paths: ["\/mnt\/c\/projects\/apache\/school1\/src\/SPPDocs\/resources\/views\/partials","\/mnt\/c\/projects\/apache\/school1\/src\/SPPDocs\/resources\/views"]
[2026-09-05 16:31:49] SPPBlade: Render successful for keyboard_shortcuts
[2026-09-05 16:32:09] SPPBlade: Starting render for 'admin.project'
[2026-09-05 16:32:09] SPPBlade: Rendering relative view 'admin.project' with paths: "\/mnt\/c\/projects\/apache\/school1\/src\/SPPDocs\/resources\/views"
[2026-09-05 16:32:10] SPPBlade: Starting render for '/mnt/c/projects/apache/school1/src/SPPDocs/resources/views/partials/command_palette.blade.php'
[2026-09-05 16:32:10] SPPBlade: Rendering absolute file. ViewName: command_palette, Paths: ["\/mnt\/c\/projects\/apache\/school1\/src\/SPPDocs\/resources\/views\/partials","\/mnt\/c\/projects\/apache\/school1\/src\/SPPDocs\/resources\/views"]
[2026-09-05 16:32:10] SPPBlade: Render successful for command_palette
[2026-09-05 16:32:10] SPPBlade: Starting render for '/mnt/c/projects/apache/school1/src/SPPDocs/resources/views/partials/keyboard_shortcuts.blade.php'
[2026-09-05 16:32:10] SPPBlade: Rendering absolute file. ViewName: keyboard_shortcuts, Paths: ["\/mnt\/c\/projects\/apache\/school1\/src\/SPPDocs\/resources\/views\/partials","\/mnt\/c\/projects\/apache\/school1\/src\/SPPDocs\/resources\/views"]
[2026-09-05 16:32:10] SPPBlade: Render successful for keyboard_shortcuts
[2026-09-05 16:32:34] DEBUG: Longest match routing: Picked 'admin' for request 'admin/project/features/save'
[2026-09-05 16:32:34] SPPBlade: Starting render for 'admin.dashboard'
[2026-09-05 16:32:34] SPPBlade: Rendering relative view 'admin.dashboard' with paths: "\/mnt\/c\/projects\/apache\/school1\/src\/SPPDocs\/resources\/views"
[2026-09-05 16:32:34] SPPBlade: Starting render for '/mnt/c/projects/apache/school1/src/SPPDocs/resources/views/partials/command_palette.blade.php'
[2026-09-05 16:32:34] SPPBlade: Rendering absolute file. ViewName: command_palette, Paths: ["\/mnt\/c\/projects\/apache\/school1\/src\/SPPDocs\/resources\/views\/partials","\/mnt\/c\/projects\/apache\/school1\/src\/SPPDocs\/resources\/views"]
[2026-09-05 16:32:34] SPPBlade: Render successful for command_palette
[2026-09-05 16:32:34] SPPBlade: Starting render for '/mnt/c/projects/apache/school1/src/SPPDocs/resources/views/partials/keyboard_shortcuts.blade.php'
[2026-09-05 16:32:34] SPPBlade: Rendering absolute file. ViewName: keyboard_shortcuts, Paths: ["\/mnt\/c\/projects\/apache\/school1\/src\/SPPDocs\/resources\/views\/partials","\/mnt\/c\/projects\/apache\/school1\/src\/SPPDocs\/resources\/views"]
[2026-09-05 16:32:34] SPPBlade: Render successful for keyboard_shortcuts
[2026-09-05 16:33:12] SPPBlade: Starting render for 'project.home'
[2026-09-05 16:33:12] SPPBlade: Rendering relative view 'project.home' with paths: "\/mnt\/c\/projects\/apache\/school1\/src\/SPPDocs\/resources\/views"
[2026-09-05 16:33:12] SPPBlade: Starting render for '/mnt/c/projects/apache/school1/src/SPPDocs/resources/views/partials/sidebar.blade.php'
[2026-09-05 16:33:12] SPPBlade: Rendering absolute file. ViewName: sidebar, Paths: ["\/mnt\/c\/projects\/apache\/school1\/src\/SPPDocs\/resources\/views\/partials","\/mnt\/c\/projects\/apache\/school1\/src\/SPPDocs\/resources\/views"]
[2026-09-05 16:33:12] SPPBlade: Render successful for sidebar
[2026-09-05 16:33:12] SPPBlade: Starting render for '/mnt/c/projects/apache/school1/src/SPPDocs/resources/views/partials/header.blade.php'
[2026-09-05 16:33:12] SPPBlade: Rendering absolute file. ViewName: header, Paths: ["\/mnt\/c\/projects\/apache\/school1\/src\/SPPDocs\/resources\/views\/partials","\/mnt\/c\/projects\/apache\/school1\/src\/SPPDocs\/resources\/views"]
[2026-09-05 16:33:12] SPPBlade: Starting render for '/mnt/c/projects/apache/school1/src/SPPDocs/resources/views/partials/locale_switcher.blade.php'
[2026-09-05 16:33:12] SPPBlade: Rendering absolute file. ViewName: locale_switcher, Paths: ["\/mnt\/c\/projects\/apache\/school1\/src\/SPPDocs\/resources\/views\/partials","\/mnt\/c\/projects\/apache\/school1\/src\/SPPDocs\/resources\/views"]
[2026-09-05 16:33:12] SPPBlade: Render successful for locale_switcher
[2026-09-05 16:33:12] SPPBlade: Render successful for header
[2026-09-05 16:33:12] SPPBlade: Starting render for '/mnt/c/projects/apache/school1/src/SPPDocs/resources/views/partials/region.blade.php'
[2026-09-05 16:33:12] SPPBlade: Rendering absolute file. ViewName: region, Paths: ["\/mnt\/c\/projects\/apache\/school1\/src\/SPPDocs\/resources\/views\/partials","\/mnt\/c\/projects\/apache\/school1\/src\/SPPDocs\/resources\/views"]
[2026-09-05 16:33:12] SPPBlade: Starting render for '/mnt/c/projects/apache/school1/src/SPPDocs/resources/views/partials/blocks/taxonomy_tree.blade.php'
[2026-09-05 16:33:12] SPPBlade: Rendering absolute file. ViewName: taxonomy_tree, Paths: ["\/mnt\/c\/projects\/apache\/school1\/src\/SPPDocs\/resources\/views\/partials\/blocks","\/mnt\/c\/projects\/apache\/school1\/src\/SPPDocs\/resources\/views"]
[2026-09-05 16:33:12] SPPBlade: Render successful for taxonomy_tree
[2026-09-05 16:33:12] SPPBlade: Render successful for region
[2026-09-05 16:33:12] SPPBlade: Starting render for '/mnt/c/projects/apache/school1/src/SPPDocs/resources/views/partials/command_palette.blade.php'
[2026-09-05 16:33:12] SPPBlade: Rendering absolute file. ViewName: command_palette, Paths: ["\/mnt\/c\/projects\/apache\/school1\/src\/SPPDocs\/resources\/views\/partials","\/mnt\/c\/projects\/apache\/school1\/src\/SPPDocs\/resources\/views"]
[2026-09-05 16:33:12] SPPBlade: Render successful for command_palette
[2026-09-05 16:33:12] SPPBlade: Starting render for '/mnt/c/projects/apache/school1/src/SPPDocs/resources/views/partials/keyboard_shortcuts.blade.php'
[2026-09-05 16:33:12] SPPBlade: Rendering absolute file. ViewName: keyboard_shortcuts, Paths: ["\/mnt\/c\/projects\/apache\/school1\/src\/SPPDocs\/resources\/views\/partials","\/mnt\/c\/projects\/apache\/school1\/src\/SPPDocs\/resources\/views"]
[2026-09-05 16:33:12] SPPBlade: Render successful for keyboard_shortcuts
[2026-09-05 16:33:22] SPPBlade: Starting render for 'project.home'
[2026-09-05 16:33:22] SPPBlade: Rendering relative view 'project.home' with paths: "\/mnt\/c\/projects\/apache\/school1\/src\/SPPDocs\/resources\/views"
[2026-09-05 16:33:22] SPPBlade: Starting render for '/mnt/c/projects/apache/school1/src/SPPDocs/resources/views/partials/sidebar.blade.php'
[2026-09-05 16:33:22] SPPBlade: Rendering absolute file. ViewName: sidebar, Paths: ["\/mnt\/c\/projects\/apache\/school1\/src\/SPPDocs\/resources\/views\/partials","\/mnt\/c\/projects\/apache\/school1\/src\/SPPDocs\/resources\/views"]
[2026-09-05 16:33:22] SPPBlade: Render successful for sidebar
[2026-09-05 16:33:22] SPPBlade: Starting render for '/mnt/c/projects/apache/school1/src/SPPDocs/resources/views/partials/header.blade.php'
[2026-09-05 16:33:22] SPPBlade: Rendering absolute file. ViewName: header, Paths: ["\/mnt\/c\/projects\/apache\/school1\/src\/SPPDocs\/resources\/views\/partials","\/mnt\/c\/projects\/apache\/school1\/src\/SPPDocs\/resources\/views"]
[2026-09-05 16:33:22] SPPBlade: Starting render for '/mnt/c/projects/apache/school1/src/SPPDocs/resources/views/partials/locale_switcher.blade.php'
[2026-09-05 16:33:22] SPPBlade: Rendering absolute file. ViewName: locale_switcher, Paths: ["\/mnt\/c\/projects\/apache\/school1\/src\/SPPDocs\/resources\/views\/partials","\/mnt\/c\/projects\/apache\/school1\/src\/SPPDocs\/resources\/views"]
[2026-09-05 16:33:22] SPPBlade: Render successful for locale_switcher
[2026-09-05 16:33:22] SPPBlade: Render successful for header
[2026-09-05 16:33:22] SPPBlade: Starting render for '/mnt/c/projects/apache/school1/src/SPPDocs/resources/views/partials/region.blade.php'
[2026-09-05 16:33:22] SPPBlade: Rendering absolute file. ViewName: region, Paths: ["\/mnt\/c\/projects\/apache\/school1\/src\/SPPDocs\/resources\/views\/partials","\/mnt\/c\/projects\/apache\/school1\/src\/SPPDocs\/resources\/views"]
[2026-09-05 16:33:22] SPPBlade: Starting render for '/mnt/c/projects/apache/school1/src/SPPDocs/resources/views/partials/blocks/taxonomy_tree.blade.php'
[2026-09-05 16:33:22] SPPBlade: Rendering absolute file. ViewName: taxonomy_tree, Paths: ["\/mnt\/c\/projects\/apache\/school1\/src\/SPPDocs\/resources\/views\/partials\/blocks","\/mnt\/c\/projects\/apache\/school1\/src\/SPPDocs\/resources\/views"]
[2026-09-05 16:33:22] SPPBlade: Render successful for taxonomy_tree
[2026-09-05 16:33:22] SPPBlade: Render successful for region
[2026-09-05 16:33:22] SPPBlade: Starting render for '/mnt/c/projects/apache/school1/src/SPPDocs/resources/views/partials/command_palette.blade.php'
[2026-09-05 16:33:22] SPPBlade: Rendering absolute file. ViewName: command_palette, Paths: ["\/mnt\/c\/projects\/apache\/school1\/src\/SPPDocs\/resources\/views\/partials","\/mnt\/c\/projects\/apache\/school1\/src\/SPPDocs\/resources\/views"]
[2026-09-05 16:33:22] SPPBlade: Render successful for command_palette
[2026-09-05 16:33:22] SPPBlade: Starting render for '/mnt/c/projects/apache/school1/src/SPPDocs/resources/views/partials/keyboard_shortcuts.blade.php'
[2026-09-05 16:33:22] SPPBlade: Rendering absolute file. ViewName: keyboard_shortcuts, Paths: ["\/mnt\/c\/projects\/apache\/school1\/src\/SPPDocs\/resources\/views\/partials","\/mnt\/c\/projects\/apache\/school1\/src\/SPPDocs\/resources\/views"]
[2026-09-05 16:33:22] SPPBlade: Render successful for keyboard_shortcuts
[2026-09-05 16:33:54] SPPBlade: Starting render for 'admin.project'
[2026-09-05 16:33:54] SPPBlade: Rendering relative view 'admin.project' with paths: "\/mnt\/c\/projects\/apache\/school1\/src\/SPPDocs\/resources\/views"
[2026-09-05 16:33:54] SPPBlade: Starting render for '/mnt/c/projects/apache/school1/src/SPPDocs/resources/views/partials/command_palette.blade.php'
[2026-09-05 16:33:54] SPPBlade: Rendering absolute file. ViewName: command_palette, Paths: ["\/mnt\/c\/projects\/apache\/school1\/src\/SPPDocs\/resources\/views\/partials","\/mnt\/c\/projects\/apache\/school1\/src\/SPPDocs\/resources\/views"]
[2026-09-05 16:33:54] SPPBlade: Render successful for command_palette
[2026-09-05 16:33:54] SPPBlade: Starting render for '/mnt/c/projects/apache/school1/src/SPPDocs/resources/views/partials/keyboard_shortcuts.blade.php'
[2026-09-05 16:33:54] SPPBlade: Rendering absolute file. ViewName: keyboard_shortcuts, Paths: ["\/mnt\/c\/projects\/apache\/school1\/src\/SPPDocs\/resources\/views\/partials","\/mnt\/c\/projects\/apache\/school1\/src\/SPPDocs\/resources\/views"]
[2026-09-05 16:33:54] SPPBlade: Render successful for keyboard_shortcuts
[2026-09-05 16:50:58] SPPBlade: Starting render for 'lms/catalog'
[2026-09-05 16:50:58] SPPBlade: Rendering relative view 'lms/catalog' with paths: "\/mnt\/c\/projects\/apache\/school1\/src\/SPPDocs\/resources\/views"
[2026-09-05 16:50:59] SPPBlade: Starting render for '/mnt/c/projects/apache/school1/src/SPPDocs/resources/views/partials/sidebar.blade.php'
[2026-09-05 16:50:59] SPPBlade: Rendering absolute file. ViewName: sidebar, Paths: ["\/mnt\/c\/projects\/apache\/school1\/src\/SPPDocs\/resources\/views\/partials","\/mnt\/c\/projects\/apache\/school1\/src\/SPPDocs\/resources\/views"]
[2026-09-05 16:50:59] SPPBlade: Render successful for sidebar
[2026-09-05 16:50:59] SPPBlade: Starting render for '/mnt/c/projects/apache/school1/src/SPPDocs/resources/views/partials/header.blade.php'
[2026-09-05 16:50:59] SPPBlade: Rendering absolute file. ViewName: header, Paths: ["\/mnt\/c\/projects\/apache\/school1\/src\/SPPDocs\/resources\/views\/partials","\/mnt\/c\/projects\/apache\/school1\/src\/SPPDocs\/resources\/views"]
[2026-09-05 16:50:59] SPPBlade: Starting render for '/mnt/c/projects/apache/school1/src/SPPDocs/resources/views/partials/locale_switcher.blade.php'
[2026-09-05 16:50:59] SPPBlade: Rendering absolute file. ViewName: locale_switcher, Paths: ["\/mnt\/c\/projects\/apache\/school1\/src\/SPPDocs\/resources\/views\/partials","\/mnt\/c\/projects\/apache\/school1\/src\/SPPDocs\/resources\/views"]
[2026-09-05 16:50:59] SPPBlade: Render successful for locale_switcher
[2026-09-05 16:50:59] SPPBlade: Render successful for header
[2026-09-05 16:50:59] SPPBlade: Starting render for '/mnt/c/projects/apache/school1/src/SPPDocs/resources/views/partials/region.blade.php'
[2026-09-05 16:50:59] SPPBlade: Rendering absolute file. ViewName: region, Paths: ["\/mnt\/c\/projects\/apache\/school1\/src\/SPPDocs\/resources\/views\/partials","\/mnt\/c\/projects\/apache\/school1\/src\/SPPDocs\/resources\/views"]
[2026-09-05 16:50:59] SPPBlade: Starting render for '/mnt/c/projects/apache/school1/src/SPPDocs/resources/views/partials/blocks/taxonomy_tree.blade.php'
[2026-09-05 16:50:59] SPPBlade: Rendering absolute file. ViewName: taxonomy_tree, Paths: ["\/mnt\/c\/projects\/apache\/school1\/src\/SPPDocs\/resources\/views\/partials\/blocks","\/mnt\/c\/projects\/apache\/school1\/src\/SPPDocs\/resources\/views"]
[2026-09-05 16:50:59] SPPBlade: Render successful for taxonomy_tree
[2026-09-05 16:50:59] SPPBlade: Render successful for region
[2026-09-05 16:50:59] SPPBlade: Starting render for '/mnt/c/projects/apache/school1/src/SPPDocs/resources/views/partials/command_palette.blade.php'
[2026-09-05 16:50:59] SPPBlade: Rendering absolute file. ViewName: command_palette, Paths: ["\/mnt\/c\/projects\/apache\/school1\/src\/SPPDocs\/resources\/views\/partials","\/mnt\/c\/projects\/apache\/school1\/src\/SPPDocs\/resources\/views"]
[2026-09-05 16:50:59] SPPBlade: Render successful for command_palette
[2026-09-05 16:50:59] SPPBlade: Starting render for '/mnt/c/projects/apache/school1/src/SPPDocs/resources/views/partials/keyboard_shortcuts.blade.php'
[2026-09-05 16:50:59] SPPBlade: Rendering absolute file. ViewName: keyboard_shortcuts, Paths: ["\/mnt\/c\/projects\/apache\/school1\/src\/SPPDocs\/resources\/views\/partials","\/mnt\/c\/projects\/apache\/school1\/src\/SPPDocs\/resources\/views"]
[2026-09-05 16:50:59] SPPBlade: Render successful for keyboard_shortcuts
[2026-09-05 16:51:10] SPPBlade: Starting render for 'lms/catalog'
[2026-09-05 16:51:10] SPPBlade: Rendering relative view 'lms/catalog' with paths: "\/mnt\/c\/projects\/apache\/school1\/src\/SPPDocs\/resources\/views"
[2026-09-05 16:51:10] SPPBlade: Starting render for '/mnt/c/projects/apache/school1/src/SPPDocs/resources/views/partials/sidebar.blade.php'
[2026-09-05 16:51:10] SPPBlade: Rendering absolute file. ViewName: sidebar, Paths: ["\/mnt\/c\/projects\/apache\/school1\/src\/SPPDocs\/resources\/views\/partials","\/mnt\/c\/projects\/apache\/school1\/src\/SPPDocs\/resources\/views"]
[2026-09-05 16:51:11] SPPBlade: Render successful for sidebar
[2026-09-05 16:51:11] SPPBlade: Starting render for '/mnt/c/projects/apache/school1/src/SPPDocs/resources/views/partials/header.blade.php'
[2026-09-05 16:51:11] SPPBlade: Rendering absolute file. ViewName: header, Paths: ["\/mnt\/c\/projects\/apache\/school1\/src\/SPPDocs\/resources\/views\/partials","\/mnt\/c\/projects\/apache\/school1\/src\/SPPDocs\/resources\/views"]
[2026-09-05 16:51:11] SPPBlade: Starting render for '/mnt/c/projects/apache/school1/src/SPPDocs/resources/views/partials/locale_switcher.blade.php'
[2026-09-05 16:51:11] SPPBlade: Rendering absolute file. ViewName: locale_switcher, Paths: ["\/mnt\/c\/projects\/apache\/school1\/src\/SPPDocs\/resources\/views\/partials","\/mnt\/c\/projects\/apache\/school1\/src\/SPPDocs\/resources\/views"]
[2026-09-05 16:51:11] SPPBlade: Render successful for locale_switcher
[2026-09-05 16:51:11] SPPBlade: Render successful for header
[2026-09-05 16:51:11] SPPBlade: Starting render for '/mnt/c/projects/apache/school1/src/SPPDocs/resources/views/partials/region.blade.php'
[2026-09-05 16:51:11] SPPBlade: Rendering absolute file. ViewName: region, Paths: ["\/mnt\/c\/projects\/apache\/school1\/src\/SPPDocs\/resources\/views\/partials","\/mnt\/c\/projects\/apache\/school1\/src\/SPPDocs\/resources\/views"]
[2026-09-05 16:51:11] SPPBlade: Starting render for '/mnt/c/projects/apache/school1/src/SPPDocs/resources/views/partials/blocks/taxonomy_tree.blade.php'
[2026-09-05 16:51:11] SPPBlade: Rendering absolute file. ViewName: taxonomy_tree, Paths: ["\/mnt\/c\/projects\/apache\/school1\/src\/SPPDocs\/resources\/views\/partials\/blocks","\/mnt\/c\/projects\/apache\/school1\/src\/SPPDocs\/resources\/views"]
[2026-09-05 16:51:11] SPPBlade: Render successful for taxonomy_tree
[2026-09-05 16:51:11] SPPBlade: Render successful for region
[2026-09-05 16:51:11] SPPBlade: Starting render for '/mnt/c/projects/apache/school1/src/SPPDocs/resources/views/partials/command_palette.blade.php'
[2026-09-05 16:51:11] SPPBlade: Rendering absolute file. ViewName: command_palette, Paths: ["\/mnt\/c\/projects\/apache\/school1\/src\/SPPDocs\/resources\/views\/partials","\/mnt\/c\/projects\/apache\/school1\/src\/SPPDocs\/resources\/views"]
[2026-09-05 16:51:11] SPPBlade: Render successful for command_palette
[2026-09-05 16:51:11] SPPBlade: Starting render for '/mnt/c/projects/apache/school1/src/SPPDocs/resources/views/partials/keyboard_shortcuts.blade.php'
[2026-09-05 16:51:11] SPPBlade: Rendering absolute file. ViewName: keyboard_shortcuts, Paths: ["\/mnt\/c\/projects\/apache\/school1\/src\/SPPDocs\/resources\/views\/partials","\/mnt\/c\/projects\/apache\/school1\/src\/SPPDocs\/resources\/views"]
[2026-09-05 16:51:11] SPPBlade: Render successful for keyboard_shortcuts
[2026-09-05 16:51:21] SPPBlade: Starting render for 'lms/course'
[2026-09-05 16:51:21] SPPBlade: Rendering relative view 'lms/course' with paths: "\/mnt\/c\/projects\/apache\/school1\/src\/SPPDocs\/resources\/views"
[2026-09-05 16:51:22] SPPBlade: Starting render for '/mnt/c/projects/apache/school1/src/SPPDocs/resources/views/partials/sidebar.blade.php'
[2026-09-05 16:51:22] SPPBlade: Rendering absolute file. ViewName: sidebar, Paths: ["\/mnt\/c\/projects\/apache\/school1\/src\/SPPDocs\/resources\/views\/partials","\/mnt\/c\/projects\/apache\/school1\/src\/SPPDocs\/resources\/views"]
[2026-09-05 16:51:22] SPPBlade: Render successful for sidebar
[2026-09-05 16:51:22] SPPBlade: Starting render for '/mnt/c/projects/apache/school1/src/SPPDocs/resources/views/partials/header.blade.php'
[2026-09-05 16:51:22] SPPBlade: Rendering absolute file. ViewName: header, Paths: ["\/mnt\/c\/projects\/apache\/school1\/src\/SPPDocs\/resources\/views\/partials","\/mnt\/c\/projects\/apache\/school1\/src\/SPPDocs\/resources\/views"]
[2026-09-05 16:51:22] SPPBlade: Starting render for '/mnt/c/projects/apache/school1/src/SPPDocs/resources/views/partials/locale_switcher.blade.php'
[2026-09-05 16:51:22] SPPBlade: Rendering absolute file. ViewName: locale_switcher, Paths: ["\/mnt\/c\/projects\/apache\/school1\/src\/SPPDocs\/resources\/views\/partials","\/mnt\/c\/projects\/apache\/school1\/src\/SPPDocs\/resources\/views"]
[2026-09-05 16:51:22] SPPBlade: Render successful for locale_switcher
[2026-09-05 16:51:22] SPPBlade: Render successful for header
[2026-09-05 16:51:22] SPPBlade: Starting render for '/mnt/c/projects/apache/school1/src/SPPDocs/resources/views/partials/region.blade.php'
[2026-09-05 16:51:22] SPPBlade: Rendering absolute file. ViewName: region, Paths: ["\/mnt\/c\/projects\/apache\/school1\/src\/SPPDocs\/resources\/views\/partials","\/mnt\/c\/projects\/apache\/school1\/src\/SPPDocs\/resources\/views"]
[2026-09-05 16:51:22] SPPBlade: Starting render for '/mnt/c/projects/apache/school1/src/SPPDocs/resources/views/partials/blocks/taxonomy_tree.blade.php'
[2026-09-05 16:51:22] SPPBlade: Rendering absolute file. ViewName: taxonomy_tree, Paths: ["\/mnt\/c\/projects\/apache\/school1\/src\/SPPDocs\/resources\/views\/partials\/blocks","\/mnt\/c\/projects\/apache\/school1\/src\/SPPDocs\/resources\/views"]
[2026-09-05 16:51:22] SPPBlade: Render successful for taxonomy_tree
[2026-09-05 16:51:22] SPPBlade: Render successful for region
[2026-09-05 16:51:22] SPPBlade: Starting render for '/mnt/c/projects/apache/school1/src/SPPDocs/resources/views/partials/command_palette.blade.php'
[2026-09-05 16:51:22] SPPBlade: Rendering absolute file. ViewName: command_palette, Paths: ["\/mnt\/c\/projects\/apache\/school1\/src\/SPPDocs\/resources\/views\/partials","\/mnt\/c\/projects\/apache\/school1\/src\/SPPDocs\/resources\/views"]
[2026-09-05 16:51:22] SPPBlade: Render successful for command_palette
[2026-09-05 16:51:22] SPPBlade: Starting render for '/mnt/c/projects/apache/school1/src/SPPDocs/resources/views/partials/keyboard_shortcuts.blade.php'
[2026-09-05 16:51:22] SPPBlade: Rendering absolute file. ViewName: keyboard_shortcuts, Paths: ["\/mnt\/c\/projects\/apache\/school1\/src\/SPPDocs\/resources\/views\/partials","\/mnt\/c\/projects\/apache\/school1\/src\/SPPDocs\/resources\/views"]
[2026-09-05 16:51:22] SPPBlade: Render successful for keyboard_shortcuts
[2026-09-05 16:51:28] SPPBlade: Starting render for 'lms/lesson'
[2026-09-05 16:51:28] SPPBlade: Rendering relative view 'lms/lesson' with paths: "\/mnt\/c\/projects\/apache\/school1\/src\/SPPDocs\/resources\/views"
[2026-09-05 16:51:28] SPPBlade: Starting render for '/mnt/c/projects/apache/school1/src/SPPDocs/resources/views/partials/sidebar.blade.php'
[2026-09-05 16:51:28] SPPBlade: Rendering absolute file. ViewName: sidebar, Paths: ["\/mnt\/c\/projects\/apache\/school1\/src\/SPPDocs\/resources\/views\/partials","\/mnt\/c\/projects\/apache\/school1\/src\/SPPDocs\/resources\/views"]
[2026-09-05 16:51:28] SPPBlade: Render successful for sidebar
[2026-09-05 16:51:29] SPPBlade: Starting render for '/mnt/c/projects/apache/school1/src/SPPDocs/resources/views/lms/partials/lesson_complete_btn.blade.php'
[2026-09-05 16:51:29] SPPBlade: Rendering absolute file. ViewName: lesson_complete_btn, Paths: ["\/mnt\/c\/projects\/apache\/school1\/src\/SPPDocs\/resources\/views\/lms\/partials","\/mnt\/c\/projects\/apache\/school1\/src\/SPPDocs\/resources\/views"]
[2026-09-05 16:51:29] SPPBlade: Render successful for lesson_complete_btn
[2026-09-05 16:51:29] SPPBlade: Starting render for '/mnt/c/projects/apache/school1/src/SPPDocs/resources/views/lms/partials/curriculum_drawer.blade.php'
[2026-09-05 16:51:29] SPPBlade: Rendering absolute file. ViewName: curriculum_drawer, Paths: ["\/mnt\/c\/projects\/apache\/school1\/src\/SPPDocs\/resources\/views\/lms\/partials","\/mnt\/c\/projects\/apache\/school1\/src\/SPPDocs\/resources\/views"]
[2026-09-05 16:51:29] SPPBlade: Render successful for curriculum_drawer
[2026-09-05 16:51:29] SPPBlade: Starting render for '/mnt/c/projects/apache/school1/src/SPPDocs/resources/views/partials/header.blade.php'
[2026-09-05 16:51:29] SPPBlade: Rendering absolute file. ViewName: header, Paths: ["\/mnt\/c\/projects\/apache\/school1\/src\/SPPDocs\/resources\/views\/partials","\/mnt\/c\/projects\/apache\/school1\/src\/SPPDocs\/resources\/views"]
[2026-09-05 16:51:29] SPPBlade: Starting render for '/mnt/c/projects/apache/school1/src/SPPDocs/resources/views/partials/locale_switcher.blade.php'
[2026-09-05 16:51:29] SPPBlade: Rendering absolute file. ViewName: locale_switcher, Paths: ["\/mnt\/c\/projects\/apache\/school1\/src\/SPPDocs\/resources\/views\/partials","\/mnt\/c\/projects\/apache\/school1\/src\/SPPDocs\/resources\/views"]
[2026-09-05 16:51:29] SPPBlade: Render successful for locale_switcher
[2026-09-05 16:51:29] SPPBlade: Render successful for header
[2026-09-05 16:51:29] SPPBlade: Starting render for '/mnt/c/projects/apache/school1/src/SPPDocs/resources/views/partials/region.blade.php'
[2026-09-05 16:51:29] SPPBlade: Rendering absolute file. ViewName: region, Paths: ["\/mnt\/c\/projects\/apache\/school1\/src\/SPPDocs\/resources\/views\/partials","\/mnt\/c\/projects\/apache\/school1\/src\/SPPDocs\/resources\/views"]
[2026-09-05 16:51:29] SPPBlade: Starting render for '/mnt/c/projects/apache/school1/src/SPPDocs/resources/views/partials/blocks/taxonomy_tree.blade.php'
[2026-09-05 16:51:29] SPPBlade: Rendering absolute file. ViewName: taxonomy_tree, Paths: ["\/mnt\/c\/projects\/apache\/school1\/src\/SPPDocs\/resources\/views\/partials\/blocks","\/mnt\/c\/projects\/apache\/school1\/src\/SPPDocs\/resources\/views"]
[2026-09-05 16:51:29] SPPBlade: Render successful for taxonomy_tree
[2026-09-05 16:51:29] SPPBlade: Render successful for region
[2026-09-05 16:51:29] SPPBlade: Starting render for '/mnt/c/projects/apache/school1/src/SPPDocs/resources/views/partials/command_palette.blade.php'
[2026-09-05 16:51:29] SPPBlade: Rendering absolute file. ViewName: command_palette, Paths: ["\/mnt\/c\/projects\/apache\/school1\/src\/SPPDocs\/resources\/views\/partials","\/mnt\/c\/projects\/apache\/school1\/src\/SPPDocs\/resources\/views"]
[2026-09-05 16:51:29] SPPBlade: Render successful for command_palette
[2026-09-05 16:51:29] SPPBlade: Starting render for '/mnt/c/projects/apache/school1/src/SPPDocs/resources/views/partials/keyboard_shortcuts.blade.php'
[2026-09-05 16:51:29] SPPBlade: Rendering absolute file. ViewName: keyboard_shortcuts, Paths: ["\/mnt\/c\/projects\/apache\/school1\/src\/SPPDocs\/resources\/views\/partials","\/mnt\/c\/projects\/apache\/school1\/src\/SPPDocs\/resources\/views"]
[2026-09-05 16:51:29] SPPBlade: Render successful for keyboard_shortcuts
[2026-09-05 16:51:34] SPPBlade: Starting render for 'lms/verify'
[2026-09-05 16:51:34] SPPBlade: Rendering relative view 'lms/verify' with paths: "\/mnt\/c\/projects\/apache\/school1\/src\/SPPDocs\/resources\/views"
[2026-09-05 16:52:00] SPPBlade: Starting render for 'lms/lesson'
[2026-09-05 16:52:00] SPPBlade: Rendering relative view 'lms/lesson' with paths: "\/mnt\/c\/projects\/apache\/school1\/src\/SPPDocs\/resources\/views"
[2026-09-05 16:52:00] SPPBlade: Starting render for '/mnt/c/projects/apache/school1/src/SPPDocs/resources/views/partials/sidebar.blade.php'
[2026-09-05 16:52:00] SPPBlade: Rendering absolute file. ViewName: sidebar, Paths: ["\/mnt\/c\/projects\/apache\/school1\/src\/SPPDocs\/resources\/views\/partials","\/mnt\/c\/projects\/apache\/school1\/src\/SPPDocs\/resources\/views"]
[2026-09-05 16:52:00] SPPBlade: Render successful for sidebar
[2026-09-05 16:52:00] SPPBlade: Starting render for '/mnt/c/projects/apache/school1/src/SPPDocs/resources/views/lms/partials/quiz_block.blade.php'
[2026-09-05 16:52:00] SPPBlade: Rendering absolute file. ViewName: quiz_block, Paths: ["\/mnt\/c\/projects\/apache\/school1\/src\/SPPDocs\/resources\/views\/lms\/partials","\/mnt\/c\/projects\/apache\/school1\/src\/SPPDocs\/resources\/views"]
[2026-09-05 16:52:00] SPPBlade: Render successful for quiz_block
[2026-09-05 16:52:00] SPPBlade: Starting render for '/mnt/c/projects/apache/school1/src/SPPDocs/resources/views/lms/partials/lesson_complete_btn.blade.php'
[2026-09-05 16:52:00] SPPBlade: Rendering absolute file. ViewName: lesson_complete_btn, Paths: ["\/mnt\/c\/projects\/apache\/school1\/src\/SPPDocs\/resources\/views\/lms\/partials","\/mnt\/c\/projects\/apache\/school1\/src\/SPPDocs\/resources\/views"]
[2026-09-05 16:52:00] SPPBlade: Render successful for lesson_complete_btn
[2026-09-05 16:52:00] SPPBlade: Starting render for '/mnt/c/projects/apache/school1/src/SPPDocs/resources/views/lms/partials/curriculum_drawer.blade.php'
[2026-09-05 16:52:00] SPPBlade: Rendering absolute file. ViewName: curriculum_drawer, Paths: ["\/mnt\/c\/projects\/apache\/school1\/src\/SPPDocs\/resources\/views\/lms\/partials","\/mnt\/c\/projects\/apache\/school1\/src\/SPPDocs\/resources\/views"]
[2026-09-05 16:52:00] SPPBlade: Render successful for curriculum_drawer
[2026-09-05 16:52:00] SPPBlade: Starting render for '/mnt/c/projects/apache/school1/src/SPPDocs/resources/views/partials/header.blade.php'
[2026-09-05 16:52:00] SPPBlade: Rendering absolute file. ViewName: header, Paths: ["\/mnt\/c\/projects\/apache\/school1\/src\/SPPDocs\/resources\/views\/partials","\/mnt\/c\/projects\/apache\/school1\/src\/SPPDocs\/resources\/views"]
[2026-09-05 16:52:00] SPPBlade: Starting render for '/mnt/c/projects/apache/school1/src/SPPDocs/resources/views/partials/locale_switcher.blade.php'
[2026-09-05 16:52:00] SPPBlade: Rendering absolute file. ViewName: locale_switcher, Paths: ["\/mnt\/c\/projects\/apache\/school1\/src\/SPPDocs\/resources\/views\/partials","\/mnt\/c\/projects\/apache\/school1\/src\/SPPDocs\/resources\/views"]
[2026-09-05 16:52:00] SPPBlade: Render successful for locale_switcher
[2026-09-05 16:52:00] SPPBlade: Render successful for header
[2026-09-05 16:52:00] SPPBlade: Starting render for '/mnt/c/projects/apache/school1/src/SPPDocs/resources/views/partials/region.blade.php'
[2026-09-05 16:52:00] SPPBlade: Rendering absolute file. ViewName: region, Paths: ["\/mnt\/c\/projects\/apache\/school1\/src\/SPPDocs\/resources\/views\/partials","\/mnt\/c\/projects\/apache\/school1\/src\/SPPDocs\/resources\/views"]
[2026-09-05 16:52:00] SPPBlade: Starting render for '/mnt/c/projects/apache/school1/src/SPPDocs/resources/views/partials/blocks/taxonomy_tree.blade.php'
[2026-09-05 16:52:00] SPPBlade: Rendering absolute file. ViewName: taxonomy_tree, Paths: ["\/mnt\/c\/projects\/apache\/school1\/src\/SPPDocs\/resources\/views\/partials\/blocks","\/mnt\/c\/projects\/apache\/school1\/src\/SPPDocs\/resources\/views"]
[2026-09-05 16:52:00] SPPBlade: Render successful for taxonomy_tree
[2026-09-05 16:52:00] SPPBlade: Render successful for region
[2026-09-05 16:52:00] SPPBlade: Starting render for '/mnt/c/projects/apache/school1/src/SPPDocs/resources/views/partials/command_palette.blade.php'
[2026-09-05 16:52:00] SPPBlade: Rendering absolute file. ViewName: command_palette, Paths: ["\/mnt\/c\/projects\/apache\/school1\/src\/SPPDocs\/resources\/views\/partials","\/mnt\/c\/projects\/apache\/school1\/src\/SPPDocs\/resources\/views"]
[2026-09-05 16:52:00] SPPBlade: Render successful for command_palette
[2026-09-05 16:52:00] SPPBlade: Starting render for '/mnt/c/projects/apache/school1/src/SPPDocs/resources/views/partials/keyboard_shortcuts.blade.php'
[2026-09-05 16:52:00] SPPBlade: Rendering absolute file. ViewName: keyboard_shortcuts, Paths: ["\/mnt\/c\/projects\/apache\/school1\/src\/SPPDocs\/resources\/views\/partials","\/mnt\/c\/projects\/apache\/school1\/src\/SPPDocs\/resources\/views"]
[2026-09-05 16:52:00] SPPBlade: Render successful for keyboard_shortcuts
[2026-09-05 16:52:03] SPPBlade: Starting render for 'lms/partials/quiz_result'
[2026-09-05 16:52:03] SPPBlade: Rendering relative view 'lms/partials/quiz_result' with paths: "\/mnt\/c\/projects\/apache\/school1\/src\/SPPDocs\/resources\/views"
[2026-09-05 16:52:14] SPPBlade: Starting render for 'lms/lesson'
[2026-09-05 16:52:14] SPPBlade: Rendering relative view 'lms/lesson' with paths: "\/mnt\/c\/projects\/apache\/school1\/src\/SPPDocs\/resources\/views"
[2026-09-05 16:52:14] SPPBlade: Starting render for '/mnt/c/projects/apache/school1/src/SPPDocs/resources/views/partials/sidebar.blade.php'
[2026-09-05 16:52:14] SPPBlade: Rendering absolute file. ViewName: sidebar, Paths: ["\/mnt\/c\/projects\/apache\/school1\/src\/SPPDocs\/resources\/views\/partials","\/mnt\/c\/projects\/apache\/school1\/src\/SPPDocs\/resources\/views"]
[2026-09-05 16:52:14] SPPBlade: Render successful for sidebar
[2026-09-05 16:52:14] SPPBlade: Starting render for '/mnt/c/projects/apache/school1/src/SPPDocs/resources/views/lms/partials/lesson_complete_btn.blade.php'
[2026-09-05 16:52:14] SPPBlade: Rendering absolute file. ViewName: lesson_complete_btn, Paths: ["\/mnt\/c\/projects\/apache\/school1\/src\/SPPDocs\/resources\/views\/lms\/partials","\/mnt\/c\/projects\/apache\/school1\/src\/SPPDocs\/resources\/views"]
[2026-09-05 16:52:14] SPPBlade: Render successful for lesson_complete_btn
[2026-09-05 16:52:14] SPPBlade: Starting render for '/mnt/c/projects/apache/school1/src/SPPDocs/resources/views/lms/partials/curriculum_drawer.blade.php'
[2026-09-05 16:52:14] SPPBlade: Rendering absolute file. ViewName: curriculum_drawer, Paths: ["\/mnt\/c\/projects\/apache\/school1\/src\/SPPDocs\/resources\/views\/lms\/partials","\/mnt\/c\/projects\/apache\/school1\/src\/SPPDocs\/resources\/views"]
[2026-09-05 16:52:14] SPPBlade: Render successful for curriculum_drawer
[2026-09-05 16:52:14] SPPBlade: Starting render for '/mnt/c/projects/apache/school1/src/SPPDocs/resources/views/partials/header.blade.php'
[2026-09-05 16:52:14] SPPBlade: Rendering absolute file. ViewName: header, Paths: ["\/mnt\/c\/projects\/apache\/school1\/src\/SPPDocs\/resources\/views\/partials","\/mnt\/c\/projects\/apache\/school1\/src\/SPPDocs\/resources\/views"]
[2026-09-05 16:52:14] SPPBlade: Starting render for '/mnt/c/projects/apache/school1/src/SPPDocs/resources/views/partials/locale_switcher.blade.php'
[2026-09-05 16:52:14] SPPBlade: Rendering absolute file. ViewName: locale_switcher, Paths: ["\/mnt\/c\/projects\/apache\/school1\/src\/SPPDocs\/resources\/views\/partials","\/mnt\/c\/projects\/apache\/school1\/src\/SPPDocs\/resources\/views"]
[2026-09-05 16:52:14] SPPBlade: Render successful for locale_switcher
[2026-09-05 16:52:14] SPPBlade: Render successful for header
[2026-09-05 16:52:14] SPPBlade: Starting render for '/mnt/c/projects/apache/school1/src/SPPDocs/resources/views/partials/region.blade.php'
[2026-09-05 16:52:14] SPPBlade: Rendering absolute file. ViewName: region, Paths: ["\/mnt\/c\/projects\/apache\/school1\/src\/SPPDocs\/resources\/views\/partials","\/mnt\/c\/projects\/apache\/school1\/src\/SPPDocs\/resources\/views"]
[2026-09-05 16:52:14] SPPBlade: Starting render for '/mnt/c/projects/apache/school1/src/SPPDocs/resources/views/partials/blocks/taxonomy_tree.blade.php'
[2026-09-05 16:52:14] SPPBlade: Rendering absolute file. ViewName: taxonomy_tree, Paths: ["\/mnt\/c\/projects\/apache\/school1\/src\/SPPDocs\/resources\/views\/partials\/blocks","\/mnt\/c\/projects\/apache\/school1\/src\/SPPDocs\/resources\/views"]
[2026-09-05 16:52:14] SPPBlade: Render successful for taxonomy_tree
[2026-09-05 16:52:14] SPPBlade: Render successful for region
[2026-09-05 16:52:14] SPPBlade: Starting render for '/mnt/c/projects/apache/school1/src/SPPDocs/resources/views/partials/command_palette.blade.php'
[2026-09-05 16:52:14] SPPBlade: Rendering absolute file. ViewName: command_palette, Paths: ["\/mnt\/c\/projects\/apache\/school1\/src\/SPPDocs\/resources\/views\/partials","\/mnt\/c\/projects\/apache\/school1\/src\/SPPDocs\/resources\/views"]
[2026-09-05 16:52:14] SPPBlade: Render successful for command_palette
[2026-09-05 16:52:14] SPPBlade: Starting render for '/mnt/c/projects/apache/school1/src/SPPDocs/resources/views/partials/keyboard_shortcuts.blade.php'
[2026-09-05 16:52:14] SPPBlade: Rendering absolute file. ViewName: keyboard_shortcuts, Paths: ["\/mnt\/c\/projects\/apache\/school1\/src\/SPPDocs\/resources\/views\/partials","\/mnt\/c\/projects\/apache\/school1\/src\/SPPDocs\/resources\/views"]
[2026-09-05 16:52:14] SPPBlade: Render successful for keyboard_shortcuts
[2026-09-05 16:52:18] SPPBlade: Starting render for 'lms/partials/lesson_complete_btn'
[2026-09-05 16:52:18] SPPBlade: Rendering relative view 'lms/partials/lesson_complete_btn' with paths: "\/mnt\/c\/projects\/apache\/school1\/src\/SPPDocs\/resources\/views"
[2026-09-05 16:52:35] SPPBlade: Starting render for 'admin/lms/index'
[2026-09-05 16:52:35] SPPBlade: Rendering relative view 'admin/lms/index' with paths: "\/mnt\/c\/projects\/apache\/school1\/src\/SPPDocs\/resources\/views"
[2026-09-05 16:52:35] SPPBlade: Starting render for '/mnt/c/projects/apache/school1/src/SPPDocs/resources/views/partials/command_palette.blade.php'
[2026-09-05 16:52:35] SPPBlade: Rendering absolute file. ViewName: command_palette, Paths: ["\/mnt\/c\/projects\/apache\/school1\/src\/SPPDocs\/resources\/views\/partials","\/mnt\/c\/projects\/apache\/school1\/src\/SPPDocs\/resources\/views"]
[2026-09-05 16:52:35] SPPBlade: Render successful for command_palette
[2026-09-05 16:52:35] SPPBlade: Starting render for '/mnt/c/projects/apache/school1/src/SPPDocs/resources/views/partials/keyboard_shortcuts.blade.php'
[2026-09-05 16:52:35] SPPBlade: Rendering absolute file. ViewName: keyboard_shortcuts, Paths: ["\/mnt\/c\/projects\/apache\/school1\/src\/SPPDocs\/resources\/views\/partials","\/mnt\/c\/projects\/apache\/school1\/src\/SPPDocs\/resources\/views"]
[2026-09-05 16:52:36] SPPBlade: Render successful for keyboard_shortcuts
[2026-09-05 16:52:39] SPPBlade: Starting render for 'admin/lms/analytics'
[2026-09-05 16:52:39] SPPBlade: Rendering relative view 'admin/lms/analytics' with paths: "\/mnt\/c\/projects\/apache\/school1\/src\/SPPDocs\/resources\/views"
[2026-09-05 16:52:39] SPPBlade: Starting render for '/mnt/c/projects/apache/school1/src/SPPDocs/resources/views/partials/command_palette.blade.php'
[2026-09-05 16:52:39] SPPBlade: Rendering absolute file. ViewName: command_palette, Paths: ["\/mnt\/c\/projects\/apache\/school1\/src\/SPPDocs\/resources\/views\/partials","\/mnt\/c\/projects\/apache\/school1\/src\/SPPDocs\/resources\/views"]
[2026-09-05 16:52:39] SPPBlade: Render successful for command_palette
[2026-09-05 16:52:39] SPPBlade: Starting render for '/mnt/c/projects/apache/school1/src/SPPDocs/resources/views/partials/keyboard_shortcuts.blade.php'
[2026-09-05 16:52:39] SPPBlade: Rendering absolute file. ViewName: keyboard_shortcuts, Paths: ["\/mnt\/c\/projects\/apache\/school1\/src\/SPPDocs\/resources\/views\/partials","\/mnt\/c\/projects\/apache\/school1\/src\/SPPDocs\/resources\/views"]
[2026-09-05 16:52:39] SPPBlade: Render successful for keyboard_shortcuts
[2026-09-05 16:52:42] SPPBlade: Starting render for 'lms/dashboard'
[2026-09-05 16:52:42] SPPBlade: Rendering relative view 'lms/dashboard' with paths: "\/mnt\/c\/projects\/apache\/school1\/src\/SPPDocs\/resources\/views"
[2026-09-05 16:52:42] SPPBlade: Starting render for '/mnt/c/projects/apache/school1/src/SPPDocs/resources/views/partials/sidebar.blade.php'
[2026-09-05 16:52:42] SPPBlade: Rendering absolute file. ViewName: sidebar, Paths: ["\/mnt\/c\/projects\/apache\/school1\/src\/SPPDocs\/resources\/views\/partials","\/mnt\/c\/projects\/apache\/school1\/src\/SPPDocs\/resources\/views"]
[2026-09-05 16:52:42] SPPBlade: Render successful for sidebar
[2026-09-05 16:52:42] SPPBlade: Starting render for '/mnt/c/projects/apache/school1/src/SPPDocs/resources/views/partials/header.blade.php'
[2026-09-05 16:52:42] SPPBlade: Rendering absolute file. ViewName: header, Paths: ["\/mnt\/c\/projects\/apache\/school1\/src\/SPPDocs\/resources\/views\/partials","\/mnt\/c\/projects\/apache\/school1\/src\/SPPDocs\/resources\/views"]
[2026-09-05 16:52:42] SPPBlade: Starting render for '/mnt/c/projects/apache/school1/src/SPPDocs/resources/views/partials/locale_switcher.blade.php'
[2026-09-05 16:52:42] SPPBlade: Rendering absolute file. ViewName: locale_switcher, Paths: ["\/mnt\/c\/projects\/apache\/school1\/src\/SPPDocs\/resources\/views\/partials","\/mnt\/c\/projects\/apache\/school1\/src\/SPPDocs\/resources\/views"]
[2026-09-05 16:52:42] SPPBlade: Render successful for locale_switcher
[2026-09-05 16:52:42] SPPBlade: Render successful for header
[2026-09-05 16:52:42] SPPBlade: Starting render for '/mnt/c/projects/apache/school1/src/SPPDocs/resources/views/partials/region.blade.php'
[2026-09-05 16:52:42] SPPBlade: Rendering absolute file. ViewName: region, Paths: ["\/mnt\/c\/projects\/apache\/school1\/src\/SPPDocs\/resources\/views\/partials","\/mnt\/c\/projects\/apache\/school1\/src\/SPPDocs\/resources\/views"]
[2026-09-05 16:52:42] SPPBlade: Starting render for '/mnt/c/projects/apache/school1/src/SPPDocs/resources/views/partials/blocks/taxonomy_tree.blade.php'
[2026-09-05 16:52:42] SPPBlade: Rendering absolute file. ViewName: taxonomy_tree, Paths: ["\/mnt\/c\/projects\/apache\/school1\/src\/SPPDocs\/resources\/views\/partials\/blocks","\/mnt\/c\/projects\/apache\/school1\/src\/SPPDocs\/resources\/views"]
[2026-09-05 16:52:42] SPPBlade: Render successful for taxonomy_tree
[2026-09-05 16:52:42] SPPBlade: Render successful for region
[2026-09-05 16:52:42] SPPBlade: Starting render for '/mnt/c/projects/apache/school1/src/SPPDocs/resources/views/partials/command_palette.blade.php'
[2026-09-05 16:52:42] SPPBlade: Rendering absolute file. ViewName: command_palette, Paths: ["\/mnt\/c\/projects\/apache\/school1\/src\/SPPDocs\/resources\/views\/partials","\/mnt\/c\/projects\/apache\/school1\/src\/SPPDocs\/resources\/views"]
[2026-09-05 16:52:42] SPPBlade: Render successful for command_palette
[2026-09-05 16:52:42] SPPBlade: Starting render for '/mnt/c/projects/apache/school1/src/SPPDocs/resources/views/partials/keyboard_shortcuts.blade.php'
[2026-09-05 16:52:42] SPPBlade: Rendering absolute file. ViewName: keyboard_shortcuts, Paths: ["\/mnt\/c\/projects\/apache\/school1\/src\/SPPDocs\/resources\/views\/partials","\/mnt\/c\/projects\/apache\/school1\/src\/SPPDocs\/resources\/views"]
[2026-09-05 16:52:42] SPPBlade: Render successful for keyboard_shortcuts
[2026-09-05 19:06:26] SPPBlade: Starting render for 'portal'
[2026-09-05 19:06:26] SPPBlade: Rendering relative view 'portal' with paths: "C:\/projects\/apache\/school1\/src\/SPPDocs\/resources\/views"
[2026-09-05 19:06:57] SPPBlade: Starting render for 'portal'
[2026-09-05 19:06:57] SPPBlade: Rendering relative view 'portal' with paths: "C:\/projects\/apache\/school1\/src\/SPPDocs\/resources\/views"
[2026-09-06 02:15:32] SPPBlade: Starting render for 'portal'
[2026-09-06 02:15:32] SPPBlade: Rendering relative view 'portal' with paths: "C:\/projects\/apache\/school1\/src\/SPPDocs\/resources\/views"
[2026-09-06 02:15:47] SPPBlade: Starting render for 'portal'
[2026-09-06 02:15:47] SPPBlade: Rendering relative view 'portal' with paths: "C:\/projects\/apache\/school1\/src\/SPPDocs\/resources\/views"
[2026-09-06 02:15:58] SPPBlade: Starting render for 'portal'
[2026-09-06 02:15:58] SPPBlade: Rendering relative view 'portal' with paths: "C:\/projects\/apache\/school1\/src\/SPPDocs\/resources\/views"
[2026-09-06 02:16:26] SPPBlade: Starting render for 'portal'
[2026-09-06 02:16:26] SPPBlade: Rendering relative view 'portal' with paths: "C:\/projects\/apache\/school1\/src\/SPPDocs\/resources\/views"
[2026-09-06 02:17:30] SPPBlade: Starting render for 'portal'
[2026-09-06 02:17:30] SPPBlade: Rendering relative view 'portal' with paths: "C:\/projects\/apache\/school1\/src\/SPPDocs\/resources\/views"
[2026-09-06 02:18:25] SPPBlade: Starting render for 'portal'
[2026-09-06 02:18:25] SPPBlade: Rendering relative view 'portal' with paths: "C:\/projects\/apache\/school1\/src\/SPPDocs\/resources\/views"
[2026-09-06 02:19:09] SPPBlade: Starting render for 'portal'
[2026-09-06 02:19:09] SPPBlade: Rendering relative view 'portal' with paths: "C:\/projects\/apache\/school1\/src\/SPPDocs\/resources\/views"
[2026-09-06 02:19:33] SPPBlade: Starting render for 'portal'
[2026-09-06 02:19:33] SPPBlade: Rendering relative view 'portal' with paths: "C:\/projects\/apache\/school1\/src\/SPPDocs\/resources\/views"
[2026-09-06 04:55:29] SPPBlade: Starting render for 'admin.login'
[2026-09-06 04:55:29] SPPBlade: Rendering relative view 'admin.login' with paths: "\/mnt\/c\/projects\/apache\/school1\/src\/SPPDocs\/resources\/views"
[2026-09-06 04:55:33] DEBUG: Longest match routing: Picked 'css' for request 'css/admin_login.css'
[2026-09-06 04:55:58] SPPBlade: Starting render for 'admin.dashboard'
[2026-09-06 04:55:58] SPPBlade: Rendering relative view 'admin.dashboard' with paths: "\/mnt\/c\/projects\/apache\/school1\/src\/SPPDocs\/resources\/views"
[2026-09-06 04:55:59] SPPBlade: Starting render for '/mnt/c/projects/apache/school1/src/SPPDocs/resources/views/partials/command_palette.blade.php'
[2026-09-06 04:55:59] SPPBlade: Rendering absolute file. ViewName: command_palette, Paths: ["\/mnt\/c\/projects\/apache\/school1\/src\/SPPDocs\/resources\/views\/partials","\/mnt\/c\/projects\/apache\/school1\/src\/SPPDocs\/resources\/views"]
[2026-09-06 04:55:59] SPPBlade: Render successful for command_palette
[2026-09-06 04:55:59] SPPBlade: Starting render for '/mnt/c/projects/apache/school1/src/SPPDocs/resources/views/partials/keyboard_shortcuts.blade.php'
[2026-09-06 04:55:59] SPPBlade: Rendering absolute file. ViewName: keyboard_shortcuts, Paths: ["\/mnt\/c\/projects\/apache\/school1\/src\/SPPDocs\/resources\/views\/partials","\/mnt\/c\/projects\/apache\/school1\/src\/SPPDocs\/resources\/views"]
[2026-09-06 04:55:59] SPPBlade: Render successful for keyboard_shortcuts
[2026-09-06 04:56:02] DEBUG: Longest match routing: Picked 'css' for request 'css/sppdocs.css'
[2026-09-06 04:56:02] DEBUG: Longest match routing: Picked 'css' for request 'css/admin.css'
[2026-09-06 04:56:36] SPPBlade: Starting render for 'admin.global_settings'
[2026-09-06 04:56:36] SPPBlade: Rendering relative view 'admin.global_settings' with paths: "\/mnt\/c\/projects\/apache\/school1\/src\/SPPDocs\/resources\/views"
[2026-09-06 04:56:36] SPPBlade: Starting render for '/mnt/c/projects/apache/school1/src/SPPDocs/resources/views/partials/command_palette.blade.php'
[2026-09-06 04:56:36] SPPBlade: Rendering absolute file. ViewName: command_palette, Paths: ["\/mnt\/c\/projects\/apache\/school1\/src\/SPPDocs\/resources\/views\/partials","\/mnt\/c\/projects\/apache\/school1\/src\/SPPDocs\/resources\/views"]
[2026-09-06 04:56:36] SPPBlade: Render successful for command_palette
[2026-09-06 04:56:36] SPPBlade: Starting render for '/mnt/c/projects/apache/school1/src/SPPDocs/resources/views/partials/keyboard_shortcuts.blade.php'
[2026-09-06 04:56:36] SPPBlade: Rendering absolute file. ViewName: keyboard_shortcuts, Paths: ["\/mnt\/c\/projects\/apache\/school1\/src\/SPPDocs\/resources\/views\/partials","\/mnt\/c\/projects\/apache\/school1\/src\/SPPDocs\/resources\/views"]
[2026-09-06 04:56:36] SPPBlade: Render successful for keyboard_shortcuts
[2026-09-06 04:57:39] SPPBlade: Starting render for 'admin.users'
[2026-09-06 04:57:39] SPPBlade: Rendering relative view 'admin.users' with paths: "\/mnt\/c\/projects\/apache\/school1\/src\/SPPDocs\/resources\/views"
[2026-09-06 04:57:40] SPPBlade: Starting render for '/mnt/c/projects/apache/school1/src/SPPDocs/resources/views/partials/command_palette.blade.php'
[2026-09-06 04:57:40] SPPBlade: Rendering absolute file. ViewName: command_palette, Paths: ["\/mnt\/c\/projects\/apache\/school1\/src\/SPPDocs\/resources\/views\/partials","\/mnt\/c\/projects\/apache\/school1\/src\/SPPDocs\/resources\/views"]
[2026-09-06 04:57:40] SPPBlade: Render successful for command_palette
[2026-09-06 04:57:40] SPPBlade: Starting render for '/mnt/c/projects/apache/school1/src/SPPDocs/resources/views/partials/keyboard_shortcuts.blade.php'
[2026-09-06 04:57:40] SPPBlade: Rendering absolute file. ViewName: keyboard_shortcuts, Paths: ["\/mnt\/c\/projects\/apache\/school1\/src\/SPPDocs\/resources\/views\/partials","\/mnt\/c\/projects\/apache\/school1\/src\/SPPDocs\/resources\/views"]
[2026-09-06 04:57:40] SPPBlade: Render successful for keyboard_shortcuts
[2026-09-06 04:58:05] SPPBlade: Starting render for 'admin.roles'
[2026-09-06 04:58:05] SPPBlade: Rendering relative view 'admin.roles' with paths: "\/mnt\/c\/projects\/apache\/school1\/src\/SPPDocs\/resources\/views"
[2026-09-06 04:58:06] SPPBlade: Starting render for '/mnt/c/projects/apache/school1/src/SPPDocs/resources/views/partials/command_palette.blade.php'
[2026-09-06 04:58:06] SPPBlade: Rendering absolute file. ViewName: command_palette, Paths: ["\/mnt\/c\/projects\/apache\/school1\/src\/SPPDocs\/resources\/views\/partials","\/mnt\/c\/projects\/apache\/school1\/src\/SPPDocs\/resources\/views"]
[2026-09-06 04:58:06] SPPBlade: Render successful for command_palette
[2026-09-06 04:58:06] SPPBlade: Starting render for '/mnt/c/projects/apache/school1/src/SPPDocs/resources/views/partials/keyboard_shortcuts.blade.php'
[2026-09-06 04:58:06] SPPBlade: Rendering absolute file. ViewName: keyboard_shortcuts, Paths: ["\/mnt\/c\/projects\/apache\/school1\/src\/SPPDocs\/resources\/views\/partials","\/mnt\/c\/projects\/apache\/school1\/src\/SPPDocs\/resources\/views"]
[2026-09-06 04:58:06] SPPBlade: Render successful for keyboard_shortcuts
[2026-09-06 04:59:30] SPPBlade: Starting render for 'admin.dashboard'
[2026-09-06 04:59:30] SPPBlade: Rendering relative view 'admin.dashboard' with paths: "\/mnt\/c\/projects\/apache\/school1\/src\/SPPDocs\/resources\/views"
[2026-09-06 04:59:30] SPPBlade: Starting render for '/mnt/c/projects/apache/school1/src/SPPDocs/resources/views/partials/command_palette.blade.php'
[2026-09-06 04:59:30] SPPBlade: Rendering absolute file. ViewName: command_palette, Paths: ["\/mnt\/c\/projects\/apache\/school1\/src\/SPPDocs\/resources\/views\/partials","\/mnt\/c\/projects\/apache\/school1\/src\/SPPDocs\/resources\/views"]
[2026-09-06 04:59:30] SPPBlade: Render successful for command_palette
[2026-09-06 04:59:30] SPPBlade: Starting render for '/mnt/c/projects/apache/school1/src/SPPDocs/resources/views/partials/keyboard_shortcuts.blade.php'
[2026-09-06 04:59:30] SPPBlade: Rendering absolute file. ViewName: keyboard_shortcuts, Paths: ["\/mnt\/c\/projects\/apache\/school1\/src\/SPPDocs\/resources\/views\/partials","\/mnt\/c\/projects\/apache\/school1\/src\/SPPDocs\/resources\/views"]
[2026-09-06 04:59:30] SPPBlade: Render successful for keyboard_shortcuts
[2026-09-06 04:59:40] SPPBlade: Starting render for 'admin.project'
[2026-09-06 04:59:40] SPPBlade: Rendering relative view 'admin.project' with paths: "\/mnt\/c\/projects\/apache\/school1\/src\/SPPDocs\/resources\/views"
[2026-09-06 04:59:40] SPPBlade: Starting render for '/mnt/c/projects/apache/school1/src/SPPDocs/resources/views/partials/command_palette.blade.php'
[2026-09-06 04:59:40] SPPBlade: Rendering absolute file. ViewName: command_palette, Paths: ["\/mnt\/c\/projects\/apache\/school1\/src\/SPPDocs\/resources\/views\/partials","\/mnt\/c\/projects\/apache\/school1\/src\/SPPDocs\/resources\/views"]
[2026-09-06 04:59:40] SPPBlade: Render successful for command_palette
[2026-09-06 04:59:40] SPPBlade: Starting render for '/mnt/c/projects/apache/school1/src/SPPDocs/resources/views/partials/keyboard_shortcuts.blade.php'
[2026-09-06 04:59:40] SPPBlade: Rendering absolute file. ViewName: keyboard_shortcuts, Paths: ["\/mnt\/c\/projects\/apache\/school1\/src\/SPPDocs\/resources\/views\/partials","\/mnt\/c\/projects\/apache\/school1\/src\/SPPDocs\/resources\/views"]
[2026-09-06 04:59:40] SPPBlade: Render successful for keyboard_shortcuts
[2026-09-06 05:03:54] SPPBlade: Starting render for 'admin/lms/index'
[2026-09-06 05:03:54] SPPBlade: Rendering relative view 'admin/lms/index' with paths: "\/mnt\/c\/projects\/apache\/school1\/src\/SPPDocs\/resources\/views"
[2026-09-06 05:03:55] SPPBlade: Starting render for '/mnt/c/projects/apache/school1/src/SPPDocs/resources/views/partials/command_palette.blade.php'
[2026-09-06 05:03:55] SPPBlade: Rendering absolute file. ViewName: command_palette, Paths: ["\/mnt\/c\/projects\/apache\/school1\/src\/SPPDocs\/resources\/views\/partials","\/mnt\/c\/projects\/apache\/school1\/src\/SPPDocs\/resources\/views"]
[2026-09-06 05:03:55] SPPBlade: Render successful for command_palette
[2026-09-06 05:03:55] SPPBlade: Starting render for '/mnt/c/projects/apache/school1/src/SPPDocs/resources/views/partials/keyboard_shortcuts.blade.php'
[2026-09-06 05:03:55] SPPBlade: Rendering absolute file. ViewName: keyboard_shortcuts, Paths: ["\/mnt\/c\/projects\/apache\/school1\/src\/SPPDocs\/resources\/views\/partials","\/mnt\/c\/projects\/apache\/school1\/src\/SPPDocs\/resources\/views"]
[2026-09-06 05:03:55] SPPBlade: Render successful for keyboard_shortcuts
[2026-09-06 05:04:32] SPPBlade: Starting render for 'admin/lms/index'
[2026-09-06 05:04:32] SPPBlade: Rendering relative view 'admin/lms/index' with paths: "\/mnt\/c\/projects\/apache\/school1\/src\/SPPDocs\/resources\/views"
[2026-09-06 05:04:32] SPPBlade: Starting render for '/mnt/c/projects/apache/school1/src/SPPDocs/resources/views/partials/command_palette.blade.php'
[2026-09-06 05:04:32] SPPBlade: Rendering absolute file. ViewName: command_palette, Paths: ["\/mnt\/c\/projects\/apache\/school1\/src\/SPPDocs\/resources\/views\/partials","\/mnt\/c\/projects\/apache\/school1\/src\/SPPDocs\/resources\/views"]
[2026-09-06 05:04:32] SPPBlade: Render successful for command_palette
[2026-09-06 05:04:32] SPPBlade: Starting render for '/mnt/c/projects/apache/school1/src/SPPDocs/resources/views/partials/keyboard_shortcuts.blade.php'
[2026-09-06 05:04:32] SPPBlade: Rendering absolute file. ViewName: keyboard_shortcuts, Paths: ["\/mnt\/c\/projects\/apache\/school1\/src\/SPPDocs\/resources\/views\/partials","\/mnt\/c\/projects\/apache\/school1\/src\/SPPDocs\/resources\/views"]
[2026-09-06 05:04:32] SPPBlade: Render successful for keyboard_shortcuts
[2026-09-06 05:04:50] SPPBlade: Starting render for 'admin/lms/course_form'
[2026-09-06 05:04:50] SPPBlade: Rendering relative view 'admin/lms/course_form' with paths: "\/mnt\/c\/projects\/apache\/school1\/src\/SPPDocs\/resources\/views"
[2026-09-06 05:04:50] SPPBlade: Starting render for '/mnt/c/projects/apache/school1/src/SPPDocs/resources/views/partials/command_palette.blade.php'
[2026-09-06 05:04:50] SPPBlade: Rendering absolute file. ViewName: command_palette, Paths: ["\/mnt\/c\/projects\/apache\/school1\/src\/SPPDocs\/resources\/views\/partials","\/mnt\/c\/projects\/apache\/school1\/src\/SPPDocs\/resources\/views"]
[2026-09-06 05:04:50] SPPBlade: Render successful for command_palette
[2026-09-06 05:04:50] SPPBlade: Starting render for '/mnt/c/projects/apache/school1/src/SPPDocs/resources/views/partials/keyboard_shortcuts.blade.php'
[2026-09-06 05:04:50] SPPBlade: Rendering absolute file. ViewName: keyboard_shortcuts, Paths: ["\/mnt\/c\/projects\/apache\/school1\/src\/SPPDocs\/resources\/views\/partials","\/mnt\/c\/projects\/apache\/school1\/src\/SPPDocs\/resources\/views"]
[2026-09-06 05:04:50] SPPBlade: Render successful for keyboard_shortcuts
[2026-09-06 05:07:14] SPPBlade: Starting render for 'admin/lms/lesson_form'
[2026-09-06 05:07:14] SPPBlade: Rendering relative view 'admin/lms/lesson_form' with paths: "\/mnt\/c\/projects\/apache\/school1\/src\/SPPDocs\/resources\/views"
[2026-09-06 05:07:14] SPPBlade: Starting render for '/mnt/c/projects/apache/school1/src/SPPDocs/resources/views/partials/command_palette.blade.php'
[2026-09-06 05:07:14] SPPBlade: Rendering absolute file. ViewName: command_palette, Paths: ["\/mnt\/c\/projects\/apache\/school1\/src\/SPPDocs\/resources\/views\/partials","\/mnt\/c\/projects\/apache\/school1\/src\/SPPDocs\/resources\/views"]
[2026-09-06 05:07:14] SPPBlade: Render successful for command_palette
[2026-09-06 05:07:14] SPPBlade: Starting render for '/mnt/c/projects/apache/school1/src/SPPDocs/resources/views/partials/keyboard_shortcuts.blade.php'
[2026-09-06 05:07:15] SPPBlade: Rendering absolute file. ViewName: keyboard_shortcuts, Paths: ["\/mnt\/c\/projects\/apache\/school1\/src\/SPPDocs\/resources\/views\/partials","\/mnt\/c\/projects\/apache\/school1\/src\/SPPDocs\/resources\/views"]
[2026-09-06 05:07:15] SPPBlade: Render successful for keyboard_shortcuts
[2026-09-06 05:13:31] SPPBlade: Starting render for 'admin/lms/course_form'
[2026-09-06 05:13:31] SPPBlade: Rendering relative view 'admin/lms/course_form' with paths: "\/mnt\/c\/projects\/apache\/school1\/src\/SPPDocs\/resources\/views"
[2026-09-06 05:13:31] SPPBlade: Starting render for '/mnt/c/projects/apache/school1/src/SPPDocs/resources/views/partials/command_palette.blade.php'
[2026-09-06 05:13:31] SPPBlade: Rendering absolute file. ViewName: command_palette, Paths: ["\/mnt\/c\/projects\/apache\/school1\/src\/SPPDocs\/resources\/views\/partials","\/mnt\/c\/projects\/apache\/school1\/src\/SPPDocs\/resources\/views"]
[2026-09-06 05:13:31] SPPBlade: Render successful for command_palette
[2026-09-06 05:13:31] SPPBlade: Starting render for '/mnt/c/projects/apache/school1/src/SPPDocs/resources/views/partials/keyboard_shortcuts.blade.php'
[2026-09-06 05:13:31] SPPBlade: Rendering absolute file. ViewName: keyboard_shortcuts, Paths: ["\/mnt\/c\/projects\/apache\/school1\/src\/SPPDocs\/resources\/views\/partials","\/mnt\/c\/projects\/apache\/school1\/src\/SPPDocs\/resources\/views"]
[2026-09-06 05:13:31] SPPBlade: Render successful for keyboard_shortcuts
[2026-09-06 05:13:47] SPPBlade: Starting render for 'admin/lms/index'
[2026-09-06 05:13:47] SPPBlade: Rendering relative view 'admin/lms/index' with paths: "\/mnt\/c\/projects\/apache\/school1\/src\/SPPDocs\/resources\/views"
[2026-09-06 05:13:47] SPPBlade: Starting render for '/mnt/c/projects/apache/school1/src/SPPDocs/resources/views/partials/command_palette.blade.php'
[2026-09-06 05:13:47] SPPBlade: Rendering absolute file. ViewName: command_palette, Paths: ["\/mnt\/c\/projects\/apache\/school1\/src\/SPPDocs\/resources\/views\/partials","\/mnt\/c\/projects\/apache\/school1\/src\/SPPDocs\/resources\/views"]
[2026-09-06 05:13:47] SPPBlade: Render successful for command_palette
[2026-09-06 05:13:47] SPPBlade: Starting render for '/mnt/c/projects/apache/school1/src/SPPDocs/resources/views/partials/keyboard_shortcuts.blade.php'
[2026-09-06 05:13:47] SPPBlade: Rendering absolute file. ViewName: keyboard_shortcuts, Paths: ["\/mnt\/c\/projects\/apache\/school1\/src\/SPPDocs\/resources\/views\/partials","\/mnt\/c\/projects\/apache\/school1\/src\/SPPDocs\/resources\/views"]
[2026-09-06 05:13:47] SPPBlade: Render successful for keyboard_shortcuts
[2026-09-06 05:14:08] SPPBlade: Starting render for 'lms/course'
[2026-09-06 05:14:08] SPPBlade: Rendering relative view 'lms/course' with paths: "\/mnt\/c\/projects\/apache\/school1\/src\/SPPDocs\/resources\/views"
[2026-09-06 05:14:08] SPPBlade: Starting render for '/mnt/c/projects/apache/school1/src/SPPDocs/resources/views/partials/sidebar.blade.php'
[2026-09-06 05:14:08] SPPBlade: Rendering absolute file. ViewName: sidebar, Paths: ["\/mnt\/c\/projects\/apache\/school1\/src\/SPPDocs\/resources\/views\/partials","\/mnt\/c\/projects\/apache\/school1\/src\/SPPDocs\/resources\/views"]
[2026-09-06 05:14:08] SPPBlade: Render successful for sidebar
[2026-09-06 05:14:08] SPPBlade: Starting render for '/mnt/c/projects/apache/school1/src/SPPDocs/resources/views/partials/header.blade.php'
[2026-09-06 05:14:08] SPPBlade: Rendering absolute file. ViewName: header, Paths: ["\/mnt\/c\/projects\/apache\/school1\/src\/SPPDocs\/resources\/views\/partials","\/mnt\/c\/projects\/apache\/school1\/src\/SPPDocs\/resources\/views"]
[2026-09-06 05:14:08] SPPBlade: Starting render for '/mnt/c/projects/apache/school1/src/SPPDocs/resources/views/partials/locale_switcher.blade.php'
[2026-09-06 05:14:08] SPPBlade: Rendering absolute file. ViewName: locale_switcher, Paths: ["\/mnt\/c\/projects\/apache\/school1\/src\/SPPDocs\/resources\/views\/partials","\/mnt\/c\/projects\/apache\/school1\/src\/SPPDocs\/resources\/views"]
[2026-09-06 05:14:08] SPPBlade: Render successful for locale_switcher
[2026-09-06 05:14:08] SPPBlade: Render successful for header
[2026-09-06 05:14:08] SPPBlade: Starting render for '/mnt/c/projects/apache/school1/src/SPPDocs/resources/views/partials/region.blade.php'
[2026-09-06 05:14:08] SPPBlade: Rendering absolute file. ViewName: region, Paths: ["\/mnt\/c\/projects\/apache\/school1\/src\/SPPDocs\/resources\/views\/partials","\/mnt\/c\/projects\/apache\/school1\/src\/SPPDocs\/resources\/views"]
[2026-09-06 05:14:08] SPPBlade: Starting render for '/mnt/c/projects/apache/school1/src/SPPDocs/resources/views/partials/blocks/taxonomy_tree.blade.php'
[2026-09-06 05:14:08] SPPBlade: Rendering absolute file. ViewName: taxonomy_tree, Paths: ["\/mnt\/c\/projects\/apache\/school1\/src\/SPPDocs\/resources\/views\/partials\/blocks","\/mnt\/c\/projects\/apache\/school1\/src\/SPPDocs\/resources\/views"]
[2026-09-06 05:14:08] SPPBlade: Render successful for taxonomy_tree
[2026-09-06 05:14:08] SPPBlade: Render successful for region
[2026-09-06 05:14:08] SPPBlade: Starting render for '/mnt/c/projects/apache/school1/src/SPPDocs/resources/views/partials/command_palette.blade.php'
[2026-09-06 05:14:08] SPPBlade: Rendering absolute file. ViewName: command_palette, Paths: ["\/mnt\/c\/projects\/apache\/school1\/src\/SPPDocs\/resources\/views\/partials","\/mnt\/c\/projects\/apache\/school1\/src\/SPPDocs\/resources\/views"]
[2026-09-06 05:14:08] SPPBlade: Render successful for command_palette
[2026-09-06 05:14:08] SPPBlade: Starting render for '/mnt/c/projects/apache/school1/src/SPPDocs/resources/views/partials/keyboard_shortcuts.blade.php'
[2026-09-06 05:14:08] SPPBlade: Rendering absolute file. ViewName: keyboard_shortcuts, Paths: ["\/mnt\/c\/projects\/apache\/school1\/src\/SPPDocs\/resources\/views\/partials","\/mnt\/c\/projects\/apache\/school1\/src\/SPPDocs\/resources\/views"]
[2026-09-06 05:14:08] SPPBlade: Render successful for keyboard_shortcuts
[2026-09-06 05:14:11] DEBUG: Longest match routing: Picked 'css' for request 'css/sppdocs.css'
[2026-09-06 05:15:06] SPPBlade: Starting render for 'lms/lesson'
[2026-09-06 05:15:06] SPPBlade: Rendering relative view 'lms/lesson' with paths: "\/mnt\/c\/projects\/apache\/school1\/src\/SPPDocs\/resources\/views"
[2026-09-06 05:15:06] SPPBlade: Starting render for '/mnt/c/projects/apache/school1/src/SPPDocs/resources/views/partials/sidebar.blade.php'
[2026-09-06 05:15:06] SPPBlade: Rendering absolute file. ViewName: sidebar, Paths: ["\/mnt\/c\/projects\/apache\/school1\/src\/SPPDocs\/resources\/views\/partials","\/mnt\/c\/projects\/apache\/school1\/src\/SPPDocs\/resources\/views"]
[2026-09-06 05:15:06] SPPBlade: Render successful for sidebar
[2026-09-06 05:15:06] SPPBlade: Starting render for '/mnt/c/projects/apache/school1/src/SPPDocs/resources/views/lms/partials/lesson_complete_btn.blade.php'
[2026-09-06 05:15:06] SPPBlade: Rendering absolute file. ViewName: lesson_complete_btn, Paths: ["\/mnt\/c\/projects\/apache\/school1\/src\/SPPDocs\/resources\/views\/lms\/partials","\/mnt\/c\/projects\/apache\/school1\/src\/SPPDocs\/resources\/views"]
[2026-09-06 05:15:07] SPPBlade: Render successful for lesson_complete_btn
[2026-09-06 05:15:07] SPPBlade: Starting render for '/mnt/c/projects/apache/school1/src/SPPDocs/resources/views/lms/partials/curriculum_drawer.blade.php'
[2026-09-06 05:15:07] SPPBlade: Rendering absolute file. ViewName: curriculum_drawer, Paths: ["\/mnt\/c\/projects\/apache\/school1\/src\/SPPDocs\/resources\/views\/lms\/partials","\/mnt\/c\/projects\/apache\/school1\/src\/SPPDocs\/resources\/views"]
[2026-09-06 05:15:07] SPPBlade: Render successful for curriculum_drawer
[2026-09-06 05:15:07] SPPBlade: Starting render for '/mnt/c/projects/apache/school1/src/SPPDocs/resources/views/partials/header.blade.php'
[2026-09-06 05:15:07] SPPBlade: Rendering absolute file. ViewName: header, Paths: ["\/mnt\/c\/projects\/apache\/school1\/src\/SPPDocs\/resources\/views\/partials","\/mnt\/c\/projects\/apache\/school1\/src\/SPPDocs\/resources\/views"]
[2026-09-06 05:15:07] SPPBlade: Starting render for '/mnt/c/projects/apache/school1/src/SPPDocs/resources/views/partials/locale_switcher.blade.php'
[2026-09-06 05:15:07] SPPBlade: Rendering absolute file. ViewName: locale_switcher, Paths: ["\/mnt\/c\/projects\/apache\/school1\/src\/SPPDocs\/resources\/views\/partials","\/mnt\/c\/projects\/apache\/school1\/src\/SPPDocs\/resources\/views"]
[2026-09-06 05:15:07] SPPBlade: Render successful for locale_switcher
[2026-09-06 05:15:07] SPPBlade: Render successful for header
[2026-09-06 05:15:07] SPPBlade: Starting render for '/mnt/c/projects/apache/school1/src/SPPDocs/resources/views/partials/region.blade.php'
[2026-09-06 05:15:07] SPPBlade: Rendering absolute file. ViewName: region, Paths: ["\/mnt\/c\/projects\/apache\/school1\/src\/SPPDocs\/resources\/views\/partials","\/mnt\/c\/projects\/apache\/school1\/src\/SPPDocs\/resources\/views"]
[2026-09-06 05:15:07] SPPBlade: Starting render for '/mnt/c/projects/apache/school1/src/SPPDocs/resources/views/partials/blocks/taxonomy_tree.blade.php'
[2026-09-06 05:15:07] SPPBlade: Rendering absolute file. ViewName: taxonomy_tree, Paths: ["\/mnt\/c\/projects\/apache\/school1\/src\/SPPDocs\/resources\/views\/partials\/blocks","\/mnt\/c\/projects\/apache\/school1\/src\/SPPDocs\/resources\/views"]
[2026-09-06 05:15:07] SPPBlade: Render successful for taxonomy_tree
[2026-09-06 05:15:07] SPPBlade: Render successful for region
[2026-09-06 05:15:07] SPPBlade: Starting render for '/mnt/c/projects/apache/school1/src/SPPDocs/resources/views/partials/command_palette.blade.php'
[2026-09-06 05:15:07] SPPBlade: Rendering absolute file. ViewName: command_palette, Paths: ["\/mnt\/c\/projects\/apache\/school1\/src\/SPPDocs\/resources\/views\/partials","\/mnt\/c\/projects\/apache\/school1\/src\/SPPDocs\/resources\/views"]
[2026-09-06 05:15:07] SPPBlade: Render successful for command_palette
[2026-09-06 05:15:07] SPPBlade: Starting render for '/mnt/c/projects/apache/school1/src/SPPDocs/resources/views/partials/keyboard_shortcuts.blade.php'
[2026-09-06 05:15:07] SPPBlade: Rendering absolute file. ViewName: keyboard_shortcuts, Paths: ["\/mnt\/c\/projects\/apache\/school1\/src\/SPPDocs\/resources\/views\/partials","\/mnt\/c\/projects\/apache\/school1\/src\/SPPDocs\/resources\/views"]
[2026-09-06 05:15:07] SPPBlade: Render successful for keyboard_shortcuts
[2026-09-06 05:15:09] DEBUG: Longest match routing: Picked 'assets' for request 'assets/logo.jpg'
[2026-09-06 05:16:03] SPPBlade: Starting render for 'lms/lesson'
[2026-09-06 05:16:03] SPPBlade: Rendering relative view 'lms/lesson' with paths: "\/mnt\/c\/projects\/apache\/school1\/src\/SPPDocs\/resources\/views"
[2026-09-06 05:16:03] SPPBlade: Starting render for '/mnt/c/projects/apache/school1/src/SPPDocs/resources/views/partials/sidebar.blade.php'
[2026-09-06 05:16:03] SPPBlade: Rendering absolute file. ViewName: sidebar, Paths: ["\/mnt\/c\/projects\/apache\/school1\/src\/SPPDocs\/resources\/views\/partials","\/mnt\/c\/projects\/apache\/school1\/src\/SPPDocs\/resources\/views"]
[2026-09-06 05:16:03] SPPBlade: Render successful for sidebar
[2026-09-06 05:16:03] SPPBlade: Starting render for '/mnt/c/projects/apache/school1/src/SPPDocs/resources/views/lms/partials/quiz_block.blade.php'
[2026-09-06 05:16:03] SPPBlade: Rendering absolute file. ViewName: quiz_block, Paths: ["\/mnt\/c\/projects\/apache\/school1\/src\/SPPDocs\/resources\/views\/lms\/partials","\/mnt\/c\/projects\/apache\/school1\/src\/SPPDocs\/resources\/views"]
[2026-09-06 05:16:04] SPPBlade: Render successful for quiz_block
[2026-09-06 05:16:04] SPPBlade: Starting render for '/mnt/c/projects/apache/school1/src/SPPDocs/resources/views/lms/partials/lesson_complete_btn.blade.php'
[2026-09-06 05:16:04] SPPBlade: Rendering absolute file. ViewName: lesson_complete_btn, Paths: ["\/mnt\/c\/projects\/apache\/school1\/src\/SPPDocs\/resources\/views\/lms\/partials","\/mnt\/c\/projects\/apache\/school1\/src\/SPPDocs\/resources\/views"]
[2026-09-06 05:16:04] SPPBlade: Render successful for lesson_complete_btn
[2026-09-06 05:16:04] SPPBlade: Starting render for '/mnt/c/projects/apache/school1/src/SPPDocs/resources/views/lms/partials/curriculum_drawer.blade.php'
[2026-09-06 05:16:04] SPPBlade: Rendering absolute file. ViewName: curriculum_drawer, Paths: ["\/mnt\/c\/projects\/apache\/school1\/src\/SPPDocs\/resources\/views\/lms\/partials","\/mnt\/c\/projects\/apache\/school1\/src\/SPPDocs\/resources\/views"]
[2026-09-06 05:16:04] SPPBlade: Render successful for curriculum_drawer
[2026-09-06 05:16:04] SPPBlade: Starting render for '/mnt/c/projects/apache/school1/src/SPPDocs/resources/views/partials/header.blade.php'
[2026-09-06 05:16:04] SPPBlade: Rendering absolute file. ViewName: header, Paths: ["\/mnt\/c\/projects\/apache\/school1\/src\/SPPDocs\/resources\/views\/partials","\/mnt\/c\/projects\/apache\/school1\/src\/SPPDocs\/resources\/views"]
[2026-09-06 05:16:04] SPPBlade: Starting render for '/mnt/c/projects/apache/school1/src/SPPDocs/resources/views/partials/locale_switcher.blade.php'
[2026-09-06 05:16:04] SPPBlade: Rendering absolute file. ViewName: locale_switcher, Paths: ["\/mnt\/c\/projects\/apache\/school1\/src\/SPPDocs\/resources\/views\/partials","\/mnt\/c\/projects\/apache\/school1\/src\/SPPDocs\/resources\/views"]
[2026-09-06 05:16:04] SPPBlade: Render successful for locale_switcher
[2026-09-06 05:16:04] SPPBlade: Render successful for header
[2026-09-06 05:16:04] SPPBlade: Starting render for '/mnt/c/projects/apache/school1/src/SPPDocs/resources/views/partials/region.blade.php'
[2026-09-06 05:16:04] SPPBlade: Rendering absolute file. ViewName: region, Paths: ["\/mnt\/c\/projects\/apache\/school1\/src\/SPPDocs\/resources\/views\/partials","\/mnt\/c\/projects\/apache\/school1\/src\/SPPDocs\/resources\/views"]
[2026-09-06 05:16:04] SPPBlade: Starting render for '/mnt/c/projects/apache/school1/src/SPPDocs/resources/views/partials/blocks/taxonomy_tree.blade.php'
[2026-09-06 05:16:04] SPPBlade: Rendering absolute file. ViewName: taxonomy_tree, Paths: ["\/mnt\/c\/projects\/apache\/school1\/src\/SPPDocs\/resources\/views\/partials\/blocks","\/mnt\/c\/projects\/apache\/school1\/src\/SPPDocs\/resources\/views"]
[2026-09-06 05:16:04] SPPBlade: Render successful for taxonomy_tree
[2026-09-06 05:16:04] SPPBlade: Render successful for region
[2026-09-06 05:16:04] SPPBlade: Starting render for '/mnt/c/projects/apache/school1/src/SPPDocs/resources/views/partials/command_palette.blade.php'
[2026-09-06 05:16:04] SPPBlade: Rendering absolute file. ViewName: command_palette, Paths: ["\/mnt\/c\/projects\/apache\/school1\/src\/SPPDocs\/resources\/views\/partials","\/mnt\/c\/projects\/apache\/school1\/src\/SPPDocs\/resources\/views"]
[2026-09-06 05:16:04] SPPBlade: Render successful for command_palette
[2026-09-06 05:16:04] SPPBlade: Starting render for '/mnt/c/projects/apache/school1/src/SPPDocs/resources/views/partials/keyboard_shortcuts.blade.php'
[2026-09-06 05:16:04] SPPBlade: Rendering absolute file. ViewName: keyboard_shortcuts, Paths: ["\/mnt\/c\/projects\/apache\/school1\/src\/SPPDocs\/resources\/views\/partials","\/mnt\/c\/projects\/apache\/school1\/src\/SPPDocs\/resources\/views"]
[2026-09-06 05:16:04] SPPBlade: Render successful for keyboard_shortcuts
[2026-09-06 05:17:46] SPPBlade: Starting render for 'lms/partials/quiz_result'
[2026-09-06 05:17:46] SPPBlade: Rendering relative view 'lms/partials/quiz_result' with paths: "\/mnt\/c\/projects\/apache\/school1\/src\/SPPDocs\/resources\/views"
[2026-09-06 05:18:55] SPPBlade: Starting render for 'lms/lesson'
[2026-09-06 05:18:55] SPPBlade: Rendering relative view 'lms/lesson' with paths: "\/mnt\/c\/projects\/apache\/school1\/src\/SPPDocs\/resources\/views"
[2026-09-06 05:18:55] SPPBlade: Starting render for '/mnt/c/projects/apache/school1/src/SPPDocs/resources/views/partials/sidebar.blade.php'
[2026-09-06 05:18:55] SPPBlade: Rendering absolute file. ViewName: sidebar, Paths: ["\/mnt\/c\/projects\/apache\/school1\/src\/SPPDocs\/resources\/views\/partials","\/mnt\/c\/projects\/apache\/school1\/src\/SPPDocs\/resources\/views"]
[2026-09-06 05:18:55] SPPBlade: Render successful for sidebar
[2026-09-06 05:18:55] SPPBlade: Starting render for '/mnt/c/projects/apache/school1/src/SPPDocs/resources/views/lms/partials/lesson_complete_btn.blade.php'
[2026-09-06 05:18:55] SPPBlade: Rendering absolute file. ViewName: lesson_complete_btn, Paths: ["\/mnt\/c\/projects\/apache\/school1\/src\/SPPDocs\/resources\/views\/lms\/partials","\/mnt\/c\/projects\/apache\/school1\/src\/SPPDocs\/resources\/views"]
[2026-09-06 05:18:55] SPPBlade: Render successful for lesson_complete_btn
[2026-09-06 05:18:55] SPPBlade: Starting render for '/mnt/c/projects/apache/school1/src/SPPDocs/resources/views/lms/partials/curriculum_drawer.blade.php'
[2026-09-06 05:18:55] SPPBlade: Rendering absolute file. ViewName: curriculum_drawer, Paths: ["\/mnt\/c\/projects\/apache\/school1\/src\/SPPDocs\/resources\/views\/lms\/partials","\/mnt\/c\/projects\/apache\/school1\/src\/SPPDocs\/resources\/views"]
[2026-09-06 05:18:55] SPPBlade: Render successful for curriculum_drawer
[2026-09-06 05:18:55] SPPBlade: Starting render for '/mnt/c/projects/apache/school1/src/SPPDocs/resources/views/partials/header.blade.php'
[2026-09-06 05:18:55] SPPBlade: Rendering absolute file. ViewName: header, Paths: ["\/mnt\/c\/projects\/apache\/school1\/src\/SPPDocs\/resources\/views\/partials","\/mnt\/c\/projects\/apache\/school1\/src\/SPPDocs\/resources\/views"]
[2026-09-06 05:18:55] SPPBlade: Starting render for '/mnt/c/projects/apache/school1/src/SPPDocs/resources/views/partials/locale_switcher.blade.php'
[2026-09-06 05:18:55] SPPBlade: Rendering absolute file. ViewName: locale_switcher, Paths: ["\/mnt\/c\/projects\/apache\/school1\/src\/SPPDocs\/resources\/views\/partials","\/mnt\/c\/projects\/apache\/school1\/src\/SPPDocs\/resources\/views"]
[2026-09-06 05:18:55] SPPBlade: Render successful for locale_switcher
[2026-09-06 05:18:55] SPPBlade: Render successful for header
[2026-09-06 05:18:56] SPPBlade: Starting render for '/mnt/c/projects/apache/school1/src/SPPDocs/resources/views/partials/region.blade.php'
[2026-09-06 05:18:56] SPPBlade: Rendering absolute file. ViewName: region, Paths: ["\/mnt\/c\/projects\/apache\/school1\/src\/SPPDocs\/resources\/views\/partials","\/mnt\/c\/projects\/apache\/school1\/src\/SPPDocs\/resources\/views"]
[2026-09-06 05:18:56] SPPBlade: Starting render for '/mnt/c/projects/apache/school1/src/SPPDocs/resources/views/partials/blocks/taxonomy_tree.blade.php'
[2026-09-06 05:18:56] SPPBlade: Rendering absolute file. ViewName: taxonomy_tree, Paths: ["\/mnt\/c\/projects\/apache\/school1\/src\/SPPDocs\/resources\/views\/partials\/blocks","\/mnt\/c\/projects\/apache\/school1\/src\/SPPDocs\/resources\/views"]
[2026-09-06 05:18:56] SPPBlade: Render successful for taxonomy_tree
[2026-09-06 05:18:56] SPPBlade: Render successful for region
[2026-09-06 05:18:56] SPPBlade: Starting render for '/mnt/c/projects/apache/school1/src/SPPDocs/resources/views/partials/command_palette.blade.php'
[2026-09-06 05:18:56] SPPBlade: Rendering absolute file. ViewName: command_palette, Paths: ["\/mnt\/c\/projects\/apache\/school1\/src\/SPPDocs\/resources\/views\/partials","\/mnt\/c\/projects\/apache\/school1\/src\/SPPDocs\/resources\/views"]
[2026-09-06 05:18:56] SPPBlade: Render successful for command_palette
[2026-09-06 05:18:56] SPPBlade: Starting render for '/mnt/c/projects/apache/school1/src/SPPDocs/resources/views/partials/keyboard_shortcuts.blade.php'
[2026-09-06 05:18:56] SPPBlade: Rendering absolute file. ViewName: keyboard_shortcuts, Paths: ["\/mnt\/c\/projects\/apache\/school1\/src\/SPPDocs\/resources\/views\/partials","\/mnt\/c\/projects\/apache\/school1\/src\/SPPDocs\/resources\/views"]
[2026-09-06 05:18:56] SPPBlade: Render successful for keyboard_shortcuts
[2026-09-06 05:22:18] SPPBlade: Starting render for 'admin/lms/index'
[2026-09-06 05:22:18] SPPBlade: Rendering relative view 'admin/lms/index' with paths: "\/mnt\/c\/projects\/apache\/school1\/src\/SPPDocs\/resources\/views"
[2026-09-06 05:22:18] SPPBlade: Starting render for '/mnt/c/projects/apache/school1/src/SPPDocs/resources/views/partials/command_palette.blade.php'
[2026-09-06 05:22:18] SPPBlade: Rendering absolute file. ViewName: command_palette, Paths: ["\/mnt\/c\/projects\/apache\/school1\/src\/SPPDocs\/resources\/views\/partials","\/mnt\/c\/projects\/apache\/school1\/src\/SPPDocs\/resources\/views"]
[2026-09-06 05:22:18] SPPBlade: Render successful for command_palette
[2026-09-06 05:22:18] SPPBlade: Starting render for '/mnt/c/projects/apache/school1/src/SPPDocs/resources/views/partials/keyboard_shortcuts.blade.php'
[2026-09-06 05:22:18] SPPBlade: Rendering absolute file. ViewName: keyboard_shortcuts, Paths: ["\/mnt\/c\/projects\/apache\/school1\/src\/SPPDocs\/resources\/views\/partials","\/mnt\/c\/projects\/apache\/school1\/src\/SPPDocs\/resources\/views"]
[2026-09-06 05:22:18] SPPBlade: Render successful for keyboard_shortcuts
[2026-09-06 05:22:19] SPPBlade: Starting render for 'admin.dashboard'
[2026-09-06 05:22:19] SPPBlade: Rendering relative view 'admin.dashboard' with paths: "\/mnt\/c\/projects\/apache\/school1\/src\/SPPDocs\/resources\/views"
[2026-09-06 05:22:19] SPPBlade: Starting render for '/mnt/c/projects/apache/school1/src/SPPDocs/resources/views/partials/command_palette.blade.php'
[2026-09-06 05:22:19] SPPBlade: Rendering absolute file. ViewName: command_palette, Paths: ["\/mnt\/c\/projects\/apache\/school1\/src\/SPPDocs\/resources\/views\/partials","\/mnt\/c\/projects\/apache\/school1\/src\/SPPDocs\/resources\/views"]
[2026-09-06 05:22:19] SPPBlade: Render successful for command_palette
[2026-09-06 05:22:19] SPPBlade: Starting render for '/mnt/c/projects/apache/school1/src/SPPDocs/resources/views/partials/keyboard_shortcuts.blade.php'
[2026-09-06 05:22:19] SPPBlade: Rendering absolute file. ViewName: keyboard_shortcuts, Paths: ["\/mnt\/c\/projects\/apache\/school1\/src\/SPPDocs\/resources\/views\/partials","\/mnt\/c\/projects\/apache\/school1\/src\/SPPDocs\/resources\/views"]
[2026-09-06 05:22:19] SPPBlade: Render successful for keyboard_shortcuts
[2026-09-06 05:22:20] SPPBlade: Starting render for 'lms/lesson'
[2026-09-06 05:22:20] SPPBlade: Rendering relative view 'lms/lesson' with paths: "\/mnt\/c\/projects\/apache\/school1\/src\/SPPDocs\/resources\/views"
[2026-09-06 05:22:20] SPPBlade: Starting render for '/mnt/c/projects/apache/school1/src/SPPDocs/resources/views/partials/sidebar.blade.php'
[2026-09-06 05:22:20] SPPBlade: Rendering absolute file. ViewName: sidebar, Paths: ["\/mnt\/c\/projects\/apache\/school1\/src\/SPPDocs\/resources\/views\/partials","\/mnt\/c\/projects\/apache\/school1\/src\/SPPDocs\/resources\/views"]
[2026-09-06 05:22:20] SPPBlade: Render successful for sidebar
[2026-09-06 05:22:20] SPPBlade: Starting render for '/mnt/c/projects/apache/school1/src/SPPDocs/resources/views/lms/partials/lesson_complete_btn.blade.php'
[2026-09-06 05:22:20] SPPBlade: Rendering absolute file. ViewName: lesson_complete_btn, Paths: ["\/mnt\/c\/projects\/apache\/school1\/src\/SPPDocs\/resources\/views\/lms\/partials","\/mnt\/c\/projects\/apache\/school1\/src\/SPPDocs\/resources\/views"]
[2026-09-06 05:22:20] SPPBlade: Render successful for lesson_complete_btn
[2026-09-06 05:22:20] SPPBlade: Starting render for '/mnt/c/projects/apache/school1/src/SPPDocs/resources/views/lms/partials/curriculum_drawer.blade.php'
[2026-09-06 05:22:20] SPPBlade: Rendering absolute file. ViewName: curriculum_drawer, Paths: ["\/mnt\/c\/projects\/apache\/school1\/src\/SPPDocs\/resources\/views\/lms\/partials","\/mnt\/c\/projects\/apache\/school1\/src\/SPPDocs\/resources\/views"]
[2026-09-06 05:22:20] SPPBlade: Render successful for curriculum_drawer
[2026-09-06 05:22:21] SPPBlade: Starting render for '/mnt/c/projects/apache/school1/src/SPPDocs/resources/views/partials/header.blade.php'
[2026-09-06 05:22:21] SPPBlade: Rendering absolute file. ViewName: header, Paths: ["\/mnt\/c\/projects\/apache\/school1\/src\/SPPDocs\/resources\/views\/partials","\/mnt\/c\/projects\/apache\/school1\/src\/SPPDocs\/resources\/views"]
[2026-09-06 05:22:21] SPPBlade: Starting render for '/mnt/c/projects/apache/school1/src/SPPDocs/resources/views/partials/locale_switcher.blade.php'
[2026-09-06 05:22:21] SPPBlade: Rendering absolute file. ViewName: locale_switcher, Paths: ["\/mnt\/c\/projects\/apache\/school1\/src\/SPPDocs\/resources\/views\/partials","\/mnt\/c\/projects\/apache\/school1\/src\/SPPDocs\/resources\/views"]
[2026-09-06 05:22:21] SPPBlade: Render successful for locale_switcher
[2026-09-06 05:22:21] SPPBlade: Render successful for header
[2026-09-06 05:22:21] SPPBlade: Starting render for '/mnt/c/projects/apache/school1/src/SPPDocs/resources/views/partials/region.blade.php'
[2026-09-06 05:22:21] SPPBlade: Rendering absolute file. ViewName: region, Paths: ["\/mnt\/c\/projects\/apache\/school1\/src\/SPPDocs\/resources\/views\/partials","\/mnt\/c\/projects\/apache\/school1\/src\/SPPDocs\/resources\/views"]
[2026-09-06 05:22:21] SPPBlade: Starting render for '/mnt/c/projects/apache/school1/src/SPPDocs/resources/views/partials/blocks/taxonomy_tree.blade.php'
[2026-09-06 05:22:21] SPPBlade: Rendering absolute file. ViewName: taxonomy_tree, Paths: ["\/mnt\/c\/projects\/apache\/school1\/src\/SPPDocs\/resources\/views\/partials\/blocks","\/mnt\/c\/projects\/apache\/school1\/src\/SPPDocs\/resources\/views"]
[2026-09-06 05:22:21] SPPBlade: Render successful for taxonomy_tree
[2026-09-06 05:22:21] SPPBlade: Render successful for region
[2026-09-06 05:22:21] SPPBlade: Starting render for '/mnt/c/projects/apache/school1/src/SPPDocs/resources/views/partials/command_palette.blade.php'
[2026-09-06 05:22:21] SPPBlade: Rendering absolute file. ViewName: command_palette, Paths: ["\/mnt\/c\/projects\/apache\/school1\/src\/SPPDocs\/resources\/views\/partials","\/mnt\/c\/projects\/apache\/school1\/src\/SPPDocs\/resources\/views"]
[2026-09-06 05:22:21] SPPBlade: Render successful for command_palette
[2026-09-06 05:22:21] SPPBlade: Starting render for '/mnt/c/projects/apache/school1/src/SPPDocs/resources/views/partials/keyboard_shortcuts.blade.php'
[2026-09-06 05:22:21] SPPBlade: Rendering absolute file. ViewName: keyboard_shortcuts, Paths: ["\/mnt\/c\/projects\/apache\/school1\/src\/SPPDocs\/resources\/views\/partials","\/mnt\/c\/projects\/apache\/school1\/src\/SPPDocs\/resources\/views"]
[2026-09-06 05:22:21] SPPBlade: Render successful for keyboard_shortcuts
[2026-09-06 05:22:23] SPPBlade: Starting render for 'admin.dashboard'
[2026-09-06 05:22:23] SPPBlade: Rendering relative view 'admin.dashboard' with paths: "\/mnt\/c\/projects\/apache\/school1\/src\/SPPDocs\/resources\/views"
[2026-09-06 05:22:23] SPPBlade: Starting render for '/mnt/c/projects/apache/school1/src/SPPDocs/resources/views/partials/command_palette.blade.php'
[2026-09-06 05:22:23] SPPBlade: Rendering absolute file. ViewName: command_palette, Paths: ["\/mnt\/c\/projects\/apache\/school1\/src\/SPPDocs\/resources\/views\/partials","\/mnt\/c\/projects\/apache\/school1\/src\/SPPDocs\/resources\/views"]
[2026-09-06 05:22:23] SPPBlade: Render successful for command_palette
[2026-09-06 05:22:23] SPPBlade: Starting render for '/mnt/c/projects/apache/school1/src/SPPDocs/resources/views/partials/keyboard_shortcuts.blade.php'
[2026-09-06 05:22:23] SPPBlade: Rendering absolute file. ViewName: keyboard_shortcuts, Paths: ["\/mnt\/c\/projects\/apache\/school1\/src\/SPPDocs\/resources\/views\/partials","\/mnt\/c\/projects\/apache\/school1\/src\/SPPDocs\/resources\/views"]
[2026-09-06 05:22:23] SPPBlade: Render successful for keyboard_shortcuts
[2026-09-06 10:23:13] SPPBlade: Starting render for 'admin.login'
[2026-09-06 10:23:13] SPPBlade: Rendering relative view 'admin.login' with paths: "\/mnt\/c\/projects\/apache\/school1\/src\/SPPDocs\/resources\/views"
[2026-09-06 10:23:18] DEBUG: Longest match routing: Picked 'css' for request 'css/admin_login.css'
[2026-09-06 10:23:39] SPPBlade: Starting render for 'admin.dashboard'
[2026-09-06 10:23:39] SPPBlade: Rendering relative view 'admin.dashboard' with paths: "\/mnt\/c\/projects\/apache\/school1\/src\/SPPDocs\/resources\/views"
[2026-09-06 10:23:39] SPPBlade: Starting render for '/mnt/c/projects/apache/school1/src/SPPDocs/resources/views/partials/command_palette.blade.php'
[2026-09-06 10:23:39] SPPBlade: Rendering absolute file. ViewName: command_palette, Paths: ["\/mnt\/c\/projects\/apache\/school1\/src\/SPPDocs\/resources\/views\/partials","\/mnt\/c\/projects\/apache\/school1\/src\/SPPDocs\/resources\/views"]
[2026-09-06 10:23:39] SPPBlade: Render successful for command_palette
[2026-09-06 10:23:39] SPPBlade: Starting render for '/mnt/c/projects/apache/school1/src/SPPDocs/resources/views/partials/keyboard_shortcuts.blade.php'
[2026-09-06 10:23:39] SPPBlade: Rendering absolute file. ViewName: keyboard_shortcuts, Paths: ["\/mnt\/c\/projects\/apache\/school1\/src\/SPPDocs\/resources\/views\/partials","\/mnt\/c\/projects\/apache\/school1\/src\/SPPDocs\/resources\/views"]
[2026-09-06 10:23:39] SPPBlade: Render successful for keyboard_shortcuts
[2026-09-06 10:23:41] DEBUG: Longest match routing: Picked 'css' for request 'css/sppdocs.css'
[2026-09-06 10:23:43] DEBUG: Longest match routing: Picked 'css' for request 'css/admin.css'
[2026-09-06 10:24:14] SPPBlade: Starting render for 'project.home'
[2026-09-06 10:24:14] SPPBlade: Rendering relative view 'project.home' with paths: "\/mnt\/c\/projects\/apache\/school1\/src\/SPPDocs\/resources\/views"
[2026-09-06 10:24:15] SPPBlade: Starting render for '/mnt/c/projects/apache/school1/src/SPPDocs/resources/views/partials/sidebar.blade.php'
[2026-09-06 10:24:15] SPPBlade: Rendering absolute file. ViewName: sidebar, Paths: ["\/mnt\/c\/projects\/apache\/school1\/src\/SPPDocs\/resources\/views\/partials","\/mnt\/c\/projects\/apache\/school1\/src\/SPPDocs\/resources\/views"]
[2026-09-06 10:24:15] SPPBlade: Render successful for sidebar
[2026-09-06 10:24:15] SPPBlade: Starting render for '/mnt/c/projects/apache/school1/src/SPPDocs/resources/views/partials/header.blade.php'
[2026-09-06 10:24:15] SPPBlade: Rendering absolute file. ViewName: header, Paths: ["\/mnt\/c\/projects\/apache\/school1\/src\/SPPDocs\/resources\/views\/partials","\/mnt\/c\/projects\/apache\/school1\/src\/SPPDocs\/resources\/views"]
[2026-09-06 10:24:16] SPPBlade: Starting render for '/mnt/c/projects/apache/school1/src/SPPDocs/resources/views/partials/locale_switcher.blade.php'
[2026-09-06 10:24:16] SPPBlade: Rendering absolute file. ViewName: locale_switcher, Paths: ["\/mnt\/c\/projects\/apache\/school1\/src\/SPPDocs\/resources\/views\/partials","\/mnt\/c\/projects\/apache\/school1\/src\/SPPDocs\/resources\/views"]
[2026-09-06 10:24:16] SPPBlade: Render successful for locale_switcher
[2026-09-06 10:24:16] SPPBlade: Render successful for header
[2026-09-06 10:24:16] SPPBlade: Starting render for '/mnt/c/projects/apache/school1/src/SPPDocs/resources/views/partials/region.blade.php'
[2026-09-06 10:24:16] SPPBlade: Rendering absolute file. ViewName: region, Paths: ["\/mnt\/c\/projects\/apache\/school1\/src\/SPPDocs\/resources\/views\/partials","\/mnt\/c\/projects\/apache\/school1\/src\/SPPDocs\/resources\/views"]
[2026-09-06 10:24:16] SPPBlade: Starting render for '/mnt/c/projects/apache/school1/src/SPPDocs/resources/views/partials/blocks/taxonomy_tree.blade.php'
[2026-09-06 10:24:16] SPPBlade: Rendering absolute file. ViewName: taxonomy_tree, Paths: ["\/mnt\/c\/projects\/apache\/school1\/src\/SPPDocs\/resources\/views\/partials\/blocks","\/mnt\/c\/projects\/apache\/school1\/src\/SPPDocs\/resources\/views"]
[2026-09-06 10:24:16] SPPBlade: Render successful for taxonomy_tree
[2026-09-06 10:24:16] SPPBlade: Render successful for region
[2026-09-06 10:24:16] SPPBlade: Starting render for '/mnt/c/projects/apache/school1/src/SPPDocs/resources/views/partials/command_palette.blade.php'
[2026-09-06 10:24:16] SPPBlade: Rendering absolute file. ViewName: command_palette, Paths: ["\/mnt\/c\/projects\/apache\/school1\/src\/SPPDocs\/resources\/views\/partials","\/mnt\/c\/projects\/apache\/school1\/src\/SPPDocs\/resources\/views"]
[2026-09-06 10:24:16] SPPBlade: Render successful for command_palette
[2026-09-06 10:24:16] SPPBlade: Starting render for '/mnt/c/projects/apache/school1/src/SPPDocs/resources/views/partials/keyboard_shortcuts.blade.php'
[2026-09-06 10:24:16] SPPBlade: Rendering absolute file. ViewName: keyboard_shortcuts, Paths: ["\/mnt\/c\/projects\/apache\/school1\/src\/SPPDocs\/resources\/views\/partials","\/mnt\/c\/projects\/apache\/school1\/src\/SPPDocs\/resources\/views"]
[2026-09-06 10:24:16] SPPBlade: Render successful for keyboard_shortcuts
[2026-09-06 10:24:18] DEBUG: Longest match routing: Picked 'css' for request 'css/sppdocs.css'
[2026-09-06 10:24:41] SPPBlade: Starting render for 'export.book'
[2026-09-06 10:24:41] SPPBlade: Rendering relative view 'export.book' with paths: "\/mnt\/c\/projects\/apache\/school1\/src\/SPPDocs\/resources\/views"
[2026-09-06 10:25:11] SPPBlade: Starting render for 'project.home'
[2026-09-06 10:25:11] SPPBlade: Rendering relative view 'project.home' with paths: "\/mnt\/c\/projects\/apache\/school1\/src\/SPPDocs\/resources\/views"
[2026-09-06 10:25:11] SPPBlade: Starting render for '/mnt/c/projects/apache/school1/src/SPPDocs/resources/views/partials/sidebar.blade.php'
[2026-09-06 10:25:11] SPPBlade: Rendering absolute file. ViewName: sidebar, Paths: ["\/mnt\/c\/projects\/apache\/school1\/src\/SPPDocs\/resources\/views\/partials","\/mnt\/c\/projects\/apache\/school1\/src\/SPPDocs\/resources\/views"]
[2026-09-06 10:25:11] SPPBlade: Render successful for sidebar
[2026-09-06 10:25:11] SPPBlade: Starting render for '/mnt/c/projects/apache/school1/src/SPPDocs/resources/views/partials/header.blade.php'
[2026-09-06 10:25:11] SPPBlade: Rendering absolute file. ViewName: header, Paths: ["\/mnt\/c\/projects\/apache\/school1\/src\/SPPDocs\/resources\/views\/partials","\/mnt\/c\/projects\/apache\/school1\/src\/SPPDocs\/resources\/views"]
[2026-09-06 10:25:11] SPPBlade: Starting render for '/mnt/c/projects/apache/school1/src/SPPDocs/resources/views/partials/locale_switcher.blade.php'
[2026-09-06 10:25:11] SPPBlade: Rendering absolute file. ViewName: locale_switcher, Paths: ["\/mnt\/c\/projects\/apache\/school1\/src\/SPPDocs\/resources\/views\/partials","\/mnt\/c\/projects\/apache\/school1\/src\/SPPDocs\/resources\/views"]
[2026-09-06 10:25:11] SPPBlade: Render successful for locale_switcher
[2026-09-06 10:25:11] SPPBlade: Render successful for header
[2026-09-06 10:25:11] SPPBlade: Starting render for '/mnt/c/projects/apache/school1/src/SPPDocs/resources/views/partials/region.blade.php'
[2026-09-06 10:25:11] SPPBlade: Rendering absolute file. ViewName: region, Paths: ["\/mnt\/c\/projects\/apache\/school1\/src\/SPPDocs\/resources\/views\/partials","\/mnt\/c\/projects\/apache\/school1\/src\/SPPDocs\/resources\/views"]
[2026-09-06 10:25:11] SPPBlade: Starting render for '/mnt/c/projects/apache/school1/src/SPPDocs/resources/views/partials/blocks/taxonomy_tree.blade.php'
[2026-09-06 10:25:11] SPPBlade: Rendering absolute file. ViewName: taxonomy_tree, Paths: ["\/mnt\/c\/projects\/apache\/school1\/src\/SPPDocs\/resources\/views\/partials\/blocks","\/mnt\/c\/projects\/apache\/school1\/src\/SPPDocs\/resources\/views"]
[2026-09-06 10:25:11] SPPBlade: Render successful for taxonomy_tree
[2026-09-06 10:25:11] SPPBlade: Render successful for region
[2026-09-06 10:25:11] SPPBlade: Starting render for '/mnt/c/projects/apache/school1/src/SPPDocs/resources/views/partials/command_palette.blade.php'
[2026-09-06 10:25:11] SPPBlade: Rendering absolute file. ViewName: command_palette, Paths: ["\/mnt\/c\/projects\/apache\/school1\/src\/SPPDocs\/resources\/views\/partials","\/mnt\/c\/projects\/apache\/school1\/src\/SPPDocs\/resources\/views"]
[2026-09-06 10:25:11] SPPBlade: Render successful for command_palette
[2026-09-06 10:25:11] SPPBlade: Starting render for '/mnt/c/projects/apache/school1/src/SPPDocs/resources/views/partials/keyboard_shortcuts.blade.php'
[2026-09-06 10:25:11] SPPBlade: Rendering absolute file. ViewName: keyboard_shortcuts, Paths: ["\/mnt\/c\/projects\/apache\/school1\/src\/SPPDocs\/resources\/views\/partials","\/mnt\/c\/projects\/apache\/school1\/src\/SPPDocs\/resources\/views"]
[2026-09-06 10:25:11] SPPBlade: Render successful for keyboard_shortcuts
[2026-09-06 10:25:15] DEBUG: Longest match routing: Picked 'css' for request 'css/sppdocs.css'
[2026-09-06 10:25:37] SPPBlade: Starting render for 'portal'
[2026-09-06 10:25:37] SPPBlade: Rendering relative view 'portal' with paths: "\/mnt\/c\/projects\/apache\/school1\/src\/SPPDocs\/resources\/views"
[2026-09-06 10:28:53] SPPBlade: Starting render for 'landing.spp'
[2026-09-06 10:28:53] SPPBlade: Rendering relative view 'landing.spp' with paths: "\/mnt\/c\/projects\/apache\/school1\/src\/SPPDocs\/resources\/views"
[2026-09-06 10:29:03] DEBUG: Longest match routing: Picked 'docs' for request 'docs/spp/v3'
[2026-09-06 10:29:14] SPPBlade: Starting render for 'landing.spp'
[2026-09-06 10:29:14] SPPBlade: Rendering relative view 'landing.spp' with paths: "\/mnt\/c\/projects\/apache\/school1\/src\/SPPDocs\/resources\/views"
[2026-09-06 10:29:33] DEBUG: Longest match routing: Picked 'docs' for request 'docs/spp/v3'
[2026-09-06 10:29:41] SPPBlade: Starting render for 'landing.spp'
[2026-09-06 10:29:41] SPPBlade: Rendering relative view 'landing.spp' with paths: "\/mnt\/c\/projects\/apache\/school1\/src\/SPPDocs\/resources\/views"
[2026-09-07 08:37:02] SPPBlade: Starting render for 'project.home'
[2026-09-07 08:37:02] SPPBlade: Rendering relative view 'project.home' with paths: "\/mnt\/c\/projects\/apache\/school1\/src\/SPPDocs\/resources\/views"
[2026-09-07 08:37:02] SPPBlade: Starting render for '/mnt/c/projects/apache/school1/src/SPPDocs/resources/views/partials/sidebar.blade.php'
[2026-09-07 08:37:02] SPPBlade: Rendering absolute file. ViewName: sidebar, Paths: ["\/mnt\/c\/projects\/apache\/school1\/src\/SPPDocs\/resources\/views\/partials","\/mnt\/c\/projects\/apache\/school1\/src\/SPPDocs\/resources\/views"]
[2026-09-07 08:37:02] SPPBlade: Render successful for sidebar
[2026-09-07 08:37:03] SPPBlade: Starting render for '/mnt/c/projects/apache/school1/src/SPPDocs/resources/views/partials/header.blade.php'
[2026-09-07 08:37:03] SPPBlade: Rendering absolute file. ViewName: header, Paths: ["\/mnt\/c\/projects\/apache\/school1\/src\/SPPDocs\/resources\/views\/partials","\/mnt\/c\/projects\/apache\/school1\/src\/SPPDocs\/resources\/views"]
[2026-09-07 08:37:03] SPPBlade: Starting render for '/mnt/c/projects/apache/school1/src/SPPDocs/resources/views/partials/locale_switcher.blade.php'
[2026-09-07 08:37:03] SPPBlade: Rendering absolute file. ViewName: locale_switcher, Paths: ["\/mnt\/c\/projects\/apache\/school1\/src\/SPPDocs\/resources\/views\/partials","\/mnt\/c\/projects\/apache\/school1\/src\/SPPDocs\/resources\/views"]
[2026-09-07 08:37:03] SPPBlade: Render successful for locale_switcher
[2026-09-07 08:37:03] SPPBlade: Render successful for header
[2026-09-07 08:37:03] SPPBlade: Starting render for '/mnt/c/projects/apache/school1/src/SPPDocs/resources/views/partials/region.blade.php'
[2026-09-07 08:37:03] SPPBlade: Rendering absolute file. ViewName: region, Paths: ["\/mnt\/c\/projects\/apache\/school1\/src\/SPPDocs\/resources\/views\/partials","\/mnt\/c\/projects\/apache\/school1\/src\/SPPDocs\/resources\/views"]
[2026-09-07 08:37:03] SPPBlade: Starting render for '/mnt/c/projects/apache/school1/src/SPPDocs/resources/views/partials/blocks/taxonomy_tree.blade.php'
[2026-09-07 08:37:03] SPPBlade: Rendering absolute file. ViewName: taxonomy_tree, Paths: ["\/mnt\/c\/projects\/apache\/school1\/src\/SPPDocs\/resources\/views\/partials\/blocks","\/mnt\/c\/projects\/apache\/school1\/src\/SPPDocs\/resources\/views"]
[2026-09-07 08:37:03] SPPBlade: Render successful for taxonomy_tree
[2026-09-07 08:37:03] SPPBlade: Render successful for region
[2026-09-07 08:37:03] SPPBlade: Starting render for '/mnt/c/projects/apache/school1/src/SPPDocs/resources/views/partials/command_palette.blade.php'
[2026-09-07 08:37:03] SPPBlade: Rendering absolute file. ViewName: command_palette, Paths: ["\/mnt\/c\/projects\/apache\/school1\/src\/SPPDocs\/resources\/views\/partials","\/mnt\/c\/projects\/apache\/school1\/src\/SPPDocs\/resources\/views"]
[2026-09-07 08:37:03] SPPBlade: Render successful for command_palette
[2026-09-07 08:37:03] SPPBlade: Starting render for '/mnt/c/projects/apache/school1/src/SPPDocs/resources/views/partials/keyboard_shortcuts.blade.php'
[2026-09-07 08:37:03] SPPBlade: Rendering absolute file. ViewName: keyboard_shortcuts, Paths: ["\/mnt\/c\/projects\/apache\/school1\/src\/SPPDocs\/resources\/views\/partials","\/mnt\/c\/projects\/apache\/school1\/src\/SPPDocs\/resources\/views"]
[2026-09-07 08:37:03] SPPBlade: Render successful for keyboard_shortcuts
[2026-09-07 08:37:07] DEBUG: Longest match routing: Picked 'css' for request 'css/sppdocs.css'
[2026-09-07 08:37:37] SPPBlade: Starting render for 'login'
[2026-09-07 08:37:37] SPPBlade: Rendering relative view 'login' with paths: "\/mnt\/c\/projects\/apache\/school1\/src\/SPPDocs\/resources\/views"
[2026-09-07 08:37:45] DEBUG: Longest match routing: Picked 'assets' for request 'assets/logo.jpg'
[2026-09-07 08:37:45] DEBUG: Longest match routing: Picked 'css' for request 'css/login.css'
[2026-09-07 08:38:04] SPPBlade: Starting render for 'project.home'
[2026-09-07 08:38:04] SPPBlade: Rendering relative view 'project.home' with paths: "\/mnt\/c\/projects\/apache\/school1\/src\/SPPDocs\/resources\/views"
[2026-09-07 08:38:04] SPPBlade: Starting render for '/mnt/c/projects/apache/school1/src/SPPDocs/resources/views/partials/sidebar.blade.php'
[2026-09-07 08:38:04] SPPBlade: Rendering absolute file. ViewName: sidebar, Paths: ["\/mnt\/c\/projects\/apache\/school1\/src\/SPPDocs\/resources\/views\/partials","\/mnt\/c\/projects\/apache\/school1\/src\/SPPDocs\/resources\/views"]
[2026-09-07 08:38:04] SPPBlade: Render successful for sidebar
[2026-09-07 08:38:04] SPPBlade: Starting render for '/mnt/c/projects/apache/school1/src/SPPDocs/resources/views/partials/header.blade.php'
[2026-09-07 08:38:04] SPPBlade: Rendering absolute file. ViewName: header, Paths: ["\/mnt\/c\/projects\/apache\/school1\/src\/SPPDocs\/resources\/views\/partials","\/mnt\/c\/projects\/apache\/school1\/src\/SPPDocs\/resources\/views"]
[2026-09-07 08:38:04] SPPBlade: Starting render for '/mnt/c/projects/apache/school1/src/SPPDocs/resources/views/partials/locale_switcher.blade.php'
[2026-09-07 08:38:04] SPPBlade: Rendering absolute file. ViewName: locale_switcher, Paths: ["\/mnt\/c\/projects\/apache\/school1\/src\/SPPDocs\/resources\/views\/partials","\/mnt\/c\/projects\/apache\/school1\/src\/SPPDocs\/resources\/views"]
[2026-09-07 08:38:04] SPPBlade: Render successful for locale_switcher
[2026-09-07 08:38:04] SPPBlade: Render successful for header
[2026-09-07 08:38:05] SPPBlade: Starting render for '/mnt/c/projects/apache/school1/src/SPPDocs/resources/views/partials/region.blade.php'
[2026-09-07 08:38:05] SPPBlade: Rendering absolute file. ViewName: region, Paths: ["\/mnt\/c\/projects\/apache\/school1\/src\/SPPDocs\/resources\/views\/partials","\/mnt\/c\/projects\/apache\/school1\/src\/SPPDocs\/resources\/views"]
[2026-09-07 08:38:05] SPPBlade: Starting render for '/mnt/c/projects/apache/school1/src/SPPDocs/resources/views/partials/blocks/taxonomy_tree.blade.php'
[2026-09-07 08:38:05] SPPBlade: Rendering absolute file. ViewName: taxonomy_tree, Paths: ["\/mnt\/c\/projects\/apache\/school1\/src\/SPPDocs\/resources\/views\/partials\/blocks","\/mnt\/c\/projects\/apache\/school1\/src\/SPPDocs\/resources\/views"]
[2026-09-07 08:38:05] SPPBlade: Render successful for taxonomy_tree
[2026-09-07 08:38:05] SPPBlade: Render successful for region
[2026-09-07 08:38:05] SPPBlade: Starting render for '/mnt/c/projects/apache/school1/src/SPPDocs/resources/views/partials/command_palette.blade.php'
[2026-09-07 08:38:05] SPPBlade: Rendering absolute file. ViewName: command_palette, Paths: ["\/mnt\/c\/projects\/apache\/school1\/src\/SPPDocs\/resources\/views\/partials","\/mnt\/c\/projects\/apache\/school1\/src\/SPPDocs\/resources\/views"]
[2026-09-07 08:38:05] SPPBlade: Render successful for command_palette
[2026-09-07 08:38:05] SPPBlade: Starting render for '/mnt/c/projects/apache/school1/src/SPPDocs/resources/views/partials/keyboard_shortcuts.blade.php'
[2026-09-07 08:38:05] SPPBlade: Rendering absolute file. ViewName: keyboard_shortcuts, Paths: ["\/mnt\/c\/projects\/apache\/school1\/src\/SPPDocs\/resources\/views\/partials","\/mnt\/c\/projects\/apache\/school1\/src\/SPPDocs\/resources\/views"]
[2026-09-07 08:38:05] SPPBlade: Render successful for keyboard_shortcuts
[2026-09-07 08:38:08] DEBUG: Longest match routing: Picked 'css' for request 'css/sppdocs.css'
[2026-09-07 08:39:31] SPPBlade: Starting render for 'admin.project'
[2026-09-07 08:39:31] SPPBlade: Rendering relative view 'admin.project' with paths: "\/mnt\/c\/projects\/apache\/school1\/src\/SPPDocs\/resources\/views"
[2026-09-07 08:39:31] SPPBlade: Starting render for '/mnt/c/projects/apache/school1/src/SPPDocs/resources/views/partials/command_palette.blade.php'
[2026-09-07 08:39:31] SPPBlade: Rendering absolute file. ViewName: command_palette, Paths: ["\/mnt\/c\/projects\/apache\/school1\/src\/SPPDocs\/resources\/views\/partials","\/mnt\/c\/projects\/apache\/school1\/src\/SPPDocs\/resources\/views"]
[2026-09-07 08:39:31] SPPBlade: Render successful for command_palette
[2026-09-07 08:39:31] SPPBlade: Starting render for '/mnt/c/projects/apache/school1/src/SPPDocs/resources/views/partials/keyboard_shortcuts.blade.php'
[2026-09-07 08:39:31] SPPBlade: Rendering absolute file. ViewName: keyboard_shortcuts, Paths: ["\/mnt\/c\/projects\/apache\/school1\/src\/SPPDocs\/resources\/views\/partials","\/mnt\/c\/projects\/apache\/school1\/src\/SPPDocs\/resources\/views"]
[2026-09-07 08:39:31] SPPBlade: Render successful for keyboard_shortcuts
[2026-09-07 08:39:34] DEBUG: Longest match routing: Picked 'css' for request 'css/admin.css'
[2026-09-07 08:39:34] DEBUG: Longest match routing: Picked 'css' for request 'css/sppdocs.css'
[2026-09-07 08:42:58] SPPBlade: Starting render for 'admin.media'
[2026-09-07 08:42:58] SPPBlade: Rendering relative view 'admin.media' with paths: "\/mnt\/c\/projects\/apache\/school1\/src\/SPPDocs\/resources\/views"
[2026-09-07 08:42:59] SPPBlade: Starting render for '/mnt/c/projects/apache/school1/src/SPPDocs/resources/views/partials/media_grid.blade.php'
[2026-09-07 08:42:59] SPPBlade: Rendering absolute file. ViewName: media_grid, Paths: ["\/mnt\/c\/projects\/apache\/school1\/src\/SPPDocs\/resources\/views\/partials","\/mnt\/c\/projects\/apache\/school1\/src\/SPPDocs\/resources\/views"]
[2026-09-07 08:43:33] SPPBlade: Starting render for 'admin/lms/index'
[2026-09-07 08:43:33] SPPBlade: Rendering relative view 'admin/lms/index' with paths: "\/mnt\/c\/projects\/apache\/school1\/src\/SPPDocs\/resources\/views"
[2026-09-07 08:43:33] SPPBlade: Starting render for '/mnt/c/projects/apache/school1/src/SPPDocs/resources/views/partials/command_palette.blade.php'
[2026-09-07 08:43:33] SPPBlade: Rendering absolute file. ViewName: command_palette, Paths: ["\/mnt\/c\/projects\/apache\/school1\/src\/SPPDocs\/resources\/views\/partials","\/mnt\/c\/projects\/apache\/school1\/src\/SPPDocs\/resources\/views"]
[2026-09-07 08:43:33] SPPBlade: Render successful for command_palette
[2026-09-07 08:43:33] SPPBlade: Starting render for '/mnt/c/projects/apache/school1/src/SPPDocs/resources/views/partials/keyboard_shortcuts.blade.php'
[2026-09-07 08:43:33] SPPBlade: Rendering absolute file. ViewName: keyboard_shortcuts, Paths: ["\/mnt\/c\/projects\/apache\/school1\/src\/SPPDocs\/resources\/views\/partials","\/mnt\/c\/projects\/apache\/school1\/src\/SPPDocs\/resources\/views"]
[2026-09-07 08:43:33] SPPBlade: Render successful for keyboard_shortcuts
[2026-09-07 08:44:43] SPPBlade: Starting render for 'admin.project'
[2026-09-07 08:44:43] SPPBlade: Rendering relative view 'admin.project' with paths: "\/mnt\/c\/projects\/apache\/school1\/src\/SPPDocs\/resources\/views"
[2026-09-07 08:44:43] SPPBlade: Starting render for '/mnt/c/projects/apache/school1/src/SPPDocs/resources/views/partials/command_palette.blade.php'
[2026-09-07 08:44:43] SPPBlade: Rendering absolute file. ViewName: command_palette, Paths: ["\/mnt\/c\/projects\/apache\/school1\/src\/SPPDocs\/resources\/views\/partials","\/mnt\/c\/projects\/apache\/school1\/src\/SPPDocs\/resources\/views"]
[2026-09-07 08:44:43] SPPBlade: Render successful for command_palette
[2026-09-07 08:44:43] SPPBlade: Starting render for '/mnt/c/projects/apache/school1/src/SPPDocs/resources/views/partials/keyboard_shortcuts.blade.php'
[2026-09-07 08:44:43] SPPBlade: Rendering absolute file. ViewName: keyboard_shortcuts, Paths: ["\/mnt\/c\/projects\/apache\/school1\/src\/SPPDocs\/resources\/views\/partials","\/mnt\/c\/projects\/apache\/school1\/src\/SPPDocs\/resources\/views"]
[2026-09-07 08:44:43] SPPBlade: Render successful for keyboard_shortcuts
[2026-09-07 08:45:13] SPPBlade: Starting render for 'admin.dashboard'
[2026-09-07 08:45:13] SPPBlade: Rendering relative view 'admin.dashboard' with paths: "\/mnt\/c\/projects\/apache\/school1\/src\/SPPDocs\/resources\/views"
[2026-09-07 08:45:13] SPPBlade: Starting render for '/mnt/c/projects/apache/school1/src/SPPDocs/resources/views/partials/command_palette.blade.php'
[2026-09-07 08:45:13] SPPBlade: Rendering absolute file. ViewName: command_palette, Paths: ["\/mnt\/c\/projects\/apache\/school1\/src\/SPPDocs\/resources\/views\/partials","\/mnt\/c\/projects\/apache\/school1\/src\/SPPDocs\/resources\/views"]
[2026-09-07 08:45:13] SPPBlade: Render successful for command_palette
[2026-09-07 08:45:13] SPPBlade: Starting render for '/mnt/c/projects/apache/school1/src/SPPDocs/resources/views/partials/keyboard_shortcuts.blade.php'
[2026-09-07 08:45:13] SPPBlade: Rendering absolute file. ViewName: keyboard_shortcuts, Paths: ["\/mnt\/c\/projects\/apache\/school1\/src\/SPPDocs\/resources\/views\/partials","\/mnt\/c\/projects\/apache\/school1\/src\/SPPDocs\/resources\/views"]
[2026-09-07 08:45:13] SPPBlade: Render successful for keyboard_shortcuts
[2026-09-07 08:45:33] SPPBlade: Starting render for 'project.home'
[2026-09-07 08:45:33] SPPBlade: Rendering relative view 'project.home' with paths: "\/mnt\/c\/projects\/apache\/school1\/src\/SPPDocs\/resources\/views"
[2026-09-07 08:45:33] SPPBlade: Starting render for '/mnt/c/projects/apache/school1/src/SPPDocs/resources/views/partials/sidebar.blade.php'
[2026-09-07 08:45:33] SPPBlade: Rendering absolute file. ViewName: sidebar, Paths: ["\/mnt\/c\/projects\/apache\/school1\/src\/SPPDocs\/resources\/views\/partials","\/mnt\/c\/projects\/apache\/school1\/src\/SPPDocs\/resources\/views"]
[2026-09-07 08:45:33] SPPBlade: Render successful for sidebar
[2026-09-07 08:45:34] SPPBlade: Starting render for '/mnt/c/projects/apache/school1/src/SPPDocs/resources/views/partials/header.blade.php'
[2026-09-07 08:45:34] SPPBlade: Rendering absolute file. ViewName: header, Paths: ["\/mnt\/c\/projects\/apache\/school1\/src\/SPPDocs\/resources\/views\/partials","\/mnt\/c\/projects\/apache\/school1\/src\/SPPDocs\/resources\/views"]
[2026-09-07 08:45:34] SPPBlade: Starting render for '/mnt/c/projects/apache/school1/src/SPPDocs/resources/views/partials/locale_switcher.blade.php'
[2026-09-07 08:45:34] SPPBlade: Rendering absolute file. ViewName: locale_switcher, Paths: ["\/mnt\/c\/projects\/apache\/school1\/src\/SPPDocs\/resources\/views\/partials","\/mnt\/c\/projects\/apache\/school1\/src\/SPPDocs\/resources\/views"]
[2026-09-07 08:45:34] SPPBlade: Render successful for locale_switcher
[2026-09-07 08:45:34] SPPBlade: Render successful for header
[2026-09-07 08:45:34] SPPBlade: Starting render for '/mnt/c/projects/apache/school1/src/SPPDocs/resources/views/partials/region.blade.php'
[2026-09-07 08:45:34] SPPBlade: Rendering absolute file. ViewName: region, Paths: ["\/mnt\/c\/projects\/apache\/school1\/src\/SPPDocs\/resources\/views\/partials","\/mnt\/c\/projects\/apache\/school1\/src\/SPPDocs\/resources\/views"]
[2026-09-07 08:45:34] SPPBlade: Starting render for '/mnt/c/projects/apache/school1/src/SPPDocs/resources/views/partials/blocks/taxonomy_tree.blade.php'
[2026-09-07 08:45:34] SPPBlade: Rendering absolute file. ViewName: taxonomy_tree, Paths: ["\/mnt\/c\/projects\/apache\/school1\/src\/SPPDocs\/resources\/views\/partials\/blocks","\/mnt\/c\/projects\/apache\/school1\/src\/SPPDocs\/resources\/views"]
[2026-09-07 08:45:34] SPPBlade: Render successful for taxonomy_tree
[2026-09-07 08:45:34] SPPBlade: Render successful for region
[2026-09-07 08:45:34] SPPBlade: Starting render for '/mnt/c/projects/apache/school1/src/SPPDocs/resources/views/partials/command_palette.blade.php'
[2026-09-07 08:45:34] SPPBlade: Rendering absolute file. ViewName: command_palette, Paths: ["\/mnt\/c\/projects\/apache\/school1\/src\/SPPDocs\/resources\/views\/partials","\/mnt\/c\/projects\/apache\/school1\/src\/SPPDocs\/resources\/views"]
[2026-09-07 08:45:34] SPPBlade: Render successful for command_palette
[2026-09-07 08:45:34] SPPBlade: Starting render for '/mnt/c/projects/apache/school1/src/SPPDocs/resources/views/partials/keyboard_shortcuts.blade.php'
[2026-09-07 08:45:34] SPPBlade: Rendering absolute file. ViewName: keyboard_shortcuts, Paths: ["\/mnt\/c\/projects\/apache\/school1\/src\/SPPDocs\/resources\/views\/partials","\/mnt\/c\/projects\/apache\/school1\/src\/SPPDocs\/resources\/views"]
[2026-09-07 08:45:34] SPPBlade: Render successful for keyboard_shortcuts
[2026-09-07 08:45:37] DEBUG: Longest match routing: Picked 'css' for request 'css/sppdocs.css'
[2026-09-07 08:45:52] SPPBlade: Starting render for 'issues/index'
[2026-09-07 08:45:52] SPPBlade: Rendering relative view 'issues/index' with paths: "\/mnt\/c\/projects\/apache\/school1\/src\/SPPDocs\/resources\/views"
[2026-09-07 08:45:53] SPPBlade: Starting render for '/mnt/c/projects/apache/school1/src/SPPDocs/resources/views/partials/sidebar.blade.php'
[2026-09-07 08:45:53] SPPBlade: Rendering absolute file. ViewName: sidebar, Paths: ["\/mnt\/c\/projects\/apache\/school1\/src\/SPPDocs\/resources\/views\/partials","\/mnt\/c\/projects\/apache\/school1\/src\/SPPDocs\/resources\/views"]
[2026-09-07 08:45:53] SPPBlade: Render successful for sidebar
[2026-09-07 08:45:54] SPPBlade: Starting render for '/mnt/c/projects/apache/school1/src/SPPDocs/resources/views/issues/partials/issue_row.blade.php'
[2026-09-07 08:45:54] SPPBlade: Rendering absolute file. ViewName: issue_row, Paths: ["\/mnt\/c\/projects\/apache\/school1\/src\/SPPDocs\/resources\/views\/issues\/partials","\/mnt\/c\/projects\/apache\/school1\/src\/SPPDocs\/resources\/views"]
[2026-09-07 08:45:54] SPPBlade: Render successful for issue_row
[2026-09-07 08:45:54] SPPBlade: Starting render for '/mnt/c/projects/apache/school1/src/SPPDocs/resources/views/issues/partials/issue_row.blade.php'
[2026-09-07 08:45:54] SPPBlade: Rendering absolute file. ViewName: issue_row, Paths: ["\/mnt\/c\/projects\/apache\/school1\/src\/SPPDocs\/resources\/views\/issues\/partials","\/mnt\/c\/projects\/apache\/school1\/src\/SPPDocs\/resources\/views"]
[2026-09-07 08:45:54] SPPBlade: Render successful for issue_row
[2026-09-07 08:45:54] SPPBlade: Starting render for '/mnt/c/projects/apache/school1/src/SPPDocs/resources/views/partials/header.blade.php'
[2026-09-07 08:45:54] SPPBlade: Rendering absolute file. ViewName: header, Paths: ["\/mnt\/c\/projects\/apache\/school1\/src\/SPPDocs\/resources\/views\/partials","\/mnt\/c\/projects\/apache\/school1\/src\/SPPDocs\/resources\/views"]
[2026-09-07 08:45:54] SPPBlade: Starting render for '/mnt/c/projects/apache/school1/src/SPPDocs/resources/views/partials/locale_switcher.blade.php'
[2026-09-07 08:45:54] SPPBlade: Rendering absolute file. ViewName: locale_switcher, Paths: ["\/mnt\/c\/projects\/apache\/school1\/src\/SPPDocs\/resources\/views\/partials","\/mnt\/c\/projects\/apache\/school1\/src\/SPPDocs\/resources\/views"]
[2026-09-07 08:45:54] SPPBlade: Render successful for locale_switcher
[2026-09-07 08:45:54] SPPBlade: Render successful for header
[2026-09-07 08:45:55] SPPBlade: Starting render for '/mnt/c/projects/apache/school1/src/SPPDocs/resources/views/partials/region.blade.php'
[2026-09-07 08:45:55] SPPBlade: Rendering absolute file. ViewName: region, Paths: ["\/mnt\/c\/projects\/apache\/school1\/src\/SPPDocs\/resources\/views\/partials","\/mnt\/c\/projects\/apache\/school1\/src\/SPPDocs\/resources\/views"]
[2026-09-07 08:45:55] SPPBlade: Starting render for '/mnt/c/projects/apache/school1/src/SPPDocs/resources/views/partials/blocks/taxonomy_tree.blade.php'
[2026-09-07 08:45:55] SPPBlade: Rendering absolute file. ViewName: taxonomy_tree, Paths: ["\/mnt\/c\/projects\/apache\/school1\/src\/SPPDocs\/resources\/views\/partials\/blocks","\/mnt\/c\/projects\/apache\/school1\/src\/SPPDocs\/resources\/views"]
[2026-09-07 08:45:55] SPPBlade: Render successful for taxonomy_tree
[2026-09-07 08:45:55] SPPBlade: Render successful for region
[2026-09-07 08:45:55] SPPBlade: Starting render for '/mnt/c/projects/apache/school1/src/SPPDocs/resources/views/partials/command_palette.blade.php'
[2026-09-07 08:45:55] SPPBlade: Rendering absolute file. ViewName: command_palette, Paths: ["\/mnt\/c\/projects\/apache\/school1\/src\/SPPDocs\/resources\/views\/partials","\/mnt\/c\/projects\/apache\/school1\/src\/SPPDocs\/resources\/views"]
[2026-09-07 08:45:55] SPPBlade: Render successful for command_palette
[2026-09-07 08:45:55] SPPBlade: Starting render for '/mnt/c/projects/apache/school1/src/SPPDocs/resources/views/partials/keyboard_shortcuts.blade.php'
[2026-09-07 08:45:55] SPPBlade: Rendering absolute file. ViewName: keyboard_shortcuts, Paths: ["\/mnt\/c\/projects\/apache\/school1\/src\/SPPDocs\/resources\/views\/partials","\/mnt\/c\/projects\/apache\/school1\/src\/SPPDocs\/resources\/views"]
[2026-09-07 08:45:55] SPPBlade: Render successful for keyboard_shortcuts
[2026-09-07 08:45:58] DEBUG: Longest match routing: Picked 'assets' for request 'assets/logo.jpg'
[2026-09-07 08:46:13] SPPBlade: Starting render for 'issues/view'
[2026-09-07 08:46:13] SPPBlade: Rendering relative view 'issues/view' with paths: "\/mnt\/c\/projects\/apache\/school1\/src\/SPPDocs\/resources\/views"
[2026-09-07 08:46:15] SPPBlade: Starting render for '/mnt/c/projects/apache/school1/src/SPPDocs/resources/views/partials/sidebar.blade.php'
[2026-09-07 08:46:15] SPPBlade: Rendering absolute file. ViewName: sidebar, Paths: ["\/mnt\/c\/projects\/apache\/school1\/src\/SPPDocs\/resources\/views\/partials","\/mnt\/c\/projects\/apache\/school1\/src\/SPPDocs\/resources\/views"]
[2026-09-07 08:46:15] SPPBlade: Render successful for sidebar
[2026-09-07 08:46:18] SPPBlade: Starting render for '/mnt/c/projects/apache/school1/src/SPPDocs/resources/views/partials/header.blade.php'
[2026-09-07 08:46:18] SPPBlade: Rendering absolute file. ViewName: header, Paths: ["\/mnt\/c\/projects\/apache\/school1\/src\/SPPDocs\/resources\/views\/partials","\/mnt\/c\/projects\/apache\/school1\/src\/SPPDocs\/resources\/views"]
[2026-09-07 08:46:18] SPPBlade: Starting render for '/mnt/c/projects/apache/school1/src/SPPDocs/resources/views/partials/locale_switcher.blade.php'
[2026-09-07 08:46:18] SPPBlade: Rendering absolute file. ViewName: locale_switcher, Paths: ["\/mnt\/c\/projects\/apache\/school1\/src\/SPPDocs\/resources\/views\/partials","\/mnt\/c\/projects\/apache\/school1\/src\/SPPDocs\/resources\/views"]
[2026-09-07 08:46:18] SPPBlade: Render successful for locale_switcher
[2026-09-07 08:46:18] SPPBlade: Render successful for header
[2026-09-07 08:46:18] SPPBlade: Starting render for '/mnt/c/projects/apache/school1/src/SPPDocs/resources/views/partials/region.blade.php'
[2026-09-07 08:46:18] SPPBlade: Rendering absolute file. ViewName: region, Paths: ["\/mnt\/c\/projects\/apache\/school1\/src\/SPPDocs\/resources\/views\/partials","\/mnt\/c\/projects\/apache\/school1\/src\/SPPDocs\/resources\/views"]
[2026-09-07 08:46:18] SPPBlade: Starting render for '/mnt/c/projects/apache/school1/src/SPPDocs/resources/views/partials/blocks/taxonomy_tree.blade.php'
[2026-09-07 08:46:18] SPPBlade: Rendering absolute file. ViewName: taxonomy_tree, Paths: ["\/mnt\/c\/projects\/apache\/school1\/src\/SPPDocs\/resources\/views\/partials\/blocks","\/mnt\/c\/projects\/apache\/school1\/src\/SPPDocs\/resources\/views"]
[2026-09-07 08:46:18] SPPBlade: Render successful for taxonomy_tree
[2026-09-07 08:46:18] SPPBlade: Render successful for region
[2026-09-07 08:46:18] SPPBlade: Starting render for '/mnt/c/projects/apache/school1/src/SPPDocs/resources/views/partials/command_palette.blade.php'
[2026-09-07 08:46:18] SPPBlade: Rendering absolute file. ViewName: command_palette, Paths: ["\/mnt\/c\/projects\/apache\/school1\/src\/SPPDocs\/resources\/views\/partials","\/mnt\/c\/projects\/apache\/school1\/src\/SPPDocs\/resources\/views"]
[2026-09-07 08:46:18] SPPBlade: Render successful for command_palette
[2026-09-07 08:46:18] SPPBlade: Starting render for '/mnt/c/projects/apache/school1/src/SPPDocs/resources/views/partials/keyboard_shortcuts.blade.php'
[2026-09-07 08:46:18] SPPBlade: Rendering absolute file. ViewName: keyboard_shortcuts, Paths: ["\/mnt\/c\/projects\/apache\/school1\/src\/SPPDocs\/resources\/views\/partials","\/mnt\/c\/projects\/apache\/school1\/src\/SPPDocs\/resources\/views"]
[2026-09-07 08:46:18] SPPBlade: Render successful for keyboard_shortcuts
[2026-09-07 08:47:38] SPPBlade: Starting render for 'issues/board'
[2026-09-07 08:47:38] SPPBlade: Rendering relative view 'issues/board' with paths: "\/mnt\/c\/projects\/apache\/school1\/src\/SPPDocs\/resources\/views"
[2026-09-07 08:47:39] SPPBlade: Starting render for '/mnt/c/projects/apache/school1/src/SPPDocs/resources/views/partials/sidebar.blade.php'
[2026-09-07 08:47:39] SPPBlade: Rendering absolute file. ViewName: sidebar, Paths: ["\/mnt\/c\/projects\/apache\/school1\/src\/SPPDocs\/resources\/views\/partials","\/mnt\/c\/projects\/apache\/school1\/src\/SPPDocs\/resources\/views"]
[2026-09-07 08:47:39] SPPBlade: Render successful for sidebar
[2026-09-07 08:47:39] SPPBlade: Starting render for '/mnt/c/projects/apache/school1/src/SPPDocs/resources/views/partials/header.blade.php'
[2026-09-07 08:47:39] SPPBlade: Rendering absolute file. ViewName: header, Paths: ["\/mnt\/c\/projects\/apache\/school1\/src\/SPPDocs\/resources\/views\/partials","\/mnt\/c\/projects\/apache\/school1\/src\/SPPDocs\/resources\/views"]
[2026-09-07 08:47:40] SPPBlade: Starting render for '/mnt/c/projects/apache/school1/src/SPPDocs/resources/views/partials/locale_switcher.blade.php'
[2026-09-07 08:47:40] SPPBlade: Rendering absolute file. ViewName: locale_switcher, Paths: ["\/mnt\/c\/projects\/apache\/school1\/src\/SPPDocs\/resources\/views\/partials","\/mnt\/c\/projects\/apache\/school1\/src\/SPPDocs\/resources\/views"]
[2026-09-07 08:47:40] SPPBlade: Render successful for locale_switcher
[2026-09-07 08:47:40] SPPBlade: Render successful for header
[2026-09-07 08:47:40] SPPBlade: Starting render for '/mnt/c/projects/apache/school1/src/SPPDocs/resources/views/partials/region.blade.php'
[2026-09-07 08:47:40] SPPBlade: Rendering absolute file. ViewName: region, Paths: ["\/mnt\/c\/projects\/apache\/school1\/src\/SPPDocs\/resources\/views\/partials","\/mnt\/c\/projects\/apache\/school1\/src\/SPPDocs\/resources\/views"]
[2026-09-07 08:47:40] SPPBlade: Starting render for '/mnt/c/projects/apache/school1/src/SPPDocs/resources/views/partials/blocks/taxonomy_tree.blade.php'
[2026-09-07 08:47:40] SPPBlade: Rendering absolute file. ViewName: taxonomy_tree, Paths: ["\/mnt\/c\/projects\/apache\/school1\/src\/SPPDocs\/resources\/views\/partials\/blocks","\/mnt\/c\/projects\/apache\/school1\/src\/SPPDocs\/resources\/views"]
[2026-09-07 08:47:40] SPPBlade: Render successful for taxonomy_tree
[2026-09-07 08:47:40] SPPBlade: Render successful for region
[2026-09-07 08:47:40] SPPBlade: Starting render for '/mnt/c/projects/apache/school1/src/SPPDocs/resources/views/partials/command_palette.blade.php'
[2026-09-07 08:47:40] SPPBlade: Rendering absolute file. ViewName: command_palette, Paths: ["\/mnt\/c\/projects\/apache\/school1\/src\/SPPDocs\/resources\/views\/partials","\/mnt\/c\/projects\/apache\/school1\/src\/SPPDocs\/resources\/views"]
[2026-09-07 08:47:40] SPPBlade: Render successful for command_palette
[2026-09-07 08:47:40] SPPBlade: Starting render for '/mnt/c/projects/apache/school1/src/SPPDocs/resources/views/partials/keyboard_shortcuts.blade.php'
[2026-09-07 08:47:40] SPPBlade: Rendering absolute file. ViewName: keyboard_shortcuts, Paths: ["\/mnt\/c\/projects\/apache\/school1\/src\/SPPDocs\/resources\/views\/partials","\/mnt\/c\/projects\/apache\/school1\/src\/SPPDocs\/resources\/views"]
[2026-09-07 08:47:40] SPPBlade: Render successful for keyboard_shortcuts
[2026-09-07 08:49:47] SPPBlade: Starting render for 'issues/milestones'
[2026-09-07 08:49:47] SPPBlade: Rendering relative view 'issues/milestones' with paths: "\/mnt\/c\/projects\/apache\/school1\/src\/SPPDocs\/resources\/views"
[2026-09-07 08:49:47] SPPBlade: Starting render for '/mnt/c/projects/apache/school1/src/SPPDocs/resources/views/partials/sidebar.blade.php'
[2026-09-07 08:49:47] SPPBlade: Rendering absolute file. ViewName: sidebar, Paths: ["\/mnt\/c\/projects\/apache\/school1\/src\/SPPDocs\/resources\/views\/partials","\/mnt\/c\/projects\/apache\/school1\/src\/SPPDocs\/resources\/views"]
[2026-09-07 08:49:47] SPPBlade: Render successful for sidebar
[2026-09-07 08:49:48] SPPBlade: Starting render for '/mnt/c/projects/apache/school1/src/SPPDocs/resources/views/partials/header.blade.php'
[2026-09-07 08:49:48] SPPBlade: Rendering absolute file. ViewName: header, Paths: ["\/mnt\/c\/projects\/apache\/school1\/src\/SPPDocs\/resources\/views\/partials","\/mnt\/c\/projects\/apache\/school1\/src\/SPPDocs\/resources\/views"]
[2026-09-07 08:49:48] SPPBlade: Starting render for '/mnt/c/projects/apache/school1/src/SPPDocs/resources/views/partials/locale_switcher.blade.php'
[2026-09-07 08:49:48] SPPBlade: Rendering absolute file. ViewName: locale_switcher, Paths: ["\/mnt\/c\/projects\/apache\/school1\/src\/SPPDocs\/resources\/views\/partials","\/mnt\/c\/projects\/apache\/school1\/src\/SPPDocs\/resources\/views"]
[2026-09-07 08:49:48] SPPBlade: Render successful for locale_switcher
[2026-09-07 08:49:48] SPPBlade: Render successful for header
[2026-09-07 08:49:48] SPPBlade: Starting render for '/mnt/c/projects/apache/school1/src/SPPDocs/resources/views/partials/region.blade.php'
[2026-09-07 08:49:48] SPPBlade: Rendering absolute file. ViewName: region, Paths: ["\/mnt\/c\/projects\/apache\/school1\/src\/SPPDocs\/resources\/views\/partials","\/mnt\/c\/projects\/apache\/school1\/src\/SPPDocs\/resources\/views"]
[2026-09-07 08:49:48] SPPBlade: Starting render for '/mnt/c/projects/apache/school1/src/SPPDocs/resources/views/partials/blocks/taxonomy_tree.blade.php'
[2026-09-07 08:49:48] SPPBlade: Rendering absolute file. ViewName: taxonomy_tree, Paths: ["\/mnt\/c\/projects\/apache\/school1\/src\/SPPDocs\/resources\/views\/partials\/blocks","\/mnt\/c\/projects\/apache\/school1\/src\/SPPDocs\/resources\/views"]
[2026-09-07 08:49:48] SPPBlade: Render successful for taxonomy_tree
[2026-09-07 08:49:48] SPPBlade: Render successful for region
[2026-09-07 08:49:48] SPPBlade: Starting render for '/mnt/c/projects/apache/school1/src/SPPDocs/resources/views/partials/command_palette.blade.php'
[2026-09-07 08:49:48] SPPBlade: Rendering absolute file. ViewName: command_palette, Paths: ["\/mnt\/c\/projects\/apache\/school1\/src\/SPPDocs\/resources\/views\/partials","\/mnt\/c\/projects\/apache\/school1\/src\/SPPDocs\/resources\/views"]
[2026-09-07 08:49:48] SPPBlade: Render successful for command_palette
[2026-09-07 08:49:48] SPPBlade: Starting render for '/mnt/c/projects/apache/school1/src/SPPDocs/resources/views/partials/keyboard_shortcuts.blade.php'
[2026-09-07 08:49:48] SPPBlade: Rendering absolute file. ViewName: keyboard_shortcuts, Paths: ["\/mnt\/c\/projects\/apache\/school1\/src\/SPPDocs\/resources\/views\/partials","\/mnt\/c\/projects\/apache\/school1\/src\/SPPDocs\/resources\/views"]
[2026-09-07 08:49:48] SPPBlade: Render successful for keyboard_shortcuts
[2026-09-07 08:50:59] SPPBlade: Starting render for 'issues/calendar'
[2026-09-07 08:50:59] SPPBlade: Rendering relative view 'issues/calendar' with paths: "\/mnt\/c\/projects\/apache\/school1\/src\/SPPDocs\/resources\/views"
[2026-09-07 08:51:00] SPPBlade: Starting render for '/mnt/c/projects/apache/school1/src/SPPDocs/resources/views/partials/sidebar.blade.php'
[2026-09-07 08:51:00] SPPBlade: Rendering absolute file. ViewName: sidebar, Paths: ["\/mnt\/c\/projects\/apache\/school1\/src\/SPPDocs\/resources\/views\/partials","\/mnt\/c\/projects\/apache\/school1\/src\/SPPDocs\/resources\/views"]
[2026-09-07 08:51:00] SPPBlade: Render successful for sidebar
[2026-09-07 08:51:00] SPPBlade: Starting render for '/mnt/c/projects/apache/school1/src/SPPDocs/resources/views/partials/header.blade.php'
[2026-09-07 08:51:00] SPPBlade: Rendering absolute file. ViewName: header, Paths: ["\/mnt\/c\/projects\/apache\/school1\/src\/SPPDocs\/resources\/views\/partials","\/mnt\/c\/projects\/apache\/school1\/src\/SPPDocs\/resources\/views"]
[2026-09-07 08:51:00] SPPBlade: Starting render for '/mnt/c/projects/apache/school1/src/SPPDocs/resources/views/partials/locale_switcher.blade.php'
[2026-09-07 08:51:00] SPPBlade: Rendering absolute file. ViewName: locale_switcher, Paths: ["\/mnt\/c\/projects\/apache\/school1\/src\/SPPDocs\/resources\/views\/partials","\/mnt\/c\/projects\/apache\/school1\/src\/SPPDocs\/resources\/views"]
[2026-09-07 08:51:00] SPPBlade: Render successful for locale_switcher
[2026-09-07 08:51:00] SPPBlade: Render successful for header
[2026-09-07 08:51:00] SPPBlade: Starting render for '/mnt/c/projects/apache/school1/src/SPPDocs/resources/views/partials/region.blade.php'
[2026-09-07 08:51:00] SPPBlade: Rendering absolute file. ViewName: region, Paths: ["\/mnt\/c\/projects\/apache\/school1\/src\/SPPDocs\/resources\/views\/partials","\/mnt\/c\/projects\/apache\/school1\/src\/SPPDocs\/resources\/views"]
[2026-09-07 08:51:00] SPPBlade: Starting render for '/mnt/c/projects/apache/school1/src/SPPDocs/resources/views/partials/blocks/taxonomy_tree.blade.php'
[2026-09-07 08:51:01] SPPBlade: Rendering absolute file. ViewName: taxonomy_tree, Paths: ["\/mnt\/c\/projects\/apache\/school1\/src\/SPPDocs\/resources\/views\/partials\/blocks","\/mnt\/c\/projects\/apache\/school1\/src\/SPPDocs\/resources\/views"]
[2026-09-07 08:51:01] SPPBlade: Render successful for taxonomy_tree
[2026-09-07 08:51:01] SPPBlade: Render successful for region
[2026-09-07 08:51:01] SPPBlade: Starting render for '/mnt/c/projects/apache/school1/src/SPPDocs/resources/views/partials/command_palette.blade.php'
[2026-09-07 08:51:01] SPPBlade: Rendering absolute file. ViewName: command_palette, Paths: ["\/mnt\/c\/projects\/apache\/school1\/src\/SPPDocs\/resources\/views\/partials","\/mnt\/c\/projects\/apache\/school1\/src\/SPPDocs\/resources\/views"]
[2026-09-07 08:51:01] SPPBlade: Render successful for command_palette
[2026-09-07 08:51:01] SPPBlade: Starting render for '/mnt/c/projects/apache/school1/src/SPPDocs/resources/views/partials/keyboard_shortcuts.blade.php'
[2026-09-07 08:51:01] SPPBlade: Rendering absolute file. ViewName: keyboard_shortcuts, Paths: ["\/mnt\/c\/projects\/apache\/school1\/src\/SPPDocs\/resources\/views\/partials","\/mnt\/c\/projects\/apache\/school1\/src\/SPPDocs\/resources\/views"]
[2026-09-07 08:51:01] SPPBlade: Render successful for keyboard_shortcuts
[2026-09-07 08:51:33] SPPBlade: Starting render for 'issues/index'
[2026-09-07 08:51:33] SPPBlade: Rendering relative view 'issues/index' with paths: "\/mnt\/c\/projects\/apache\/school1\/src\/SPPDocs\/resources\/views"
[2026-09-07 08:51:33] SPPBlade: Starting render for '/mnt/c/projects/apache/school1/src/SPPDocs/resources/views/partials/sidebar.blade.php'
[2026-09-07 08:51:33] SPPBlade: Rendering absolute file. ViewName: sidebar, Paths: ["\/mnt\/c\/projects\/apache\/school1\/src\/SPPDocs\/resources\/views\/partials","\/mnt\/c\/projects\/apache\/school1\/src\/SPPDocs\/resources\/views"]
[2026-09-07 08:51:33] SPPBlade: Render successful for sidebar
[2026-09-07 08:51:33] SPPBlade: Starting render for '/mnt/c/projects/apache/school1/src/SPPDocs/resources/views/issues/partials/issue_row.blade.php'
[2026-09-07 08:51:33] SPPBlade: Rendering absolute file. ViewName: issue_row, Paths: ["\/mnt\/c\/projects\/apache\/school1\/src\/SPPDocs\/resources\/views\/issues\/partials","\/mnt\/c\/projects\/apache\/school1\/src\/SPPDocs\/resources\/views"]
[2026-09-07 08:51:33] SPPBlade: Render successful for issue_row
[2026-09-07 08:51:33] SPPBlade: Starting render for '/mnt/c/projects/apache/school1/src/SPPDocs/resources/views/issues/partials/issue_row.blade.php'
[2026-09-07 08:51:33] SPPBlade: Rendering absolute file. ViewName: issue_row, Paths: ["\/mnt\/c\/projects\/apache\/school1\/src\/SPPDocs\/resources\/views\/issues\/partials","\/mnt\/c\/projects\/apache\/school1\/src\/SPPDocs\/resources\/views"]
[2026-09-07 08:51:33] SPPBlade: Render successful for issue_row
[2026-09-07 08:51:34] SPPBlade: Starting render for '/mnt/c/projects/apache/school1/src/SPPDocs/resources/views/partials/header.blade.php'
[2026-09-07 08:51:34] SPPBlade: Rendering absolute file. ViewName: header, Paths: ["\/mnt\/c\/projects\/apache\/school1\/src\/SPPDocs\/resources\/views\/partials","\/mnt\/c\/projects\/apache\/school1\/src\/SPPDocs\/resources\/views"]
[2026-09-07 08:51:34] SPPBlade: Starting render for '/mnt/c/projects/apache/school1/src/SPPDocs/resources/views/partials/locale_switcher.blade.php'
[2026-09-07 08:51:34] SPPBlade: Rendering absolute file. ViewName: locale_switcher, Paths: ["\/mnt\/c\/projects\/apache\/school1\/src\/SPPDocs\/resources\/views\/partials","\/mnt\/c\/projects\/apache\/school1\/src\/SPPDocs\/resources\/views"]
[2026-09-07 08:51:34] SPPBlade: Render successful for locale_switcher
[2026-09-07 08:51:34] SPPBlade: Render successful for header
[2026-09-07 08:51:34] SPPBlade: Starting render for '/mnt/c/projects/apache/school1/src/SPPDocs/resources/views/partials/region.blade.php'
[2026-09-07 08:51:34] SPPBlade: Rendering absolute file. ViewName: region, Paths: ["\/mnt\/c\/projects\/apache\/school1\/src\/SPPDocs\/resources\/views\/partials","\/mnt\/c\/projects\/apache\/school1\/src\/SPPDocs\/resources\/views"]
[2026-09-07 08:51:34] SPPBlade: Starting render for '/mnt/c/projects/apache/school1/src/SPPDocs/resources/views/partials/blocks/taxonomy_tree.blade.php'
[2026-09-07 08:51:34] SPPBlade: Rendering absolute file. ViewName: taxonomy_tree, Paths: ["\/mnt\/c\/projects\/apache\/school1\/src\/SPPDocs\/resources\/views\/partials\/blocks","\/mnt\/c\/projects\/apache\/school1\/src\/SPPDocs\/resources\/views"]
[2026-09-07 08:51:34] SPPBlade: Render successful for taxonomy_tree
[2026-09-07 08:51:34] SPPBlade: Render successful for region
[2026-09-07 08:51:34] SPPBlade: Starting render for '/mnt/c/projects/apache/school1/src/SPPDocs/resources/views/partials/command_palette.blade.php'
[2026-09-07 08:51:34] SPPBlade: Rendering absolute file. ViewName: command_palette, Paths: ["\/mnt\/c\/projects\/apache\/school1\/src\/SPPDocs\/resources\/views\/partials","\/mnt\/c\/projects\/apache\/school1\/src\/SPPDocs\/resources\/views"]
[2026-09-07 08:51:34] SPPBlade: Render successful for command_palette
[2026-09-07 08:51:34] SPPBlade: Starting render for '/mnt/c/projects/apache/school1/src/SPPDocs/resources/views/partials/keyboard_shortcuts.blade.php'
[2026-09-07 08:51:34] SPPBlade: Rendering absolute file. ViewName: keyboard_shortcuts, Paths: ["\/mnt\/c\/projects\/apache\/school1\/src\/SPPDocs\/resources\/views\/partials","\/mnt\/c\/projects\/apache\/school1\/src\/SPPDocs\/resources\/views"]
[2026-09-07 08:51:34] SPPBlade: Render successful for keyboard_shortcuts
[2026-09-07 08:51:37] DEBUG: Longest match routing: Picked 'assets' for request 'assets/logo.jpg'
[2026-09-07 10:53:12] SPPBlade: Starting render for 'admin.login'
[2026-09-07 10:53:12] SPPBlade: Rendering relative view 'admin.login' with paths: "\/mnt\/c\/projects\/apache\/school1\/src\/SPPDocs\/resources\/views"
[2026-09-07 10:53:15] DEBUG: Longest match routing: Picked 'css' for request 'css/admin_login.css'
[2026-09-07 10:53:42] SPPBlade: Starting render for 'admin.dashboard'
[2026-09-07 10:53:42] SPPBlade: Rendering relative view 'admin.dashboard' with paths: "\/mnt\/c\/projects\/apache\/school1\/src\/SPPDocs\/resources\/views"
[2026-09-07 10:53:42] SPPBlade: Starting render for '/mnt/c/projects/apache/school1/src/SPPDocs/resources/views/partials/command_palette.blade.php'
[2026-09-07 10:53:42] SPPBlade: Rendering absolute file. ViewName: command_palette, Paths: ["\/mnt\/c\/projects\/apache\/school1\/src\/SPPDocs\/resources\/views\/partials","\/mnt\/c\/projects\/apache\/school1\/src\/SPPDocs\/resources\/views"]
[2026-09-07 10:53:42] SPPBlade: Render successful for command_palette
[2026-09-07 10:53:42] SPPBlade: Starting render for '/mnt/c/projects/apache/school1/src/SPPDocs/resources/views/partials/keyboard_shortcuts.blade.php'
[2026-09-07 10:53:42] SPPBlade: Rendering absolute file. ViewName: keyboard_shortcuts, Paths: ["\/mnt\/c\/projects\/apache\/school1\/src\/SPPDocs\/resources\/views\/partials","\/mnt\/c\/projects\/apache\/school1\/src\/SPPDocs\/resources\/views"]
[2026-09-07 10:53:42] SPPBlade: Render successful for keyboard_shortcuts
[2026-09-07 10:53:44] DEBUG: Longest match routing: Picked 'css' for request 'css/admin.css'
[2026-09-07 10:53:45] DEBUG: Longest match routing: Picked 'css' for request 'css/sppdocs.css'
[2026-09-07 11:06:03] SPPBlade: Starting render for 'lms/lesson'
[2026-09-07 11:06:03] SPPBlade: Rendering relative view 'lms/lesson' with paths: "\/mnt\/c\/projects\/apache\/school1\/src\/SPPDocs\/resources\/views"
[2026-09-07 11:06:03] SPPBlade: Starting render for '/mnt/c/projects/apache/school1/src/SPPDocs/resources/views/partials/sidebar.blade.php'
[2026-09-07 11:06:03] SPPBlade: Rendering absolute file. ViewName: sidebar, Paths: ["\/mnt\/c\/projects\/apache\/school1\/src\/SPPDocs\/resources\/views\/partials","\/mnt\/c\/projects\/apache\/school1\/src\/SPPDocs\/resources\/views"]
[2026-09-07 11:06:03] SPPBlade: Render successful for sidebar
[2026-09-07 11:06:03] SPPBlade: Starting render for '/mnt/c/projects/apache/school1/src/SPPDocs/resources/views/lms/partials/lesson_complete_btn.blade.php'
[2026-09-07 11:06:03] SPPBlade: Rendering absolute file. ViewName: lesson_complete_btn, Paths: ["\/mnt\/c\/projects\/apache\/school1\/src\/SPPDocs\/resources\/views\/lms\/partials","\/mnt\/c\/projects\/apache\/school1\/src\/SPPDocs\/resources\/views"]
[2026-09-07 11:06:03] SPPBlade: Render successful for lesson_complete_btn
[2026-09-07 11:06:03] SPPBlade: Starting render for '/mnt/c/projects/apache/school1/src/SPPDocs/resources/views/lms/partials/curriculum_drawer.blade.php'
[2026-09-07 11:06:03] SPPBlade: Rendering absolute file. ViewName: curriculum_drawer, Paths: ["\/mnt\/c\/projects\/apache\/school1\/src\/SPPDocs\/resources\/views\/lms\/partials","\/mnt\/c\/projects\/apache\/school1\/src\/SPPDocs\/resources\/views"]
[2026-09-07 11:06:03] SPPBlade: Render successful for curriculum_drawer
[2026-09-07 11:06:03] SPPBlade: Starting render for '/mnt/c/projects/apache/school1/src/SPPDocs/resources/views/partials/header.blade.php'
[2026-09-07 11:06:03] SPPBlade: Rendering absolute file. ViewName: header, Paths: ["\/mnt\/c\/projects\/apache\/school1\/src\/SPPDocs\/resources\/views\/partials","\/mnt\/c\/projects\/apache\/school1\/src\/SPPDocs\/resources\/views"]
[2026-09-07 11:06:03] SPPBlade: Starting render for '/mnt/c/projects/apache/school1/src/SPPDocs/resources/views/partials/locale_switcher.blade.php'
[2026-09-07 11:06:03] SPPBlade: Rendering absolute file. ViewName: locale_switcher, Paths: ["\/mnt\/c\/projects\/apache\/school1\/src\/SPPDocs\/resources\/views\/partials","\/mnt\/c\/projects\/apache\/school1\/src\/SPPDocs\/resources\/views"]
[2026-09-07 11:06:03] SPPBlade: Render successful for locale_switcher
[2026-09-07 11:06:03] SPPBlade: Render successful for header
[2026-09-07 11:06:03] SPPBlade: Starting render for '/mnt/c/projects/apache/school1/src/SPPDocs/resources/views/partials/region.blade.php'
[2026-09-07 11:06:03] SPPBlade: Rendering absolute file. ViewName: region, Paths: ["\/mnt\/c\/projects\/apache\/school1\/src\/SPPDocs\/resources\/views\/partials","\/mnt\/c\/projects\/apache\/school1\/src\/SPPDocs\/resources\/views"]
[2026-09-07 11:06:03] SPPBlade: Starting render for '/mnt/c/projects/apache/school1/src/SPPDocs/resources/views/partials/blocks/taxonomy_tree.blade.php'
[2026-09-07 11:06:03] SPPBlade: Rendering absolute file. ViewName: taxonomy_tree, Paths: ["\/mnt\/c\/projects\/apache\/school1\/src\/SPPDocs\/resources\/views\/partials\/blocks","\/mnt\/c\/projects\/apache\/school1\/src\/SPPDocs\/resources\/views"]
[2026-09-07 11:06:03] SPPBlade: Render successful for taxonomy_tree
[2026-09-07 11:06:03] SPPBlade: Render successful for region
[2026-09-07 11:06:03] SPPBlade: Starting render for '/mnt/c/projects/apache/school1/src/SPPDocs/resources/views/partials/command_palette.blade.php'
[2026-09-07 11:06:03] SPPBlade: Rendering absolute file. ViewName: command_palette, Paths: ["\/mnt\/c\/projects\/apache\/school1\/src\/SPPDocs\/resources\/views\/partials","\/mnt\/c\/projects\/apache\/school1\/src\/SPPDocs\/resources\/views"]
[2026-09-07 11:06:03] SPPBlade: Render successful for command_palette
[2026-09-07 11:06:03] SPPBlade: Starting render for '/mnt/c/projects/apache/school1/src/SPPDocs/resources/views/partials/keyboard_shortcuts.blade.php'
[2026-09-07 11:06:03] SPPBlade: Rendering absolute file. ViewName: keyboard_shortcuts, Paths: ["\/mnt\/c\/projects\/apache\/school1\/src\/SPPDocs\/resources\/views\/partials","\/mnt\/c\/projects\/apache\/school1\/src\/SPPDocs\/resources\/views"]
[2026-09-07 11:06:03] SPPBlade: Render successful for keyboard_shortcuts
[2026-09-07 11:06:05] DEBUG: Longest match routing: Picked 'assets' for request 'assets/logo.jpg'
[2026-09-07 11:10:13] SPPBlade: Starting render for 'lms/partials/lesson_complete_btn'
[2026-09-07 11:10:13] SPPBlade: Rendering relative view 'lms/partials/lesson_complete_btn' with paths: "\/mnt\/c\/projects\/apache\/school1\/src\/SPPDocs\/resources\/views"
[2026-09-07 11:10:24] SPPBlade: Starting render for 'lms/lesson'
[2026-09-07 11:10:24] SPPBlade: Rendering relative view 'lms/lesson' with paths: "\/mnt\/c\/projects\/apache\/school1\/src\/SPPDocs\/resources\/views"
[2026-09-07 11:10:24] SPPBlade: Starting render for '/mnt/c/projects/apache/school1/src/SPPDocs/resources/views/partials/sidebar.blade.php'
[2026-09-07 11:10:24] SPPBlade: Rendering absolute file. ViewName: sidebar, Paths: ["\/mnt\/c\/projects\/apache\/school1\/src\/SPPDocs\/resources\/views\/partials","\/mnt\/c\/projects\/apache\/school1\/src\/SPPDocs\/resources\/views"]
[2026-09-07 11:10:24] SPPBlade: Render successful for sidebar
[2026-09-07 11:10:24] SPPBlade: Starting render for '/mnt/c/projects/apache/school1/src/SPPDocs/resources/views/lms/partials/lesson_complete_btn.blade.php'
[2026-09-07 11:10:24] SPPBlade: Rendering absolute file. ViewName: lesson_complete_btn, Paths: ["\/mnt\/c\/projects\/apache\/school1\/src\/SPPDocs\/resources\/views\/lms\/partials","\/mnt\/c\/projects\/apache\/school1\/src\/SPPDocs\/resources\/views"]
[2026-09-07 11:10:24] SPPBlade: Render successful for lesson_complete_btn
[2026-09-07 11:10:24] SPPBlade: Starting render for '/mnt/c/projects/apache/school1/src/SPPDocs/resources/views/lms/partials/curriculum_drawer.blade.php'
[2026-09-07 11:10:24] SPPBlade: Rendering absolute file. ViewName: curriculum_drawer, Paths: ["\/mnt\/c\/projects\/apache\/school1\/src\/SPPDocs\/resources\/views\/lms\/partials","\/mnt\/c\/projects\/apache\/school1\/src\/SPPDocs\/resources\/views"]
[2026-09-07 11:10:24] SPPBlade: Render successful for curriculum_drawer
[2026-09-07 11:10:24] SPPBlade: Starting render for '/mnt/c/projects/apache/school1/src/SPPDocs/resources/views/partials/header.blade.php'
[2026-09-07 11:10:24] SPPBlade: Rendering absolute file. ViewName: header, Paths: ["\/mnt\/c\/projects\/apache\/school1\/src\/SPPDocs\/resources\/views\/partials","\/mnt\/c\/projects\/apache\/school1\/src\/SPPDocs\/resources\/views"]
[2026-09-07 11:10:24] SPPBlade: Starting render for '/mnt/c/projects/apache/school1/src/SPPDocs/resources/views/partials/locale_switcher.blade.php'
[2026-09-07 11:10:24] SPPBlade: Rendering absolute file. ViewName: locale_switcher, Paths: ["\/mnt\/c\/projects\/apache\/school1\/src\/SPPDocs\/resources\/views\/partials","\/mnt\/c\/projects\/apache\/school1\/src\/SPPDocs\/resources\/views"]
[2026-09-07 11:10:24] SPPBlade: Render successful for locale_switcher
[2026-09-07 11:10:24] SPPBlade: Render successful for header
[2026-09-07 11:10:24] SPPBlade: Starting render for '/mnt/c/projects/apache/school1/src/SPPDocs/resources/views/partials/region.blade.php'
[2026-09-07 11:10:24] SPPBlade: Rendering absolute file. ViewName: region, Paths: ["\/mnt\/c\/projects\/apache\/school1\/src\/SPPDocs\/resources\/views\/partials","\/mnt\/c\/projects\/apache\/school1\/src\/SPPDocs\/resources\/views"]
[2026-09-07 11:10:24] SPPBlade: Starting render for '/mnt/c/projects/apache/school1/src/SPPDocs/resources/views/partials/blocks/taxonomy_tree.blade.php'
[2026-09-07 11:10:24] SPPBlade: Rendering absolute file. ViewName: taxonomy_tree, Paths: ["\/mnt\/c\/projects\/apache\/school1\/src\/SPPDocs\/resources\/views\/partials\/blocks","\/mnt\/c\/projects\/apache\/school1\/src\/SPPDocs\/resources\/views"]
[2026-09-07 11:10:24] SPPBlade: Render successful for taxonomy_tree
[2026-09-07 11:10:24] SPPBlade: Render successful for region
[2026-09-07 11:10:24] SPPBlade: Starting render for '/mnt/c/projects/apache/school1/src/SPPDocs/resources/views/partials/command_palette.blade.php'
[2026-09-07 11:10:24] SPPBlade: Rendering absolute file. ViewName: command_palette, Paths: ["\/mnt\/c\/projects\/apache\/school1\/src\/SPPDocs\/resources\/views\/partials","\/mnt\/c\/projects\/apache\/school1\/src\/SPPDocs\/resources\/views"]
[2026-09-07 11:10:24] SPPBlade: Render successful for command_palette
[2026-09-07 11:10:24] SPPBlade: Starting render for '/mnt/c/projects/apache/school1/src/SPPDocs/resources/views/partials/keyboard_shortcuts.blade.php'
[2026-09-07 11:10:24] SPPBlade: Rendering absolute file. ViewName: keyboard_shortcuts, Paths: ["\/mnt\/c\/projects\/apache\/school1\/src\/SPPDocs\/resources\/views\/partials","\/mnt\/c\/projects\/apache\/school1\/src\/SPPDocs\/resources\/views"]
[2026-09-07 11:10:24] SPPBlade: Render successful for keyboard_shortcuts
[2026-09-07 12:30:09] SPPBlade: Starting render for 'lms/lesson'
[2026-09-07 12:30:09] SPPBlade: Rendering relative view 'lms/lesson' with paths: "\/mnt\/c\/projects\/apache\/school1\/src\/SPPDocs\/resources\/views"
[2026-09-07 12:30:09] SPPBlade: Starting render for '/mnt/c/projects/apache/school1/src/SPPDocs/resources/views/partials/sidebar.blade.php'
[2026-09-07 12:30:09] SPPBlade: Rendering absolute file. ViewName: sidebar, Paths: ["\/mnt\/c\/projects\/apache\/school1\/src\/SPPDocs\/resources\/views\/partials","\/mnt\/c\/projects\/apache\/school1\/src\/SPPDocs\/resources\/views"]
[2026-09-07 12:30:09] SPPBlade: Render successful for sidebar
[2026-09-07 12:30:09] SPPBlade: Starting render for '/mnt/c/projects/apache/school1/src/SPPDocs/resources/views/lms/partials/lesson_complete_btn.blade.php'
[2026-09-07 12:30:09] SPPBlade: Rendering absolute file. ViewName: lesson_complete_btn, Paths: ["\/mnt\/c\/projects\/apache\/school1\/src\/SPPDocs\/resources\/views\/lms\/partials","\/mnt\/c\/projects\/apache\/school1\/src\/SPPDocs\/resources\/views"]
[2026-09-07 12:30:10] SPPBlade: Render successful for lesson_complete_btn
[2026-09-07 12:30:10] SPPBlade: Starting render for '/mnt/c/projects/apache/school1/src/SPPDocs/resources/views/lms/partials/curriculum_drawer.blade.php'
[2026-09-07 12:30:10] SPPBlade: Rendering absolute file. ViewName: curriculum_drawer, Paths: ["\/mnt\/c\/projects\/apache\/school1\/src\/SPPDocs\/resources\/views\/lms\/partials","\/mnt\/c\/projects\/apache\/school1\/src\/SPPDocs\/resources\/views"]
[2026-09-07 12:30:10] SPPBlade: Render successful for curriculum_drawer
[2026-09-07 12:30:10] SPPBlade: Starting render for '/mnt/c/projects/apache/school1/src/SPPDocs/resources/views/partials/header.blade.php'
[2026-09-07 12:30:10] SPPBlade: Rendering absolute file. ViewName: header, Paths: ["\/mnt\/c\/projects\/apache\/school1\/src\/SPPDocs\/resources\/views\/partials","\/mnt\/c\/projects\/apache\/school1\/src\/SPPDocs\/resources\/views"]
[2026-09-07 12:30:10] SPPBlade: Starting render for '/mnt/c/projects/apache/school1/src/SPPDocs/resources/views/partials/locale_switcher.blade.php'
[2026-09-07 12:30:10] SPPBlade: Rendering absolute file. ViewName: locale_switcher, Paths: ["\/mnt\/c\/projects\/apache\/school1\/src\/SPPDocs\/resources\/views\/partials","\/mnt\/c\/projects\/apache\/school1\/src\/SPPDocs\/resources\/views"]
[2026-09-07 12:30:10] SPPBlade: Render successful for locale_switcher
[2026-09-07 12:30:10] SPPBlade: Render successful for header
[2026-09-07 12:30:10] SPPBlade: Starting render for '/mnt/c/projects/apache/school1/src/SPPDocs/resources/views/partials/region.blade.php'
[2026-09-07 12:30:10] SPPBlade: Rendering absolute file. ViewName: region, Paths: ["\/mnt\/c\/projects\/apache\/school1\/src\/SPPDocs\/resources\/views\/partials","\/mnt\/c\/projects\/apache\/school1\/src\/SPPDocs\/resources\/views"]
[2026-09-07 12:30:11] SPPBlade: Starting render for '/mnt/c/projects/apache/school1/src/SPPDocs/resources/views/partials/blocks/taxonomy_tree.blade.php'
[2026-09-07 12:30:11] SPPBlade: Rendering absolute file. ViewName: taxonomy_tree, Paths: ["\/mnt\/c\/projects\/apache\/school1\/src\/SPPDocs\/resources\/views\/partials\/blocks","\/mnt\/c\/projects\/apache\/school1\/src\/SPPDocs\/resources\/views"]
[2026-09-07 12:30:11] SPPBlade: Render successful for taxonomy_tree
[2026-09-07 12:30:11] SPPBlade: Render successful for region
[2026-09-07 12:30:11] SPPBlade: Starting render for '/mnt/c/projects/apache/school1/src/SPPDocs/resources/views/partials/command_palette.blade.php'
[2026-09-07 12:30:11] SPPBlade: Rendering absolute file. ViewName: command_palette, Paths: ["\/mnt\/c\/projects\/apache\/school1\/src\/SPPDocs\/resources\/views\/partials","\/mnt\/c\/projects\/apache\/school1\/src\/SPPDocs\/resources\/views"]
[2026-09-07 12:30:11] SPPBlade: Render successful for command_palette
[2026-09-07 12:30:11] SPPBlade: Starting render for '/mnt/c/projects/apache/school1/src/SPPDocs/resources/views/partials/keyboard_shortcuts.blade.php'
[2026-09-07 12:30:11] SPPBlade: Rendering absolute file. ViewName: keyboard_shortcuts, Paths: ["\/mnt\/c\/projects\/apache\/school1\/src\/SPPDocs\/resources\/views\/partials","\/mnt\/c\/projects\/apache\/school1\/src\/SPPDocs\/resources\/views"]
[2026-09-07 12:30:11] SPPBlade: Render successful for keyboard_shortcuts
[2026-09-07 12:30:12] DEBUG: Longest match routing: Picked 'css' for request 'css/sppdocs.css'
[2026-09-07 12:30:12] DEBUG: Longest match routing: Picked 'assets' for request 'assets/logo.jpg'
[2026-09-07 14:33:40] SPPBlade: Starting render for 'portal'
[2026-09-07 14:33:40] SPPBlade: Rendering relative view 'portal' with paths: "C:\/projects\/apache\/school1\/src\/SPPDocs\/resources\/views"
[2026-09-07 14:34:06] SPPBlade: Starting render for 'portal'
[2026-09-07 14:34:06] SPPBlade: Rendering relative view 'portal' with paths: "C:\/projects\/apache\/school1\/src\/SPPDocs\/resources\/views"
[2026-09-07 14:35:18] SPPBlade: Starting render for 'portal'
[2026-09-07 14:35:18] SPPBlade: Rendering relative view 'portal' with paths: "C:\/projects\/apache\/school1\/src\/SPPDocs\/resources\/views"
