[2026-04-30 06:02:40] Firing event: [user_login]
[2026-04-30 06:02:40]   -> Executing Before: \SPP\Test\UserSubscriber@onLogin
[2026-04-30 06:02:40]   -> Executing Override: \SPP\Test\UserSubscriber@onLogin
[2026-04-30 06:02:40]   -> Executing After: \SPP\Test\UserSubscriber@onLogin
[2026-04-30 06:02:40] Firing event: [user_logout]
[2026-04-30 06:02:40]   -> Executing Before: \SPP\Test\UserSubscriber@onLogout
[2026-04-30 06:02:40]   -> Executing Override: \SPP\Test\UserSubscriber@onLogout
[2026-04-30 06:02:40]   -> Executing After: \SPP\Test\UserSubscriber@onLogout
[2026-04-30 06:12:39] Firing event: [parikshak.suite_started]
[2026-04-30 06:12:39]   -> Executing Before: \SPPMod\Parikshak\Events\ParikshakLogSubscriber@onSuiteStarted
[2026-04-30 06:12:39]   -> Executing Override: \SPPMod\Parikshak\Events\ParikshakLogSubscriber@onSuiteStarted
[2026-04-30 06:12:39]   -> Executing After: \SPPMod\Parikshak\Events\ParikshakLogSubscriber@onSuiteStarted
[2026-04-30 06:12:39] Firing event: [parikshak.entity_test_failed]
[2026-04-30 06:12:39]   -> Executing Before: \SPPMod\Parikshak\Events\ParikshakLogSubscriber@onTestFailed
[2026-04-30 06:12:39]   -> Executing Override: \SPPMod\Parikshak\Events\ParikshakLogSubscriber@onTestFailed
[2026-04-30 06:12:39]   -> Executing After: \SPPMod\Parikshak\Events\ParikshakLogSubscriber@onTestFailed
[2026-04-30 06:12:39] Firing event: [parikshak.suite_completed]
[2026-04-30 06:12:39]   -> Executing Before: \SPPMod\Parikshak\Events\ParikshakLogSubscriber@onSuiteCompleted
[2026-04-30 06:12:39]   -> Executing Override: \SPPMod\Parikshak\Events\ParikshakLogSubscriber@onSuiteCompleted
[2026-04-30 06:12:39]   -> Executing After: \SPPMod\Parikshak\Events\ParikshakLogSubscriber@onSuiteCompleted
[2026-04-30 08:43:14] Firing event: [user_profile_updated]
[2026-04-30 08:43:14]   -> Executing Before: UserProfileHandler
[2026-04-30 08:43:14]   -> Executing Override: UserProfileHandler
[2026-04-30 08:43:14]   -> Executing After: UserProfileHandler
[2026-04-30 08:43:14] Firing event: [stop]
[2026-04-30 08:43:14]   -> Executing Before: StopperHandler
[2026-04-30 08:43:14]   !! Propagation STOPPED by StopperHandler
[2026-04-30 08:49:45] Firing event: [parikshak.entity_test_failed]
[2026-04-30 08:49:45]   -> Executing Before: \SPPMod\Parikshak\Events\ParikshakLogSubscriber@onTestFailed
[2026-04-30 08:49:45]   -> Executing Override: \SPPMod\Parikshak\Events\ParikshakLogSubscriber@onTestFailed
[2026-04-30 08:49:45]   -> Executing After: \SPPMod\Parikshak\Events\ParikshakLogSubscriber@onTestFailed
[2026-04-30 08:50:20] Firing event: [parikshak.entity_test_failed]
[2026-04-30 08:50:20]   -> Executing Before: \SPPMod\Parikshak\Events\ParikshakLogSubscriber@onTestFailed
[2026-04-30 08:50:20]   -> Executing Override: \SPPMod\Parikshak\Events\ParikshakLogSubscriber@onTestFailed
[2026-04-30 08:50:20]   -> Executing After: \SPPMod\Parikshak\Events\ParikshakLogSubscriber@onTestFailed
[2026-04-30 08:52:39] Firing event: [parikshak.entity_test_failed]
[2026-04-30 08:52:39]   -> Executing Before: \SPPMod\Parikshak\Events\ParikshakLogSubscriber@onTestFailed
[2026-04-30 08:52:39]   -> Executing Override: \SPPMod\Parikshak\Events\ParikshakLogSubscriber@onTestFailed
[2026-04-30 08:52:39]   -> Executing After: \SPPMod\Parikshak\Events\ParikshakLogSubscriber@onTestFailed
[2026-04-30 10:28:45] Firing event: [PageNotFound]
[2026-04-30 10:28:45]   -> Executing Before: \EventHandlers\PageNotFound
[2026-04-30 10:28:45]   -> Executing Override: \EventHandlers\PageNotFound
[2026-04-30 10:28:45]   -> Executing After: \EventHandlers\PageNotFound
[2026-04-30 12:32:40] Firing event: [PageNotFound]
[2026-04-30 12:32:40]   -> Executing Before: \EventHandlers\PageNotFound
[2026-04-30 12:32:40]   -> Executing Override: \EventHandlers\PageNotFound
[2026-04-30 12:32:40]   -> Executing After: \EventHandlers\PageNotFound
[2026-04-30 12:37:08] Firing event: [PageNotFound]
[2026-04-30 12:37:08]   -> Executing Before: \EventHandlers\PageNotFound
[2026-04-30 12:37:08]   -> Executing Override: \EventHandlers\PageNotFound
[2026-04-30 12:37:08]   -> Executing After: \EventHandlers\PageNotFound
[2026-04-30 13:14:13] Firing event: [PageNotFound]
[2026-04-30 13:14:13]   -> Executing Before: \EventHandlers\PageNotFound
[2026-04-30 13:14:13]   -> Executing Override: \EventHandlers\PageNotFound
[2026-04-30 13:14:13]   -> Executing After: \EventHandlers\PageNotFound
[2026-04-30 13:14:17] Firing event: [PageNotFound]
[2026-04-30 13:14:17]   -> Executing Before: \EventHandlers\PageNotFound
[2026-04-30 13:14:17]   -> Executing Override: \EventHandlers\PageNotFound
[2026-04-30 13:14:17]   -> Executing After: \EventHandlers\PageNotFound
[2026-04-30 13:14:31] Firing event: [PageNotFound]
[2026-04-30 13:14:31]   -> Executing Before: \EventHandlers\PageNotFound
[2026-04-30 13:14:31]   -> Executing Override: \EventHandlers\PageNotFound
[2026-04-30 13:14:31]   -> Executing After: \EventHandlers\PageNotFound
[2026-04-30 13:14:33] Firing event: [PageNotFound]
[2026-04-30 13:14:33]   -> Executing Before: \EventHandlers\PageNotFound
[2026-04-30 13:14:33]   -> Executing Override: \EventHandlers\PageNotFound
[2026-04-30 13:14:33]   -> Executing After: \EventHandlers\PageNotFound
[2026-04-30 13:14:34] Firing event: [PageNotFound]
[2026-04-30 13:14:34] Firing event: [PageNotFound]
[2026-04-30 13:14:34]   -> Executing Before: \EventHandlers\PageNotFound
[2026-04-30 13:14:34]   -> Executing Before: \EventHandlers\PageNotFound
[2026-04-30 13:14:34]   -> Executing Override: \EventHandlers\PageNotFound
[2026-04-30 13:14:34]   -> Executing Override: \EventHandlers\PageNotFound
[2026-04-30 13:14:34]   -> Executing After: \EventHandlers\PageNotFound
[2026-04-30 13:14:34]   -> Executing After: \EventHandlers\PageNotFound
[2026-04-30 13:14:36] Firing event: [PageNotFound]
[2026-04-30 13:14:36]   -> Executing Before: \EventHandlers\PageNotFound
[2026-04-30 13:14:36]   -> Executing Override: \EventHandlers\PageNotFound
[2026-04-30 13:14:36]   -> Executing After: \EventHandlers\PageNotFound
[2026-04-30 13:14:54] Firing event: [PageNotFound]
[2026-04-30 13:14:54]   -> Executing Before: \EventHandlers\PageNotFound
[2026-04-30 13:14:54]   -> Executing Override: \EventHandlers\PageNotFound
[2026-04-30 13:14:54]   -> Executing After: \EventHandlers\PageNotFound
[2026-04-30 13:15:53] Firing event: [PageNotFound]
[2026-04-30 13:15:53]   -> Executing Before: \EventHandlers\PageNotFound
[2026-04-30 13:15:53]   -> Executing Override: \EventHandlers\PageNotFound
[2026-04-30 13:15:53]   -> Executing After: \EventHandlers\PageNotFound
[2026-04-30 13:18:02] Firing event: [PageNotFound]
[2026-04-30 13:18:02]   -> Executing Before: \EventHandlers\PageNotFound
[2026-04-30 13:18:02]   -> Executing Override: \EventHandlers\PageNotFound
[2026-04-30 13:18:02]   -> Executing After: \EventHandlers\PageNotFound
[2026-04-30 13:18:18] Firing event: [PageNotFound]
[2026-04-30 13:18:18]   -> Executing Before: \EventHandlers\PageNotFound
[2026-04-30 13:18:18]   -> Executing Override: \EventHandlers\PageNotFound
[2026-04-30 13:18:18]   -> Executing After: \EventHandlers\PageNotFound
[2026-04-30 13:18:24] Firing event: [PageNotFound]
[2026-04-30 13:18:24]   -> Executing Before: \EventHandlers\PageNotFound
[2026-04-30 13:18:24]   -> Executing Override: \EventHandlers\PageNotFound
[2026-04-30 13:18:24]   -> Executing After: \EventHandlers\PageNotFound
[2026-04-30 13:19:05] Firing event: [PageNotFound]
[2026-04-30 13:19:05]   -> Executing Before: \EventHandlers\PageNotFound
[2026-04-30 13:19:05]   -> Executing Override: \EventHandlers\PageNotFound
[2026-04-30 13:19:05]   -> Executing After: \EventHandlers\PageNotFound
[2026-04-30 13:19:11] Firing event: [PageNotFound]
[2026-04-30 13:19:11]   -> Executing Before: \EventHandlers\PageNotFound
[2026-04-30 13:19:11]   -> Executing Override: \EventHandlers\PageNotFound
[2026-04-30 13:19:11]   -> Executing After: \EventHandlers\PageNotFound
[2026-04-30 13:19:28] Firing event: [PageNotFound]
[2026-04-30 13:19:28]   -> Executing Before: \EventHandlers\PageNotFound
[2026-04-30 13:19:28]   -> Executing Override: \EventHandlers\PageNotFound
[2026-04-30 13:19:28]   -> Executing After: \EventHandlers\PageNotFound
[2026-04-30 13:19:36] Firing event: [PageNotFound]
[2026-04-30 13:19:36]   -> Executing Before: \EventHandlers\PageNotFound
[2026-04-30 13:19:36]   -> Executing Override: \EventHandlers\PageNotFound
[2026-04-30 13:19:36]   -> Executing After: \EventHandlers\PageNotFound
[2026-04-30 13:19:42] Firing event: [PageNotFound]
[2026-04-30 13:19:42]   -> Executing Before: \EventHandlers\PageNotFound
[2026-04-30 13:19:42]   -> Executing Override: \EventHandlers\PageNotFound
[2026-04-30 13:19:42]   -> Executing After: \EventHandlers\PageNotFound
[2026-04-30 13:21:57] Firing event: [PageNotFound]
[2026-04-30 13:21:57]   -> Executing Before: \EventHandlers\PageNotFound
[2026-04-30 13:21:57]   -> Executing Override: \EventHandlers\PageNotFound
[2026-04-30 13:21:57]   -> Executing After: \EventHandlers\PageNotFound
[2026-04-30 13:22:14] Firing event: [PageNotFound]
[2026-04-30 13:22:14]   -> Executing Before: \EventHandlers\PageNotFound
[2026-04-30 13:22:14]   -> Executing Override: \EventHandlers\PageNotFound
[2026-04-30 13:22:14]   -> Executing After: \EventHandlers\PageNotFound
[2026-04-30 13:22:18] Firing event: [PageNotFound]
[2026-04-30 13:22:18]   -> Executing Before: \EventHandlers\PageNotFound
[2026-04-30 13:22:18]   -> Executing Override: \EventHandlers\PageNotFound
[2026-04-30 13:22:18]   -> Executing After: \EventHandlers\PageNotFound
[2026-04-30 13:22:32] Firing event: [PageNotFound]
[2026-04-30 13:22:32]   -> Executing Before: \EventHandlers\PageNotFound
[2026-04-30 13:22:32]   -> Executing Override: \EventHandlers\PageNotFound
[2026-04-30 13:22:32]   -> Executing After: \EventHandlers\PageNotFound
[2026-04-30 13:22:38] Firing event: [PageNotFound]
[2026-04-30 13:22:38]   -> Executing Before: \EventHandlers\PageNotFound
[2026-04-30 13:22:38]   -> Executing Override: \EventHandlers\PageNotFound
[2026-04-30 13:22:38]   -> Executing After: \EventHandlers\PageNotFound
[2026-04-30 13:25:32] Firing event: [PageNotFound]
[2026-04-30 13:25:32]   -> Executing Before: \EventHandlers\PageNotFound
[2026-04-30 13:25:32]   -> Executing Override: \EventHandlers\PageNotFound
[2026-04-30 13:25:32]   -> Executing After: \EventHandlers\PageNotFound
[2026-04-30 13:27:25] Firing event: [PageNotFound]
[2026-04-30 13:27:25]   -> Executing Before: \EventHandlers\PageNotFound
[2026-04-30 13:27:25]   -> Executing Override: \EventHandlers\PageNotFound
[2026-04-30 13:27:25]   -> Executing After: \EventHandlers\PageNotFound
[2026-04-30 13:28:07] Firing event: [PageNotFound]
[2026-04-30 13:28:07]   -> Executing Before: \EventHandlers\PageNotFound
[2026-04-30 13:28:07]   -> Executing Override: \EventHandlers\PageNotFound
[2026-04-30 13:28:07]   -> Executing After: \EventHandlers\PageNotFound
[2026-04-30 13:28:11] Firing event: [PageNotFound]
[2026-04-30 13:28:11]   -> Executing Before: \EventHandlers\PageNotFound
[2026-04-30 13:28:11]   -> Executing Override: \EventHandlers\PageNotFound
[2026-04-30 13:28:11]   -> Executing After: \EventHandlers\PageNotFound
[2026-04-30 13:28:35] Firing event: [PageNotFound]
[2026-04-30 13:28:35]   -> Executing Before: \EventHandlers\PageNotFound
[2026-04-30 13:28:35]   -> Executing Override: \EventHandlers\PageNotFound
[2026-04-30 13:28:35]   -> Executing After: \EventHandlers\PageNotFound
[2026-04-30 13:29:44] Firing event: [PageNotFound]
[2026-04-30 13:29:44]   -> Executing Before: \EventHandlers\PageNotFound
[2026-04-30 13:29:44]   -> Executing Override: \EventHandlers\PageNotFound
[2026-04-30 13:29:44]   -> Executing After: \EventHandlers\PageNotFound
[2026-04-30 13:29:48] Firing event: [PageNotFound]
[2026-04-30 13:29:48]   -> Executing Before: \EventHandlers\PageNotFound
[2026-04-30 13:29:48]   -> Executing Override: \EventHandlers\PageNotFound
[2026-04-30 13:29:48]   -> Executing After: \EventHandlers\PageNotFound
[2026-04-30 13:29:55] Firing event: [PageNotFound]
[2026-04-30 13:29:55]   -> Executing Before: \EventHandlers\PageNotFound
[2026-04-30 13:29:55]   -> Executing Override: \EventHandlers\PageNotFound
[2026-04-30 13:29:55]   -> Executing After: \EventHandlers\PageNotFound
[2026-04-30 13:30:19] Firing event: [PageNotFound]
[2026-04-30 13:30:19]   -> Executing Before: \EventHandlers\PageNotFound
[2026-04-30 13:30:19]   -> Executing Override: \EventHandlers\PageNotFound
[2026-04-30 13:30:19]   -> Executing After: \EventHandlers\PageNotFound
[2026-04-30 13:30:23] Firing event: [PageNotFound]
[2026-04-30 13:30:23]   -> Executing Before: \EventHandlers\PageNotFound
[2026-04-30 13:30:23]   -> Executing Override: \EventHandlers\PageNotFound
[2026-04-30 13:30:23]   -> Executing After: \EventHandlers\PageNotFound
[2026-04-30 13:31:30] Firing event: [PageNotFound]
[2026-04-30 13:31:30]   -> Executing Before: \EventHandlers\PageNotFound
[2026-04-30 13:31:30]   -> Executing Override: \EventHandlers\PageNotFound
[2026-04-30 13:31:30]   -> Executing After: \EventHandlers\PageNotFound
[2026-04-30 13:31:34] Firing event: [PageNotFound]
[2026-04-30 13:31:34]   -> Executing Before: \EventHandlers\PageNotFound
[2026-04-30 13:31:34]   -> Executing Override: \EventHandlers\PageNotFound
[2026-04-30 13:31:34]   -> Executing After: \EventHandlers\PageNotFound
[2026-04-30 13:33:01] Firing event: [PageNotFound]
[2026-04-30 13:33:01]   -> Executing Before: \EventHandlers\PageNotFound
[2026-04-30 13:33:01]   -> Executing Override: \EventHandlers\PageNotFound
[2026-04-30 13:33:01]   -> Executing After: \EventHandlers\PageNotFound
[2026-04-30 13:34:01] Firing event: [PageNotFound]
[2026-04-30 13:34:01]   -> Executing Before: \EventHandlers\PageNotFound
[2026-04-30 13:34:01]   -> Executing Override: \EventHandlers\PageNotFound
[2026-04-30 13:34:01]   -> Executing After: \EventHandlers\PageNotFound
[2026-04-30 13:34:37] Firing event: [PageNotFound]
[2026-04-30 13:34:37]   -> Executing Before: \EventHandlers\PageNotFound
[2026-04-30 13:34:37]   -> Executing Override: \EventHandlers\PageNotFound
[2026-04-30 13:34:37]   -> Executing After: \EventHandlers\PageNotFound
[2026-04-30 13:35:06] Firing event: [PageNotFound]
[2026-04-30 13:35:06]   -> Executing Before: \EventHandlers\PageNotFound
[2026-04-30 13:35:06]   -> Executing Override: \EventHandlers\PageNotFound
[2026-04-30 13:35:06]   -> Executing After: \EventHandlers\PageNotFound
[2026-04-30 13:36:21] Firing event: [PageNotFound]
[2026-04-30 13:36:21]   -> Executing Before: \EventHandlers\PageNotFound
[2026-04-30 13:36:21]   -> Executing Override: \EventHandlers\PageNotFound
[2026-04-30 13:36:21]   -> Executing After: \EventHandlers\PageNotFound
[2026-04-30 13:36:38] Firing event: [PageNotFound]
[2026-04-30 13:36:38]   -> Executing Before: \EventHandlers\PageNotFound
[2026-04-30 13:36:38]   -> Executing Override: \EventHandlers\PageNotFound
[2026-04-30 13:36:38]   -> Executing After: \EventHandlers\PageNotFound
[2026-04-30 13:38:45] Firing event: [PageNotFound]
[2026-04-30 13:38:45]   -> Executing Before: \EventHandlers\PageNotFound
[2026-04-30 13:38:45]   -> Executing Override: \EventHandlers\PageNotFound
[2026-04-30 13:38:45]   -> Executing After: \EventHandlers\PageNotFound
[2026-04-30 13:39:04] Firing event: [PageNotFound]
[2026-04-30 13:39:04]   -> Executing Before: \EventHandlers\PageNotFound
[2026-04-30 13:39:04]   -> Executing Override: \EventHandlers\PageNotFound
[2026-04-30 13:39:04]   -> Executing After: \EventHandlers\PageNotFound
[2026-04-30 13:40:16] Firing event: [PageNotFound]
[2026-04-30 13:40:16]   -> Executing Before: \EventHandlers\PageNotFound
[2026-04-30 13:40:16]   -> Executing Override: \EventHandlers\PageNotFound
[2026-04-30 13:40:16]   -> Executing After: \EventHandlers\PageNotFound
[2026-04-30 13:40:34] Firing event: [PageNotFound]
[2026-04-30 13:40:34]   -> Executing Before: \EventHandlers\PageNotFound
[2026-04-30 13:40:34]   -> Executing Override: \EventHandlers\PageNotFound
[2026-04-30 13:40:34]   -> Executing After: \EventHandlers\PageNotFound
[2026-04-30 13:42:53] Firing event: [PageNotFound]
[2026-04-30 13:42:53]   -> Executing Before: \EventHandlers\PageNotFound
[2026-04-30 13:42:53]   -> Executing Override: \EventHandlers\PageNotFound
[2026-04-30 13:42:53]   -> Executing After: \EventHandlers\PageNotFound
[2026-04-30 13:43:16] Firing event: [PageNotFound]
[2026-04-30 13:43:16]   -> Executing Before: \EventHandlers\PageNotFound
[2026-04-30 13:43:16]   -> Executing Override: \EventHandlers\PageNotFound
[2026-04-30 13:43:16]   -> Executing After: \EventHandlers\PageNotFound
[2026-04-30 13:46:23] Firing event: [PageNotFound]
[2026-04-30 13:46:23]   -> Executing Before: \EventHandlers\PageNotFound
[2026-04-30 13:46:23]   -> Executing Override: \EventHandlers\PageNotFound
[2026-04-30 13:46:23]   -> Executing After: \EventHandlers\PageNotFound
[2026-04-30 13:46:35] Firing event: [PageNotFound]
[2026-04-30 13:46:35]   -> Executing Before: \EventHandlers\PageNotFound
[2026-04-30 13:46:35]   -> Executing Override: \EventHandlers\PageNotFound
[2026-04-30 13:46:35]   -> Executing After: \EventHandlers\PageNotFound
[2026-04-30 13:46:46] Firing event: [PageNotFound]
[2026-04-30 13:46:46]   -> Executing Before: \EventHandlers\PageNotFound
[2026-04-30 13:46:46]   -> Executing Override: \EventHandlers\PageNotFound
[2026-04-30 13:46:46]   -> Executing After: \EventHandlers\PageNotFound
[2026-04-30 13:47:00] Firing event: [PageNotFound]
[2026-04-30 13:47:00]   -> Executing Before: \EventHandlers\PageNotFound
[2026-04-30 13:47:00]   -> Executing Override: \EventHandlers\PageNotFound
[2026-04-30 13:47:00]   -> Executing After: \EventHandlers\PageNotFound
[2026-04-30 13:47:06] Firing event: [PageNotFound]
[2026-04-30 13:47:06]   -> Executing Before: \EventHandlers\PageNotFound
[2026-04-30 13:47:06]   -> Executing Override: \EventHandlers\PageNotFound
[2026-04-30 13:47:06]   -> Executing After: \EventHandlers\PageNotFound
[2026-04-30 13:47:22] Firing event: [PageNotFound]
[2026-04-30 13:47:22]   -> Executing Before: \EventHandlers\PageNotFound
[2026-04-30 13:47:22]   -> Executing Override: \EventHandlers\PageNotFound
[2026-04-30 13:47:22]   -> Executing After: \EventHandlers\PageNotFound
[2026-04-30 13:49:20] Firing event: [PageNotFound]
[2026-04-30 13:49:20]   -> Executing Before: \EventHandlers\PageNotFound
[2026-04-30 13:49:20]   -> Executing Override: \EventHandlers\PageNotFound
[2026-04-30 13:49:20]   -> Executing After: \EventHandlers\PageNotFound
[2026-04-30 13:52:19] Firing event: [PageNotFound]
[2026-04-30 13:52:19]   -> Executing Before: \EventHandlers\PageNotFound
[2026-04-30 13:52:19]   -> Executing Override: \EventHandlers\PageNotFound
[2026-04-30 13:52:19]   -> Executing After: \EventHandlers\PageNotFound
[2026-04-30 13:52:44] Firing event: [PageNotFound]
[2026-04-30 13:52:44]   -> Executing Before: \EventHandlers\PageNotFound
[2026-04-30 13:52:44]   -> Executing Override: \EventHandlers\PageNotFound
[2026-04-30 13:52:44]   -> Executing After: \EventHandlers\PageNotFound
[2026-04-30 13:57:08] Firing event: [PageNotFound]
[2026-04-30 13:57:08]   -> Executing Before: \EventHandlers\PageNotFound
[2026-04-30 13:57:08]   -> Executing Override: \EventHandlers\PageNotFound
[2026-04-30 13:57:08]   -> Executing After: \EventHandlers\PageNotFound
[2026-04-30 13:58:02] Firing event: [PageNotFound]
[2026-04-30 13:58:02]   -> Executing Before: \EventHandlers\PageNotFound
[2026-04-30 13:58:02]   -> Executing Override: \EventHandlers\PageNotFound
[2026-04-30 13:58:02]   -> Executing After: \EventHandlers\PageNotFound
[2026-04-30 13:59:15] Firing event: [PageNotFound]
[2026-04-30 13:59:15]   -> Executing Before: \EventHandlers\PageNotFound
[2026-04-30 13:59:15]   -> Executing Override: \EventHandlers\PageNotFound
[2026-04-30 13:59:15]   -> Executing After: \EventHandlers\PageNotFound
[2026-04-30 14:02:39] Firing event: [PageNotFound]
[2026-04-30 14:02:39]   -> Executing Before: \EventHandlers\PageNotFound
[2026-04-30 14:02:39]   -> Executing Override: \EventHandlers\PageNotFound
[2026-04-30 14:02:39]   -> Executing After: \EventHandlers\PageNotFound
[2026-04-30 14:02:56] Firing event: [PageNotFound]
[2026-04-30 14:02:56]   -> Executing Before: \EventHandlers\PageNotFound
[2026-04-30 14:02:56]   -> Executing Override: \EventHandlers\PageNotFound
[2026-04-30 14:02:56]   -> Executing After: \EventHandlers\PageNotFound
[2026-04-30 14:07:06] Firing event: [PageNotFound]
[2026-04-30 14:07:06]   -> Executing Before: \EventHandlers\PageNotFound
[2026-04-30 14:07:06]   -> Executing Override: \EventHandlers\PageNotFound
[2026-04-30 14:07:06]   -> Executing After: \EventHandlers\PageNotFound
[2026-04-30 14:08:51] Firing event: [PageNotFound]
[2026-04-30 14:08:51]   -> Executing Before: \EventHandlers\PageNotFound
[2026-04-30 14:08:51]   -> Executing Override: \EventHandlers\PageNotFound
[2026-04-30 14:08:51]   -> Executing After: \EventHandlers\PageNotFound
[2026-04-30 14:09:05] Firing event: [PageNotFound]
[2026-04-30 14:09:05]   -> Executing Before: \EventHandlers\PageNotFound
[2026-04-30 14:09:05]   -> Executing Override: \EventHandlers\PageNotFound
[2026-04-30 14:09:05]   -> Executing After: \EventHandlers\PageNotFound
[2026-04-30 14:19:12] Firing event: [PageNotFound]
[2026-04-30 14:19:12]   -> Executing Before: \EventHandlers\PageNotFound
[2026-04-30 14:19:12]   -> Executing Override: \EventHandlers\PageNotFound
[2026-04-30 14:19:12]   -> Executing After: \EventHandlers\PageNotFound
[2026-04-30 14:44:13] Firing event: [PageNotFound]
[2026-04-30 14:44:13]   -> Executing Before: \EventHandlers\PageNotFound
[2026-04-30 14:44:13]   -> Executing Override: \EventHandlers\PageNotFound
[2026-04-30 14:44:13]   -> Executing After: \EventHandlers\PageNotFound
[2026-04-30 14:44:42] Firing event: [PageNotFound]
[2026-04-30 14:44:42]   -> Executing Before: \EventHandlers\PageNotFound
[2026-04-30 14:44:42]   -> Executing Override: \EventHandlers\PageNotFound
[2026-04-30 14:44:42]   -> Executing After: \EventHandlers\PageNotFound
[2026-04-30 14:44:51] Firing event: [PageNotFound]
[2026-04-30 14:44:51]   -> Executing Before: \EventHandlers\PageNotFound
[2026-04-30 14:44:51]   -> Executing Override: \EventHandlers\PageNotFound
[2026-04-30 14:44:51]   -> Executing After: \EventHandlers\PageNotFound
[2026-04-30 14:45:24] Firing event: [PageNotFound]
[2026-04-30 14:45:24]   -> Executing Before: \EventHandlers\PageNotFound
[2026-04-30 14:45:24]   -> Executing Override: \EventHandlers\PageNotFound
[2026-04-30 14:45:24]   -> Executing After: \EventHandlers\PageNotFound
[2026-04-30 14:46:11] Firing event: [PageNotFound]
[2026-04-30 14:46:11]   -> Executing Before: \EventHandlers\PageNotFound
[2026-04-30 14:46:11]   -> Executing Override: \EventHandlers\PageNotFound
[2026-04-30 14:46:11]   -> Executing After: \EventHandlers\PageNotFound
[2026-04-30 14:46:35] Firing event: [PageNotFound]
[2026-04-30 14:46:35]   -> Executing Before: \EventHandlers\PageNotFound
[2026-04-30 14:46:35]   -> Executing Override: \EventHandlers\PageNotFound
[2026-04-30 14:46:35]   -> Executing After: \EventHandlers\PageNotFound
[2026-04-30 15:28:47] Firing event: [PageNotFound]
[2026-04-30 15:28:47]   -> Executing Before: \EventHandlers\PageNotFound
[2026-04-30 15:28:47]   -> Executing Override: \EventHandlers\PageNotFound
[2026-04-30 15:28:47]   -> Executing After: \EventHandlers\PageNotFound
[2026-04-30 15:29:00] Firing event: [PageNotFound]
[2026-04-30 15:29:00]   -> Executing Before: \EventHandlers\PageNotFound
[2026-04-30 15:29:00]   -> Executing Override: \EventHandlers\PageNotFound
[2026-04-30 15:29:00]   -> Executing After: \EventHandlers\PageNotFound
[2026-04-30 23:09:26] Firing event: [PageNotFound]
[2026-04-30 23:09:26]   -> Executing Before: \EventHandlers\PageNotFound
[2026-04-30 23:09:26]   -> Executing Override: \EventHandlers\PageNotFound
[2026-04-30 23:09:26]   -> Executing After: \EventHandlers\PageNotFound
[2026-04-30 23:09:44] Firing event: [PageNotFound]
[2026-04-30 23:09:44]   -> Executing Before: \EventHandlers\PageNotFound
[2026-04-30 23:09:44]   -> Executing Override: \EventHandlers\PageNotFound
[2026-04-30 23:09:44]   -> Executing After: \EventHandlers\PageNotFound
[2026-04-30 23:11:55] Firing event: [PageNotFound]
[2026-04-30 23:11:55]   -> Executing Before: \EventHandlers\PageNotFound
[2026-04-30 23:11:55]   -> Executing Override: \EventHandlers\PageNotFound
[2026-04-30 23:11:55]   -> Executing After: \EventHandlers\PageNotFound
[2026-04-30 23:15:02] Firing event: [PageNotFound]
[2026-04-30 23:15:02]   -> Executing Before: \EventHandlers\PageNotFound
[2026-04-30 23:15:02]   -> Executing Override: \EventHandlers\PageNotFound
[2026-04-30 23:15:02]   -> Executing After: \EventHandlers\PageNotFound
[2026-04-30 23:18:51] Firing event: [PageNotFound]
[2026-04-30 23:18:51]   -> Executing Before: \EventHandlers\PageNotFound
[2026-04-30 23:18:51]   -> Executing Override: \EventHandlers\PageNotFound
[2026-04-30 23:18:51]   -> Executing After: \EventHandlers\PageNotFound
[2026-04-30 23:19:24] Firing event: [PageNotFound]
[2026-04-30 23:19:24]   -> Executing Before: \EventHandlers\PageNotFound
[2026-04-30 23:19:24]   -> Executing Override: \EventHandlers\PageNotFound
[2026-04-30 23:19:24]   -> Executing After: \EventHandlers\PageNotFound
[2026-04-30 23:19:48] Firing event: [PageNotFound]
[2026-04-30 23:19:48]   -> Executing Before: \EventHandlers\PageNotFound
[2026-04-30 23:19:48]   -> Executing Override: \EventHandlers\PageNotFound
[2026-04-30 23:19:48]   -> Executing After: \EventHandlers\PageNotFound
[2026-04-30 23:20:11] Firing event: [PageNotFound]
[2026-04-30 23:20:11]   -> Executing Before: \EventHandlers\PageNotFound
[2026-04-30 23:20:11]   -> Executing Override: \EventHandlers\PageNotFound
[2026-04-30 23:20:11]   -> Executing After: \EventHandlers\PageNotFound
[2026-04-30 23:20:48] Firing event: [PageNotFound]
[2026-04-30 23:20:48]   -> Executing Before: \EventHandlers\PageNotFound
[2026-04-30 23:20:48]   -> Executing Override: \EventHandlers\PageNotFound
[2026-04-30 23:20:48]   -> Executing After: \EventHandlers\PageNotFound
[2026-04-30 23:22:26] Firing event: [PageNotFound]
[2026-04-30 23:22:26]   -> Executing Before: \EventHandlers\PageNotFound
[2026-04-30 23:22:26]   -> Executing Override: \EventHandlers\PageNotFound
[2026-04-30 23:22:26]   -> Executing After: \EventHandlers\PageNotFound
[2026-05-01 02:08:10] Firing event: [event_spp_context_enforce]
[2026-05-01 02:08:10] Firing event: [event_spp_context_enforce]
[2026-05-01 02:08:10] Firing event: [event_spp_context_enforce]
[2026-05-01 02:08:10]   !! Error: Event is not overridable and no default found.
[2026-05-01 02:08:10]   !! Error: Event is not overridable and no default found.
[2026-05-01 02:08:10]   !! Error: Event is not overridable and no default found.
[2026-05-01 02:08:10] Firing event: [event_spp_context_enforce]
[2026-05-01 02:08:11]   !! Error: Event is not overridable and no default found.
[2026-05-01 02:08:31] Firing event: [event_spp_context_enforce]
[2026-05-01 02:08:31]   !! Error: Event is not overridable and no default found.
[2026-05-01 02:10:20] Firing event: [event_spp_context_enforce]
[2026-05-01 02:10:20]   -> Executing Inline/Anonymous handler
[2026-05-01 02:10:20] Firing event: [event_spp_route_resolve]
[2026-05-01 02:10:20]   -> Executing Inline/Anonymous handler
[2026-05-01 02:11:28] Firing event: [event_spp_context_enforce]
[2026-05-01 02:11:28]   -> Executing Inline/Anonymous handler
[2026-05-01 02:11:28] Firing event: [event_spp_route_resolve]
[2026-05-01 02:11:28]   -> Executing Inline/Anonymous handler
[2026-05-01 02:11:28] Firing event: [event_spp_app_init]
[2026-05-01 02:11:28]   -> Executing Inline/Anonymous handler
[2026-05-01 02:11:33] Firing event: [event_spp_context_enforce]
[2026-05-01 02:11:33]   -> Executing Inline/Anonymous handler
[2026-05-01 02:11:33] Firing event: [event_spp_route_resolve]
[2026-05-01 02:11:33]   -> Executing Inline/Anonymous handler
[2026-05-01 02:11:33] Firing event: [event_spp_app_init]
[2026-05-01 02:11:33]   -> Executing Inline/Anonymous handler
[2026-05-01 02:11:45] Firing event: [event_spp_context_enforce]
[2026-05-01 02:11:45]   -> Executing Inline/Anonymous handler
[2026-05-01 02:11:45] Firing event: [event_spp_route_resolve]
[2026-05-01 02:11:45]   -> Executing Inline/Anonymous handler
[2026-05-01 02:11:45] Firing event: [event_spp_app_init]
[2026-05-01 02:11:45]   -> Executing Inline/Anonymous handler
[2026-05-01 02:11:51] Firing event: [event_spp_context_enforce]
[2026-05-01 02:11:51]   -> Executing Inline/Anonymous handler
[2026-05-01 02:11:51] Firing event: [event_spp_route_resolve]
[2026-05-01 02:11:51]   -> Executing Inline/Anonymous handler
[2026-05-01 02:11:51] Firing event: [event_spp_context_enforce]
[2026-05-01 02:11:51]   -> Executing Inline/Anonymous handler
[2026-05-01 02:11:51] Firing event: [event_spp_route_resolve]
[2026-05-01 02:11:52]   -> Executing Inline/Anonymous handler
[2026-05-01 02:11:52] Firing event: [event_spp_app_init]
[2026-05-01 02:11:52]   -> Executing Inline/Anonymous handler
[2026-05-01 02:11:52] Firing event: [event_spp_app_init]
[2026-05-01 02:11:52]   -> Executing Inline/Anonymous handler
[2026-05-01 02:11:56] Firing event: [event_spp_context_enforce]
[2026-05-01 02:11:56]   -> Executing Inline/Anonymous handler
[2026-05-01 02:11:56] Firing event: [event_spp_route_resolve]
[2026-05-01 02:11:56] Firing event: [event_spp_context_enforce]
[2026-05-01 02:11:56] Firing event: [event_spp_context_enforce]
[2026-05-01 02:11:56]   -> Executing Inline/Anonymous handler
[2026-05-01 02:11:56]   -> Executing Inline/Anonymous handler
[2026-05-01 02:11:56]   -> Executing Inline/Anonymous handler
[2026-05-01 02:11:56] Firing event: [event_spp_route_resolve]
[2026-05-01 02:11:56] Firing event: [event_spp_route_resolve]
[2026-05-01 02:11:56]   -> Executing Inline/Anonymous handler
[2026-05-01 02:11:56]   -> Executing Inline/Anonymous handler
[2026-05-01 02:11:56] Firing event: [event_spp_app_init]
[2026-05-01 02:11:56]   -> Executing Inline/Anonymous handler
[2026-05-01 02:11:56] Firing event: [event_spp_app_init]
[2026-05-01 02:11:56] Firing event: [event_spp_app_init]
[2026-05-01 02:11:56]   -> Executing Inline/Anonymous handler
[2026-05-01 02:11:56]   -> Executing Inline/Anonymous handler
[2026-05-01 02:11:58] Firing event: [event_spp_context_enforce]
[2026-05-01 02:11:58]   -> Executing Inline/Anonymous handler
[2026-05-01 02:11:58] Firing event: [event_spp_route_resolve]
[2026-05-01 02:11:58]   -> Executing Inline/Anonymous handler
[2026-05-01 02:11:58] Firing event: [event_spp_app_init]
[2026-05-01 02:11:58]   -> Executing Inline/Anonymous handler
[2026-05-01 02:13:53] Firing event: [event_spp_context_enforce]
[2026-05-01 02:13:53]   -> Executing Inline/Anonymous handler
[2026-05-01 02:13:53] Firing event: [event_spp_route_resolve]
[2026-05-01 02:13:53]   -> Executing Inline/Anonymous handler
[2026-05-01 02:13:53] Firing event: [event_spp_app_init]
[2026-05-01 02:13:53]   -> Executing Inline/Anonymous handler
[2026-05-01 02:14:00] Firing event: [event_spp_context_enforce]
[2026-05-01 02:14:00]   -> Executing Inline/Anonymous handler
[2026-05-01 02:14:00] Firing event: [event_spp_route_resolve]
[2026-05-01 02:14:00]   -> Executing Inline/Anonymous handler
[2026-05-01 02:14:01] Firing event: [event_spp_app_init]
[2026-05-01 02:14:01]   -> Executing Inline/Anonymous handler
[2026-05-01 02:14:13] Firing event: [event_spp_context_enforce]
[2026-05-01 02:14:13]   -> Executing Inline/Anonymous handler
[2026-05-01 02:14:13] Firing event: [event_spp_route_resolve]
[2026-05-01 02:14:13]   -> Executing Inline/Anonymous handler
[2026-05-01 02:14:13] Firing event: [event_spp_app_init]
[2026-05-01 02:14:13]   -> Executing Inline/Anonymous handler
[2026-05-01 02:14:18] Firing event: [event_spp_context_enforce]
[2026-05-01 02:14:18]   -> Executing Inline/Anonymous handler
[2026-05-01 02:14:18] Firing event: [event_spp_route_resolve]
[2026-05-01 02:14:18]   -> Executing Inline/Anonymous handler
[2026-05-01 02:14:18] Firing event: [event_spp_app_init]
[2026-05-01 02:14:18]   -> Executing Inline/Anonymous handler
[2026-05-01 02:14:18] Firing event: [event_spp_context_enforce]
[2026-05-01 02:14:18]   -> Executing Inline/Anonymous handler
[2026-05-01 02:14:18] Firing event: [event_spp_route_resolve]
[2026-05-01 02:14:18]   -> Executing Inline/Anonymous handler
[2026-05-01 02:14:18] Firing event: [event_spp_app_init]
[2026-05-01 02:14:18]   -> Executing Inline/Anonymous handler
[2026-05-01 02:14:21] Firing event: [event_spp_context_enforce]
[2026-05-01 02:14:21] Firing event: [event_spp_context_enforce]
[2026-05-01 02:14:21]   -> Executing Inline/Anonymous handler
[2026-05-01 02:14:21]   -> Executing Inline/Anonymous handler
[2026-05-01 02:14:21] Firing event: [event_spp_route_resolve]
[2026-05-01 02:14:21] Firing event: [event_spp_route_resolve]
[2026-05-01 02:14:21]   -> Executing Inline/Anonymous handler
[2026-05-01 02:14:21]   -> Executing Inline/Anonymous handler
[2026-05-01 02:14:21] Firing event: [event_spp_app_init]
[2026-05-01 02:14:21]   -> Executing Inline/Anonymous handler
[2026-05-01 02:14:21] Firing event: [event_spp_app_init]
[2026-05-01 02:14:21]   -> Executing Inline/Anonymous handler
[2026-05-01 02:14:22] Firing event: [event_spp_context_enforce]
[2026-05-01 02:14:22]   -> Executing Inline/Anonymous handler
[2026-05-01 02:14:22] Firing event: [event_spp_route_resolve]
[2026-05-01 02:14:22]   -> Executing Inline/Anonymous handler
[2026-05-01 02:14:22] Firing event: [event_spp_app_init]
[2026-05-01 02:14:22]   -> Executing Inline/Anonymous handler
[2026-05-01 02:14:27] Firing event: [event_spp_context_enforce]
[2026-05-01 02:14:27]   -> Executing Inline/Anonymous handler
[2026-05-01 02:14:27] Firing event: [event_spp_route_resolve]
[2026-05-01 02:14:27]   -> Executing Inline/Anonymous handler
[2026-05-01 02:14:27] Firing event: [event_spp_app_init]
[2026-05-01 02:14:27]   -> Executing Inline/Anonymous handler
[2026-05-01 02:15:10] Firing event: [event_spp_context_enforce]
[2026-05-01 02:15:10]   -> Executing Inline/Anonymous handler
[2026-05-01 02:15:10] Firing event: [event_spp_route_resolve]
[2026-05-01 02:15:10]   -> Executing Inline/Anonymous handler
[2026-05-01 02:15:10] Firing event: [event_spp_app_init]
[2026-05-01 02:15:10]   -> Executing Inline/Anonymous handler
[2026-05-01 02:15:15] Firing event: [event_spp_context_enforce]
[2026-05-01 02:15:15]   -> Executing Inline/Anonymous handler
[2026-05-01 02:15:15] Firing event: [event_spp_route_resolve]
[2026-05-01 02:15:15]   -> Executing Inline/Anonymous handler
[2026-05-01 02:15:16] Firing event: [event_spp_app_init]
[2026-05-01 02:15:16]   -> Executing Inline/Anonymous handler
[2026-05-01 02:15:27] Firing event: [event_spp_context_enforce]
[2026-05-01 02:15:27]   -> Executing Inline/Anonymous handler
[2026-05-01 02:15:27] Firing event: [event_spp_route_resolve]
[2026-05-01 02:15:27]   -> Executing Inline/Anonymous handler
[2026-05-01 02:15:27] Firing event: [event_spp_app_init]
[2026-05-01 02:15:27]   -> Executing Inline/Anonymous handler
[2026-05-01 02:15:31] Firing event: [event_spp_context_enforce]
[2026-05-01 02:15:31] Firing event: [event_spp_context_enforce]
[2026-05-01 02:15:31]   -> Executing Inline/Anonymous handler
[2026-05-01 02:15:31]   -> Executing Inline/Anonymous handler
[2026-05-01 02:15:31] Firing event: [event_spp_route_resolve]
[2026-05-01 02:15:31] Firing event: [event_spp_route_resolve]
[2026-05-01 02:15:31]   -> Executing Inline/Anonymous handler
[2026-05-01 02:15:31]   -> Executing Inline/Anonymous handler
[2026-05-01 02:15:31] Firing event: [event_spp_app_init]
[2026-05-01 02:15:31] Firing event: [event_spp_app_init]
[2026-05-01 02:15:31]   -> Executing Inline/Anonymous handler
[2026-05-01 02:15:31]   -> Executing Inline/Anonymous handler
[2026-05-01 02:15:33] Firing event: [event_spp_context_enforce]
[2026-05-01 02:15:33] Firing event: [event_spp_context_enforce]
[2026-05-01 02:15:33]   -> Executing Inline/Anonymous handler
[2026-05-01 02:15:33]   -> Executing Inline/Anonymous handler
[2026-05-01 02:15:33] Firing event: [event_spp_route_resolve]
[2026-05-01 02:15:33] Firing event: [event_spp_route_resolve]
[2026-05-01 02:15:33]   -> Executing Inline/Anonymous handler
[2026-05-01 02:15:33]   -> Executing Inline/Anonymous handler
[2026-05-01 02:15:33] Firing event: [event_spp_app_init]
[2026-05-01 02:15:33] Firing event: [event_spp_app_init]
[2026-05-01 02:15:33]   -> Executing Inline/Anonymous handler
[2026-05-01 02:15:33]   -> Executing Inline/Anonymous handler
[2026-05-01 02:15:33] Firing event: [event_spp_context_enforce]
[2026-05-01 02:15:33]   -> Executing Inline/Anonymous handler
[2026-05-01 02:15:33] Firing event: [event_spp_route_resolve]
[2026-05-01 02:15:34]   -> Executing Inline/Anonymous handler
[2026-05-01 02:15:34] Firing event: [event_spp_app_init]
[2026-05-01 02:15:34]   -> Executing Inline/Anonymous handler
[2026-05-01 02:15:41] Firing event: [event_spp_context_enforce]
[2026-05-01 02:15:41]   -> Executing Inline/Anonymous handler
[2026-05-01 02:15:41] Firing event: [event_spp_route_resolve]
[2026-05-01 02:15:41]   -> Executing Inline/Anonymous handler
[2026-05-01 02:15:42] Firing event: [event_spp_app_init]
[2026-05-01 02:15:42]   -> Executing Inline/Anonymous handler
[2026-05-01 02:15:56] Firing event: [event_spp_context_enforce]
[2026-05-01 02:15:56]   -> Executing Inline/Anonymous handler
[2026-05-01 02:15:56] Firing event: [event_spp_route_resolve]
[2026-05-01 02:15:56]   -> Executing Inline/Anonymous handler
[2026-05-01 02:15:56] Firing event: [event_spp_app_init]
[2026-05-01 02:15:56]   -> Executing Inline/Anonymous handler
[2026-05-01 02:18:38] Firing event: [event_spp_context_enforce]
[2026-05-01 02:18:38]   -> Executing Inline/Anonymous handler
[2026-05-01 02:18:38] Firing event: [event_spp_route_resolve]
[2026-05-01 02:18:38]   -> Executing Inline/Anonymous handler
[2026-05-01 02:18:38] Firing event: [event_spp_app_init]
[2026-05-01 02:18:38]   -> Executing Inline/Anonymous handler
[2026-05-01 02:18:48] Firing event: [event_spp_app_init]
[2026-05-01 02:18:48]   -> Executing Inline/Anonymous handler
[2026-05-01 02:18:48] Firing event: [event_spp_app_init]
[2026-05-01 02:18:48]   -> Executing Inline/Anonymous handler
[2026-05-01 02:19:13] Firing event: [event_spp_context_enforce]
[2026-05-01 02:19:13]   -> Executing Inline/Anonymous handler
[2026-05-01 02:19:13] Firing event: [event_spp_route_resolve]
[2026-05-01 02:19:14]   -> Executing Inline/Anonymous handler
[2026-05-01 02:19:14] Firing event: [event_spp_app_init]
[2026-05-01 02:19:14]   -> Executing Inline/Anonymous handler
[2026-05-01 02:19:22] Firing event: [event_spp_app_init]
[2026-05-01 02:19:22]   -> Executing Inline/Anonymous handler
[2026-05-01 02:19:22] Firing event: [event_spp_app_init]
[2026-05-01 02:19:22]   -> Executing Inline/Anonymous handler
[2026-05-01 02:23:05] Firing event: [event_spp_context_enforce]
[2026-05-01 02:23:05]   -> Executing Inline/Anonymous handler
[2026-05-01 02:23:05] Firing event: [event_spp_route_resolve]
[2026-05-01 02:23:05]   -> Executing Inline/Anonymous handler
[2026-05-01 02:23:05] Firing event: [event_spp_app_init]
[2026-05-01 02:23:05]   -> Executing Inline/Anonymous handler
[2026-05-01 02:23:12] Firing event: [event_spp_context_enforce]
[2026-05-01 02:23:12]   -> Executing Inline/Anonymous handler
[2026-05-01 02:23:12] Firing event: [event_spp_route_resolve]
[2026-05-01 02:23:12]   -> Executing Inline/Anonymous handler
[2026-05-01 02:23:12] Firing event: [event_spp_app_init]
[2026-05-01 02:23:12]   -> Executing Inline/Anonymous handler
[2026-05-01 02:23:25] Firing event: [event_spp_context_enforce]
[2026-05-01 02:23:25]   -> Executing Inline/Anonymous handler
[2026-05-01 02:23:25] Firing event: [event_spp_route_resolve]
[2026-05-01 02:23:25]   -> Executing Inline/Anonymous handler
[2026-05-01 02:23:25] Firing event: [event_spp_app_init]
[2026-05-01 02:23:25]   -> Executing Inline/Anonymous handler
[2026-05-01 02:23:30] Firing event: [event_spp_context_enforce]
[2026-05-01 02:23:30] Firing event: [event_spp_context_enforce]
[2026-05-01 02:23:30]   -> Executing Inline/Anonymous handler
[2026-05-01 02:23:30] Firing event: [event_spp_route_resolve]
[2026-05-01 02:23:30]   -> Executing Inline/Anonymous handler
[2026-05-01 02:23:30]   -> Executing Inline/Anonymous handler
[2026-05-01 02:23:30] Firing event: [event_spp_route_resolve]
[2026-05-01 02:23:30]   -> Executing Inline/Anonymous handler
[2026-05-01 02:23:30] Firing event: [event_spp_app_init]
[2026-05-01 02:23:30]   -> Executing Inline/Anonymous handler
[2026-05-01 02:23:30] Firing event: [event_spp_app_init]
[2026-05-01 02:23:30]   -> Executing Inline/Anonymous handler
[2026-05-01 02:23:33] Firing event: [event_spp_app_init]
[2026-05-01 02:23:33]   -> Executing Inline/Anonymous handler
[2026-05-01 02:23:34] Firing event: [event_spp_context_enforce]
[2026-05-01 02:23:34] Firing event: [event_spp_context_enforce]
[2026-05-01 02:23:34]   -> Executing Inline/Anonymous handler
[2026-05-01 02:23:34]   -> Executing Inline/Anonymous handler
[2026-05-01 02:23:34] Firing event: [event_spp_route_resolve]
[2026-05-01 02:23:34] Firing event: [event_spp_route_resolve]
[2026-05-01 02:23:34]   -> Executing Inline/Anonymous handler
[2026-05-01 02:23:34]   -> Executing Inline/Anonymous handler
[2026-05-01 02:23:34] Firing event: [event_spp_app_init]
[2026-05-01 02:23:34]   -> Executing Inline/Anonymous handler
[2026-05-01 02:23:36] Firing event: [event_spp_app_init]
[2026-05-01 02:23:36]   -> Executing Inline/Anonymous handler
[2026-05-01 02:23:36] Firing event: [event_spp_context_enforce]
[2026-05-01 02:23:36]   -> Executing Inline/Anonymous handler
[2026-05-01 02:23:36] Firing event: [event_spp_route_resolve]
[2026-05-01 02:23:36]   -> Executing Inline/Anonymous handler
[2026-05-01 02:23:36] Firing event: [event_spp_app_init]
[2026-05-01 02:23:36]   -> Executing Inline/Anonymous handler
[2026-05-01 02:23:37] Firing event: [event_spp_app_init]
[2026-05-01 02:23:37] Firing event: [event_spp_app_init]
[2026-05-01 02:23:37]   -> Executing Inline/Anonymous handler
[2026-05-01 02:23:37]   -> Executing Inline/Anonymous handler
[2026-05-01 02:23:37] Firing event: [event_spp_app_init]
[2026-05-01 02:23:37] Firing event: [event_spp_app_init]
[2026-05-01 02:23:37]   -> Executing Inline/Anonymous handler
[2026-05-01 02:23:37]   -> Executing Inline/Anonymous handler
[2026-05-01 02:23:41] Firing event: [event_spp_app_init]
[2026-05-01 02:23:41]   -> Executing Inline/Anonymous handler
[2026-05-01 02:23:43] Firing event: [event_spp_context_enforce]
[2026-05-01 02:23:43]   -> Executing Inline/Anonymous handler
[2026-05-01 02:23:43] Firing event: [event_spp_route_resolve]
[2026-05-01 02:23:43]   -> Executing Inline/Anonymous handler
[2026-05-01 02:23:43] Firing event: [event_spp_app_init]
[2026-05-01 02:23:43]   -> Executing Inline/Anonymous handler
[2026-05-01 02:23:48] Firing event: [event_spp_app_init]
[2026-05-01 02:23:48]   -> Executing Inline/Anonymous handler
[2026-05-01 02:23:56] Firing event: [event_spp_context_enforce]
[2026-05-01 02:23:56]   -> Executing Inline/Anonymous handler
[2026-05-01 02:23:56] Firing event: [event_spp_route_resolve]
[2026-05-01 02:23:56]   -> Executing Inline/Anonymous handler
[2026-05-01 02:23:56] Firing event: [event_spp_app_init]
[2026-05-01 02:23:56]   -> Executing Inline/Anonymous handler
[2026-05-01 02:24:07] Firing event: [event_spp_app_init]
[2026-05-01 02:24:07]   -> Executing Inline/Anonymous handler
[2026-05-01 02:24:08] Firing event: [event_spp_app_init]
[2026-05-01 02:24:08]   -> Executing Inline/Anonymous handler
[2026-05-01 02:24:23] Firing event: [event_spp_context_enforce]
[2026-05-01 02:24:23]   -> Executing Inline/Anonymous handler
[2026-05-01 02:24:23] Firing event: [event_spp_route_resolve]
[2026-05-01 02:24:23]   -> Executing Inline/Anonymous handler
[2026-05-01 02:24:24] Firing event: [event_spp_app_init]
[2026-05-01 02:24:24]   -> Executing Inline/Anonymous handler
[2026-05-01 02:24:28] Firing event: [event_spp_app_init]
[2026-05-01 02:24:28]   -> Executing Inline/Anonymous handler
[2026-05-01 02:24:28] Firing event: [event_spp_app_init]
[2026-05-01 02:24:28]   -> Executing Inline/Anonymous handler
[2026-05-01 02:24:41] Firing event: [event_spp_context_enforce]
[2026-05-01 02:24:41]   -> Executing Inline/Anonymous handler
[2026-05-01 02:24:41] Firing event: [event_spp_route_resolve]
[2026-05-01 02:24:41]   -> Executing Inline/Anonymous handler
[2026-05-01 02:24:41] Firing event: [event_spp_app_init]
[2026-05-01 02:24:41]   -> Executing Inline/Anonymous handler
[2026-05-01 02:24:48] Firing event: [event_spp_context_enforce]
[2026-05-01 02:24:48]   -> Executing Inline/Anonymous handler
[2026-05-01 02:24:48] Firing event: [event_spp_route_resolve]
[2026-05-01 02:24:48]   -> Executing Inline/Anonymous handler
[2026-05-01 02:24:48] Firing event: [event_spp_app_init]
[2026-05-01 02:24:48]   -> Executing Inline/Anonymous handler
[2026-05-01 02:25:04] Firing event: [event_spp_context_enforce]
[2026-05-01 02:25:04]   -> Executing Inline/Anonymous handler
[2026-05-01 02:25:04] Firing event: [event_spp_route_resolve]
[2026-05-01 02:25:04]   -> Executing Inline/Anonymous handler
[2026-05-01 02:25:04] Firing event: [event_spp_app_init]
[2026-05-01 02:25:04]   -> Executing Inline/Anonymous handler
[2026-05-01 02:25:06] Firing event: [event_spp_context_enforce]
[2026-05-01 02:25:06] Firing event: [event_spp_context_enforce]
[2026-05-01 02:25:06]   -> Executing Inline/Anonymous handler
[2026-05-01 02:25:06]   -> Executing Inline/Anonymous handler
[2026-05-01 02:25:06] Firing event: [event_spp_route_resolve]
[2026-05-01 02:25:06] Firing event: [event_spp_route_resolve]
[2026-05-01 02:25:06]   -> Executing Inline/Anonymous handler
[2026-05-01 02:25:06]   -> Executing Inline/Anonymous handler
[2026-05-01 02:25:06] Firing event: [event_spp_app_init]
[2026-05-01 02:25:06] Firing event: [event_spp_app_init]
[2026-05-01 02:25:06]   -> Executing Inline/Anonymous handler
[2026-05-01 02:25:06]   -> Executing Inline/Anonymous handler
[2026-05-01 02:25:06] Firing event: [event_spp_app_init]
[2026-05-01 02:25:06]   -> Executing Inline/Anonymous handler
[2026-05-01 02:25:07] Firing event: [event_spp_context_enforce]
[2026-05-01 02:25:07] Firing event: [event_spp_context_enforce]
[2026-05-01 02:25:07]   -> Executing Inline/Anonymous handler
[2026-05-01 02:25:07]   -> Executing Inline/Anonymous handler
[2026-05-01 02:25:07] Firing event: [event_spp_route_resolve]
[2026-05-01 02:25:07] Firing event: [event_spp_route_resolve]
[2026-05-01 02:25:07]   -> Executing Inline/Anonymous handler
[2026-05-01 02:25:07]   -> Executing Inline/Anonymous handler
[2026-05-01 02:25:07] Firing event: [event_spp_app_init]
[2026-05-01 02:25:07] Firing event: [event_spp_app_init]
[2026-05-01 02:25:07]   -> Executing Inline/Anonymous handler
[2026-05-01 02:25:07]   -> Executing Inline/Anonymous handler
[2026-05-01 02:25:07] Firing event: [event_spp_context_enforce]
[2026-05-01 02:25:07]   -> Executing Inline/Anonymous handler
[2026-05-01 02:25:07] Firing event: [event_spp_route_resolve]
[2026-05-01 02:25:07]   -> Executing Inline/Anonymous handler
[2026-05-01 02:25:07] Firing event: [event_spp_app_init]
[2026-05-01 02:25:07]   -> Executing Inline/Anonymous handler
[2026-05-01 02:25:07] Firing event: [event_spp_app_init]
[2026-05-01 02:25:07] Firing event: [event_spp_app_init]
[2026-05-01 02:25:07]   -> Executing Inline/Anonymous handler
[2026-05-01 02:25:07]   -> Executing Inline/Anonymous handler
[2026-05-01 02:25:07] Firing event: [event_spp_app_init]
[2026-05-01 02:25:07] Firing event: [event_spp_app_init]
[2026-05-01 02:25:07]   -> Executing Inline/Anonymous handler
[2026-05-01 02:25:07]   -> Executing Inline/Anonymous handler
[2026-05-01 02:25:09] Firing event: [event_spp_app_init]
[2026-05-01 02:25:09]   -> Executing Inline/Anonymous handler
[2026-05-01 02:25:09] Firing event: [event_spp_context_enforce]
[2026-05-01 02:25:09]   -> Executing Inline/Anonymous handler
[2026-05-01 02:25:09] Firing event: [event_spp_route_resolve]
[2026-05-01 02:25:09]   -> Executing Inline/Anonymous handler
[2026-05-01 02:25:09] Firing event: [event_spp_app_init]
[2026-05-01 02:25:09]   -> Executing Inline/Anonymous handler
[2026-05-01 02:25:11] Firing event: [event_spp_app_init]
[2026-05-01 02:25:11]   -> Executing Inline/Anonymous handler
[2026-05-01 04:31:07] Firing event: [event_spp_context_enforce]
[2026-05-01 04:31:07]   -> Executing Inline/Anonymous handler
[2026-05-01 04:31:07] Firing event: [event_spp_route_resolve]
[2026-05-01 04:31:07]   -> Executing Inline/Anonymous handler
[2026-05-01 04:31:07] Firing event: [event_spp_app_init]
[2026-05-01 04:31:07]   -> Executing Inline/Anonymous handler
[2026-05-01 04:31:15] Firing event: [event_spp_context_enforce]
[2026-05-01 04:31:15]   -> Executing Inline/Anonymous handler
[2026-05-01 04:31:15] Firing event: [event_spp_route_resolve]
[2026-05-01 04:31:15]   -> Executing Inline/Anonymous handler
[2026-05-01 04:31:16] Firing event: [event_spp_app_init]
[2026-05-01 04:31:16]   -> Executing Inline/Anonymous handler
[2026-05-01 04:31:22] Firing event: [event_spp_context_enforce]
[2026-05-01 04:31:22]   -> Executing Inline/Anonymous handler
[2026-05-01 04:31:22] Firing event: [event_spp_route_resolve]
[2026-05-01 04:31:22]   -> Executing Inline/Anonymous handler
[2026-05-01 04:31:22] Firing event: [event_spp_app_init]
[2026-05-01 04:31:22]   -> Executing Inline/Anonymous handler
[2026-05-01 04:31:37] Firing event: [event_spp_context_enforce]
[2026-05-01 04:31:37]   -> Executing Inline/Anonymous handler
[2026-05-01 04:31:37] Firing event: [event_spp_route_resolve]
[2026-05-01 04:31:37]   -> Executing Inline/Anonymous handler
[2026-05-01 04:31:37] Firing event: [event_spp_app_init]
[2026-05-01 04:31:37]   -> Executing Inline/Anonymous handler
[2026-05-01 04:31:42] Firing event: [event_spp_context_enforce]
[2026-05-01 04:31:42]   -> Executing Inline/Anonymous handler
[2026-05-01 04:31:42] Firing event: [event_spp_route_resolve]
[2026-05-01 04:31:42]   -> Executing Inline/Anonymous handler
[2026-05-01 04:31:42] Firing event: [event_spp_app_init]
[2026-05-01 04:31:42]   -> Executing Inline/Anonymous handler
[2026-05-01 04:31:52] Firing event: [event_spp_context_enforce]
[2026-05-01 04:31:52]   -> Executing Inline/Anonymous handler
[2026-05-01 04:31:52] Firing event: [event_spp_route_resolve]
[2026-05-01 04:31:52]   -> Executing Inline/Anonymous handler
[2026-05-01 04:31:52] Firing event: [event_spp_app_init]
[2026-05-01 04:31:52]   -> Executing Inline/Anonymous handler
[2026-05-01 04:31:56] Firing event: [event_spp_context_enforce]
[2026-05-01 04:31:56] Firing event: [event_spp_context_enforce]
[2026-05-01 04:31:56]   -> Executing Inline/Anonymous handler
[2026-05-01 04:31:56]   -> Executing Inline/Anonymous handler
[2026-05-01 04:31:56] Firing event: [event_spp_route_resolve]
[2026-05-01 04:31:56] Firing event: [event_spp_route_resolve]
[2026-05-01 04:31:56]   -> Executing Inline/Anonymous handler
[2026-05-01 04:31:56]   -> Executing Inline/Anonymous handler
[2026-05-01 04:31:57] Firing event: [event_spp_app_init]
[2026-05-01 04:31:57]   -> Executing Inline/Anonymous handler
[2026-05-01 04:31:57] Firing event: [event_spp_app_init]
[2026-05-01 04:31:57]   -> Executing Inline/Anonymous handler
[2026-05-01 04:31:58] Firing event: [event_spp_app_init]
[2026-05-01 04:31:58]   -> Executing Inline/Anonymous handler
[2026-05-01 04:31:58] Firing event: [event_spp_context_enforce]
[2026-05-01 04:31:58]   -> Executing Inline/Anonymous handler
[2026-05-01 04:31:58] Firing event: [event_spp_route_resolve]
[2026-05-01 04:31:58]   -> Executing Inline/Anonymous handler
[2026-05-01 04:31:58] Firing event: [event_spp_app_init]
[2026-05-01 04:31:58]   -> Executing Inline/Anonymous handler
[2026-05-01 04:32:01] Firing event: [event_spp_app_init]
[2026-05-01 04:32:01]   -> Executing Inline/Anonymous handler
[2026-05-01 04:32:45] Firing event: [event_spp_context_enforce]
[2026-05-01 04:32:45]   -> Executing Inline/Anonymous handler
[2026-05-01 04:32:45] Firing event: [event_spp_route_resolve]
[2026-05-01 04:32:45]   -> Executing Inline/Anonymous handler
[2026-05-01 04:32:45] Firing event: [event_spp_context_enforce]
[2026-05-01 04:32:45]   -> Executing Inline/Anonymous handler
[2026-05-01 04:32:45] Firing event: [event_spp_route_resolve]
[2026-05-01 04:32:45]   -> Executing Inline/Anonymous handler
[2026-05-01 04:32:45] Firing event: [event_spp_app_init]
[2026-05-01 04:32:45]   -> Executing Inline/Anonymous handler
[2026-05-01 04:32:45] Firing event: [event_spp_app_init]
[2026-05-01 04:32:45]   -> Executing Inline/Anonymous handler
[2026-05-01 04:32:47] Firing event: [event_spp_context_enforce]
[2026-05-01 04:32:47]   -> Executing Inline/Anonymous handler
[2026-05-01 04:32:47] Firing event: [event_spp_route_resolve]
[2026-05-01 04:32:47]   -> Executing Inline/Anonymous handler
[2026-05-01 04:32:47] Firing event: [event_spp_app_init]
[2026-05-01 04:32:48]   -> Executing Inline/Anonymous handler
[2026-05-01 04:32:48] Firing event: [event_spp_context_enforce]
[2026-05-01 04:32:48]   -> Executing Inline/Anonymous handler
[2026-05-01 04:32:48] Firing event: [event_spp_route_resolve]
[2026-05-01 04:32:48]   -> Executing Inline/Anonymous handler
[2026-05-01 04:32:48] Firing event: [event_spp_app_init]
[2026-05-01 04:32:48]   -> Executing Inline/Anonymous handler
[2026-05-01 04:32:48] Firing event: [event_spp_context_enforce]
[2026-05-01 04:32:48]   -> Executing Inline/Anonymous handler
[2026-05-01 04:32:48] Firing event: [event_spp_route_resolve]
[2026-05-01 04:32:48]   -> Executing Inline/Anonymous handler
[2026-05-01 04:32:48] Firing event: [event_spp_app_init]
[2026-05-01 04:32:48]   -> Executing Inline/Anonymous handler
[2026-05-01 04:32:50] Firing event: [event_spp_context_enforce]
[2026-05-01 04:32:50]   -> Executing Inline/Anonymous handler
[2026-05-01 04:32:50] Firing event: [event_spp_route_resolve]
[2026-05-01 04:32:50]   -> Executing Inline/Anonymous handler
[2026-05-01 04:32:50] Firing event: [event_spp_app_init]
[2026-05-01 04:32:50]   -> Executing Inline/Anonymous handler
[2026-05-01 04:32:50] Firing event: [event_spp_context_enforce]
[2026-05-01 04:32:50]   -> Executing Inline/Anonymous handler
[2026-05-01 04:32:50] Firing event: [event_spp_route_resolve]
[2026-05-01 04:32:50]   -> Executing Inline/Anonymous handler
[2026-05-01 04:32:50] Firing event: [event_spp_app_init]
[2026-05-01 04:32:50]   -> Executing Inline/Anonymous handler
[2026-05-01 04:32:51] Firing event: [event_spp_context_enforce]
[2026-05-01 04:32:51]   -> Executing Inline/Anonymous handler
[2026-05-01 04:32:51] Firing event: [event_spp_route_resolve]
[2026-05-01 04:32:51]   -> Executing Inline/Anonymous handler
[2026-05-01 04:32:51] Firing event: [event_spp_app_init]
[2026-05-01 04:32:51]   -> Executing Inline/Anonymous handler
[2026-05-01 04:32:56] Firing event: [event_spp_context_enforce]
[2026-05-01 04:32:56]   -> Executing Inline/Anonymous handler
[2026-05-01 04:32:56] Firing event: [event_spp_route_resolve]
[2026-05-01 04:32:56]   -> Executing Inline/Anonymous handler
[2026-05-01 04:32:56] Firing event: [event_spp_app_init]
[2026-05-01 04:32:56]   -> Executing Inline/Anonymous handler
[2026-05-01 04:33:03] Firing event: [event_spp_context_enforce]
[2026-05-01 04:33:03]   -> Executing Inline/Anonymous handler
[2026-05-01 04:33:03] Firing event: [event_spp_route_resolve]
[2026-05-01 04:33:03]   -> Executing Inline/Anonymous handler
[2026-05-01 04:33:03] Firing event: [event_spp_app_init]
[2026-05-01 04:33:03]   -> Executing Inline/Anonymous handler
[2026-05-01 04:33:07] Firing event: [event_spp_context_enforce]
[2026-05-01 04:33:07]   -> Executing Inline/Anonymous handler
[2026-05-01 04:33:07] Firing event: [event_spp_route_resolve]
[2026-05-01 04:33:07]   -> Executing Inline/Anonymous handler
[2026-05-01 04:33:07] Firing event: [event_spp_app_init]
[2026-05-01 04:33:07]   -> Executing Inline/Anonymous handler
[2026-05-01 04:33:07] Firing event: [event_spp_context_enforce]
[2026-05-01 04:33:07]   -> Executing Inline/Anonymous handler
[2026-05-01 04:33:07] Firing event: [event_spp_route_resolve]
[2026-05-01 04:33:07]   -> Executing Inline/Anonymous handler
[2026-05-01 04:33:07] Firing event: [event_spp_app_init]
[2026-05-01 04:33:07]   -> Executing Inline/Anonymous handler
[2026-05-01 04:33:10] Firing event: [event_spp_app_init]
[2026-05-01 04:33:10]   -> Executing Inline/Anonymous handler
[2026-05-01 04:33:11] Firing event: [event_spp_context_enforce]
[2026-05-01 04:33:11]   -> Executing Inline/Anonymous handler
[2026-05-01 04:33:11] Firing event: [event_spp_route_resolve]
[2026-05-01 04:33:11]   -> Executing Inline/Anonymous handler
[2026-05-01 04:33:11] Firing event: [event_spp_app_init]
[2026-05-01 04:33:11]   -> Executing Inline/Anonymous handler
[2026-05-01 04:33:14] Firing event: [event_spp_app_init]
[2026-05-01 04:33:14]   -> Executing Inline/Anonymous handler
[2026-05-01 04:33:22] Firing event: [event_spp_context_enforce]
[2026-05-01 04:33:22] Firing event: [event_spp_context_enforce]
[2026-05-01 04:33:22]   -> Executing Inline/Anonymous handler
[2026-05-01 04:33:22]   -> Executing Inline/Anonymous handler
[2026-05-01 04:33:22] Firing event: [event_spp_route_resolve]
[2026-05-01 04:33:22] Firing event: [event_spp_route_resolve]
[2026-05-01 04:33:22]   -> Executing Inline/Anonymous handler
[2026-05-01 04:33:22]   -> Executing Inline/Anonymous handler
[2026-05-01 04:33:22] Firing event: [event_spp_app_init]
[2026-05-01 04:33:22]   -> Executing Inline/Anonymous handler
[2026-05-01 04:33:22] Firing event: [event_spp_app_init]
[2026-05-01 04:33:22]   -> Executing Inline/Anonymous handler
[2026-05-01 04:33:22] Firing event: [event_spp_context_enforce]
[2026-05-01 04:33:22]   -> Executing Inline/Anonymous handler
[2026-05-01 04:33:22] Firing event: [event_spp_route_resolve]
[2026-05-01 04:33:22]   -> Executing Inline/Anonymous handler
[2026-05-01 04:33:22] Firing event: [event_spp_app_init]
[2026-05-01 04:33:22]   -> Executing Inline/Anonymous handler
[2026-05-01 04:33:23] Firing event: [event_spp_app_init]
[2026-05-01 04:33:23]   -> Executing Inline/Anonymous handler
[2026-05-01 04:33:23] Firing event: [event_spp_app_init]
[2026-05-01 04:33:23]   -> Executing Inline/Anonymous handler
[2026-05-01 04:33:23] Firing event: [event_spp_app_init]
[2026-05-01 04:33:23]   -> Executing Inline/Anonymous handler
[2026-05-01 04:33:25] Firing event: [event_spp_app_init]
[2026-05-01 04:33:25]   -> Executing Inline/Anonymous handler
[2026-05-01 04:33:25] Firing event: [event_spp_app_init]
[2026-05-01 04:33:25]   -> Executing Inline/Anonymous handler
[2026-05-01 04:33:28] Firing event: [event_spp_context_enforce]
[2026-05-01 04:33:28]   -> Executing Inline/Anonymous handler
[2026-05-01 04:33:28] Firing event: [event_spp_route_resolve]
[2026-05-01 04:33:28]   -> Executing Inline/Anonymous handler
[2026-05-01 04:33:29] Firing event: [event_spp_app_init]
[2026-05-01 04:33:29]   -> Executing Inline/Anonymous handler
[2026-05-01 04:33:32] Firing event: [event_spp_app_init]
[2026-05-01 04:33:32]   -> Executing Inline/Anonymous handler
[2026-05-01 04:38:57] Firing event: [event_spp_context_enforce]
[2026-05-01 04:38:57] Firing event: [event_spp_context_enforce]
[2026-05-01 04:38:57] Firing event: [event_spp_context_enforce]
[2026-05-01 04:38:57]   -> Executing Inline/Anonymous handler
[2026-05-01 04:38:57]   -> Executing Inline/Anonymous handler
[2026-05-01 04:38:57]   -> Executing Inline/Anonymous handler
[2026-05-01 04:38:57] Firing event: [event_spp_route_resolve]
[2026-05-01 04:38:57] Firing event: [event_spp_route_resolve]
[2026-05-01 04:38:57] Firing event: [event_spp_route_resolve]
[2026-05-01 04:38:57]   -> Executing Inline/Anonymous handler
[2026-05-01 04:38:57]   -> Executing Inline/Anonymous handler
[2026-05-01 04:38:57]   -> Executing Inline/Anonymous handler
[2026-05-01 04:38:57] Firing event: [event_spp_app_init]
[2026-05-01 04:38:57] Firing event: [event_spp_app_init]
[2026-05-01 04:38:57] Firing event: [event_spp_app_init]
[2026-05-01 04:38:57]   -> Executing Inline/Anonymous handler
[2026-05-01 04:38:57]   -> Executing Inline/Anonymous handler
[2026-05-01 04:38:57]   -> Executing Inline/Anonymous handler
[2026-05-01 04:38:59] Firing event: [event_spp_app_init]
[2026-05-01 04:38:59] Firing event: [event_spp_app_init]
[2026-05-01 04:38:59]   -> Executing Inline/Anonymous handler
[2026-05-01 04:38:59]   -> Executing Inline/Anonymous handler
[2026-05-01 04:38:59] Firing event: [event_spp_app_init]
[2026-05-01 04:38:59]   -> Executing Inline/Anonymous handler
[2026-05-01 04:39:00] Firing event: [event_spp_app_init]
[2026-05-01 04:39:00]   -> Executing Inline/Anonymous handler
[2026-05-01 04:39:00] Firing event: [event_spp_app_init]
[2026-05-01 04:39:00]   -> Executing Inline/Anonymous handler
[2026-05-01 04:39:04] Firing event: [event_spp_context_enforce]
[2026-05-01 04:39:04]   -> Executing Inline/Anonymous handler
[2026-05-01 04:39:04] Firing event: [event_spp_route_resolve]
[2026-05-01 04:39:04]   -> Executing Inline/Anonymous handler
[2026-05-01 04:39:04] Firing event: [event_spp_app_init]
[2026-05-01 04:39:04]   -> Executing Inline/Anonymous handler
[2026-05-01 04:39:10] Firing event: [event_spp_app_init]
[2026-05-01 04:39:10]   -> Executing Inline/Anonymous handler
[2026-05-01 04:39:22] Firing event: [event_spp_context_enforce]
[2026-05-01 04:39:22] Firing event: [event_spp_context_enforce]
[2026-05-01 04:39:23]   -> Executing Inline/Anonymous handler
[2026-05-01 04:39:23]   -> Executing Inline/Anonymous handler
[2026-05-01 04:39:23] Firing event: [event_spp_route_resolve]
[2026-05-01 04:39:23] Firing event: [event_spp_route_resolve]
[2026-05-01 04:39:23]   -> Executing Inline/Anonymous handler
[2026-05-01 04:39:23]   -> Executing Inline/Anonymous handler
[2026-05-01 04:39:23] Firing event: [event_spp_app_init]
[2026-05-01 04:39:23] Firing event: [event_spp_app_init]
[2026-05-01 04:39:23]   -> Executing Inline/Anonymous handler
[2026-05-01 04:39:23]   -> Executing Inline/Anonymous handler
[2026-05-01 04:39:23] Firing event: [event_spp_context_enforce]
[2026-05-01 04:39:23]   -> Executing Inline/Anonymous handler
[2026-05-01 04:39:23] Firing event: [event_spp_route_resolve]
[2026-05-01 04:39:23]   -> Executing Inline/Anonymous handler
[2026-05-01 04:39:23] Firing event: [event_spp_app_init]
[2026-05-01 04:39:23]   -> Executing Inline/Anonymous handler
[2026-05-01 04:39:24] Firing event: [event_spp_app_init]
[2026-05-01 04:39:24] Firing event: [event_spp_app_init]
[2026-05-01 04:39:24]   -> Executing Inline/Anonymous handler
[2026-05-01 04:39:24]   -> Executing Inline/Anonymous handler
[2026-05-01 04:39:28] Firing event: [event_spp_app_init]
[2026-05-01 04:39:28]   -> Executing Inline/Anonymous handler
[2026-05-01 04:39:29] Firing event: [event_spp_context_enforce]
[2026-05-01 04:39:29]   -> Executing Inline/Anonymous handler
[2026-05-01 04:39:29] Firing event: [event_spp_route_resolve]
[2026-05-01 04:39:29]   -> Executing Inline/Anonymous handler
[2026-05-01 04:39:29] Firing event: [event_spp_app_init]
[2026-05-01 04:39:29]   -> Executing Inline/Anonymous handler
[2026-05-01 04:39:35] Firing event: [event_spp_app_init]
[2026-05-01 04:39:35]   -> Executing Inline/Anonymous handler
[2026-05-01 04:39:42] Firing event: [event_spp_context_enforce]
[2026-05-01 04:39:42]   -> Executing Inline/Anonymous handler
[2026-05-01 04:39:42] Firing event: [event_spp_route_resolve]
[2026-05-01 04:39:42]   -> Executing Inline/Anonymous handler
[2026-05-01 04:39:42] Firing event: [event_spp_app_init]
[2026-05-01 04:39:42]   -> Executing Inline/Anonymous handler
[2026-05-01 04:39:47] Firing event: [event_spp_app_init]
[2026-05-01 04:39:47]   -> Executing Inline/Anonymous handler
[2026-05-01 04:39:59] Firing event: [event_spp_context_enforce]
[2026-05-01 04:40:00]   -> Executing Inline/Anonymous handler
[2026-05-01 04:40:00] Firing event: [event_spp_route_resolve]
[2026-05-01 04:40:00]   -> Executing Inline/Anonymous handler
[2026-05-01 04:40:00] Firing event: [event_spp_app_init]
[2026-05-01 04:40:00]   -> Executing Inline/Anonymous handler
[2026-05-01 04:40:04] Firing event: [event_spp_app_init]
[2026-05-01 04:40:04]   -> Executing Inline/Anonymous handler
[2026-05-01 04:41:29] Firing event: [event_spp_context_enforce]
[2026-05-01 04:41:29]   -> Executing Inline/Anonymous handler
[2026-05-01 04:41:29] Firing event: [event_spp_route_resolve]
[2026-05-01 04:41:29]   -> Executing Inline/Anonymous handler
[2026-05-01 04:41:29] Firing event: [event_spp_app_init]
[2026-05-01 04:41:29]   -> Executing Inline/Anonymous handler
[2026-05-01 04:45:30] Firing event: [event_spp_context_enforce]
[2026-05-01 04:45:30]   -> Executing Inline/Anonymous handler
[2026-05-01 04:45:30] Firing event: [event_spp_route_resolve]
[2026-05-01 04:45:30]   -> Executing Inline/Anonymous handler
[2026-05-01 04:45:30] Firing event: [event_spp_app_init]
[2026-05-01 04:45:30]   -> Executing Inline/Anonymous handler
[2026-05-01 04:45:34] Firing event: [event_spp_app_init]
[2026-05-01 04:45:34]   -> Executing Inline/Anonymous handler
[2026-05-01 05:29:54] Firing event: [event_spp_context_enforce]
[2026-05-01 05:29:54]   -> Executing Inline/Anonymous handler
[2026-05-01 05:29:54] Firing event: [event_spp_route_resolve]
[2026-05-01 05:29:54]   -> Executing Inline/Anonymous handler
[2026-05-01 05:29:54] Firing event: [event_spp_app_init]
[2026-05-01 05:29:54]   -> Executing Inline/Anonymous handler
[2026-05-01 05:30:02] Firing event: [event_spp_context_enforce]
[2026-05-01 05:30:02]   -> Executing Inline/Anonymous handler
[2026-05-01 05:30:02] Firing event: [event_spp_route_resolve]
[2026-05-01 05:30:02]   -> Executing Inline/Anonymous handler
[2026-05-01 05:30:02] Firing event: [event_spp_app_init]
[2026-05-01 05:30:02]   -> Executing Inline/Anonymous handler
[2026-05-01 05:30:13] Firing event: [event_spp_context_enforce]
[2026-05-01 05:30:13]   -> Executing Inline/Anonymous handler
[2026-05-01 05:30:13] Firing event: [event_spp_route_resolve]
[2026-05-01 05:30:13]   -> Executing Inline/Anonymous handler
[2026-05-01 05:30:14] Firing event: [event_spp_app_init]
[2026-05-01 05:30:14]   -> Executing Inline/Anonymous handler
[2026-05-01 05:30:18] Firing event: [event_spp_context_enforce]
[2026-05-01 05:30:18] Firing event: [event_spp_context_enforce]
[2026-05-01 05:30:18]   -> Executing Inline/Anonymous handler
[2026-05-01 05:30:18]   -> Executing Inline/Anonymous handler
[2026-05-01 05:30:18] Firing event: [event_spp_route_resolve]
[2026-05-01 05:30:18] Firing event: [event_spp_route_resolve]
[2026-05-01 05:30:18]   -> Executing Inline/Anonymous handler
[2026-05-01 05:30:18]   -> Executing Inline/Anonymous handler
[2026-05-01 05:30:18] Firing event: [event_spp_app_init]
[2026-05-01 05:30:18]   -> Executing Inline/Anonymous handler
[2026-05-01 05:30:18] Firing event: [event_spp_app_init]
[2026-05-01 05:30:18]   -> Executing Inline/Anonymous handler
[2026-05-01 05:30:20] Firing event: [event_spp_app_init]
[2026-05-01 05:30:20]   -> Executing Inline/Anonymous handler
[2026-05-01 05:30:21] Firing event: [event_spp_context_enforce]
[2026-05-01 05:30:21]   -> Executing Inline/Anonymous handler
[2026-05-01 05:30:21] Firing event: [event_spp_route_resolve]
[2026-05-01 05:30:21]   -> Executing Inline/Anonymous handler
[2026-05-01 05:30:21] Firing event: [event_spp_app_init]
[2026-05-01 05:30:21]   -> Executing Inline/Anonymous handler
[2026-05-01 05:30:24] Firing event: [event_spp_app_init]
[2026-05-01 05:30:24]   -> Executing Inline/Anonymous handler
[2026-05-01 07:32:48] Firing event: [event_spp_context_enforce]
[2026-05-01 07:32:48]   -> Executing Inline/Anonymous handler
[2026-05-01 07:32:48] Firing event: [event_spp_route_resolve]
[2026-05-01 07:32:48]   -> Executing Inline/Anonymous handler
[2026-05-01 07:32:48] Firing event: [event_spp_app_init]
[2026-05-01 07:32:48]   -> Executing Inline/Anonymous handler
[2026-05-01 05:34:15] Firing event: [event_spp_context_enforce]
[2026-05-01 05:34:15]   -> Executing Inline/Anonymous handler
[2026-05-01 05:34:15] Firing event: [event_spp_route_resolve]
[2026-05-01 05:34:15]   -> Executing Inline/Anonymous handler
[2026-05-01 05:34:15] Firing event: [event_spp_app_init]
[2026-05-01 05:34:15]   -> Executing Inline/Anonymous handler
[2026-05-01 05:34:20] Firing event: [event_spp_context_enforce]
[2026-05-01 05:34:20]   -> Executing Inline/Anonymous handler
[2026-05-01 05:34:20] Firing event: [event_spp_route_resolve]
[2026-05-01 05:34:20]   -> Executing Inline/Anonymous handler
[2026-05-01 05:34:20] Firing event: [event_spp_app_init]
[2026-05-01 05:34:20]   -> Executing Inline/Anonymous handler
[2026-05-01 05:35:05] Firing event: [event_spp_context_enforce]
[2026-05-01 05:35:05]   -> Executing Inline/Anonymous handler
[2026-05-01 05:35:05] Firing event: [event_spp_route_resolve]
[2026-05-01 05:35:05]   -> Executing Inline/Anonymous handler
[2026-05-01 05:35:06] Firing event: [event_spp_app_init]
[2026-05-01 05:35:06]   -> Executing Inline/Anonymous handler
[2026-05-01 05:35:10] Firing event: [event_spp_context_enforce]
[2026-05-01 05:35:10]   -> Executing Inline/Anonymous handler
[2026-05-01 05:35:10] Firing event: [event_spp_route_resolve]
[2026-05-01 05:35:10]   -> Executing Inline/Anonymous handler
[2026-05-01 05:35:10] Firing event: [event_spp_context_enforce]
[2026-05-01 05:35:10]   -> Executing Inline/Anonymous handler
[2026-05-01 05:35:10] Firing event: [event_spp_app_init]
[2026-05-01 05:35:10]   -> Executing Inline/Anonymous handler
[2026-05-01 05:35:10] Firing event: [event_spp_route_resolve]
[2026-05-01 05:35:10]   -> Executing Inline/Anonymous handler
[2026-05-01 05:35:10] Firing event: [event_spp_app_init]
[2026-05-01 05:35:10]   -> Executing Inline/Anonymous handler
[2026-05-01 05:35:14] Firing event: [event_spp_app_init]
[2026-05-01 05:35:14]   -> Executing Inline/Anonymous handler
[2026-05-01 05:35:15] Firing event: [event_spp_context_enforce]
[2026-05-01 05:35:15] Firing event: [event_spp_context_enforce]
[2026-05-01 05:35:15]   -> Executing Inline/Anonymous handler
[2026-05-01 05:35:15]   -> Executing Inline/Anonymous handler
[2026-05-01 05:35:15] Firing event: [event_spp_route_resolve]
[2026-05-01 05:35:15] Firing event: [event_spp_route_resolve]
[2026-05-01 05:35:15]   -> Executing Inline/Anonymous handler
[2026-05-01 05:35:15]   -> Executing Inline/Anonymous handler
[2026-05-01 05:35:15] Firing event: [event_spp_app_init]
[2026-05-01 05:35:15]   -> Executing Inline/Anonymous handler
[2026-05-01 05:35:15] Firing event: [event_spp_app_init]
[2026-05-01 05:35:16]   -> Executing Inline/Anonymous handler
[2026-05-01 05:35:16] Firing event: [event_spp_context_enforce]
[2026-05-01 05:35:16]   -> Executing Inline/Anonymous handler
[2026-05-01 05:35:16] Firing event: [event_spp_route_resolve]
[2026-05-01 05:35:16]   -> Executing Inline/Anonymous handler
[2026-05-01 05:35:16] Firing event: [event_spp_app_init]
[2026-05-01 05:35:16]   -> Executing Inline/Anonymous handler
[2026-05-01 05:35:18] Firing event: [event_spp_app_init]
[2026-05-01 05:35:18]   -> Executing Inline/Anonymous handler
[2026-05-01 05:35:18] Firing event: [event_spp_app_init]
[2026-05-01 05:35:18]   -> Executing Inline/Anonymous handler
[2026-05-01 05:35:21] Firing event: [event_spp_app_init]
[2026-05-01 05:35:21]   -> Executing Inline/Anonymous handler
[2026-05-01 05:35:22] Firing event: [event_spp_context_enforce]
[2026-05-01 05:35:22]   -> Executing Inline/Anonymous handler
[2026-05-01 05:35:22] Firing event: [event_spp_route_resolve]
[2026-05-01 05:35:22]   -> Executing Inline/Anonymous handler
[2026-05-01 05:35:22] Firing event: [event_spp_app_init]
[2026-05-01 05:35:22]   -> Executing Inline/Anonymous handler
[2026-05-01 05:35:26] Firing event: [event_spp_app_init]
[2026-05-01 05:35:26]   -> Executing Inline/Anonymous handler
[2026-05-01 05:35:44] Firing event: [event_spp_context_enforce]
[2026-05-01 05:35:44]   -> Executing Inline/Anonymous handler
[2026-05-01 05:35:44] Firing event: [event_spp_route_resolve]
[2026-05-01 05:35:44]   -> Executing Inline/Anonymous handler
[2026-05-01 05:35:44] Firing event: [event_spp_app_init]
[2026-05-01 05:35:44]   -> Executing Inline/Anonymous handler
[2026-05-01 05:35:48] Firing event: [event_spp_app_init]
[2026-05-01 05:35:48]   -> Executing Inline/Anonymous handler
[2026-05-01 05:36:35] Firing event: [event_spp_context_enforce]
[2026-05-01 05:36:35]   -> Executing Inline/Anonymous handler
[2026-05-01 05:36:35] Firing event: [event_spp_route_resolve]
[2026-05-01 05:36:35]   -> Executing Inline/Anonymous handler
[2026-05-01 05:36:35] Firing event: [event_spp_app_init]
[2026-05-01 05:36:35]   -> Executing Inline/Anonymous handler
[2026-05-01 05:36:42] Firing event: [event_spp_app_init]
[2026-05-01 05:36:42]   -> Executing Inline/Anonymous handler
[2026-05-01 05:36:52] Firing event: [event_spp_context_enforce]
[2026-05-01 05:36:52]   -> Executing Inline/Anonymous handler
[2026-05-01 05:36:52] Firing event: [event_spp_route_resolve]
[2026-05-01 05:36:52]   -> Executing Inline/Anonymous handler
[2026-05-01 05:36:52] Firing event: [event_spp_app_init]
[2026-05-01 05:36:52]   -> Executing Inline/Anonymous handler
[2026-05-01 05:37:18] Firing event: [event_spp_context_enforce]
[2026-05-01 05:37:18]   -> Executing Inline/Anonymous handler
[2026-05-01 05:37:18] Firing event: [event_spp_route_resolve]
[2026-05-01 05:37:18]   -> Executing Inline/Anonymous handler
[2026-05-01 05:37:18] Firing event: [event_spp_app_init]
[2026-05-01 05:37:18]   -> Executing Inline/Anonymous handler
[2026-05-01 05:41:18] Firing event: [event_spp_context_enforce]
[2026-05-01 05:41:18]   -> Executing Inline/Anonymous handler
[2026-05-01 05:41:18] Firing event: [event_spp_route_resolve]
[2026-05-01 05:41:18]   -> Executing Inline/Anonymous handler
[2026-05-01 05:41:19] Firing event: [event_spp_app_init]
[2026-05-01 05:41:19]   -> Executing Inline/Anonymous handler
[2026-05-01 05:41:25] Firing event: [event_spp_context_enforce]
[2026-05-01 05:41:25]   -> Executing Inline/Anonymous handler
[2026-05-01 05:41:25] Firing event: [event_spp_route_resolve]
[2026-05-01 05:41:25]   -> Executing Inline/Anonymous handler
[2026-05-01 05:41:26] Firing event: [event_spp_app_init]
[2026-05-01 05:41:26]   -> Executing Inline/Anonymous handler
[2026-05-01 05:42:36] Firing event: [event_spp_context_enforce]
[2026-05-01 05:42:36]   -> Executing Inline/Anonymous handler
[2026-05-01 05:42:36] Firing event: [event_spp_route_resolve]
[2026-05-01 05:42:36]   -> Executing Inline/Anonymous handler
[2026-05-01 05:42:37] Firing event: [event_spp_app_init]
[2026-05-01 05:42:37]   -> Executing Inline/Anonymous handler
[2026-05-01 05:42:46] Firing event: [event_spp_context_enforce]
[2026-05-01 05:42:46]   -> Executing Inline/Anonymous handler
[2026-05-01 05:42:46] Firing event: [event_spp_route_resolve]
[2026-05-01 05:42:46]   -> Executing Inline/Anonymous handler
[2026-05-01 05:42:46] Firing event: [event_spp_app_init]
[2026-05-01 05:42:46]   -> Executing Inline/Anonymous handler
[2026-05-01 05:43:28] Firing event: [event_spp_context_enforce]
[2026-05-01 05:43:28]   -> Executing Inline/Anonymous handler
[2026-05-01 05:43:28] Firing event: [event_spp_route_resolve]
[2026-05-01 05:43:28]   -> Executing Inline/Anonymous handler
[2026-05-01 05:43:29] Firing event: [event_spp_app_init]
[2026-05-01 05:43:29]   -> Executing Inline/Anonymous handler
[2026-05-01 05:44:20] Firing event: [event_spp_context_enforce]
[2026-05-01 05:44:20]   -> Executing Inline/Anonymous handler
[2026-05-01 05:44:20] Firing event: [event_spp_route_resolve]
[2026-05-01 05:44:20]   -> Executing Inline/Anonymous handler
[2026-05-01 05:44:21] Firing event: [event_spp_app_init]
[2026-05-01 05:44:21]   -> Executing Inline/Anonymous handler
[2026-05-01 07:47:36] Firing event: [event_spp_context_enforce]
[2026-05-01 07:47:36]   -> Executing Inline/Anonymous handler
[2026-05-01 07:47:36] Firing event: [event_spp_route_resolve]
[2026-05-01 07:47:36]   -> Executing Inline/Anonymous handler
[2026-05-01 07:47:36] Firing event: [event_spp_app_init]
[2026-05-01 07:47:36]   -> Executing Inline/Anonymous handler
[2026-05-01 05:49:08] Firing event: [event_spp_context_enforce]
[2026-05-01 05:49:08]   -> Executing Inline/Anonymous handler
[2026-05-01 05:49:08] Firing event: [event_spp_route_resolve]
[2026-05-01 05:49:08]   -> Executing Inline/Anonymous handler
[2026-05-01 05:49:08] Firing event: [event_spp_app_init]
[2026-05-01 05:49:08]   -> Executing Inline/Anonymous handler
[2026-05-01 05:49:08] Firing event: [event_spp_app_init]
[2026-05-01 05:49:08]   -> Executing Inline/Anonymous handler
[2026-05-01 05:49:11] Firing event: [event_spp_context_enforce]
[2026-05-01 05:49:11]   -> Executing Inline/Anonymous handler
[2026-05-01 05:49:11] Firing event: [event_spp_route_resolve]
[2026-05-01 05:49:11]   -> Executing Inline/Anonymous handler
[2026-05-01 05:49:12] Firing event: [event_spp_app_init]
[2026-05-01 05:49:12]   -> Executing Inline/Anonymous handler
[2026-05-01 05:49:13] Firing event: [event_spp_app_init]
[2026-05-01 05:49:13]   -> Executing Inline/Anonymous handler
[2026-05-01 05:49:27] Firing event: [event_spp_context_enforce]
[2026-05-01 05:49:27]   -> Executing Inline/Anonymous handler
[2026-05-01 05:49:27] Firing event: [event_spp_route_resolve]
[2026-05-01 05:49:27]   -> Executing Inline/Anonymous handler
[2026-05-01 05:49:27] Firing event: [event_spp_app_init]
[2026-05-01 05:49:27]   -> Executing Inline/Anonymous handler
[2026-05-01 05:49:28] Firing event: [event_spp_app_init]
[2026-05-01 05:49:28]   -> Executing Inline/Anonymous handler
[2026-05-01 05:49:33] Firing event: [event_spp_context_enforce]
[2026-05-01 05:49:33]   -> Executing Inline/Anonymous handler
[2026-05-01 05:49:33] Firing event: [event_spp_route_resolve]
[2026-05-01 05:49:33]   -> Executing Inline/Anonymous handler
[2026-05-01 05:49:33] Firing event: [event_spp_app_init]
[2026-05-01 05:49:33]   -> Executing Inline/Anonymous handler
[2026-05-01 05:49:35] Firing event: [event_spp_app_init]
[2026-05-01 05:49:35]   -> Executing Inline/Anonymous handler
[2026-05-01 05:50:06] Firing event: [event_spp_context_enforce]
[2026-05-01 05:50:06]   -> Executing Inline/Anonymous handler
[2026-05-01 05:50:06] Firing event: [event_spp_route_resolve]
[2026-05-01 05:50:06]   -> Executing Inline/Anonymous handler
[2026-05-01 05:50:06] Firing event: [event_spp_app_init]
[2026-05-01 05:50:06]   -> Executing Inline/Anonymous handler
[2026-05-01 05:50:09] Firing event: [event_spp_app_init]
[2026-05-01 05:50:09]   -> Executing Inline/Anonymous handler
[2026-05-01 05:50:17] Firing event: [event_spp_context_enforce]
[2026-05-01 05:50:17]   -> Executing Inline/Anonymous handler
[2026-05-01 05:50:17] Firing event: [event_spp_route_resolve]
[2026-05-01 05:50:17]   -> Executing Inline/Anonymous handler
[2026-05-01 05:50:17] Firing event: [event_spp_app_init]
[2026-05-01 05:50:17]   -> Executing Inline/Anonymous handler
[2026-05-01 05:50:17] Firing event: [event_spp_context_enforce]
[2026-05-01 05:50:17]   -> Executing Inline/Anonymous handler
[2026-05-01 05:50:17] Firing event: [event_spp_route_resolve]
[2026-05-01 05:50:17]   -> Executing Inline/Anonymous handler
[2026-05-01 05:50:18] Firing event: [event_spp_app_init]
[2026-05-01 05:50:18]   -> Executing Inline/Anonymous handler
[2026-05-01 05:50:19] Firing event: [event_spp_app_init]
[2026-05-01 05:50:19]   -> Executing Inline/Anonymous handler
[2026-05-01 05:50:19] Firing event: [event_spp_app_init]
[2026-05-01 05:50:19]   -> Executing Inline/Anonymous handler
[2026-05-01 05:50:26] Firing event: [event_spp_app_init]
[2026-05-01 05:50:26]   -> Executing Inline/Anonymous handler
[2026-05-01 05:50:27] Firing event: [event_spp_context_enforce]
[2026-05-01 05:50:27] Firing event: [event_spp_context_enforce]
[2026-05-01 05:50:27]   -> Executing Inline/Anonymous handler
[2026-05-01 05:50:27] Firing event: [event_spp_route_resolve]
[2026-05-01 05:50:27]   -> Executing Inline/Anonymous handler
[2026-05-01 05:50:27]   -> Executing Inline/Anonymous handler
[2026-05-01 05:50:27] Firing event: [event_spp_route_resolve]
[2026-05-01 05:50:27]   -> Executing Inline/Anonymous handler
[2026-05-01 05:50:27] Firing event: [event_spp_app_init]
[2026-05-01 05:50:27]   -> Executing Inline/Anonymous handler
[2026-05-01 05:50:27] Firing event: [event_spp_app_init]
[2026-05-01 05:50:27]   -> Executing Inline/Anonymous handler
[2026-05-01 05:50:27] Firing event: [event_spp_context_enforce]
[2026-05-01 05:50:27]   -> Executing Inline/Anonymous handler
[2026-05-01 05:50:27] Firing event: [event_spp_route_resolve]
[2026-05-01 05:50:27]   -> Executing Inline/Anonymous handler
[2026-05-01 05:50:28] Firing event: [event_spp_app_init]
[2026-05-01 05:50:28]   -> Executing Inline/Anonymous handler
[2026-05-01 05:50:28] Firing event: [event_spp_app_init]
[2026-05-01 05:50:28] Firing event: [event_spp_app_init]
[2026-05-01 05:50:28]   -> Executing Inline/Anonymous handler
[2026-05-01 05:50:28]   -> Executing Inline/Anonymous handler
[2026-05-01 05:50:30] Firing event: [event_spp_app_init]
[2026-05-01 05:50:30]   -> Executing Inline/Anonymous handler
[2026-05-01 05:50:31] Firing event: [event_spp_app_init]
[2026-05-01 05:50:31]   -> Executing Inline/Anonymous handler
[2026-05-01 05:50:31] Firing event: [event_spp_app_init]
[2026-05-01 05:50:31]   -> Executing Inline/Anonymous handler
[2026-05-01 05:50:36] Firing event: [event_spp_app_init]
[2026-05-01 05:50:36]   -> Executing Inline/Anonymous handler
[2026-05-01 05:50:39] Firing event: [event_spp_context_enforce]
[2026-05-01 05:50:39]   -> Executing Inline/Anonymous handler
[2026-05-01 05:50:39] Firing event: [event_spp_route_resolve]
[2026-05-01 05:50:39]   -> Executing Inline/Anonymous handler
[2026-05-01 05:50:39] Firing event: [event_spp_app_init]
[2026-05-01 05:50:39]   -> Executing Inline/Anonymous handler
[2026-05-01 05:50:41] Firing event: [event_spp_app_init]
[2026-05-01 05:50:41]   -> Executing Inline/Anonymous handler
[2026-05-01 05:50:47] Firing event: [event_spp_app_init]
[2026-05-01 05:50:47]   -> Executing Inline/Anonymous handler
[2026-05-01 05:51:11] Firing event: [event_spp_context_enforce]
[2026-05-01 05:51:11]   -> Executing Inline/Anonymous handler
[2026-05-01 05:51:11] Firing event: [event_spp_route_resolve]
[2026-05-01 05:51:11]   -> Executing Inline/Anonymous handler
[2026-05-01 05:51:11] Firing event: [event_spp_app_init]
[2026-05-01 05:51:11]   -> Executing Inline/Anonymous handler
[2026-05-01 05:51:13] Firing event: [event_spp_app_init]
[2026-05-01 05:51:13]   -> Executing Inline/Anonymous handler
[2026-05-01 05:51:16] Firing event: [event_spp_app_init]
[2026-05-01 05:51:17]   -> Executing Inline/Anonymous handler
[2026-05-01 05:51:33] Firing event: [event_spp_context_enforce]
[2026-05-01 05:51:33]   -> Executing Inline/Anonymous handler
[2026-05-01 05:51:33] Firing event: [event_spp_route_resolve]
[2026-05-01 05:51:33]   -> Executing Inline/Anonymous handler
[2026-05-01 05:51:33] Firing event: [event_spp_app_init]
[2026-05-01 05:51:33]   -> Executing Inline/Anonymous handler
[2026-05-01 05:51:34] Firing event: [event_spp_app_init]
[2026-05-01 05:51:34]   -> Executing Inline/Anonymous handler
[2026-05-01 05:51:39] Firing event: [event_spp_app_init]
[2026-05-01 05:51:39]   -> Executing Inline/Anonymous handler
[2026-05-01 05:57:17] Firing event: [event_spp_context_enforce]
[2026-05-01 05:57:17] Firing event: [event_spp_context_enforce]
[2026-05-01 05:57:17]   -> Executing Inline/Anonymous handler
[2026-05-01 05:57:17]   -> Executing Inline/Anonymous handler
[2026-05-01 05:57:17] Firing event: [event_spp_route_resolve]
[2026-05-01 05:57:17] Firing event: [event_spp_route_resolve]
[2026-05-01 05:57:17]   -> Executing Inline/Anonymous handler
[2026-05-01 05:57:17]   -> Executing Inline/Anonymous handler
[2026-05-01 05:57:17] Firing event: [event_spp_app_init]
[2026-05-01 05:57:17] Firing event: [event_spp_app_init]
[2026-05-01 05:57:17]   -> Executing Inline/Anonymous handler
[2026-05-01 05:57:17]   -> Executing Inline/Anonymous handler
[2026-05-01 05:57:17] Firing event: [event_spp_context_enforce]
[2026-05-01 05:57:17]   -> Executing Inline/Anonymous handler
[2026-05-01 05:57:17] Firing event: [event_spp_route_resolve]
[2026-05-01 05:57:17]   -> Executing Inline/Anonymous handler
[2026-05-01 05:57:17] Firing event: [event_spp_app_init]
[2026-05-01 05:57:17]   -> Executing Inline/Anonymous handler
[2026-05-01 05:57:17] Firing event: [event_spp_app_init]
[2026-05-01 05:57:17] Firing event: [event_spp_app_init]
[2026-05-01 05:57:17]   -> Executing Inline/Anonymous handler
[2026-05-01 05:57:17]   -> Executing Inline/Anonymous handler
[2026-05-01 05:57:17] Firing event: [event_spp_app_init]
[2026-05-01 05:57:17]   -> Executing Inline/Anonymous handler
[2026-05-01 05:57:18] Firing event: [event_spp_app_init]
[2026-05-01 05:57:18] Firing event: [event_spp_app_init]
[2026-05-01 05:57:18]   -> Executing Inline/Anonymous handler
[2026-05-01 05:57:18]   -> Executing Inline/Anonymous handler
[2026-05-01 05:57:18] Firing event: [event_spp_app_init]
[2026-05-01 05:57:18]   -> Executing Inline/Anonymous handler
[2026-05-01 05:57:20] Firing event: [event_spp_app_init]
[2026-05-01 05:57:20]   -> Executing Inline/Anonymous handler
[2026-05-01 05:57:20] Firing event: [event_spp_app_init]
[2026-05-01 05:57:20]   -> Executing Inline/Anonymous handler
[2026-05-01 05:57:21] Firing event: [event_spp_context_enforce]
[2026-05-01 05:57:21]   -> Executing Inline/Anonymous handler
[2026-05-01 05:57:21] Firing event: [event_spp_route_resolve]
[2026-05-01 05:57:21]   -> Executing Inline/Anonymous handler
[2026-05-01 05:57:21] Firing event: [event_spp_app_init]
[2026-05-01 05:57:21]   -> Executing Inline/Anonymous handler
[2026-05-01 05:57:21] Firing event: [event_spp_app_init]
[2026-05-01 05:57:21]   -> Executing Inline/Anonymous handler
[2026-05-01 05:57:23] Firing event: [event_spp_app_init]
[2026-05-01 05:57:23]   -> Executing Inline/Anonymous handler
[2026-05-01 05:57:37] Firing event: [event_spp_context_enforce]
[2026-05-01 05:57:37]   -> Executing Inline/Anonymous handler
[2026-05-01 05:57:37] Firing event: [event_spp_route_resolve]
[2026-05-01 05:57:37]   -> Executing Inline/Anonymous handler
[2026-05-01 05:57:37] Firing event: [event_spp_app_init]
[2026-05-01 05:57:37]   -> Executing Inline/Anonymous handler
[2026-05-01 05:57:38] Firing event: [event_spp_app_init]
[2026-05-01 05:57:38]   -> Executing Inline/Anonymous handler
[2026-05-01 05:57:39] Firing event: [event_spp_app_init]
[2026-05-01 05:57:39]   -> Executing Inline/Anonymous handler
[2026-05-01 05:57:40] Firing event: [event_spp_app_init]
[2026-05-01 05:57:40]   -> Executing Inline/Anonymous handler
[2026-05-01 05:57:56] Firing event: [event_spp_context_enforce]
[2026-05-01 05:57:56] Firing event: [event_spp_context_enforce]
[2026-05-01 05:57:56]   -> Executing Inline/Anonymous handler
[2026-05-01 05:57:56]   -> Executing Inline/Anonymous handler
[2026-05-01 05:57:56] Firing event: [event_spp_route_resolve]
[2026-05-01 05:57:56] Firing event: [event_spp_route_resolve]
[2026-05-01 05:57:56]   -> Executing Inline/Anonymous handler
[2026-05-01 05:57:56]   -> Executing Inline/Anonymous handler
[2026-05-01 05:57:57] Firing event: [event_spp_app_init]
[2026-05-01 05:57:57] Firing event: [event_spp_app_init]
[2026-05-01 05:57:57]   -> Executing Inline/Anonymous handler
[2026-05-01 05:57:57]   -> Executing Inline/Anonymous handler
[2026-05-01 05:57:57] Firing event: [event_spp_app_init]
[2026-05-01 05:57:57] Firing event: [event_spp_app_init]
[2026-05-01 05:57:57]   -> Executing Inline/Anonymous handler
[2026-05-01 05:57:57]   -> Executing Inline/Anonymous handler
[2026-05-01 05:57:59] Firing event: [event_spp_app_init]
[2026-05-01 05:57:59] Firing event: [event_spp_app_init]
[2026-05-01 05:57:59]   -> Executing Inline/Anonymous handler
[2026-05-01 05:57:59]   -> Executing Inline/Anonymous handler
[2026-05-01 05:57:59] Firing event: [event_spp_app_init]
[2026-05-01 05:57:59] Firing event: [event_spp_app_init]
[2026-05-01 05:57:59]   -> Executing Inline/Anonymous handler
[2026-05-01 05:57:59]   -> Executing Inline/Anonymous handler
[2026-05-01 05:58:34] Firing event: [event_spp_context_enforce]
[2026-05-01 05:58:34] Firing event: [event_spp_context_enforce]
[2026-05-01 05:58:34]   -> Executing Inline/Anonymous handler
[2026-05-01 05:58:34]   -> Executing Inline/Anonymous handler
[2026-05-01 05:58:34] Firing event: [event_spp_route_resolve]
[2026-05-01 05:58:34] Firing event: [event_spp_route_resolve]
[2026-05-01 05:58:34]   -> Executing Inline/Anonymous handler
[2026-05-01 05:58:34]   -> Executing Inline/Anonymous handler
[2026-05-01 05:58:34] Firing event: [event_spp_app_init]
[2026-05-01 05:58:34] Firing event: [event_spp_app_init]
[2026-05-01 05:58:34]   -> Executing Inline/Anonymous handler
[2026-05-01 05:58:34]   -> Executing Inline/Anonymous handler
[2026-05-01 05:58:35] Firing event: [event_spp_context_enforce]
[2026-05-01 05:58:35]   -> Executing Inline/Anonymous handler
[2026-05-01 05:58:35] Firing event: [event_spp_route_resolve]
[2026-05-01 05:58:35]   -> Executing Inline/Anonymous handler
[2026-05-01 05:58:35] Firing event: [event_spp_app_init]
[2026-05-01 05:58:35] Firing event: [event_spp_app_init]
[2026-05-01 05:58:35]   -> Executing Inline/Anonymous handler
[2026-05-01 05:58:35]   -> Executing Inline/Anonymous handler
[2026-05-01 05:58:35] Firing event: [event_spp_app_init]
[2026-05-01 05:58:35]   -> Executing Inline/Anonymous handler
[2026-05-01 05:58:35] Firing event: [event_spp_app_init]
[2026-05-01 05:58:35]   -> Executing Inline/Anonymous handler
[2026-05-01 05:58:35] Firing event: [event_spp_app_init]
[2026-05-01 05:58:35] Firing event: [event_spp_app_init]
[2026-05-01 05:58:35]   -> Executing Inline/Anonymous handler
[2026-05-01 05:58:35]   -> Executing Inline/Anonymous handler
[2026-05-01 05:58:35] Firing event: [event_spp_app_init]
[2026-05-01 05:58:35]   -> Executing Inline/Anonymous handler
[2026-05-01 05:58:37] Firing event: [event_spp_app_init]
[2026-05-01 05:58:38]   -> Executing Inline/Anonymous handler
[2026-05-01 05:58:38] Firing event: [event_spp_app_init]
[2026-05-01 05:58:38]   -> Executing Inline/Anonymous handler
[2026-05-01 05:58:39] Firing event: [event_spp_context_enforce]
[2026-05-01 05:58:39]   -> Executing Inline/Anonymous handler
[2026-05-01 05:58:39] Firing event: [event_spp_route_resolve]
[2026-05-01 05:58:39]   -> Executing Inline/Anonymous handler
[2026-05-01 05:58:39] Firing event: [event_spp_app_init]
[2026-05-01 05:58:39]   -> Executing Inline/Anonymous handler
[2026-05-01 05:58:40] Firing event: [event_spp_app_init]
[2026-05-01 05:58:40]   -> Executing Inline/Anonymous handler
[2026-05-01 05:58:42] Firing event: [event_spp_app_init]
[2026-05-01 05:58:42]   -> Executing Inline/Anonymous handler
[2026-05-01 05:58:49] Firing event: [event_spp_context_enforce]
[2026-05-01 05:58:49]   -> Executing Inline/Anonymous handler
[2026-05-01 05:58:49] Firing event: [event_spp_route_resolve]
[2026-05-01 05:58:49]   -> Executing Inline/Anonymous handler
[2026-05-01 05:58:49] Firing event: [event_spp_app_init]
[2026-05-01 05:58:49]   -> Executing Inline/Anonymous handler
[2026-05-01 05:58:51] Firing event: [event_spp_app_init]
[2026-05-01 05:58:51]   -> Executing Inline/Anonymous handler
[2026-05-01 05:59:00] Firing event: [event_spp_app_init]
[2026-05-01 05:59:00]   -> Executing Inline/Anonymous handler
[2026-05-01 05:59:00] Firing event: [event_spp_app_init]
[2026-05-01 05:59:00]   -> Executing Inline/Anonymous handler
[2026-05-01 05:59:45] Firing event: [event_spp_context_enforce]
[2026-05-01 05:59:45]   -> Executing Inline/Anonymous handler
[2026-05-01 05:59:45] Firing event: [event_spp_route_resolve]
[2026-05-01 05:59:45]   -> Executing Inline/Anonymous handler
[2026-05-01 05:59:45] Firing event: [event_spp_app_init]
[2026-05-01 05:59:45]   -> Executing Inline/Anonymous handler
[2026-05-01 05:59:47] Firing event: [event_spp_app_init]
[2026-05-01 05:59:47]   -> Executing Inline/Anonymous handler
[2026-05-01 05:59:53] Firing event: [event_spp_app_init]
[2026-05-01 05:59:53]   -> Executing Inline/Anonymous handler
[2026-05-01 05:59:53] Firing event: [event_spp_app_init]
[2026-05-01 05:59:53]   -> Executing Inline/Anonymous handler
[2026-05-01 06:00:40] Firing event: [event_spp_context_enforce]
[2026-05-01 06:00:40]   -> Executing Inline/Anonymous handler
[2026-05-01 06:00:40] Firing event: [event_spp_route_resolve]
[2026-05-01 06:00:40]   -> Executing Inline/Anonymous handler
[2026-05-01 06:00:40] Firing event: [event_spp_app_init]
[2026-05-01 06:00:40]   -> Executing Inline/Anonymous handler
[2026-05-01 06:00:42] Firing event: [event_spp_app_init]
[2026-05-01 06:00:42]   -> Executing Inline/Anonymous handler
[2026-05-01 06:00:48] Firing event: [event_spp_context_enforce]
[2026-05-01 06:00:48]   -> Executing Inline/Anonymous handler
[2026-05-01 06:00:48] Firing event: [event_spp_route_resolve]
[2026-05-01 06:00:48]   -> Executing Inline/Anonymous handler
[2026-05-01 06:00:48] Firing event: [event_spp_app_init]
[2026-05-01 06:00:48]   -> Executing Inline/Anonymous handler
[2026-05-01 06:00:50] Firing event: [event_spp_app_init]
[2026-05-01 06:00:50]   -> Executing Inline/Anonymous handler
[2026-05-01 06:01:03] Firing event: [event_spp_context_enforce]
[2026-05-01 06:01:03]   -> Executing Inline/Anonymous handler
[2026-05-01 06:01:03] Firing event: [event_spp_route_resolve]
[2026-05-01 06:01:03]   -> Executing Inline/Anonymous handler
[2026-05-01 06:01:03] Firing event: [event_spp_app_init]
[2026-05-01 06:01:03]   -> Executing Inline/Anonymous handler
[2026-05-01 06:01:03] Firing event: [event_spp_app_init]
[2026-05-01 06:01:03]   -> Executing Inline/Anonymous handler
[2026-05-01 06:01:05] Firing event: [event_spp_context_enforce]
[2026-05-01 06:01:05]   -> Executing Inline/Anonymous handler
[2026-05-01 06:01:05] Firing event: [event_spp_route_resolve]
[2026-05-01 06:01:05]   -> Executing Inline/Anonymous handler
[2026-05-01 06:01:05] Firing event: [event_spp_app_init]
[2026-05-01 06:01:05]   -> Executing Inline/Anonymous handler
[2026-05-01 06:01:05] Firing event: [event_spp_context_enforce]
[2026-05-01 06:01:05]   -> Executing Inline/Anonymous handler
[2026-05-01 06:01:05] Firing event: [event_spp_route_resolve]
[2026-05-01 06:01:05]   -> Executing Inline/Anonymous handler
[2026-05-01 06:01:05] Firing event: [event_spp_app_init]
[2026-05-01 06:01:05]   -> Executing Inline/Anonymous handler
[2026-05-01 06:01:05] Firing event: [event_spp_app_init]
[2026-05-01 06:01:05]   -> Executing Inline/Anonymous handler
[2026-05-01 06:01:06] Firing event: [event_spp_app_init]
[2026-05-01 06:01:06]   -> Executing Inline/Anonymous handler
[2026-05-01 06:01:07] Firing event: [event_spp_app_init]
[2026-05-01 06:01:07]   -> Executing Inline/Anonymous handler
[2026-05-01 06:01:07] Firing event: [event_spp_context_enforce]
[2026-05-01 06:01:07] Firing event: [event_spp_context_enforce]
[2026-05-01 06:01:07]   -> Executing Inline/Anonymous handler
[2026-05-01 06:01:07]   -> Executing Inline/Anonymous handler
[2026-05-01 06:01:07] Firing event: [event_spp_route_resolve]
[2026-05-01 06:01:07] Firing event: [event_spp_route_resolve]
[2026-05-01 06:01:07]   -> Executing Inline/Anonymous handler
[2026-05-01 06:01:07]   -> Executing Inline/Anonymous handler
[2026-05-01 06:01:07] Firing event: [event_spp_app_init]
[2026-05-01 06:01:07] Firing event: [event_spp_app_init]
[2026-05-01 06:01:07]   -> Executing Inline/Anonymous handler
[2026-05-01 06:01:07]   -> Executing Inline/Anonymous handler
[2026-05-01 06:01:07] Firing event: [event_spp_context_enforce]
[2026-05-01 06:01:07]   -> Executing Inline/Anonymous handler
[2026-05-01 06:01:07] Firing event: [event_spp_route_resolve]
[2026-05-01 06:01:07]   -> Executing Inline/Anonymous handler
[2026-05-01 06:01:07] Firing event: [event_spp_app_init]
[2026-05-01 06:01:07]   -> Executing Inline/Anonymous handler
[2026-05-01 06:01:07] Firing event: [event_spp_app_init]
[2026-05-01 06:01:07] Firing event: [event_spp_app_init]
[2026-05-01 06:01:07]   -> Executing Inline/Anonymous handler
[2026-05-01 06:01:07]   -> Executing Inline/Anonymous handler
[2026-05-01 06:01:08] Firing event: [event_spp_app_init]
[2026-05-01 06:01:08]   -> Executing Inline/Anonymous handler
[2026-05-01 06:01:08] Firing event: [event_spp_app_init]
[2026-05-01 06:01:08] Firing event: [event_spp_app_init]
[2026-05-01 06:01:08]   -> Executing Inline/Anonymous handler
[2026-05-01 06:01:08]   -> Executing Inline/Anonymous handler
[2026-05-01 06:01:08] Firing event: [event_spp_app_init]
[2026-05-01 06:01:08] Firing event: [event_spp_app_init]
[2026-05-01 06:01:08]   -> Executing Inline/Anonymous handler
[2026-05-01 06:01:08]   -> Executing Inline/Anonymous handler
[2026-05-01 06:01:09] Firing event: [event_spp_app_init]
[2026-05-01 06:01:09]   -> Executing Inline/Anonymous handler
[2026-05-01 06:01:09] Firing event: [event_spp_context_enforce]
[2026-05-01 06:01:09]   -> Executing Inline/Anonymous handler
[2026-05-01 06:01:10] Firing event: [event_spp_route_resolve]
[2026-05-01 06:01:10]   -> Executing Inline/Anonymous handler
[2026-05-01 06:01:10] Firing event: [event_spp_app_init]
[2026-05-01 06:01:10]   -> Executing Inline/Anonymous handler
[2026-05-01 06:01:10] Firing event: [event_spp_app_init]
[2026-05-01 06:01:10]   -> Executing Inline/Anonymous handler
[2026-05-01 06:01:11] Firing event: [event_spp_app_init]
[2026-05-01 06:01:11]   -> Executing Inline/Anonymous handler
[2026-05-01 06:13:13] Firing event: [event_spp_context_enforce]
[2026-05-01 06:13:13]   -> Executing Inline/Anonymous handler
[2026-05-01 06:13:13] Firing event: [event_spp_route_resolve]
[2026-05-01 06:13:13]   -> Executing Inline/Anonymous handler
[2026-05-01 06:13:13] Firing event: [event_spp_app_init]
[2026-05-01 06:13:13]   -> Executing Inline/Anonymous handler
[2026-05-01 06:13:14] Firing event: [event_spp_app_init]
[2026-05-01 06:13:14]   -> Executing Inline/Anonymous handler
[2026-05-01 06:13:18] Firing event: [event_spp_context_enforce]
[2026-05-01 06:13:18]   -> Executing Inline/Anonymous handler
[2026-05-01 06:13:18] Firing event: [event_spp_route_resolve]
[2026-05-01 06:13:18]   -> Executing Inline/Anonymous handler
[2026-05-01 06:13:18] Firing event: [event_spp_app_init]
[2026-05-01 06:13:18]   -> Executing Inline/Anonymous handler
[2026-05-01 06:13:22] Firing event: [event_spp_app_init]
[2026-05-01 06:13:22]   -> Executing Inline/Anonymous handler
[2026-05-01 06:14:09] Firing event: [event_spp_context_enforce]
[2026-05-01 06:14:09]   -> Executing Inline/Anonymous handler
[2026-05-01 06:14:09] Firing event: [event_spp_route_resolve]
[2026-05-01 06:14:09]   -> Executing Inline/Anonymous handler
[2026-05-01 06:14:09] Firing event: [event_spp_app_init]
[2026-05-01 06:14:09]   -> Executing Inline/Anonymous handler
[2026-05-01 06:14:11] Firing event: [event_spp_app_init]
[2026-05-01 06:14:11]   -> Executing Inline/Anonymous handler
[2026-05-01 06:14:16] Firing event: [event_spp_app_init]
[2026-05-01 06:14:17]   -> Executing Inline/Anonymous handler
[2026-05-01 06:14:20] Firing event: [event_spp_app_init]
[2026-05-01 06:14:20]   -> Executing Inline/Anonymous handler
[2026-05-01 06:14:45] Firing event: [event_spp_context_enforce]
[2026-05-01 06:14:45] Firing event: [event_spp_context_enforce]
[2026-05-01 06:14:45]   -> Executing Inline/Anonymous handler
[2026-05-01 06:14:45]   -> Executing Inline/Anonymous handler
[2026-05-01 06:14:45] Firing event: [event_spp_route_resolve]
[2026-05-01 06:14:45] Firing event: [event_spp_route_resolve]
[2026-05-01 06:14:45]   -> Executing Inline/Anonymous handler
[2026-05-01 06:14:45]   -> Executing Inline/Anonymous handler
[2026-05-01 06:14:45] Firing event: [event_spp_app_init]
[2026-05-01 06:14:45] Firing event: [event_spp_app_init]
[2026-05-01 06:14:45]   -> Executing Inline/Anonymous handler
[2026-05-01 06:14:45]   -> Executing Inline/Anonymous handler
[2026-05-01 06:14:46] Firing event: [event_spp_app_init]
[2026-05-01 06:14:46] Firing event: [event_spp_app_init]
[2026-05-01 06:14:46]   -> Executing Inline/Anonymous handler
[2026-05-01 06:14:46]   -> Executing Inline/Anonymous handler
[2026-05-01 06:14:49] Firing event: [event_spp_app_init]
[2026-05-01 06:14:49] Firing event: [event_spp_app_init]
[2026-05-01 06:14:49]   -> Executing Inline/Anonymous handler
[2026-05-01 06:14:49]   -> Executing Inline/Anonymous handler
[2026-05-01 06:14:49] Firing event: [event_spp_app_init]
[2026-05-01 06:14:49] Firing event: [event_spp_app_init]
[2026-05-01 06:14:49]   -> Executing Inline/Anonymous handler
[2026-05-01 06:14:49]   -> Executing Inline/Anonymous handler
[2026-05-01 06:16:03] Firing event: [event_spp_context_enforce]
[2026-05-01 06:16:03] Firing event: [event_spp_context_enforce]
[2026-05-01 06:16:03]   -> Executing Inline/Anonymous handler
[2026-05-01 06:16:03]   -> Executing Inline/Anonymous handler
[2026-05-01 06:16:03] Firing event: [event_spp_route_resolve]
[2026-05-01 06:16:03] Firing event: [event_spp_route_resolve]
[2026-05-01 06:16:03]   -> Executing Inline/Anonymous handler
[2026-05-01 06:16:03]   -> Executing Inline/Anonymous handler
[2026-05-01 06:16:03] Firing event: [event_spp_app_init]
[2026-05-01 06:16:03] Firing event: [event_spp_app_init]
[2026-05-01 06:16:03]   -> Executing Inline/Anonymous handler
[2026-05-01 06:16:03]   -> Executing Inline/Anonymous handler
[2026-05-01 06:16:03] Firing event: [event_spp_context_enforce]
[2026-05-01 06:16:03]   -> Executing Inline/Anonymous handler
[2026-05-01 06:16:03] Firing event: [event_spp_route_resolve]
[2026-05-01 06:16:03]   -> Executing Inline/Anonymous handler
[2026-05-01 06:16:04] Firing event: [event_spp_app_init]
[2026-05-01 06:16:04]   -> Executing Inline/Anonymous handler
[2026-05-01 06:16:04] Firing event: [event_spp_app_init]
[2026-05-01 06:16:04] Firing event: [event_spp_app_init]
[2026-05-01 06:16:04]   -> Executing Inline/Anonymous handler
[2026-05-01 06:16:04]   -> Executing Inline/Anonymous handler
[2026-05-01 06:16:07] Firing event: [event_spp_app_init]
[2026-05-01 06:16:07]   -> Executing Inline/Anonymous handler
[2026-05-01 06:16:08] Firing event: [event_spp_app_init]
[2026-05-01 06:16:08] Firing event: [event_spp_app_init]
[2026-05-01 06:16:08]   -> Executing Inline/Anonymous handler
[2026-05-01 06:16:08]   -> Executing Inline/Anonymous handler
[2026-05-01 06:16:08] Firing event: [event_spp_app_init]
[2026-05-01 06:16:08] Firing event: [event_spp_app_init]
[2026-05-01 06:16:08]   -> Executing Inline/Anonymous handler
[2026-05-01 06:16:08]   -> Executing Inline/Anonymous handler
[2026-05-01 06:16:16] Firing event: [event_spp_app_init]
[2026-05-01 06:16:16]   -> Executing Inline/Anonymous handler
[2026-05-01 06:16:17] Firing event: [event_spp_app_init]
[2026-05-01 06:16:17]   -> Executing Inline/Anonymous handler
[2026-05-01 06:16:21] Firing event: [event_spp_context_enforce]
[2026-05-01 06:16:21]   -> Executing Inline/Anonymous handler
[2026-05-01 06:16:21] Firing event: [event_spp_route_resolve]
[2026-05-01 06:16:21]   -> Executing Inline/Anonymous handler
[2026-05-01 06:16:22] Firing event: [event_spp_app_init]
[2026-05-01 06:16:22]   -> Executing Inline/Anonymous handler
[2026-05-01 06:16:23] Firing event: [event_spp_context_enforce]
[2026-05-01 06:16:23]   -> Executing Inline/Anonymous handler
[2026-05-01 06:16:23] Firing event: [event_spp_route_resolve]
[2026-05-01 06:16:23]   -> Executing Inline/Anonymous handler
[2026-05-01 06:16:23] Firing event: [event_spp_app_init]
[2026-05-01 06:16:23]   -> Executing Inline/Anonymous handler
[2026-05-01 06:16:24] Firing event: [event_spp_app_init]
[2026-05-01 06:16:24]   -> Executing Inline/Anonymous handler
[2026-05-01 06:16:24] Firing event: [event_spp_app_init]
[2026-05-01 06:16:24]   -> Executing Inline/Anonymous handler
[2026-05-01 06:16:30] Firing event: [event_spp_context_enforce]
[2026-05-01 06:16:30]   -> Executing Inline/Anonymous handler
[2026-05-01 06:16:30] Firing event: [event_spp_route_resolve]
[2026-05-01 06:16:30]   -> Executing Inline/Anonymous handler
[2026-05-01 06:16:30] Firing event: [event_spp_app_init]
[2026-05-01 06:16:30]   -> Executing Inline/Anonymous handler
[2026-05-01 06:16:32] Firing event: [event_spp_app_init]
[2026-05-01 06:16:32]   -> Executing Inline/Anonymous handler
[2026-05-01 06:16:32] Firing event: [event_spp_app_init]
[2026-05-01 06:16:32]   -> Executing Inline/Anonymous handler
[2026-05-01 06:17:14] Firing event: [event_spp_context_enforce]
[2026-05-01 06:17:14]   -> Executing Inline/Anonymous handler
[2026-05-01 06:17:14] Firing event: [event_spp_route_resolve]
[2026-05-01 06:17:15]   -> Executing Inline/Anonymous handler
[2026-05-01 06:17:15] Firing event: [event_spp_app_init]
[2026-05-01 06:17:15]   -> Executing Inline/Anonymous handler
[2026-05-01 06:17:17] Firing event: [event_spp_app_init]
[2026-05-01 06:17:18]   -> Executing Inline/Anonymous handler
[2026-05-01 06:17:25] Firing event: [event_spp_context_enforce]
[2026-05-01 06:17:25] Firing event: [event_spp_context_enforce]
[2026-05-01 06:17:25]   -> Executing Inline/Anonymous handler
[2026-05-01 06:17:25]   -> Executing Inline/Anonymous handler
[2026-05-01 06:17:25] Firing event: [event_spp_route_resolve]
[2026-05-01 06:17:25] Firing event: [event_spp_route_resolve]
[2026-05-01 06:17:25]   -> Executing Inline/Anonymous handler
[2026-05-01 06:17:25]   -> Executing Inline/Anonymous handler
[2026-05-01 06:17:25] Firing event: [event_spp_app_init]
[2026-05-01 06:17:25]   -> Executing Inline/Anonymous handler
[2026-05-01 06:17:26] Firing event: [event_spp_app_init]
[2026-05-01 06:17:26]   -> Executing Inline/Anonymous handler
[2026-05-01 06:17:26] Firing event: [event_spp_app_init]
[2026-05-01 06:17:26] Firing event: [event_spp_app_init]
[2026-05-01 06:17:26]   -> Executing Inline/Anonymous handler
[2026-05-01 06:17:26]   -> Executing Inline/Anonymous handler
[2026-05-01 06:17:30] Firing event: [event_spp_app_init]
[2026-05-01 06:17:30]   -> Executing Inline/Anonymous handler
[2026-05-01 06:17:30] Firing event: [event_spp_app_init]
[2026-05-01 06:17:30]   -> Executing Inline/Anonymous handler
[2026-05-01 06:17:33] Firing event: [event_spp_context_enforce]
[2026-05-01 06:17:33] Firing event: [event_spp_context_enforce]
[2026-05-01 06:17:33] Firing event: [event_spp_context_enforce]
[2026-05-01 06:17:33]   -> Executing Inline/Anonymous handler
[2026-05-01 06:17:33]   -> Executing Inline/Anonymous handler
[2026-05-01 06:17:33]   -> Executing Inline/Anonymous handler
[2026-05-01 06:17:33] Firing event: [event_spp_route_resolve]
[2026-05-01 06:17:33] Firing event: [event_spp_route_resolve]
[2026-05-01 06:17:33] Firing event: [event_spp_route_resolve]
[2026-05-01 06:17:33]   -> Executing Inline/Anonymous handler
[2026-05-01 06:17:33]   -> Executing Inline/Anonymous handler
[2026-05-01 06:17:33]   -> Executing Inline/Anonymous handler
[2026-05-01 06:17:33] Firing event: [event_spp_app_init]
[2026-05-01 06:17:33] Firing event: [event_spp_app_init]
[2026-05-01 06:17:33]   -> Executing Inline/Anonymous handler
[2026-05-01 06:17:33]   -> Executing Inline/Anonymous handler
[2026-05-01 06:17:33] Firing event: [event_spp_app_init]
[2026-05-01 06:17:33]   -> Executing Inline/Anonymous handler
[2026-05-01 06:17:34] Firing event: [event_spp_app_init]
[2026-05-01 06:17:34] Firing event: [event_spp_app_init]
[2026-05-01 06:17:34]   -> Executing Inline/Anonymous handler
[2026-05-01 06:17:34]   -> Executing Inline/Anonymous handler
[2026-05-01 06:17:35] Firing event: [event_spp_app_init]
[2026-05-01 06:17:35]   -> Executing Inline/Anonymous handler
[2026-05-01 06:17:38] Firing event: [event_spp_app_init]
[2026-05-01 06:17:38] Firing event: [event_spp_app_init]
[2026-05-01 06:17:38]   -> Executing Inline/Anonymous handler
[2026-05-01 06:17:38]   -> Executing Inline/Anonymous handler
[2026-05-01 06:17:38] Firing event: [event_spp_app_init]
[2026-05-01 06:17:38] Firing event: [event_spp_app_init]
[2026-05-01 06:17:38]   -> Executing Inline/Anonymous handler
[2026-05-01 06:17:38]   -> Executing Inline/Anonymous handler
[2026-05-01 06:17:42] Firing event: [event_spp_app_init]
[2026-05-01 06:17:42]   -> Executing Inline/Anonymous handler
[2026-05-01 06:17:43] Firing event: [event_spp_app_init]
[2026-05-01 06:17:43]   -> Executing Inline/Anonymous handler
[2026-05-01 06:17:46] Firing event: [event_spp_context_enforce]
[2026-05-01 06:17:46]   -> Executing Inline/Anonymous handler
[2026-05-01 06:17:46] Firing event: [event_spp_route_resolve]
[2026-05-01 06:17:46]   -> Executing Inline/Anonymous handler
[2026-05-01 06:17:46] Firing event: [event_spp_app_init]
[2026-05-01 06:17:46]   -> Executing Inline/Anonymous handler
[2026-05-01 06:17:48] Firing event: [event_spp_app_init]
[2026-05-01 06:17:48]   -> Executing Inline/Anonymous handler
[2026-05-01 06:17:53] Firing event: [event_spp_app_init]
[2026-05-01 06:17:53]   -> Executing Inline/Anonymous handler
[2026-05-01 06:18:01] Firing event: [event_spp_context_enforce]
[2026-05-01 06:18:01]   -> Executing Inline/Anonymous handler
[2026-05-01 06:18:01] Firing event: [event_spp_route_resolve]
[2026-05-01 06:18:01]   -> Executing Inline/Anonymous handler
[2026-05-01 06:18:02] Firing event: [event_spp_app_init]
[2026-05-01 06:18:02]   -> Executing Inline/Anonymous handler
[2026-05-01 06:18:05] Firing event: [event_spp_app_init]
[2026-05-01 06:18:05]   -> Executing Inline/Anonymous handler
[2026-05-01 06:18:14] Firing event: [event_spp_app_init]
[2026-05-01 06:18:14]   -> Executing Inline/Anonymous handler
[2026-05-01 06:18:18] Firing event: [event_spp_app_init]
[2026-05-01 06:18:18]   -> Executing Inline/Anonymous handler
[2026-05-01 06:18:37] Firing event: [event_spp_context_enforce]
[2026-05-01 06:18:37] Firing event: [event_spp_context_enforce]
[2026-05-01 06:18:37]   -> Executing Inline/Anonymous handler
[2026-05-01 06:18:37]   -> Executing Inline/Anonymous handler
[2026-05-01 06:18:37] Firing event: [event_spp_route_resolve]
[2026-05-01 06:18:37] Firing event: [event_spp_route_resolve]
[2026-05-01 06:18:37]   -> Executing Inline/Anonymous handler
[2026-05-01 06:18:37]   -> Executing Inline/Anonymous handler
[2026-05-01 06:18:38] Firing event: [event_spp_app_init]
[2026-05-01 06:18:38] Firing event: [event_spp_app_init]
[2026-05-01 06:18:38]   -> Executing Inline/Anonymous handler
[2026-05-01 06:18:38]   -> Executing Inline/Anonymous handler
[2026-05-01 06:18:38] Firing event: [event_spp_app_init]
[2026-05-01 06:18:38] Firing event: [event_spp_app_init]
[2026-05-01 06:18:38]   -> Executing Inline/Anonymous handler
[2026-05-01 06:18:38]   -> Executing Inline/Anonymous handler
[2026-05-01 06:18:41] Firing event: [event_spp_app_init]
[2026-05-01 06:18:41] Firing event: [event_spp_app_init]
[2026-05-01 06:18:41]   -> Executing Inline/Anonymous handler
[2026-05-01 06:18:41]   -> Executing Inline/Anonymous handler
[2026-05-01 06:18:41] Firing event: [event_spp_app_init]
[2026-05-01 06:18:41] Firing event: [event_spp_app_init]
[2026-05-01 06:18:41]   -> Executing Inline/Anonymous handler
[2026-05-01 06:18:41]   -> Executing Inline/Anonymous handler
[2026-05-01 06:21:41] Firing event: [event_spp_context_enforce]
[2026-05-01 06:21:41]   -> Executing Inline/Anonymous handler
[2026-05-01 06:21:41] Firing event: [event_spp_route_resolve]
[2026-05-01 06:21:41]   -> Executing Inline/Anonymous handler
[2026-05-01 06:21:41] Firing event: [event_spp_app_init]
[2026-05-01 06:21:41]   -> Executing Inline/Anonymous handler
[2026-05-01 06:21:47] Firing event: [event_spp_app_init]
[2026-05-01 06:21:47]   -> Executing Inline/Anonymous handler
[2026-05-01 06:22:00] Firing event: [event_spp_context_enforce]
[2026-05-01 06:22:00]   -> Executing Inline/Anonymous handler
[2026-05-01 06:22:00] Firing event: [event_spp_route_resolve]
[2026-05-01 06:22:00] Firing event: [event_spp_context_enforce]
[2026-05-01 06:22:00]   -> Executing Inline/Anonymous handler
[2026-05-01 06:22:00]   -> Executing Inline/Anonymous handler
[2026-05-01 06:22:00] Firing event: [event_spp_route_resolve]
[2026-05-01 06:22:00]   -> Executing Inline/Anonymous handler
[2026-05-01 06:22:01] Firing event: [event_spp_app_init]
[2026-05-01 06:22:01]   -> Executing Inline/Anonymous handler
[2026-05-01 06:22:01] Firing event: [event_spp_app_init]
[2026-05-01 06:22:01]   -> Executing Inline/Anonymous handler
[2026-05-01 06:22:04] Firing event: [event_spp_app_init]
[2026-05-01 06:22:04]   -> Executing Inline/Anonymous handler
[2026-05-01 06:22:05] Firing event: [event_spp_app_init]
[2026-05-01 06:22:05]   -> Executing Inline/Anonymous handler
[2026-05-01 06:22:11] Firing event: [event_spp_app_init]
[2026-05-01 06:22:11]   -> Executing Inline/Anonymous handler
[2026-05-01 06:22:12] Firing event: [event_spp_app_init]
[2026-05-01 06:22:12]   -> Executing Inline/Anonymous handler
[2026-05-01 06:22:16] Firing event: [event_spp_context_enforce]
[2026-05-01 06:22:16] Firing event: [event_spp_context_enforce]
[2026-05-01 06:22:16]   -> Executing Inline/Anonymous handler
[2026-05-01 06:22:16] Firing event: [event_spp_context_enforce]
[2026-05-01 06:22:16]   -> Executing Inline/Anonymous handler
[2026-05-01 06:22:16]   -> Executing Inline/Anonymous handler
[2026-05-01 06:22:16] Firing event: [event_spp_route_resolve]
[2026-05-01 06:22:16] Firing event: [event_spp_route_resolve]
[2026-05-01 06:22:16] Firing event: [event_spp_route_resolve]
[2026-05-01 06:22:16]   -> Executing Inline/Anonymous handler
[2026-05-01 06:22:16]   -> Executing Inline/Anonymous handler
[2026-05-01 06:22:16]   -> Executing Inline/Anonymous handler
[2026-05-01 06:22:16] Firing event: [event_spp_app_init]
[2026-05-01 06:22:16]   -> Executing Inline/Anonymous handler
[2026-05-01 06:22:16] Firing event: [event_spp_app_init]
[2026-05-01 06:22:16] Firing event: [event_spp_app_init]
[2026-05-01 06:22:16]   -> Executing Inline/Anonymous handler
[2026-05-01 06:22:16]   -> Executing Inline/Anonymous handler
[2026-05-01 06:22:18] Firing event: [event_spp_app_init]
[2026-05-01 06:22:18] Firing event: [event_spp_app_init]
[2026-05-01 06:22:18]   -> Executing Inline/Anonymous handler
[2026-05-01 06:22:18]   -> Executing Inline/Anonymous handler
[2026-05-01 06:22:18] Firing event: [event_spp_app_init]
[2026-05-01 06:22:18]   -> Executing Inline/Anonymous handler
[2026-05-01 06:22:23] Firing event: [event_spp_app_init]
[2026-05-01 06:22:23] Firing event: [event_spp_app_init]
[2026-05-01 06:22:23]   -> Executing Inline/Anonymous handler
[2026-05-01 06:22:23]   -> Executing Inline/Anonymous handler
[2026-05-01 06:22:23] Firing event: [event_spp_app_init]
[2026-05-01 06:22:23]   -> Executing Inline/Anonymous handler
[2026-05-01 06:22:23] Firing event: [event_spp_app_init]
[2026-05-01 06:22:23]   -> Executing Inline/Anonymous handler
[2026-05-01 06:22:27] Firing event: [event_spp_app_init]
[2026-05-01 06:22:27]   -> Executing Inline/Anonymous handler
[2026-05-01 06:22:28] Firing event: [event_spp_app_init]
[2026-05-01 06:22:28]   -> Executing Inline/Anonymous handler
[2026-05-01 06:22:32] Firing event: [event_spp_context_enforce]
[2026-05-01 06:22:32]   -> Executing Inline/Anonymous handler
[2026-05-01 06:22:32] Firing event: [event_spp_route_resolve]
[2026-05-01 06:22:32]   -> Executing Inline/Anonymous handler
[2026-05-01 06:22:32] Firing event: [event_spp_app_init]
[2026-05-01 06:22:32]   -> Executing Inline/Anonymous handler
[2026-05-01 06:22:35] Firing event: [event_spp_app_init]
[2026-05-01 06:22:35]   -> Executing Inline/Anonymous handler
[2026-05-01 06:22:42] Firing event: [event_spp_app_init]
[2026-05-01 06:22:42]   -> Executing Inline/Anonymous handler
[2026-05-01 06:23:09] Firing event: [event_spp_context_enforce]
[2026-05-01 06:23:09]   -> Executing Inline/Anonymous handler
[2026-05-01 06:23:09] Firing event: [event_spp_route_resolve]
[2026-05-01 06:23:09]   -> Executing Inline/Anonymous handler
[2026-05-01 06:23:09] Firing event: [event_spp_app_init]
[2026-05-01 06:23:09]   -> Executing Inline/Anonymous handler
[2026-05-01 06:23:12] Firing event: [event_spp_app_init]
[2026-05-01 06:23:12]   -> Executing Inline/Anonymous handler
[2026-05-01 06:23:18] Firing event: [event_spp_app_init]
[2026-05-01 06:23:18]   -> Executing Inline/Anonymous handler
[2026-05-01 06:23:22] Firing event: [event_spp_app_init]
[2026-05-01 06:23:22]   -> Executing Inline/Anonymous handler
[2026-05-01 06:23:41] Firing event: [event_spp_context_enforce]
[2026-05-01 06:23:41] Firing event: [event_spp_context_enforce]
[2026-05-01 06:23:41]   -> Executing Inline/Anonymous handler
[2026-05-01 06:23:41]   -> Executing Inline/Anonymous handler
[2026-05-01 06:23:41] Firing event: [event_spp_route_resolve]
[2026-05-01 06:23:41] Firing event: [event_spp_route_resolve]
[2026-05-01 06:23:41]   -> Executing Inline/Anonymous handler
[2026-05-01 06:23:41]   -> Executing Inline/Anonymous handler
[2026-05-01 06:23:41] Firing event: [event_spp_app_init]
[2026-05-01 06:23:41] Firing event: [event_spp_app_init]
[2026-05-01 06:23:41]   -> Executing Inline/Anonymous handler
[2026-05-01 06:23:41]   -> Executing Inline/Anonymous handler
[2026-05-01 06:23:42] Firing event: [event_spp_app_init]
[2026-05-01 06:23:42] Firing event: [event_spp_app_init]
[2026-05-01 06:23:42]   -> Executing Inline/Anonymous handler
[2026-05-01 06:23:42]   -> Executing Inline/Anonymous handler
[2026-05-01 06:23:46] Firing event: [event_spp_app_init]
[2026-05-01 06:23:46] Firing event: [event_spp_app_init]
[2026-05-01 06:23:46]   -> Executing Inline/Anonymous handler
[2026-05-01 06:23:46]   -> Executing Inline/Anonymous handler
[2026-05-01 06:23:46] Firing event: [event_spp_app_init]
[2026-05-01 06:23:46] Firing event: [event_spp_app_init]
[2026-05-01 06:23:46]   -> Executing Inline/Anonymous handler
[2026-05-01 06:23:46]   -> Executing Inline/Anonymous handler
[2026-05-01 06:31:35] Firing event: [event_spp_context_enforce]
[2026-05-01 06:31:36]   -> Executing Inline/Anonymous handler
[2026-05-01 06:31:36] Firing event: [event_spp_route_resolve]
[2026-05-01 06:31:36]   -> Executing Inline/Anonymous handler
[2026-05-01 06:31:36] Firing event: [event_spp_app_init]
[2026-05-01 06:31:36]   -> Executing Inline/Anonymous handler
[2026-05-01 06:31:43] Firing event: [event_spp_app_init]
[2026-05-01 06:31:43]   -> Executing Inline/Anonymous handler
[2026-05-01 06:31:54] Firing event: [event_spp_context_enforce]
[2026-05-01 06:31:54] Firing event: [event_spp_context_enforce]
[2026-05-01 06:31:54]   -> Executing Inline/Anonymous handler
[2026-05-01 06:31:54] Firing event: [event_spp_route_resolve]
[2026-05-01 06:31:54]   -> Executing Inline/Anonymous handler
[2026-05-01 06:31:54]   -> Executing Inline/Anonymous handler
[2026-05-01 06:31:54] Firing event: [event_spp_route_resolve]
[2026-05-01 06:31:54]   -> Executing Inline/Anonymous handler
[2026-05-01 06:31:54] Firing event: [event_spp_app_init]
[2026-05-01 06:31:54]   -> Executing Inline/Anonymous handler
[2026-05-01 06:31:54] Firing event: [event_spp_app_init]
[2026-05-01 06:31:54]   -> Executing Inline/Anonymous handler
[2026-05-01 06:31:59] Firing event: [event_spp_context_enforce]
[2026-05-01 06:31:59]   -> Executing Inline/Anonymous handler
[2026-05-01 06:31:59] Firing event: [event_spp_route_resolve]
[2026-05-01 06:31:59]   -> Executing Inline/Anonymous handler
[2026-05-01 06:31:59] Firing event: [event_spp_app_init]
[2026-05-01 06:31:59]   -> Executing Inline/Anonymous handler
[2026-05-01 06:32:02] Firing event: [event_spp_app_init]
[2026-05-01 06:32:02]   -> Executing Inline/Anonymous handler
[2026-05-01 06:32:15] Firing event: [event_spp_context_enforce]
[2026-05-01 06:32:15]   -> Executing Inline/Anonymous handler
[2026-05-01 06:32:15] Firing event: [event_spp_route_resolve]
[2026-05-01 06:32:15]   -> Executing Inline/Anonymous handler
[2026-05-01 06:32:15] Firing event: [event_spp_app_init]
[2026-05-01 06:32:15]   -> Executing Inline/Anonymous handler
[2026-05-01 06:32:17] Firing event: [event_spp_app_init]
[2026-05-01 06:32:17]   -> Executing Inline/Anonymous handler
[2026-05-01 06:32:20] Firing event: [event_spp_context_enforce]
[2026-05-01 06:32:20] Firing event: [event_spp_context_enforce]
[2026-05-01 06:32:20]   -> Executing Inline/Anonymous handler
[2026-05-01 06:32:20]   -> Executing Inline/Anonymous handler
[2026-05-01 06:32:20] Firing event: [event_spp_route_resolve]
[2026-05-01 06:32:20] Firing event: [event_spp_route_resolve]
[2026-05-01 06:32:20]   -> Executing Inline/Anonymous handler
[2026-05-01 06:32:20]   -> Executing Inline/Anonymous handler
[2026-05-01 06:32:20] Firing event: [event_spp_app_init]
[2026-05-01 06:32:20]   -> Executing Inline/Anonymous handler
[2026-05-01 06:32:20] Firing event: [event_spp_app_init]
[2026-05-01 06:32:20]   -> Executing Inline/Anonymous handler
[2026-05-01 06:32:20] Firing event: [event_spp_app_init]
[2026-05-01 06:32:20] Firing event: [event_spp_app_init]
[2026-05-01 06:32:20]   -> Executing Inline/Anonymous handler
[2026-05-01 06:32:20]   -> Executing Inline/Anonymous handler
[2026-05-01 06:32:21] Firing event: [event_spp_app_init]
[2026-05-01 06:32:21]   -> Executing Inline/Anonymous handler
[2026-05-01 06:32:21] Firing event: [event_spp_app_init]
[2026-05-01 06:32:21]   -> Executing Inline/Anonymous handler
[2026-05-01 06:32:22] Firing event: [event_spp_context_enforce]
[2026-05-01 06:32:22] Firing event: [event_spp_context_enforce]
[2026-05-01 06:32:22]   -> Executing Inline/Anonymous handler
[2026-05-01 06:32:22]   -> Executing Inline/Anonymous handler
[2026-05-01 06:32:22] Firing event: [event_spp_route_resolve]
[2026-05-01 06:32:22] Firing event: [event_spp_context_enforce]
[2026-05-01 06:32:22] Firing event: [event_spp_route_resolve]
[2026-05-01 06:32:22]   -> Executing Inline/Anonymous handler
[2026-05-01 06:32:22]   -> Executing Inline/Anonymous handler
[2026-05-01 06:32:22]   -> Executing Inline/Anonymous handler
[2026-05-01 06:32:22] Firing event: [event_spp_route_resolve]
[2026-05-01 06:32:22]   -> Executing Inline/Anonymous handler
[2026-05-01 06:32:22] Firing event: [event_spp_app_init]
[2026-05-01 06:32:22] Firing event: [event_spp_app_init]
[2026-05-01 06:32:22]   -> Executing Inline/Anonymous handler
[2026-05-01 06:32:22]   -> Executing Inline/Anonymous handler
[2026-05-01 06:32:22] Firing event: [event_spp_app_init]
[2026-05-01 06:32:22]   -> Executing Inline/Anonymous handler
[2026-05-01 06:32:22] Firing event: [event_spp_app_init]
[2026-05-01 06:32:22] Firing event: [event_spp_app_init]
[2026-05-01 06:32:22]   -> Executing Inline/Anonymous handler
[2026-05-01 06:32:22]   -> Executing Inline/Anonymous handler
[2026-05-01 06:32:23] Firing event: [event_spp_app_init]
[2026-05-01 06:32:23]   -> Executing Inline/Anonymous handler
[2026-05-01 06:32:24] Firing event: [event_spp_app_init]
[2026-05-01 06:32:24] Firing event: [event_spp_app_init]
[2026-05-01 06:32:24]   -> Executing Inline/Anonymous handler
[2026-05-01 06:32:24]   -> Executing Inline/Anonymous handler
[2026-05-01 06:32:24] Firing event: [event_spp_app_init]
[2026-05-01 06:32:24] Firing event: [event_spp_app_init]
[2026-05-01 06:32:24]   -> Executing Inline/Anonymous handler
[2026-05-01 06:32:24]   -> Executing Inline/Anonymous handler
[2026-05-01 06:32:25] Firing event: [event_spp_app_init]
[2026-05-01 06:32:25]   -> Executing Inline/Anonymous handler
[2026-05-01 06:32:26] Firing event: [event_spp_app_init]
[2026-05-01 06:32:26]   -> Executing Inline/Anonymous handler
[2026-05-01 06:32:27] Firing event: [event_spp_context_enforce]
[2026-05-01 06:32:27]   -> Executing Inline/Anonymous handler
[2026-05-01 06:32:27] Firing event: [event_spp_route_resolve]
[2026-05-01 06:32:27]   -> Executing Inline/Anonymous handler
[2026-05-01 06:32:27] Firing event: [event_spp_app_init]
[2026-05-01 06:32:27]   -> Executing Inline/Anonymous handler
[2026-05-01 06:32:29] Firing event: [event_spp_app_init]
[2026-05-01 06:32:29]   -> Executing Inline/Anonymous handler
[2026-05-01 06:32:32] Firing event: [event_spp_app_init]
[2026-05-01 06:32:32]   -> Executing Inline/Anonymous handler
[2026-05-01 06:35:02] Firing event: [event_spp_context_enforce]
[2026-05-01 06:35:02]   -> Executing Inline/Anonymous handler
[2026-05-01 06:35:02] Firing event: [event_spp_route_resolve]
[2026-05-01 06:35:02]   -> Executing Inline/Anonymous handler
[2026-05-01 06:35:02] Firing event: [event_spp_app_init]
[2026-05-01 06:35:02]   -> Executing Inline/Anonymous handler
[2026-05-01 06:35:03] Firing event: [event_spp_app_init]
[2026-05-01 06:35:03]   -> Executing Inline/Anonymous handler
[2026-05-01 06:35:07] Firing event: [event_spp_app_init]
[2026-05-01 06:35:07]   -> Executing Inline/Anonymous handler
[2026-05-01 06:35:07] Firing event: [event_spp_app_init]
[2026-05-01 06:35:07]   -> Executing Inline/Anonymous handler
[2026-05-01 06:35:15] Firing event: [event_spp_context_enforce]
[2026-05-01 06:35:15]   -> Executing Inline/Anonymous handler
[2026-05-01 06:35:15] Firing event: [event_spp_route_resolve]
[2026-05-01 06:35:15]   -> Executing Inline/Anonymous handler
[2026-05-01 06:35:15] Firing event: [event_spp_app_init]
[2026-05-01 06:35:15]   -> Executing Inline/Anonymous handler
[2026-05-01 06:35:17] Firing event: [event_spp_app_init]
[2026-05-01 06:35:17]   -> Executing Inline/Anonymous handler
[2026-05-01 06:35:21] Firing event: [event_spp_app_init]
[2026-05-01 06:35:21]   -> Executing Inline/Anonymous handler
[2026-05-01 06:35:21] Firing event: [event_spp_app_init]
[2026-05-01 06:35:21]   -> Executing Inline/Anonymous handler
[2026-05-01 06:35:30] Firing event: [event_spp_context_enforce]
[2026-05-01 06:35:30]   -> Executing Inline/Anonymous handler
[2026-05-01 06:35:30] Firing event: [event_spp_route_resolve]
[2026-05-01 06:35:30]   -> Executing Inline/Anonymous handler
[2026-05-01 06:35:30] Firing event: [event_spp_app_init]
[2026-05-01 06:35:30]   -> Executing Inline/Anonymous handler
[2026-05-01 06:35:33] Firing event: [event_spp_app_init]
[2026-05-01 06:35:33]   -> Executing Inline/Anonymous handler
[2026-05-01 06:35:39] Firing event: [event_spp_context_enforce]
[2026-05-01 06:35:39] Firing event: [event_spp_context_enforce]
[2026-05-01 06:35:39]   -> Executing Inline/Anonymous handler
[2026-05-01 06:35:39] Firing event: [event_spp_route_resolve]
[2026-05-01 06:35:39]   -> Executing Inline/Anonymous handler
[2026-05-01 06:35:39]   -> Executing Inline/Anonymous handler
[2026-05-01 06:35:39] Firing event: [event_spp_route_resolve]
[2026-05-01 06:35:39]   -> Executing Inline/Anonymous handler
[2026-05-01 06:35:39] Firing event: [event_spp_app_init]
[2026-05-01 06:35:39]   -> Executing Inline/Anonymous handler
[2026-05-01 06:35:39] Firing event: [event_spp_app_init]
[2026-05-01 06:35:39]   -> Executing Inline/Anonymous handler
[2026-05-01 06:35:43] Firing event: [event_spp_context_enforce]
[2026-05-01 06:35:43]   -> Executing Inline/Anonymous handler
[2026-05-01 06:35:43] Firing event: [event_spp_route_resolve]
[2026-05-01 06:35:43]   -> Executing Inline/Anonymous handler
[2026-05-01 06:35:43] Firing event: [event_spp_app_init]
[2026-05-01 06:35:43]   -> Executing Inline/Anonymous handler
[2026-05-01 06:35:46] Firing event: [event_spp_app_init]
[2026-05-01 06:35:46]   -> Executing Inline/Anonymous handler
[2026-05-01 06:35:58] Firing event: [event_spp_context_enforce]
[2026-05-01 06:35:58]   -> Executing Inline/Anonymous handler
[2026-05-01 06:35:58] Firing event: [event_spp_route_resolve]
[2026-05-01 06:35:58]   -> Executing Inline/Anonymous handler
[2026-05-01 06:35:59] Firing event: [event_spp_app_init]
[2026-05-01 06:35:59]   -> Executing Inline/Anonymous handler
[2026-05-01 06:35:59] Firing event: [event_spp_app_init]
[2026-05-01 06:35:59]   -> Executing Inline/Anonymous handler
[2026-05-01 06:36:01] Firing event: [event_spp_context_enforce]
[2026-05-01 06:36:01] Firing event: [event_spp_context_enforce]
[2026-05-01 06:36:01]   -> Executing Inline/Anonymous handler
[2026-05-01 06:36:01]   -> Executing Inline/Anonymous handler
[2026-05-01 06:36:01] Firing event: [event_spp_route_resolve]
[2026-05-01 06:36:01] Firing event: [event_spp_route_resolve]
[2026-05-01 06:36:01]   -> Executing Inline/Anonymous handler
[2026-05-01 06:36:01]   -> Executing Inline/Anonymous handler
[2026-05-01 06:36:01] Firing event: [event_spp_app_init]
[2026-05-01 06:36:01]   -> Executing Inline/Anonymous handler
[2026-05-01 06:36:01] Firing event: [event_spp_app_init]
[2026-05-01 06:36:01]   -> Executing Inline/Anonymous handler
[2026-05-01 06:36:02] Firing event: [event_spp_app_init]
[2026-05-01 06:36:02] Firing event: [event_spp_app_init]
[2026-05-01 06:36:02]   -> Executing Inline/Anonymous handler
[2026-05-01 06:36:02]   -> Executing Inline/Anonymous handler
[2026-05-01 06:36:02] Firing event: [event_spp_app_init]
[2026-05-01 06:36:02]   -> Executing Inline/Anonymous handler
[2026-05-01 06:36:02] Firing event: [event_spp_app_init]
[2026-05-01 06:36:02]   -> Executing Inline/Anonymous handler
[2026-05-01 06:36:03] Firing event: [event_spp_context_enforce]
[2026-05-01 06:36:03] Firing event: [event_spp_context_enforce]
[2026-05-01 06:36:03] Firing event: [event_spp_context_enforce]
[2026-05-01 06:36:03]   -> Executing Inline/Anonymous handler
[2026-05-01 06:36:03]   -> Executing Inline/Anonymous handler
[2026-05-01 06:36:03]   -> Executing Inline/Anonymous handler
[2026-05-01 06:36:03] Firing event: [event_spp_route_resolve]
[2026-05-01 06:36:03] Firing event: [event_spp_route_resolve]
[2026-05-01 06:36:03] Firing event: [event_spp_route_resolve]
[2026-05-01 06:36:03]   -> Executing Inline/Anonymous handler
[2026-05-01 06:36:03]   -> Executing Inline/Anonymous handler
[2026-05-01 06:36:03]   -> Executing Inline/Anonymous handler
[2026-05-01 06:36:03] Firing event: [event_spp_app_init]
[2026-05-01 06:36:03] Firing event: [event_spp_app_init]
[2026-05-01 06:36:03] Firing event: [event_spp_app_init]
[2026-05-01 06:36:03]   -> Executing Inline/Anonymous handler
[2026-05-01 06:36:03]   -> Executing Inline/Anonymous handler
[2026-05-01 06:36:03]   -> Executing Inline/Anonymous handler
[2026-05-01 06:36:03] Firing event: [event_spp_app_init]
[2026-05-01 06:36:03] Firing event: [event_spp_app_init]
[2026-05-01 06:36:03] Firing event: [event_spp_app_init]
[2026-05-01 06:36:03]   -> Executing Inline/Anonymous handler
[2026-05-01 06:36:03]   -> Executing Inline/Anonymous handler
[2026-05-01 06:36:03]   -> Executing Inline/Anonymous handler
[2026-05-01 06:36:04] Firing event: [event_spp_app_init]
[2026-05-01 06:36:04] Firing event: [event_spp_app_init]
[2026-05-01 06:36:04]   -> Executing Inline/Anonymous handler
[2026-05-01 06:36:04]   -> Executing Inline/Anonymous handler
[2026-05-01 06:36:04] Firing event: [event_spp_app_init]
[2026-05-01 06:36:04] Firing event: [event_spp_app_init]
[2026-05-01 06:36:04]   -> Executing Inline/Anonymous handler
[2026-05-01 06:36:04]   -> Executing Inline/Anonymous handler
[2026-05-01 06:36:05] Firing event: [event_spp_app_init]
[2026-05-01 06:36:05]   -> Executing Inline/Anonymous handler
[2026-05-01 06:36:05] Firing event: [event_spp_app_init]
[2026-05-01 06:36:05]   -> Executing Inline/Anonymous handler
[2026-05-01 06:36:06] Firing event: [event_spp_context_enforce]
[2026-05-01 06:36:06]   -> Executing Inline/Anonymous handler
[2026-05-01 06:36:06] Firing event: [event_spp_route_resolve]
[2026-05-01 06:36:06]   -> Executing Inline/Anonymous handler
[2026-05-01 06:36:06] Firing event: [event_spp_app_init]
[2026-05-01 06:36:06]   -> Executing Inline/Anonymous handler
[2026-05-01 06:36:07] Firing event: [event_spp_app_init]
[2026-05-01 06:36:07]   -> Executing Inline/Anonymous handler
[2026-05-01 06:36:10] Firing event: [event_spp_app_init]
[2026-05-01 06:36:10]   -> Executing Inline/Anonymous handler
[2026-05-01 06:39:15] Firing event: [event_spp_context_enforce]
[2026-05-01 06:39:15]   -> Executing Inline/Anonymous handler
[2026-05-01 06:39:15] Firing event: [event_spp_route_resolve]
[2026-05-01 06:39:15]   -> Executing Inline/Anonymous handler
[2026-05-01 06:39:15] Firing event: [event_spp_app_init]
[2026-05-01 06:39:15]   -> Executing Inline/Anonymous handler
[2026-05-01 06:39:18] Firing event: [event_spp_app_init]
[2026-05-01 06:39:18]   -> Executing Inline/Anonymous handler
[2026-05-01 06:39:21] Firing event: [event_spp_app_init]
[2026-05-01 06:39:21]   -> Executing Inline/Anonymous handler
[2026-05-01 06:39:22] Firing event: [event_spp_app_init]
[2026-05-01 06:39:22]   -> Executing Inline/Anonymous handler
[2026-05-01 08:41:52] Firing event: [event_spp_context_enforce]
[2026-05-01 08:41:52]   -> Executing Inline/Anonymous handler
[2026-05-01 08:41:52] Firing event: [event_spp_route_resolve]
[2026-05-01 08:41:52]   -> Executing Inline/Anonymous handler
[2026-05-01 08:41:52] Firing event: [event_spp_app_init]
[2026-05-01 08:41:52]   -> Executing Inline/Anonymous handler
[2026-05-01 08:42:12] Firing event: [event_spp_context_enforce]
[2026-05-01 08:42:12]   -> Executing Inline/Anonymous handler
[2026-05-01 08:42:12] Firing event: [event_spp_route_resolve]
[2026-05-01 08:42:12]   -> Executing Inline/Anonymous handler
[2026-05-01 08:42:12] Firing event: [event_spp_app_init]
[2026-05-01 08:42:12]   -> Executing Inline/Anonymous handler
[2026-05-01 08:42:16] Firing event: [event_spp_app_init]
[2026-05-01 08:42:16]   -> Executing Inline/Anonymous handler
[2026-05-01 08:43:50] Firing event: [event_spp_context_enforce]
[2026-05-01 08:43:50]   -> Executing Inline/Anonymous handler
[2026-05-01 08:43:50] Firing event: [event_spp_route_resolve]
[2026-05-01 08:43:50]   -> Executing Inline/Anonymous handler
[2026-05-01 08:43:50] Firing event: [event_spp_app_init]
[2026-05-01 08:43:50]   -> Executing Inline/Anonymous handler
[2026-05-01 08:44:38] Firing event: [event_spp_context_enforce]
[2026-05-01 08:44:38]   -> Executing Inline/Anonymous handler
[2026-05-01 08:44:38] Firing event: [event_spp_route_resolve]
[2026-05-01 08:44:38]   -> Executing Inline/Anonymous handler
[2026-05-01 08:44:38] Firing event: [event_spp_app_init]
[2026-05-01 08:44:38]   -> Executing Inline/Anonymous handler
[2026-05-01 08:44:41] Firing event: [event_spp_app_init]
[2026-05-01 08:44:41]   -> Executing Inline/Anonymous handler
[2026-05-01 08:44:58] Firing event: [event_spp_context_enforce]
[2026-05-01 08:44:58]   -> Executing Inline/Anonymous handler
[2026-05-01 08:44:58] Firing event: [event_spp_route_resolve]
[2026-05-01 08:44:58]   -> Executing Inline/Anonymous handler
[2026-05-01 08:44:58] Firing event: [event_spp_app_init]
[2026-05-01 08:44:58]   -> Executing Inline/Anonymous handler
[2026-05-01 08:45:01] Firing event: [event_spp_app_init]
[2026-05-01 08:45:01]   -> Executing Inline/Anonymous handler
[2026-05-01 07:29:13] Firing event: [event_spp_context_enforce]
[2026-05-01 07:29:13]   -> Executing Inline/Anonymous handler
[2026-05-01 07:29:13] Firing event: [event_spp_route_resolve]
[2026-05-01 07:29:13]   -> Executing Inline/Anonymous handler
[2026-05-01 07:29:14] Firing event: [event_spp_app_init]
[2026-05-01 07:29:14]   -> Executing Inline/Anonymous handler
[2026-05-01 07:29:18] Firing event: [event_spp_app_init]
[2026-05-01 07:29:18]   -> Executing Inline/Anonymous handler
[2026-05-01 07:29:35] Firing event: [event_spp_context_enforce]
[2026-05-01 07:29:35]   -> Executing Inline/Anonymous handler
[2026-05-01 07:29:35] Firing event: [event_spp_route_resolve]
[2026-05-01 07:29:35]   -> Executing Inline/Anonymous handler
[2026-05-01 07:29:35] Firing event: [event_spp_app_init]
[2026-05-01 07:29:35]   -> Executing Inline/Anonymous handler
[2026-05-01 07:29:36] Firing event: [event_spp_app_init]
[2026-05-01 07:29:36]   -> Executing Inline/Anonymous handler
[2026-05-01 07:29:38] Firing event: [event_spp_context_enforce]
[2026-05-01 07:29:38] Firing event: [event_spp_context_enforce]
[2026-05-01 07:29:38]   -> Executing Inline/Anonymous handler
[2026-05-01 07:29:38]   -> Executing Inline/Anonymous handler
[2026-05-01 07:29:38] Firing event: [event_spp_route_resolve]
[2026-05-01 07:29:38] Firing event: [event_spp_route_resolve]
[2026-05-01 07:29:38]   -> Executing Inline/Anonymous handler
[2026-05-01 07:29:38]   -> Executing Inline/Anonymous handler
[2026-05-01 07:29:38] Firing event: [event_spp_app_init]
[2026-05-01 07:29:38] Firing event: [event_spp_app_init]
[2026-05-01 07:29:38]   -> Executing Inline/Anonymous handler
[2026-05-01 07:29:38]   -> Executing Inline/Anonymous handler
[2026-05-01 07:29:39] Firing event: [event_spp_context_enforce]
[2026-05-01 07:29:39]   -> Executing Inline/Anonymous handler
[2026-05-01 07:29:39] Firing event: [event_spp_route_resolve]
[2026-05-01 07:29:39]   -> Executing Inline/Anonymous handler
[2026-05-01 07:29:39] Firing event: [event_spp_app_init]
[2026-05-01 07:29:39]   -> Executing Inline/Anonymous handler
[2026-05-01 07:29:39] Firing event: [event_spp_app_init]
[2026-05-01 07:29:39]   -> Executing Inline/Anonymous handler
[2026-05-01 07:29:50] Firing event: [event_spp_context_enforce]
[2026-05-01 07:29:50]   -> Executing Inline/Anonymous handler
[2026-05-01 07:29:50] Firing event: [event_spp_route_resolve]
[2026-05-01 07:29:50]   -> Executing Inline/Anonymous handler
[2026-05-01 07:29:50] Firing event: [event_spp_app_init]
[2026-05-01 07:29:50]   -> Executing Inline/Anonymous handler
[2026-05-01 07:29:51] Firing event: [event_spp_app_init]
[2026-05-01 07:29:51]   -> Executing Inline/Anonymous handler
[2026-05-01 07:29:52] Firing event: [event_spp_context_enforce]
[2026-05-01 07:29:52] Firing event: [event_spp_context_enforce]
[2026-05-01 07:29:52]   -> Executing Inline/Anonymous handler
[2026-05-01 07:29:52]   -> Executing Inline/Anonymous handler
[2026-05-01 07:29:52] Firing event: [event_spp_route_resolve]
[2026-05-01 07:29:52] Firing event: [event_spp_route_resolve]
[2026-05-01 07:29:52]   -> Executing Inline/Anonymous handler
[2026-05-01 07:29:52]   -> Executing Inline/Anonymous handler
[2026-05-01 07:29:52] Firing event: [event_spp_app_init]
[2026-05-01 07:29:52] Firing event: [event_spp_app_init]
[2026-05-01 07:29:52]   -> Executing Inline/Anonymous handler
[2026-05-01 07:29:52]   -> Executing Inline/Anonymous handler
[2026-05-01 07:29:53] Firing event: [event_spp_app_init]
[2026-05-01 07:29:53]   -> Executing Inline/Anonymous handler
[2026-05-01 07:29:53] Firing event: [event_spp_app_init]
[2026-05-01 07:29:53]   -> Executing Inline/Anonymous handler
[2026-05-01 07:29:54] Firing event: [event_spp_app_init]
[2026-05-01 07:29:54]   -> Executing Inline/Anonymous handler
[2026-05-01 07:29:54] Firing event: [event_spp_app_init]
[2026-05-01 07:29:54]   -> Executing Inline/Anonymous handler
[2026-05-01 07:29:55] Firing event: [event_spp_context_enforce]
[2026-05-01 07:29:55] Firing event: [event_spp_context_enforce]
[2026-05-01 07:29:55]   -> Executing Inline/Anonymous handler
[2026-05-01 07:29:55]   -> Executing Inline/Anonymous handler
[2026-05-01 07:29:55] Firing event: [event_spp_route_resolve]
[2026-05-01 07:29:55] Firing event: [event_spp_route_resolve]
[2026-05-01 07:29:55]   -> Executing Inline/Anonymous handler
[2026-05-01 07:29:55]   -> Executing Inline/Anonymous handler
[2026-05-01 07:29:55] Firing event: [event_spp_app_init]
[2026-05-01 07:29:55]   -> Executing Inline/Anonymous handler
[2026-05-01 07:29:55] Firing event: [event_spp_app_init]
[2026-05-01 07:29:55]   -> Executing Inline/Anonymous handler
[2026-05-01 07:29:55] Firing event: [event_spp_context_enforce]
[2026-05-01 07:29:55]   -> Executing Inline/Anonymous handler
[2026-05-01 07:29:55] Firing event: [event_spp_route_resolve]
[2026-05-01 07:29:55]   -> Executing Inline/Anonymous handler
[2026-05-01 07:29:55] Firing event: [event_spp_app_init]
[2026-05-01 07:29:55]   -> Executing Inline/Anonymous handler
[2026-05-01 07:29:55] Firing event: [event_spp_app_init]
[2026-05-01 07:29:55] Firing event: [event_spp_app_init]
[2026-05-01 07:29:55]   -> Executing Inline/Anonymous handler
[2026-05-01 07:29:55]   -> Executing Inline/Anonymous handler
[2026-05-01 07:29:56] Firing event: [event_spp_app_init]
[2026-05-01 07:29:56] Firing event: [event_spp_app_init]
[2026-05-01 07:29:56]   -> Executing Inline/Anonymous handler
[2026-05-01 07:29:56]   -> Executing Inline/Anonymous handler
[2026-05-01 07:29:56] Firing event: [event_spp_app_init]
[2026-05-01 07:29:56] Firing event: [event_spp_app_init]
[2026-05-01 07:29:56]   -> Executing Inline/Anonymous handler
[2026-05-01 07:29:56]   -> Executing Inline/Anonymous handler
[2026-05-01 07:29:56] Firing event: [event_spp_app_init]
[2026-05-01 07:29:56]   -> Executing Inline/Anonymous handler
[2026-05-01 07:29:58] Firing event: [event_spp_app_init]
[2026-05-01 07:29:58]   -> Executing Inline/Anonymous handler
[2026-05-01 07:29:58] Firing event: [event_spp_app_init]
[2026-05-01 07:29:58]   -> Executing Inline/Anonymous handler
[2026-05-01 07:29:59] Firing event: [event_spp_context_enforce]
[2026-05-01 07:29:59]   -> Executing Inline/Anonymous handler
[2026-05-01 07:29:59] Firing event: [event_spp_route_resolve]
[2026-05-01 07:29:59]   -> Executing Inline/Anonymous handler
[2026-05-01 07:29:59] Firing event: [event_spp_app_init]
[2026-05-01 07:29:59]   -> Executing Inline/Anonymous handler
[2026-05-01 07:30:02] Firing event: [event_spp_app_init]
[2026-05-01 07:30:02]   -> Executing Inline/Anonymous handler
[2026-05-01 07:30:05] Firing event: [event_spp_app_init]
[2026-05-01 07:30:05]   -> Executing Inline/Anonymous handler
[2026-05-01 07:30:10] Firing event: [event_spp_context_enforce]
[2026-05-01 07:30:10]   -> Executing Inline/Anonymous handler
[2026-05-01 07:30:10] Firing event: [event_spp_route_resolve]
[2026-05-01 07:30:10]   -> Executing Inline/Anonymous handler
[2026-05-01 07:30:10] Firing event: [event_spp_app_init]
[2026-05-01 07:30:10]   -> Executing Inline/Anonymous handler
[2026-05-01 07:30:15] Firing event: [event_spp_app_init]
[2026-05-01 07:30:15]   -> Executing Inline/Anonymous handler
[2026-05-01 07:30:21] Firing event: [event_spp_app_init]
[2026-05-01 07:30:21]   -> Executing Inline/Anonymous handler
[2026-05-01 07:30:22] Firing event: [event_spp_app_init]
[2026-05-01 07:30:22]   -> Executing Inline/Anonymous handler
[2026-05-01 07:30:33] Firing event: [event_spp_context_enforce]
[2026-05-01 07:30:33]   -> Executing Inline/Anonymous handler
[2026-05-01 07:30:33] Firing event: [event_spp_route_resolve]
[2026-05-01 07:30:33]   -> Executing Inline/Anonymous handler
[2026-05-01 07:30:33] Firing event: [event_spp_app_init]
[2026-05-01 07:30:33]   -> Executing Inline/Anonymous handler
[2026-05-01 07:30:36] Firing event: [event_spp_app_init]
[2026-05-01 07:30:36]   -> Executing Inline/Anonymous handler
[2026-05-01 07:30:40] Firing event: [event_spp_app_init]
[2026-05-01 07:30:40]   -> Executing Inline/Anonymous handler
[2026-05-01 07:30:41] Firing event: [event_spp_app_init]
[2026-05-01 07:30:41]   -> Executing Inline/Anonymous handler
[2026-05-01 07:30:53] Firing event: [event_spp_context_enforce]
[2026-05-01 07:30:53]   -> Executing Inline/Anonymous handler
[2026-05-01 07:30:53] Firing event: [event_spp_route_resolve]
[2026-05-01 07:30:53]   -> Executing Inline/Anonymous handler
[2026-05-01 07:30:53] Firing event: [event_spp_app_init]
[2026-05-01 07:30:53]   -> Executing Inline/Anonymous handler
[2026-05-01 07:30:59] Firing event: [event_spp_app_init]
[2026-05-01 07:30:59]   -> Executing Inline/Anonymous handler
[2026-05-01 07:31:07] Firing event: [event_spp_context_enforce]
[2026-05-01 07:31:07] Firing event: [event_spp_context_enforce]
[2026-05-01 07:31:07]   -> Executing Inline/Anonymous handler
[2026-05-01 07:31:07]   -> Executing Inline/Anonymous handler
[2026-05-01 07:31:07] Firing event: [event_spp_route_resolve]
[2026-05-01 07:31:07] Firing event: [event_spp_route_resolve]
[2026-05-01 07:31:07]   -> Executing Inline/Anonymous handler
[2026-05-01 07:31:07]   -> Executing Inline/Anonymous handler
[2026-05-01 07:31:07] Firing event: [event_spp_app_init]
[2026-05-01 07:31:07] Firing event: [event_spp_app_init]
[2026-05-01 07:31:07]   -> Executing Inline/Anonymous handler
[2026-05-01 07:31:07]   -> Executing Inline/Anonymous handler
[2026-05-01 07:31:09] Firing event: [event_spp_context_enforce]
[2026-05-01 07:31:09]   -> Executing Inline/Anonymous handler
[2026-05-01 07:31:09] Firing event: [event_spp_route_resolve]
[2026-05-01 07:31:09]   -> Executing Inline/Anonymous handler
[2026-05-01 07:31:09] Firing event: [event_spp_app_init]
[2026-05-01 07:31:09]   -> Executing Inline/Anonymous handler
[2026-05-01 07:31:10] Firing event: [event_spp_app_init]
[2026-05-01 07:31:10]   -> Executing Inline/Anonymous handler
[2026-05-01 07:31:32] Firing event: [event_spp_context_enforce]
[2026-05-01 07:31:32]   -> Executing Inline/Anonymous handler
[2026-05-01 07:31:32] Firing event: [event_spp_route_resolve]
[2026-05-01 07:31:32]   -> Executing Inline/Anonymous handler
[2026-05-01 07:31:32] Firing event: [event_spp_app_init]
[2026-05-01 07:31:32]   -> Executing Inline/Anonymous handler
[2026-05-01 07:31:33] Firing event: [event_spp_app_init]
[2026-05-01 07:31:33]   -> Executing Inline/Anonymous handler
[2026-05-01 07:31:34] Firing event: [event_spp_context_enforce]
[2026-05-01 07:31:34]   -> Executing Inline/Anonymous handler
[2026-05-01 07:31:34] Firing event: [event_spp_context_enforce]
[2026-05-01 07:31:34] Firing event: [event_spp_route_resolve]
[2026-05-01 07:31:34]   -> Executing Inline/Anonymous handler
[2026-05-01 07:31:34]   -> Executing Inline/Anonymous handler
[2026-05-01 07:31:34] Firing event: [event_spp_route_resolve]
[2026-05-01 07:31:34]   -> Executing Inline/Anonymous handler
[2026-05-01 07:31:34] Firing event: [event_spp_app_init]
[2026-05-01 07:31:34]   -> Executing Inline/Anonymous handler
[2026-05-01 07:31:34] Firing event: [event_spp_app_init]
[2026-05-01 07:31:34]   -> Executing Inline/Anonymous handler
[2026-05-01 07:31:35] Firing event: [event_spp_app_init]
[2026-05-01 07:31:35]   -> Executing Inline/Anonymous handler
[2026-05-01 07:31:35] Firing event: [event_spp_app_init]
[2026-05-01 07:31:35]   -> Executing Inline/Anonymous handler
[2026-05-01 07:31:36] Firing event: [event_spp_app_init]
[2026-05-01 07:31:36]   -> Executing Inline/Anonymous handler
[2026-05-01 07:31:36] Firing event: [event_spp_app_init]
[2026-05-01 07:31:36]   -> Executing Inline/Anonymous handler
[2026-05-01 07:31:37] Firing event: [event_spp_context_enforce]
[2026-05-01 07:31:37] Firing event: [event_spp_context_enforce]
[2026-05-01 07:31:37]   -> Executing Inline/Anonymous handler
[2026-05-01 07:31:37]   -> Executing Inline/Anonymous handler
[2026-05-01 07:31:37] Firing event: [event_spp_route_resolve]
[2026-05-01 07:31:37] Firing event: [event_spp_route_resolve]
[2026-05-01 07:31:37]   -> Executing Inline/Anonymous handler
[2026-05-01 07:31:37]   -> Executing Inline/Anonymous handler
[2026-05-01 07:31:37] Firing event: [event_spp_app_init]
[2026-05-01 07:31:37] Firing event: [event_spp_app_init]
[2026-05-01 07:31:37]   -> Executing Inline/Anonymous handler
[2026-05-01 07:31:37]   -> Executing Inline/Anonymous handler
[2026-05-01 07:31:37] Firing event: [event_spp_context_enforce]
[2026-05-01 07:31:37]   -> Executing Inline/Anonymous handler
[2026-05-01 07:31:37] Firing event: [event_spp_route_resolve]
[2026-05-01 07:31:37]   -> Executing Inline/Anonymous handler
[2026-05-01 07:31:37] Firing event: [event_spp_app_init]
[2026-05-01 07:31:37]   -> Executing Inline/Anonymous handler
[2026-05-01 07:31:37] Firing event: [event_spp_app_init]
[2026-05-01 07:31:37] Firing event: [event_spp_app_init]
[2026-05-01 07:31:37]   -> Executing Inline/Anonymous handler
[2026-05-01 07:31:37]   -> Executing Inline/Anonymous handler
[2026-05-01 07:31:37] Firing event: [event_spp_app_init]
[2026-05-01 07:31:37]   -> Executing Inline/Anonymous handler
[2026-05-01 07:31:38] Firing event: [event_spp_app_init]
[2026-05-01 07:31:38] Firing event: [event_spp_app_init]
[2026-05-01 07:31:38]   -> Executing Inline/Anonymous handler
[2026-05-01 07:31:38]   -> Executing Inline/Anonymous handler
[2026-05-01 07:31:38] Firing event: [event_spp_app_init]
[2026-05-01 07:31:38] Firing event: [event_spp_app_init]
[2026-05-01 07:31:38]   -> Executing Inline/Anonymous handler
[2026-05-01 07:31:38]   -> Executing Inline/Anonymous handler
[2026-05-01 07:31:40] Firing event: [event_spp_app_init]
[2026-05-01 07:31:40]   -> Executing Inline/Anonymous handler
[2026-05-01 07:31:40] Firing event: [event_spp_app_init]
[2026-05-01 07:31:40]   -> Executing Inline/Anonymous handler
[2026-05-01 07:31:41] Firing event: [event_spp_context_enforce]
[2026-05-01 07:31:41]   -> Executing Inline/Anonymous handler
[2026-05-01 07:31:41] Firing event: [event_spp_route_resolve]
[2026-05-01 07:31:41]   -> Executing Inline/Anonymous handler
[2026-05-01 07:31:41] Firing event: [event_spp_app_init]
[2026-05-01 07:31:41]   -> Executing Inline/Anonymous handler
[2026-05-01 07:31:43] Firing event: [event_spp_app_init]
[2026-05-01 07:31:43]   -> Executing Inline/Anonymous handler
[2026-05-01 07:31:45] Firing event: [event_spp_app_init]
[2026-05-01 07:31:45]   -> Executing Inline/Anonymous handler
[2026-05-01 07:31:51] Firing event: [event_spp_context_enforce]
[2026-05-01 07:31:51]   -> Executing Inline/Anonymous handler
[2026-05-01 07:31:51] Firing event: [event_spp_route_resolve]
[2026-05-01 07:31:51]   -> Executing Inline/Anonymous handler
[2026-05-01 07:31:51] Firing event: [event_spp_app_init]
[2026-05-01 07:31:51]   -> Executing Inline/Anonymous handler
[2026-05-01 07:31:52] Firing event: [event_spp_app_init]
[2026-05-01 07:31:52]   -> Executing Inline/Anonymous handler
[2026-05-01 07:31:58] Firing event: [event_spp_app_init]
[2026-05-01 07:31:58]   -> Executing Inline/Anonymous handler
[2026-05-01 07:31:59] Firing event: [event_spp_app_init]
[2026-05-01 07:31:59]   -> Executing Inline/Anonymous handler
[2026-05-01 07:32:15] Firing event: [event_spp_context_enforce]
[2026-05-01 07:32:15]   -> Executing Inline/Anonymous handler
[2026-05-01 07:32:15] Firing event: [event_spp_route_resolve]
[2026-05-01 07:32:15]   -> Executing Inline/Anonymous handler
[2026-05-01 07:32:16] Firing event: [event_spp_app_init]
[2026-05-01 07:32:16]   -> Executing Inline/Anonymous handler
[2026-05-01 07:32:17] Firing event: [event_spp_app_init]
[2026-05-01 07:32:17]   -> Executing Inline/Anonymous handler
[2026-05-01 07:32:19] Firing event: [event_spp_app_init]
[2026-05-01 07:32:19]   -> Executing Inline/Anonymous handler
[2026-05-01 07:32:19] Firing event: [event_spp_app_init]
[2026-05-01 07:32:19]   -> Executing Inline/Anonymous handler
[2026-05-01 07:32:58] Firing event: [event_spp_context_enforce]
[2026-05-01 07:32:58]   -> Executing Inline/Anonymous handler
[2026-05-01 07:32:58] Firing event: [event_spp_route_resolve]
[2026-05-01 07:32:58]   -> Executing Inline/Anonymous handler
[2026-05-01 07:32:58] Firing event: [event_spp_app_init]
[2026-05-01 07:32:58]   -> Executing Inline/Anonymous handler
[2026-05-01 07:32:59] Firing event: [event_spp_app_init]
[2026-05-01 07:32:59]   -> Executing Inline/Anonymous handler
[2026-05-01 07:33:00] Firing event: [event_spp_app_init]
[2026-05-01 07:33:00]   -> Executing Inline/Anonymous handler
[2026-05-01 07:33:01] Firing event: [event_spp_app_init]
[2026-05-01 07:33:01]   -> Executing Inline/Anonymous handler
[2026-05-01 07:33:10] Firing event: [event_spp_context_enforce]
[2026-05-01 07:33:10] Firing event: [event_spp_context_enforce]
[2026-05-01 07:33:10]   -> Executing Inline/Anonymous handler
[2026-05-01 07:33:10]   -> Executing Inline/Anonymous handler
[2026-05-01 07:33:10] Firing event: [event_spp_route_resolve]
[2026-05-01 07:33:10] Firing event: [event_spp_route_resolve]
[2026-05-01 07:33:10]   -> Executing Inline/Anonymous handler
[2026-05-01 07:33:10]   -> Executing Inline/Anonymous handler
[2026-05-01 07:33:10] Firing event: [event_spp_app_init]
[2026-05-01 07:33:10] Firing event: [event_spp_app_init]
[2026-05-01 07:33:10]   -> Executing Inline/Anonymous handler
[2026-05-01 07:33:10]   -> Executing Inline/Anonymous handler
[2026-05-01 07:33:10] Firing event: [event_spp_app_init]
[2026-05-01 07:33:10] Firing event: [event_spp_app_init]
[2026-05-01 07:33:10]   -> Executing Inline/Anonymous handler
[2026-05-01 07:33:10]   -> Executing Inline/Anonymous handler
[2026-05-01 07:33:11] Firing event: [event_spp_app_init]
[2026-05-01 07:33:11] Firing event: [event_spp_app_init]
[2026-05-01 07:33:11]   -> Executing Inline/Anonymous handler
[2026-05-01 07:33:11]   -> Executing Inline/Anonymous handler
[2026-05-01 07:33:11] Firing event: [event_spp_app_init]
[2026-05-01 07:33:11] Firing event: [event_spp_app_init]
[2026-05-01 07:33:11]   -> Executing Inline/Anonymous handler
[2026-05-01 07:33:11]   -> Executing Inline/Anonymous handler
[2026-05-01 07:34:11] Firing event: [event_spp_context_enforce]
[2026-05-01 07:34:11]   -> Executing Inline/Anonymous handler
[2026-05-01 07:34:11] Firing event: [event_spp_route_resolve]
[2026-05-01 07:34:11]   -> Executing Inline/Anonymous handler
[2026-05-01 07:34:11] Firing event: [event_spp_app_init]
[2026-05-01 07:34:11]   -> Executing Inline/Anonymous handler
[2026-05-01 07:34:12] Firing event: [event_spp_app_init]
[2026-05-01 07:34:12]   -> Executing Inline/Anonymous handler
[2026-05-01 07:34:13] Firing event: [event_spp_app_init]
[2026-05-01 07:34:13]   -> Executing Inline/Anonymous handler
[2026-05-01 07:34:13] Firing event: [event_spp_app_init]
[2026-05-01 07:34:13]   -> Executing Inline/Anonymous handler
[2026-05-01 07:34:20] Firing event: [event_spp_context_enforce]
[2026-05-01 07:34:20]   -> Executing Inline/Anonymous handler
[2026-05-01 07:34:20] Firing event: [event_spp_route_resolve]
[2026-05-01 07:34:20]   -> Executing Inline/Anonymous handler
[2026-05-01 07:34:20] Firing event: [event_spp_app_init]
[2026-05-01 07:34:20]   -> Executing Inline/Anonymous handler
[2026-05-01 07:34:21] Firing event: [event_spp_app_init]
[2026-05-01 07:34:21]   -> Executing Inline/Anonymous handler
[2026-05-01 07:34:22] Firing event: [event_spp_app_init]
[2026-05-01 07:34:22]   -> Executing Inline/Anonymous handler
[2026-05-01 07:34:34] Firing event: [event_spp_context_enforce]
[2026-05-01 07:34:34]   -> Executing Inline/Anonymous handler
[2026-05-01 07:34:34] Firing event: [event_spp_route_resolve]
[2026-05-01 07:34:34]   -> Executing Inline/Anonymous handler
[2026-05-01 07:34:34] Firing event: [event_spp_app_init]
[2026-05-01 07:34:34]   -> Executing Inline/Anonymous handler
[2026-05-01 07:34:35] Firing event: [event_spp_app_init]
[2026-05-01 07:34:35]   -> Executing Inline/Anonymous handler
[2026-05-01 07:34:37] Firing event: [event_spp_app_init]
[2026-05-01 07:34:37]   -> Executing Inline/Anonymous handler
[2026-05-01 07:34:53] Firing event: [event_spp_context_enforce]
[2026-05-01 07:34:53]   -> Executing Inline/Anonymous handler
[2026-05-01 07:34:53] Firing event: [event_spp_route_resolve]
[2026-05-01 07:34:53]   -> Executing Inline/Anonymous handler
[2026-05-01 07:34:53] Firing event: [event_spp_app_init]
[2026-05-01 07:34:53]   -> Executing Inline/Anonymous handler
[2026-05-01 07:34:54] Firing event: [event_spp_app_init]
[2026-05-01 07:34:54]   -> Executing Inline/Anonymous handler
[2026-05-01 07:34:55] Firing event: [event_spp_app_init]
[2026-05-01 07:34:55]   -> Executing Inline/Anonymous handler
[2026-05-01 07:34:55] Firing event: [event_spp_app_init]
[2026-05-01 07:34:55]   -> Executing Inline/Anonymous handler
[2026-05-01 07:35:41] Firing event: [event_spp_context_enforce]
[2026-05-01 07:35:41]   -> Executing Inline/Anonymous handler
[2026-05-01 07:35:41] Firing event: [event_spp_route_resolve]
[2026-05-01 07:35:41]   -> Executing Inline/Anonymous handler
[2026-05-01 07:35:41] Firing event: [event_spp_app_init]
[2026-05-01 07:35:41]   -> Executing Inline/Anonymous handler
[2026-05-01 07:35:42] Firing event: [event_spp_app_init]
[2026-05-01 07:35:42]   -> Executing Inline/Anonymous handler
[2026-05-01 07:35:43] Firing event: [event_spp_app_init]
[2026-05-01 07:35:43]   -> Executing Inline/Anonymous handler
[2026-05-01 07:35:43] Firing event: [event_spp_app_init]
[2026-05-01 07:35:43]   -> Executing Inline/Anonymous handler
[2026-05-01 07:38:19] Firing event: [event_spp_context_enforce]
[2026-05-01 07:38:19]   -> Executing Inline/Anonymous handler
[2026-05-01 07:38:19] Firing event: [event_spp_route_resolve]
[2026-05-01 07:38:19]   -> Executing Inline/Anonymous handler
[2026-05-01 07:38:19] Firing event: [event_spp_app_init]
[2026-05-01 07:38:19]   -> Executing Inline/Anonymous handler
[2026-05-01 07:38:20] Firing event: [event_spp_app_init]
[2026-05-01 07:38:20]   -> Executing Inline/Anonymous handler
[2026-05-01 07:38:21] Firing event: [event_spp_context_enforce]
[2026-05-01 07:38:21]   -> Executing Inline/Anonymous handler
[2026-05-01 07:38:21] Firing event: [event_spp_route_resolve]
[2026-05-01 07:38:21]   -> Executing Inline/Anonymous handler
[2026-05-01 07:38:21] Firing event: [event_spp_context_enforce]
[2026-05-01 07:38:21] Firing event: [event_spp_app_init]
[2026-05-01 07:38:21]   -> Executing Inline/Anonymous handler
[2026-05-01 07:38:21]   -> Executing Inline/Anonymous handler
[2026-05-01 07:38:21] Firing event: [event_spp_route_resolve]
[2026-05-01 07:38:21]   -> Executing Inline/Anonymous handler
[2026-05-01 07:38:21] Firing event: [event_spp_app_init]
[2026-05-01 07:38:21]   -> Executing Inline/Anonymous handler
[2026-05-01 07:38:23] Firing event: [event_spp_context_enforce]
[2026-05-01 07:38:23]   -> Executing Inline/Anonymous handler
[2026-05-01 07:38:23] Firing event: [event_spp_route_resolve]
[2026-05-01 07:38:23]   -> Executing Inline/Anonymous handler
[2026-05-01 07:38:24] Firing event: [event_spp_app_init]
[2026-05-01 07:38:24]   -> Executing Inline/Anonymous handler
[2026-05-01 07:38:25] Firing event: [event_spp_app_init]
[2026-05-01 07:38:25]   -> Executing Inline/Anonymous handler
[2026-05-01 07:38:35] Firing event: [event_spp_context_enforce]
[2026-05-01 07:38:35]   -> Executing Inline/Anonymous handler
[2026-05-01 07:38:35] Firing event: [event_spp_route_resolve]
[2026-05-01 07:38:35]   -> Executing Inline/Anonymous handler
[2026-05-01 07:38:35] Firing event: [event_spp_app_init]
[2026-05-01 07:38:35]   -> Executing Inline/Anonymous handler
[2026-05-01 07:38:36] Firing event: [event_spp_app_init]
[2026-05-01 07:38:36]   -> Executing Inline/Anonymous handler
[2026-05-01 07:38:38] Firing event: [event_spp_context_enforce]
[2026-05-01 07:38:38]   -> Executing Inline/Anonymous handler
[2026-05-01 07:38:38] Firing event: [event_spp_context_enforce]
[2026-05-01 07:38:38] Firing event: [event_spp_route_resolve]
[2026-05-01 07:38:38]   -> Executing Inline/Anonymous handler
[2026-05-01 07:38:38]   -> Executing Inline/Anonymous handler
[2026-05-01 07:38:38] Firing event: [event_spp_route_resolve]
[2026-05-01 07:38:38]   -> Executing Inline/Anonymous handler
[2026-05-01 07:38:38] Firing event: [event_spp_app_init]
[2026-05-01 07:38:38]   -> Executing Inline/Anonymous handler
[2026-05-01 07:38:38] Firing event: [event_spp_app_init]
[2026-05-01 07:38:38]   -> Executing Inline/Anonymous handler
[2026-05-01 07:38:39] Firing event: [event_spp_app_init]
[2026-05-01 07:38:39]   -> Executing Inline/Anonymous handler
[2026-05-01 07:38:39] Firing event: [event_spp_app_init]
[2026-05-01 07:38:39]   -> Executing Inline/Anonymous handler
[2026-05-01 07:38:41] Firing event: [event_spp_app_init]
[2026-05-01 07:38:41]   -> Executing Inline/Anonymous handler
[2026-05-01 07:38:41] Firing event: [event_spp_app_init]
[2026-05-01 07:38:41]   -> Executing Inline/Anonymous handler
[2026-05-01 07:38:42] Firing event: [event_spp_context_enforce]
[2026-05-01 07:38:42]   -> Executing Inline/Anonymous handler
[2026-05-01 07:38:42] Firing event: [event_spp_route_resolve]
[2026-05-01 07:38:42]   -> Executing Inline/Anonymous handler
[2026-05-01 07:38:42] Firing event: [event_spp_app_init]
[2026-05-01 07:38:42]   -> Executing Inline/Anonymous handler
[2026-05-01 07:38:44] Firing event: [event_spp_app_init]
[2026-05-01 07:38:44]   -> Executing Inline/Anonymous handler
[2026-05-01 07:38:46] Firing event: [event_spp_app_init]
[2026-05-01 07:38:46]   -> Executing Inline/Anonymous handler
[2026-05-01 07:38:46] Firing event: [event_spp_app_init]
[2026-05-01 07:38:46]   -> Executing Inline/Anonymous handler
[2026-05-01 07:41:35] Firing event: [event_spp_context_enforce]
[2026-05-01 07:41:35]   -> Executing Inline/Anonymous handler
[2026-05-01 07:41:35] Firing event: [event_spp_route_resolve]
[2026-05-01 07:41:35]   -> Executing Inline/Anonymous handler
[2026-05-01 07:41:35] Firing event: [event_spp_app_init]
[2026-05-01 07:41:35]   -> Executing Inline/Anonymous handler
[2026-05-01 07:41:35] Firing event: [event_spp_app_init]
[2026-05-01 07:41:35]   -> Executing Inline/Anonymous handler
[2026-05-01 07:41:39] Firing event: [event_spp_context_enforce]
[2026-05-01 07:41:39]   -> Executing Inline/Anonymous handler
[2026-05-01 07:41:39] Firing event: [event_spp_route_resolve]
[2026-05-01 07:41:39]   -> Executing Inline/Anonymous handler
[2026-05-01 07:41:40] Firing event: [event_spp_app_init]
[2026-05-01 07:41:40]   -> Executing Inline/Anonymous handler
[2026-05-01 07:41:42] Firing event: [event_spp_app_init]
[2026-05-01 07:41:42]   -> Executing Inline/Anonymous handler
[2026-05-01 07:42:46] Firing event: [event_spp_context_enforce]
[2026-05-01 07:42:46]   -> Executing Inline/Anonymous handler
[2026-05-01 07:42:46] Firing event: [event_spp_route_resolve]
[2026-05-01 07:42:46]   -> Executing Inline/Anonymous handler
[2026-05-01 07:42:46] Firing event: [event_spp_app_init]
[2026-05-01 07:42:46]   -> Executing Inline/Anonymous handler
[2026-05-01 07:42:49] Firing event: [event_spp_app_init]
[2026-05-01 07:42:49]   -> Executing Inline/Anonymous handler
[2026-05-01 07:42:56] Firing event: [event_spp_context_enforce]
[2026-05-01 07:42:56]   -> Executing Inline/Anonymous handler
[2026-05-01 07:42:56] Firing event: [event_spp_route_resolve]
[2026-05-01 07:42:56]   -> Executing Inline/Anonymous handler
[2026-05-01 07:42:56] Firing event: [event_spp_app_init]
[2026-05-01 07:42:56]   -> Executing Inline/Anonymous handler
[2026-05-01 07:42:56] Firing event: [event_spp_context_enforce]
[2026-05-01 07:42:56]   -> Executing Inline/Anonymous handler
[2026-05-01 07:42:56] Firing event: [event_spp_route_resolve]
[2026-05-01 07:42:56]   -> Executing Inline/Anonymous handler
[2026-05-01 07:42:56] Firing event: [event_spp_app_init]
[2026-05-01 07:42:56]   -> Executing Inline/Anonymous handler
[2026-05-01 07:42:57] Firing event: [event_spp_app_init]
[2026-05-01 07:42:57]   -> Executing Inline/Anonymous handler
[2026-05-01 07:42:58] Firing event: [event_spp_app_init]
[2026-05-01 07:42:58]   -> Executing Inline/Anonymous handler
[2026-05-01 07:43:02] Firing event: [event_spp_app_init]
[2026-05-01 07:43:02]   -> Executing Inline/Anonymous handler
[2026-05-01 07:43:02] Firing event: [event_spp_app_init]
[2026-05-01 07:43:02]   -> Executing Inline/Anonymous handler
[2026-05-01 07:43:04] Firing event: [event_spp_context_enforce]
[2026-05-01 07:43:04] Firing event: [event_spp_context_enforce]
[2026-05-01 07:43:04] Firing event: [event_spp_context_enforce]
[2026-05-01 07:43:04]   -> Executing Inline/Anonymous handler
[2026-05-01 07:43:04]   -> Executing Inline/Anonymous handler
[2026-05-01 07:43:04] Firing event: [event_spp_route_resolve]
[2026-05-01 07:43:04] Firing event: [event_spp_route_resolve]
[2026-05-01 07:43:04]   -> Executing Inline/Anonymous handler
[2026-05-01 07:43:04]   -> Executing Inline/Anonymous handler
[2026-05-01 07:43:04]   -> Executing Inline/Anonymous handler
[2026-05-01 07:43:04] Firing event: [event_spp_route_resolve]
[2026-05-01 07:43:04]   -> Executing Inline/Anonymous handler
[2026-05-01 07:43:04] Firing event: [event_spp_app_init]
[2026-05-01 07:43:04]   -> Executing Inline/Anonymous handler
[2026-05-01 07:43:04] Firing event: [event_spp_app_init]
[2026-05-01 07:43:04] Firing event: [event_spp_app_init]
[2026-05-01 07:43:04]   -> Executing Inline/Anonymous handler
[2026-05-01 07:43:04]   -> Executing Inline/Anonymous handler
[2026-05-01 07:43:05] Firing event: [event_spp_app_init]
[2026-05-01 07:43:05] Firing event: [event_spp_app_init]
[2026-05-01 07:43:05] Firing event: [event_spp_app_init]
[2026-05-01 07:43:05]   -> Executing Inline/Anonymous handler
[2026-05-01 07:43:05]   -> Executing Inline/Anonymous handler
[2026-05-01 07:43:05]   -> Executing Inline/Anonymous handler
[2026-05-01 07:43:08] Firing event: [event_spp_app_init]
[2026-05-01 07:43:08] Firing event: [event_spp_app_init]
[2026-05-01 07:43:08]   -> Executing Inline/Anonymous handler
[2026-05-01 07:43:08]   -> Executing Inline/Anonymous handler
[2026-05-01 07:43:08] Firing event: [event_spp_app_init]
[2026-05-01 07:43:08]   -> Executing Inline/Anonymous handler
[2026-05-01 07:43:08] Firing event: [event_spp_app_init]
[2026-05-01 07:43:08]   -> Executing Inline/Anonymous handler
[2026-05-01 07:43:11] Firing event: [event_spp_app_init]
[2026-05-01 07:43:11]   -> Executing Inline/Anonymous handler
[2026-05-01 07:43:11] Firing event: [event_spp_app_init]
[2026-05-01 07:43:11]   -> Executing Inline/Anonymous handler
[2026-05-01 07:43:13] Firing event: [event_spp_context_enforce]
[2026-05-01 07:43:13]   -> Executing Inline/Anonymous handler
[2026-05-01 07:43:13] Firing event: [event_spp_route_resolve]
[2026-05-01 07:43:13]   -> Executing Inline/Anonymous handler
[2026-05-01 07:43:13] Firing event: [event_spp_app_init]
[2026-05-01 07:43:13]   -> Executing Inline/Anonymous handler
[2026-05-01 07:43:15] Firing event: [event_spp_app_init]
[2026-05-01 07:43:15]   -> Executing Inline/Anonymous handler
[2026-05-01 07:43:20] Firing event: [event_spp_app_init]
[2026-05-01 07:43:20]   -> Executing Inline/Anonymous handler
[2026-05-01 07:43:33] Firing event: [event_spp_context_enforce]
[2026-05-01 07:43:33]   -> Executing Inline/Anonymous handler
[2026-05-01 07:43:33] Firing event: [event_spp_route_resolve]
[2026-05-01 07:43:33]   -> Executing Inline/Anonymous handler
[2026-05-01 07:43:34] Firing event: [event_spp_app_init]
[2026-05-01 07:43:34]   -> Executing Inline/Anonymous handler
[2026-05-01 07:43:35] Firing event: [event_spp_app_init]
[2026-05-01 07:43:35]   -> Executing Inline/Anonymous handler
[2026-05-01 07:43:40] Firing event: [event_spp_app_init]
[2026-05-01 07:43:40]   -> Executing Inline/Anonymous handler
[2026-05-01 07:43:40] Firing event: [event_spp_app_init]
[2026-05-01 07:43:40]   -> Executing Inline/Anonymous handler
[2026-05-01 07:44:03] Firing event: [event_spp_context_enforce]
[2026-05-01 07:44:03]   -> Executing Inline/Anonymous handler
[2026-05-01 07:44:03] Firing event: [event_spp_route_resolve]
[2026-05-01 07:44:03]   -> Executing Inline/Anonymous handler
[2026-05-01 07:44:03] Firing event: [event_spp_app_init]
[2026-05-01 07:44:03]   -> Executing Inline/Anonymous handler
[2026-05-01 07:46:25] Firing event: [event_spp_context_enforce]
[2026-05-01 07:46:25]   -> Executing Inline/Anonymous handler
[2026-05-01 07:46:25] Firing event: [event_spp_route_resolve]
[2026-05-01 07:46:25]   -> Executing Inline/Anonymous handler
[2026-05-01 07:46:25] Firing event: [event_spp_app_init]
[2026-05-01 07:46:25]   -> Executing Inline/Anonymous handler
[2026-05-01 07:46:26] Firing event: [event_spp_app_init]
[2026-05-01 07:46:26]   -> Executing Inline/Anonymous handler
[2026-05-01 07:46:28] Firing event: [event_spp_context_enforce]
[2026-05-01 07:46:28]   -> Executing Inline/Anonymous handler
[2026-05-01 07:46:28] Firing event: [event_spp_route_resolve]
[2026-05-01 07:46:28]   -> Executing Inline/Anonymous handler
[2026-05-01 07:46:29] Firing event: [event_spp_app_init]
[2026-05-01 07:46:29]   -> Executing Inline/Anonymous handler
[2026-05-01 07:46:29] Firing event: [event_spp_app_init]
[2026-05-01 07:46:29]   -> Executing Inline/Anonymous handler
[2026-05-01 07:48:04] Firing event: [event_spp_context_enforce]
[2026-05-01 07:48:04]   -> Executing Inline/Anonymous handler
[2026-05-01 07:48:04] Firing event: [event_spp_route_resolve]
[2026-05-01 07:48:04]   -> Executing Inline/Anonymous handler
[2026-05-01 07:48:04] Firing event: [event_spp_app_init]
[2026-05-01 07:48:04]   -> Executing Inline/Anonymous handler
[2026-05-01 07:48:04] Firing event: [event_spp_app_init]
[2026-05-01 07:48:04]   -> Executing Inline/Anonymous handler
[2026-05-01 07:48:11] Firing event: [event_spp_context_enforce]
[2026-05-01 07:48:11] Firing event: [event_spp_context_enforce]
[2026-05-01 07:48:11]   -> Executing Inline/Anonymous handler
[2026-05-01 07:48:11]   -> Executing Inline/Anonymous handler
[2026-05-01 07:48:11] Firing event: [event_spp_route_resolve]
[2026-05-01 07:48:11] Firing event: [event_spp_route_resolve]
[2026-05-01 07:48:11]   -> Executing Inline/Anonymous handler
[2026-05-01 07:48:11]   -> Executing Inline/Anonymous handler
[2026-05-01 07:48:11] Firing event: [event_spp_app_init]
[2026-05-01 07:48:11]   -> Executing Inline/Anonymous handler
[2026-05-01 07:48:11] Firing event: [event_spp_app_init]
[2026-05-01 07:48:11]   -> Executing Inline/Anonymous handler
[2026-05-01 07:48:11] Firing event: [event_spp_app_init]
[2026-05-01 07:48:11] Firing event: [event_spp_app_init]
[2026-05-01 07:48:11]   -> Executing Inline/Anonymous handler
[2026-05-01 07:48:11]   -> Executing Inline/Anonymous handler
[2026-05-01 07:48:14] Firing event: [event_spp_app_init]
[2026-05-01 07:48:14]   -> Executing Inline/Anonymous handler
[2026-05-01 07:48:15] Firing event: [event_spp_app_init]
[2026-05-01 07:48:15]   -> Executing Inline/Anonymous handler
[2026-05-01 07:48:17] Firing event: [event_spp_context_enforce]
[2026-05-01 07:48:17] Firing event: [event_spp_context_enforce]
[2026-05-01 07:48:17]   -> Executing Inline/Anonymous handler
[2026-05-01 07:48:17]   -> Executing Inline/Anonymous handler
[2026-05-01 07:48:17] Firing event: [event_spp_context_enforce]
[2026-05-01 07:48:17] Firing event: [event_spp_route_resolve]
[2026-05-01 07:48:17]   -> Executing Inline/Anonymous handler
[2026-05-01 07:48:17] Firing event: [event_spp_route_resolve]
[2026-05-01 07:48:17] Firing event: [event_spp_route_resolve]
[2026-05-01 07:48:17]   -> Executing Inline/Anonymous handler
[2026-05-01 07:48:17]   -> Executing Inline/Anonymous handler
[2026-05-01 07:48:17]   -> Executing Inline/Anonymous handler
[2026-05-01 07:48:17] Firing event: [event_spp_app_init]
[2026-05-01 07:48:17] Firing event: [event_spp_app_init]
[2026-05-01 07:48:17]   -> Executing Inline/Anonymous handler
[2026-05-01 07:48:17]   -> Executing Inline/Anonymous handler
[2026-05-01 07:48:17] Firing event: [event_spp_app_init]
[2026-05-01 07:48:17]   -> Executing Inline/Anonymous handler
[2026-05-01 07:48:18] Firing event: [event_spp_app_init]
[2026-05-01 07:48:18] Firing event: [event_spp_app_init]
[2026-05-01 07:48:18]   -> Executing Inline/Anonymous handler
[2026-05-01 07:48:18]   -> Executing Inline/Anonymous handler
[2026-05-01 07:48:18] Firing event: [event_spp_app_init]
[2026-05-01 07:48:18]   -> Executing Inline/Anonymous handler
[2026-05-01 07:48:21] Firing event: [event_spp_app_init]
[2026-05-01 07:48:21] Firing event: [event_spp_app_init]
[2026-05-01 07:48:21]   -> Executing Inline/Anonymous handler
[2026-05-01 07:48:21]   -> Executing Inline/Anonymous handler
[2026-05-01 07:48:21] Firing event: [event_spp_app_init]
[2026-05-01 07:48:21] Firing event: [event_spp_app_init]
[2026-05-01 07:48:21]   -> Executing Inline/Anonymous handler
[2026-05-01 07:48:21]   -> Executing Inline/Anonymous handler
[2026-05-01 07:48:24] Firing event: [event_spp_app_init]
[2026-05-01 07:48:24]   -> Executing Inline/Anonymous handler
[2026-05-01 07:48:24] Firing event: [event_spp_app_init]
[2026-05-01 07:48:24]   -> Executing Inline/Anonymous handler
[2026-05-01 07:48:27] Firing event: [event_spp_context_enforce]
[2026-05-01 07:48:27]   -> Executing Inline/Anonymous handler
[2026-05-01 07:48:27] Firing event: [event_spp_route_resolve]
[2026-05-01 07:48:27]   -> Executing Inline/Anonymous handler
[2026-05-01 07:48:27] Firing event: [event_spp_app_init]
[2026-05-01 07:48:27]   -> Executing Inline/Anonymous handler
[2026-05-01 07:48:27] Firing event: [event_spp_app_init]
[2026-05-01 07:48:27]   -> Executing Inline/Anonymous handler
[2026-05-01 07:48:32] Firing event: [event_spp_app_init]
[2026-05-01 07:48:32]   -> Executing Inline/Anonymous handler
[2026-05-01 07:48:42] Firing event: [event_spp_context_enforce]
[2026-05-01 07:48:42]   -> Executing Inline/Anonymous handler
[2026-05-01 07:48:42] Firing event: [event_spp_route_resolve]
[2026-05-01 07:48:42]   -> Executing Inline/Anonymous handler
[2026-05-01 07:48:43] Firing event: [event_spp_app_init]
[2026-05-01 07:48:43]   -> Executing Inline/Anonymous handler
[2026-05-01 07:48:43] Firing event: [event_spp_app_init]
[2026-05-01 07:48:43]   -> Executing Inline/Anonymous handler
[2026-05-01 07:48:48] Firing event: [event_spp_app_init]
[2026-05-01 07:48:48]   -> Executing Inline/Anonymous handler
[2026-05-01 07:48:48] Firing event: [event_spp_app_init]
[2026-05-01 07:48:48]   -> Executing Inline/Anonymous handler
[2026-05-01 07:50:59] Firing event: [event_spp_context_enforce]
[2026-05-01 07:50:59]   -> Executing Inline/Anonymous handler
[2026-05-01 07:50:59] Firing event: [event_spp_route_resolve]
[2026-05-01 07:50:59]   -> Executing Inline/Anonymous handler
[2026-05-01 07:50:59] Firing event: [event_spp_app_init]
[2026-05-01 07:50:59]   -> Executing Inline/Anonymous handler
[2026-05-01 07:51:01] Firing event: [event_spp_app_init]
[2026-05-01 07:51:01]   -> Executing Inline/Anonymous handler
[2026-05-01 07:51:06] Firing event: [event_spp_context_enforce]
[2026-05-01 07:51:06]   -> Executing Inline/Anonymous handler
[2026-05-01 07:51:06] Firing event: [event_spp_route_resolve]
[2026-05-01 07:51:06]   -> Executing Inline/Anonymous handler
[2026-05-01 07:51:06] Firing event: [event_spp_app_init]
[2026-05-01 07:51:06]   -> Executing Inline/Anonymous handler
[2026-05-01 07:51:07] Firing event: [event_spp_app_init]
[2026-05-01 07:51:07]   -> Executing Inline/Anonymous handler
[2026-05-01 07:52:18] Firing event: [event_spp_context_enforce]
[2026-05-01 07:52:18]   -> Executing Inline/Anonymous handler
[2026-05-01 07:52:18] Firing event: [event_spp_route_resolve]
[2026-05-01 07:52:18]   -> Executing Inline/Anonymous handler
[2026-05-01 07:52:18] Firing event: [event_spp_app_init]
[2026-05-01 07:52:18]   -> Executing Inline/Anonymous handler
[2026-05-01 07:52:21] Firing event: [event_spp_app_init]
[2026-05-01 07:52:21]   -> Executing Inline/Anonymous handler
[2026-05-01 07:52:28] Firing event: [event_spp_context_enforce]
[2026-05-01 07:52:28] Firing event: [event_spp_context_enforce]
[2026-05-01 07:52:28]   -> Executing Inline/Anonymous handler
[2026-05-01 07:52:28]   -> Executing Inline/Anonymous handler
[2026-05-01 07:52:28] Firing event: [event_spp_route_resolve]
[2026-05-01 07:52:28] Firing event: [event_spp_route_resolve]
[2026-05-01 07:52:28]   -> Executing Inline/Anonymous handler
[2026-05-01 07:52:28]   -> Executing Inline/Anonymous handler
[2026-05-01 07:52:28] Firing event: [event_spp_app_init]
[2026-05-01 07:52:28]   -> Executing Inline/Anonymous handler
[2026-05-01 07:52:28] Firing event: [event_spp_app_init]
[2026-05-01 07:52:28]   -> Executing Inline/Anonymous handler
[2026-05-01 07:52:29] Firing event: [event_spp_app_init]
[2026-05-01 07:52:29] Firing event: [event_spp_app_init]
[2026-05-01 07:52:29]   -> Executing Inline/Anonymous handler
[2026-05-01 07:52:29]   -> Executing Inline/Anonymous handler
[2026-05-01 07:52:32] Firing event: [event_spp_app_init]
[2026-05-01 07:52:32]   -> Executing Inline/Anonymous handler
[2026-05-01 07:52:32] Firing event: [event_spp_app_init]
[2026-05-01 07:52:32]   -> Executing Inline/Anonymous handler
[2026-05-01 07:52:35] Firing event: [event_spp_context_enforce]
[2026-05-01 07:52:35]   -> Executing Inline/Anonymous handler
[2026-05-01 07:52:35] Firing event: [event_spp_route_resolve]
[2026-05-01 07:52:35]   -> Executing Inline/Anonymous handler
[2026-05-01 07:52:35] Firing event: [event_spp_app_init]
[2026-05-01 07:52:35]   -> Executing Inline/Anonymous handler
[2026-05-01 07:52:36] Firing event: [event_spp_app_init]
[2026-05-01 07:52:36]   -> Executing Inline/Anonymous handler
[2026-05-01 07:52:41] Firing event: [event_spp_app_init]
[2026-05-01 07:52:41]   -> Executing Inline/Anonymous handler
[2026-05-01 07:52:42] Firing event: [event_spp_app_init]
[2026-05-01 07:52:42]   -> Executing Inline/Anonymous handler
[2026-05-01 08:00:21] Firing event: [event_spp_context_enforce]
[2026-05-01 08:00:21]   -> Executing Inline/Anonymous handler
[2026-05-01 08:00:21] Firing event: [event_spp_route_resolve]
[2026-05-01 08:00:21]   -> Executing Inline/Anonymous handler
[2026-05-01 08:00:22] Firing event: [event_spp_app_init]
[2026-05-01 08:00:22]   -> Executing Inline/Anonymous handler
[2026-05-01 08:00:22] Firing event: [event_spp_app_init]
[2026-05-01 08:00:22]   -> Executing Inline/Anonymous handler
[2026-05-01 08:00:24] Firing event: [event_spp_app_init]
[2026-05-01 08:00:24]   -> Executing Inline/Anonymous handler
[2026-05-01 08:00:45] Firing event: [event_spp_context_enforce]
[2026-05-01 08:00:45]   -> Executing Inline/Anonymous handler
[2026-05-01 08:00:45] Firing event: [event_spp_route_resolve]
[2026-05-01 08:00:45]   -> Executing Inline/Anonymous handler
[2026-05-01 08:00:45] Firing event: [event_spp_app_init]
[2026-05-01 08:00:45]   -> Executing Inline/Anonymous handler
[2026-05-01 08:00:46] Firing event: [event_spp_app_init]
[2026-05-01 08:00:46]   -> Executing Inline/Anonymous handler
[2026-05-01 08:00:47] Firing event: [event_spp_app_init]
[2026-05-01 08:00:47]   -> Executing Inline/Anonymous handler
[2026-05-01 08:00:50] Firing event: [event_spp_context_enforce]
[2026-05-01 08:00:50]   -> Executing Inline/Anonymous handler
[2026-05-01 08:00:50] Firing event: [event_spp_route_resolve]
[2026-05-01 08:00:50]   -> Executing Inline/Anonymous handler
[2026-05-01 08:00:50] Firing event: [event_spp_app_init]
[2026-05-01 08:00:50]   -> Executing Inline/Anonymous handler
[2026-05-01 08:00:51] Firing event: [event_spp_app_init]
[2026-05-01 08:00:51]   -> Executing Inline/Anonymous handler
[2026-05-01 08:00:53] Firing event: [event_spp_app_init]
[2026-05-01 08:00:53]   -> Executing Inline/Anonymous handler
[2026-05-01 08:02:24] Firing event: [event_spp_context_enforce]
[2026-05-01 08:02:24] Firing event: [event_spp_context_enforce]
[2026-05-01 08:02:24]   -> Executing Inline/Anonymous handler
[2026-05-01 08:02:24]   -> Executing Inline/Anonymous handler
[2026-05-01 08:02:24] Firing event: [event_spp_route_resolve]
[2026-05-01 08:02:24] Firing event: [event_spp_route_resolve]
[2026-05-01 08:02:24]   -> Executing Inline/Anonymous handler
[2026-05-01 08:02:24]   -> Executing Inline/Anonymous handler
[2026-05-01 08:02:24] Firing event: [event_spp_app_init]
[2026-05-01 08:02:24] Firing event: [event_spp_app_init]
[2026-05-01 08:02:24]   -> Executing Inline/Anonymous handler
[2026-05-01 08:02:24]   -> Executing Inline/Anonymous handler
[2026-05-01 08:02:24] Firing event: [event_spp_context_enforce]
[2026-05-01 08:02:24]   -> Executing Inline/Anonymous handler
[2026-05-01 08:02:24] Firing event: [event_spp_route_resolve]
[2026-05-01 08:02:24]   -> Executing Inline/Anonymous handler
[2026-05-01 08:02:24] Firing event: [event_spp_app_init]
[2026-05-01 08:02:24]   -> Executing Inline/Anonymous handler
[2026-05-01 08:02:24] Firing event: [event_spp_app_init]
[2026-05-01 08:02:24] Firing event: [event_spp_app_init]
[2026-05-01 08:02:24]   -> Executing Inline/Anonymous handler
[2026-05-01 08:02:24]   -> Executing Inline/Anonymous handler
[2026-05-01 08:02:25] Firing event: [event_spp_app_init]
[2026-05-01 08:02:25]   -> Executing Inline/Anonymous handler
[2026-05-01 08:02:25] Firing event: [event_spp_app_init]
[2026-05-01 08:02:25]   -> Executing Inline/Anonymous handler
[2026-05-01 08:02:25] Firing event: [event_spp_app_init]
[2026-05-01 08:02:25]   -> Executing Inline/Anonymous handler
[2026-05-01 08:02:29] Firing event: [event_spp_app_init]
[2026-05-01 08:02:29]   -> Executing Inline/Anonymous handler
[2026-05-01 08:02:29] Firing event: [event_spp_app_init]
[2026-05-01 08:02:29]   -> Executing Inline/Anonymous handler
[2026-05-01 08:02:31] Firing event: [event_spp_context_enforce]
[2026-05-01 08:02:31]   -> Executing Inline/Anonymous handler
[2026-05-01 08:02:31] Firing event: [event_spp_route_resolve]
[2026-05-01 08:02:31]   -> Executing Inline/Anonymous handler
[2026-05-01 08:02:32] Firing event: [event_spp_app_init]
[2026-05-01 08:02:32]   -> Executing Inline/Anonymous handler
[2026-05-01 08:02:33] Firing event: [event_spp_app_init]
[2026-05-01 08:02:33]   -> Executing Inline/Anonymous handler
[2026-05-01 08:02:37] Firing event: [event_spp_app_init]
[2026-05-01 08:02:37]   -> Executing Inline/Anonymous handler
[2026-05-01 08:02:51] Firing event: [event_spp_context_enforce]
[2026-05-01 08:02:51]   -> Executing Inline/Anonymous handler
[2026-05-01 08:02:51] Firing event: [event_spp_route_resolve]
[2026-05-01 08:02:51]   -> Executing Inline/Anonymous handler
[2026-05-01 08:02:51] Firing event: [event_spp_app_init]
[2026-05-01 08:02:52]   -> Executing Inline/Anonymous handler
[2026-05-01 08:02:52] Firing event: [event_spp_app_init]
[2026-05-01 08:02:52]   -> Executing Inline/Anonymous handler
[2026-05-01 08:02:55] Firing event: [event_spp_context_enforce]
[2026-05-01 08:02:55]   -> Executing Inline/Anonymous handler
[2026-05-01 08:02:55] Firing event: [event_spp_route_resolve]
[2026-05-01 08:02:55]   -> Executing Inline/Anonymous handler
[2026-05-01 08:02:56] Firing event: [event_spp_app_init]
[2026-05-01 08:02:56]   -> Executing Inline/Anonymous handler
[2026-05-01 08:02:59] Firing event: [event_spp_app_init]
[2026-05-01 08:02:59]   -> Executing Inline/Anonymous handler
[2026-05-01 08:03:48] Firing event: [event_spp_context_enforce]
[2026-05-01 08:03:48]   -> Executing Inline/Anonymous handler
[2026-05-01 08:03:48] Firing event: [event_spp_route_resolve]
[2026-05-01 08:03:48]   -> Executing Inline/Anonymous handler
[2026-05-01 08:03:49] Firing event: [event_spp_app_init]
[2026-05-01 08:03:49]   -> Executing Inline/Anonymous handler
[2026-05-01 08:03:52] Firing event: [event_spp_app_init]
[2026-05-01 08:03:52]   -> Executing Inline/Anonymous handler
[2026-05-01 08:04:00] Firing event: [event_spp_context_enforce]
[2026-05-01 08:04:00]   -> Executing Inline/Anonymous handler
[2026-05-01 08:04:00] Firing event: [event_spp_route_resolve]
[2026-05-01 08:04:00]   -> Executing Inline/Anonymous handler
[2026-05-01 08:04:00] Firing event: [event_spp_app_init]
[2026-05-01 08:04:00]   -> Executing Inline/Anonymous handler
[2026-05-01 08:04:03] Firing event: [event_spp_app_init]
[2026-05-01 08:04:03]   -> Executing Inline/Anonymous handler
[2026-05-01 08:04:04] Firing event: [event_spp_app_init]
[2026-05-01 08:04:04]   -> Executing Inline/Anonymous handler
[2026-05-01 08:04:13] Firing event: [event_spp_context_enforce]
[2026-05-01 08:04:13] Firing event: [event_spp_context_enforce]
[2026-05-01 08:04:13]   -> Executing Inline/Anonymous handler
[2026-05-01 08:04:13]   -> Executing Inline/Anonymous handler
[2026-05-01 08:04:13] Firing event: [event_spp_route_resolve]
[2026-05-01 08:04:13] Firing event: [event_spp_route_resolve]
[2026-05-01 08:04:13]   -> Executing Inline/Anonymous handler
[2026-05-01 08:04:13]   -> Executing Inline/Anonymous handler
[2026-05-01 08:04:13] Firing event: [event_spp_app_init]
[2026-05-01 08:04:13]   -> Executing Inline/Anonymous handler
[2026-05-01 08:04:13] Firing event: [event_spp_app_init]
[2026-05-01 08:04:13]   -> Executing Inline/Anonymous handler
[2026-05-01 08:04:13] Firing event: [event_spp_context_enforce]
[2026-05-01 08:04:13]   -> Executing Inline/Anonymous handler
[2026-05-01 08:04:13] Firing event: [event_spp_route_resolve]
[2026-05-01 08:04:13]   -> Executing Inline/Anonymous handler
[2026-05-01 08:04:14] Firing event: [event_spp_app_init]
[2026-05-01 08:04:14]   -> Executing Inline/Anonymous handler
[2026-05-01 08:04:15] Firing event: [event_spp_app_init]
[2026-05-01 08:04:15] Firing event: [event_spp_app_init]
[2026-05-01 08:04:15]   -> Executing Inline/Anonymous handler
[2026-05-01 08:04:15]   -> Executing Inline/Anonymous handler
[2026-05-01 08:04:18] Firing event: [event_spp_app_init]
[2026-05-01 08:04:18]   -> Executing Inline/Anonymous handler
[2026-05-01 08:04:19] Firing event: [event_spp_app_init]
[2026-05-01 08:04:19] Firing event: [event_spp_app_init]
[2026-05-01 08:04:19]   -> Executing Inline/Anonymous handler
[2026-05-01 08:04:19]   -> Executing Inline/Anonymous handler
[2026-05-01 08:04:19] Firing event: [event_spp_app_init]
[2026-05-01 08:04:19]   -> Executing Inline/Anonymous handler
[2026-05-01 08:04:24] Firing event: [event_spp_context_enforce]
[2026-05-01 08:04:24] Firing event: [event_spp_context_enforce]
[2026-05-01 08:04:24]   -> Executing Inline/Anonymous handler
[2026-05-01 08:04:24]   -> Executing Inline/Anonymous handler
[2026-05-01 08:04:24] Firing event: [event_spp_route_resolve]
[2026-05-01 08:04:24] Firing event: [event_spp_route_resolve]
[2026-05-01 08:04:24]   -> Executing Inline/Anonymous handler
[2026-05-01 08:04:24]   -> Executing Inline/Anonymous handler
[2026-05-01 08:04:24] Firing event: [event_spp_app_init]
[2026-05-01 08:04:24]   -> Executing Inline/Anonymous handler
[2026-05-01 08:04:24] Firing event: [event_spp_app_init]
[2026-05-01 08:04:24]   -> Executing Inline/Anonymous handler
[2026-05-01 08:04:25] Firing event: [event_spp_context_enforce]
[2026-05-01 08:04:25]   -> Executing Inline/Anonymous handler
[2026-05-01 08:04:25] Firing event: [event_spp_route_resolve]
[2026-05-01 08:04:25]   -> Executing Inline/Anonymous handler
[2026-05-01 08:04:25] Firing event: [event_spp_app_init]
[2026-05-01 08:04:25]   -> Executing Inline/Anonymous handler
[2026-05-01 08:04:27] Firing event: [event_spp_app_init]
[2026-05-01 08:04:27] Firing event: [event_spp_app_init]
[2026-05-01 08:04:27]   -> Executing Inline/Anonymous handler
[2026-05-01 08:04:27]   -> Executing Inline/Anonymous handler
[2026-05-01 08:04:29] Firing event: [event_spp_app_init]
[2026-05-01 08:04:29]   -> Executing Inline/Anonymous handler
[2026-05-01 08:04:33] Firing event: [event_spp_app_init]
[2026-05-01 08:04:33] Firing event: [event_spp_app_init]
[2026-05-01 08:04:33]   -> Executing Inline/Anonymous handler
[2026-05-01 08:04:33]   -> Executing Inline/Anonymous handler
[2026-05-01 08:04:34] Firing event: [event_spp_app_init]
[2026-05-01 08:04:34]   -> Executing Inline/Anonymous handler
[2026-05-01 08:04:41] Firing event: [event_spp_app_init]
[2026-05-01 08:04:41]   -> Executing Inline/Anonymous handler
[2026-05-01 08:04:44] Firing event: [event_spp_context_enforce]
[2026-05-01 08:04:44]   -> Executing Inline/Anonymous handler
[2026-05-01 08:04:44] Firing event: [event_spp_route_resolve]
[2026-05-01 08:04:44]   -> Executing Inline/Anonymous handler
[2026-05-01 08:04:45] Firing event: [event_spp_app_init]
[2026-05-01 08:04:45]   -> Executing Inline/Anonymous handler
[2026-05-01 08:04:47] Firing event: [event_spp_app_init]
[2026-05-01 08:04:47]   -> Executing Inline/Anonymous handler
[2026-05-01 08:04:57] Firing event: [event_spp_app_init]
[2026-05-01 08:04:57]   -> Executing Inline/Anonymous handler
[2026-05-01 08:05:03] Firing event: [event_spp_context_enforce]
[2026-05-01 08:05:03]   -> Executing Inline/Anonymous handler
[2026-05-01 08:05:03] Firing event: [event_spp_route_resolve]
[2026-05-01 08:05:04]   -> Executing Inline/Anonymous handler
[2026-05-01 08:05:04] Firing event: [event_spp_app_init]
[2026-05-01 08:05:04]   -> Executing Inline/Anonymous handler
[2026-05-01 08:05:06] Firing event: [event_spp_app_init]
[2026-05-01 08:05:06]   -> Executing Inline/Anonymous handler
[2026-05-01 08:05:14] Firing event: [event_spp_app_init]
[2026-05-01 08:05:14]   -> Executing Inline/Anonymous handler
[2026-05-01 08:05:23] Firing event: [event_spp_context_enforce]
[2026-05-01 08:05:23]   -> Executing Inline/Anonymous handler
[2026-05-01 08:05:23] Firing event: [event_spp_route_resolve]
[2026-05-01 08:05:23]   -> Executing Inline/Anonymous handler
[2026-05-01 08:05:23] Firing event: [event_spp_app_init]
[2026-05-01 08:05:23]   -> Executing Inline/Anonymous handler
[2026-05-01 08:05:26] Firing event: [event_spp_app_init]
[2026-05-01 08:05:26]   -> Executing Inline/Anonymous handler
[2026-05-01 08:05:33] Firing event: [event_spp_app_init]
[2026-05-01 08:05:33]   -> Executing Inline/Anonymous handler
[2026-05-01 08:05:38] Firing event: [event_spp_context_enforce]
[2026-05-01 08:05:38]   -> Executing Inline/Anonymous handler
[2026-05-01 08:05:38] Firing event: [event_spp_route_resolve]
[2026-05-01 08:05:38]   -> Executing Inline/Anonymous handler
[2026-05-01 08:05:39] Firing event: [event_spp_app_init]
[2026-05-01 08:05:39]   -> Executing Inline/Anonymous handler
[2026-05-01 08:05:40] Firing event: [event_spp_context_enforce]
[2026-05-01 08:05:40]   -> Executing Inline/Anonymous handler
[2026-05-01 08:05:41] Firing event: [event_spp_route_resolve]
[2026-05-01 08:05:41]   -> Executing Inline/Anonymous handler
[2026-05-01 08:05:41] Firing event: [event_spp_app_init]
[2026-05-01 08:05:41]   -> Executing Inline/Anonymous handler
[2026-05-01 08:05:41] Firing event: [event_spp_app_init]
[2026-05-01 08:05:41]   -> Executing Inline/Anonymous handler
[2026-05-01 08:05:42] Firing event: [event_spp_app_init]
[2026-05-01 08:05:42]   -> Executing Inline/Anonymous handler
[2026-05-01 08:05:48] Firing event: [event_spp_app_init]
[2026-05-01 08:05:48]   -> Executing Inline/Anonymous handler
[2026-05-01 08:05:50] Firing event: [event_spp_app_init]
[2026-05-01 08:05:51]   -> Executing Inline/Anonymous handler
[2026-05-01 08:05:54] Firing event: [event_spp_context_enforce]
[2026-05-01 08:05:54]   -> Executing Inline/Anonymous handler
[2026-05-01 08:05:54] Firing event: [event_spp_route_resolve]
[2026-05-01 08:05:54]   -> Executing Inline/Anonymous handler
[2026-05-01 08:05:54] Firing event: [event_spp_app_init]
[2026-05-01 08:05:54]   -> Executing Inline/Anonymous handler
[2026-05-01 08:05:57] Firing event: [event_spp_app_init]
[2026-05-01 08:05:57]   -> Executing Inline/Anonymous handler
[2026-05-01 08:06:05] Firing event: [event_spp_app_init]
[2026-05-01 08:06:05]   -> Executing Inline/Anonymous handler
[2026-05-01 08:10:13] Firing event: [event_spp_context_enforce]
[2026-05-01 08:10:13]   -> Executing Inline/Anonymous handler
[2026-05-01 08:10:13] Firing event: [event_spp_route_resolve]
[2026-05-01 08:10:13]   -> Executing Inline/Anonymous handler
[2026-05-01 08:10:13] Firing event: [event_spp_app_init]
[2026-05-01 08:10:13]   -> Executing Inline/Anonymous handler
[2026-05-01 08:10:20] Firing event: [event_spp_context_enforce]
[2026-05-01 08:10:20] Firing event: [event_spp_context_enforce]
[2026-05-01 08:10:20] Firing event: [event_spp_context_enforce]
[2026-05-01 08:10:20]   -> Executing Inline/Anonymous handler
[2026-05-01 08:10:20]   -> Executing Inline/Anonymous handler
[2026-05-01 08:10:20]   -> Executing Inline/Anonymous handler
[2026-05-01 08:10:20] Firing event: [event_spp_route_resolve]
[2026-05-01 08:10:20] Firing event: [event_spp_route_resolve]
[2026-05-01 08:10:20] Firing event: [event_spp_route_resolve]
[2026-05-01 08:10:20]   -> Executing Inline/Anonymous handler
[2026-05-01 08:10:20]   -> Executing Inline/Anonymous handler
[2026-05-01 08:10:20]   -> Executing Inline/Anonymous handler
[2026-05-01 08:10:20] Firing event: [event_spp_app_init]
[2026-05-01 08:10:20] Firing event: [event_spp_app_init]
[2026-05-01 08:10:20] Firing event: [event_spp_app_init]
[2026-05-01 08:10:20]   -> Executing Inline/Anonymous handler
[2026-05-01 08:10:20]   -> Executing Inline/Anonymous handler
[2026-05-01 08:10:20]   -> Executing Inline/Anonymous handler
[2026-05-01 08:10:21] Firing event: [event_spp_app_init]
[2026-05-01 08:10:21] Firing event: [event_spp_app_init]
[2026-05-01 08:10:21] Firing event: [event_spp_app_init]
[2026-05-01 08:10:21]   -> Executing Inline/Anonymous handler
[2026-05-01 08:10:21]   -> Executing Inline/Anonymous handler
[2026-05-01 08:10:21]   -> Executing Inline/Anonymous handler
[2026-05-01 08:10:25] Firing event: [event_spp_app_init]
[2026-05-01 08:10:25] Firing event: [event_spp_app_init]
[2026-05-01 08:10:25]   -> Executing Inline/Anonymous handler
[2026-05-01 08:10:25]   -> Executing Inline/Anonymous handler
[2026-05-01 08:10:26] Firing event: [event_spp_app_init]
[2026-05-01 08:10:26]   -> Executing Inline/Anonymous handler
[2026-05-01 08:10:28] Firing event: [event_spp_app_init]
[2026-05-01 08:10:28]   -> Executing Inline/Anonymous handler
[2026-05-01 08:10:31] Firing event: [event_spp_context_enforce]
[2026-05-01 08:10:31]   -> Executing Inline/Anonymous handler
[2026-05-01 08:10:31] Firing event: [event_spp_route_resolve]
[2026-05-01 08:10:31]   -> Executing Inline/Anonymous handler
[2026-05-01 08:10:32] Firing event: [event_spp_app_init]
[2026-05-01 08:10:32]   -> Executing Inline/Anonymous handler
[2026-05-01 08:10:34] Firing event: [event_spp_app_init]
[2026-05-01 08:10:34]   -> Executing Inline/Anonymous handler
[2026-05-01 08:10:41] Firing event: [event_spp_app_init]
[2026-05-01 08:10:41]   -> Executing Inline/Anonymous handler
[2026-05-01 08:10:45] Firing event: [event_spp_context_enforce]
[2026-05-01 08:10:45]   -> Executing Inline/Anonymous handler
[2026-05-01 08:10:45] Firing event: [event_spp_route_resolve]
[2026-05-01 08:10:45]   -> Executing Inline/Anonymous handler
[2026-05-01 08:10:45] Firing event: [event_spp_app_init]
[2026-05-01 08:10:45]   -> Executing Inline/Anonymous handler
[2026-05-01 08:10:47] Firing event: [event_spp_app_init]
[2026-05-01 08:10:47]   -> Executing Inline/Anonymous handler
[2026-05-01 08:10:59] Firing event: [event_spp_context_enforce]
[2026-05-01 08:10:59]   -> Executing Inline/Anonymous handler
[2026-05-01 08:10:59] Firing event: [event_spp_route_resolve]
[2026-05-01 08:10:59]   -> Executing Inline/Anonymous handler
[2026-05-01 08:11:00] Firing event: [event_spp_app_init]
[2026-05-01 08:11:00]   -> Executing Inline/Anonymous handler
[2026-05-01 08:11:05] Firing event: [event_spp_app_init]
[2026-05-01 08:11:05]   -> Executing Inline/Anonymous handler
[2026-05-01 10:41:45] Firing event: [event_spp_context_enforce]
[2026-05-01 10:41:45]   -> Executing Inline/Anonymous handler
[2026-05-01 10:41:45] Firing event: [event_spp_route_resolve]
[2026-05-01 10:41:45]   -> Executing Inline/Anonymous handler
[2026-05-01 10:41:45] Firing event: [event_spp_app_init]
[2026-05-01 10:41:45]   -> Executing Inline/Anonymous handler
[2026-05-01 10:42:02] Firing event: [event_spp_context_enforce]
[2026-05-01 10:42:02]   -> Executing Inline/Anonymous handler
[2026-05-01 10:42:02] Firing event: [event_spp_route_resolve]
[2026-05-01 10:42:02]   -> Executing Inline/Anonymous handler
[2026-05-01 10:42:02] Firing event: [event_spp_app_init]
[2026-05-01 10:42:02]   -> Executing Inline/Anonymous handler
[2026-05-01 10:42:44] Firing event: [event_spp_context_enforce]
[2026-05-01 10:42:44]   -> Executing Inline/Anonymous handler
[2026-05-01 10:42:44] Firing event: [event_spp_route_resolve]
[2026-05-01 10:42:44]   -> Executing Inline/Anonymous handler
[2026-05-01 10:42:44] Firing event: [event_spp_app_init]
[2026-05-01 10:42:44]   -> Executing Inline/Anonymous handler
[2026-05-01 10:43:07] Firing event: [event_spp_context_enforce]
[2026-05-01 10:43:07]   -> Executing Inline/Anonymous handler
[2026-05-01 10:43:07] Firing event: [event_spp_route_resolve]
[2026-05-01 10:43:07]   -> Executing Inline/Anonymous handler
[2026-05-01 10:43:07] Firing event: [event_spp_app_init]
[2026-05-01 10:43:07]   -> Executing Inline/Anonymous handler
[2026-05-01 10:43:53] Firing event: [event_spp_context_enforce]
[2026-05-01 10:43:53]   -> Executing Inline/Anonymous handler
[2026-05-01 10:43:53] Firing event: [event_spp_route_resolve]
[2026-05-01 10:43:53]   -> Executing Inline/Anonymous handler
[2026-05-01 10:43:53] Firing event: [event_spp_app_init]
[2026-05-01 10:43:53]   -> Executing Inline/Anonymous handler
[2026-05-01 10:44:06] Firing event: [event_spp_context_enforce]
[2026-05-01 10:44:06]   -> Executing Inline/Anonymous handler
[2026-05-01 10:44:06] Firing event: [event_spp_route_resolve]
[2026-05-01 10:44:06]   -> Executing Inline/Anonymous handler
[2026-05-01 10:44:06] Firing event: [event_spp_app_init]
[2026-05-01 10:44:06]   -> Executing Inline/Anonymous handler
[2026-05-01 10:44:18] Firing event: [event_spp_context_enforce]
[2026-05-01 10:44:18]   -> Executing Inline/Anonymous handler
[2026-05-01 10:44:18] Firing event: [event_spp_route_resolve]
[2026-05-01 10:44:18]   -> Executing Inline/Anonymous handler
[2026-05-01 10:44:18] Firing event: [event_spp_app_init]
[2026-05-01 10:44:18]   -> Executing Inline/Anonymous handler
[2026-05-01 10:44:33] Firing event: [event_spp_context_enforce]
[2026-05-01 10:44:33]   -> Executing Inline/Anonymous handler
[2026-05-01 10:44:33] Firing event: [event_spp_route_resolve]
[2026-05-01 10:44:33]   -> Executing Inline/Anonymous handler
[2026-05-01 10:44:33] Firing event: [event_spp_app_init]
[2026-05-01 10:44:33]   -> Executing Inline/Anonymous handler
[2026-05-01 08:48:32] Firing event: [event_spp_context_enforce]
[2026-05-01 08:48:32]   -> Executing Inline/Anonymous handler
[2026-05-01 08:48:32] Firing event: [event_spp_route_resolve]
[2026-05-01 08:48:32]   -> Executing Inline/Anonymous handler
[2026-05-01 08:48:32] Firing event: [event_spp_app_init]
[2026-05-01 08:48:32]   -> Executing Inline/Anonymous handler
[2026-05-01 08:48:32] Firing event: [event_spp_app_init]
[2026-05-01 08:48:32]   -> Executing Inline/Anonymous handler
[2026-05-01 08:48:34] Firing event: [event_spp_context_enforce]
[2026-05-01 08:48:34] Firing event: [event_spp_context_enforce]
[2026-05-01 08:48:34]   -> Executing Inline/Anonymous handler
[2026-05-01 08:48:34]   -> Executing Inline/Anonymous handler
[2026-05-01 08:48:34] Firing event: [event_spp_route_resolve]
[2026-05-01 08:48:34] Firing event: [event_spp_route_resolve]
[2026-05-01 08:48:34]   -> Executing Inline/Anonymous handler
[2026-05-01 08:48:34]   -> Executing Inline/Anonymous handler
[2026-05-01 08:48:34] Firing event: [event_spp_app_init]
[2026-05-01 08:48:34]   -> Executing Inline/Anonymous handler
[2026-05-01 08:48:34] Firing event: [event_spp_app_init]
[2026-05-01 08:48:34]   -> Executing Inline/Anonymous handler
[2026-05-01 08:48:35] Firing event: [event_spp_context_enforce]
[2026-05-01 08:48:35]   -> Executing Inline/Anonymous handler
[2026-05-01 08:48:35] Firing event: [event_spp_route_resolve]
[2026-05-01 08:48:35]   -> Executing Inline/Anonymous handler
[2026-05-01 08:48:35] Firing event: [event_spp_app_init]
[2026-05-01 08:48:35]   -> Executing Inline/Anonymous handler
[2026-05-01 08:48:35] Firing event: [event_spp_app_init]
[2026-05-01 08:48:35]   -> Executing Inline/Anonymous handler
[2026-05-01 08:48:45] Firing event: [event_spp_context_enforce]
[2026-05-01 08:48:45]   -> Executing Inline/Anonymous handler
[2026-05-01 08:48:45] Firing event: [event_spp_route_resolve]
[2026-05-01 08:48:45]   -> Executing Inline/Anonymous handler
[2026-05-01 08:48:45] Firing event: [event_spp_app_init]
[2026-05-01 08:48:45]   -> Executing Inline/Anonymous handler
[2026-05-01 08:48:46] Firing event: [event_spp_app_init]
[2026-05-01 08:48:46]   -> Executing Inline/Anonymous handler
[2026-05-01 08:48:47] Firing event: [event_spp_context_enforce]
[2026-05-01 08:48:47] Firing event: [event_spp_context_enforce]
[2026-05-01 08:48:47]   -> Executing Inline/Anonymous handler
[2026-05-01 08:48:47]   -> Executing Inline/Anonymous handler
[2026-05-01 08:48:47] Firing event: [event_spp_route_resolve]
[2026-05-01 08:48:47] Firing event: [event_spp_route_resolve]
[2026-05-01 08:48:47]   -> Executing Inline/Anonymous handler
[2026-05-01 08:48:47]   -> Executing Inline/Anonymous handler
[2026-05-01 08:48:47] Firing event: [event_spp_app_init]
[2026-05-01 08:48:47] Firing event: [event_spp_app_init]
[2026-05-01 08:48:47]   -> Executing Inline/Anonymous handler
[2026-05-01 08:48:47]   -> Executing Inline/Anonymous handler
[2026-05-01 08:48:47] Firing event: [event_spp_app_init]
[2026-05-01 08:48:47]   -> Executing Inline/Anonymous handler
[2026-05-01 08:48:47] Firing event: [event_spp_app_init]
[2026-05-01 08:48:47]   -> Executing Inline/Anonymous handler
[2026-05-01 08:48:48] Firing event: [event_spp_app_init]
[2026-05-01 08:48:48]   -> Executing Inline/Anonymous handler
[2026-05-01 08:48:48] Firing event: [event_spp_app_init]
[2026-05-01 08:48:48]   -> Executing Inline/Anonymous handler
[2026-05-01 08:48:49] Firing event: [event_spp_context_enforce]
[2026-05-01 08:48:49] Firing event: [event_spp_context_enforce]
[2026-05-01 08:48:49] Firing event: [event_spp_context_enforce]
[2026-05-01 08:48:49]   -> Executing Inline/Anonymous handler
[2026-05-01 08:48:49]   -> Executing Inline/Anonymous handler
[2026-05-01 08:48:49]   -> Executing Inline/Anonymous handler
[2026-05-01 08:48:49] Firing event: [event_spp_route_resolve]
[2026-05-01 08:48:49] Firing event: [event_spp_route_resolve]
[2026-05-01 08:48:49] Firing event: [event_spp_route_resolve]
[2026-05-01 08:48:49]   -> Executing Inline/Anonymous handler
[2026-05-01 08:48:49]   -> Executing Inline/Anonymous handler
[2026-05-01 08:48:49]   -> Executing Inline/Anonymous handler
[2026-05-01 08:48:49] Firing event: [event_spp_app_init]
[2026-05-01 08:48:49]   -> Executing Inline/Anonymous handler
[2026-05-01 08:48:49] Firing event: [event_spp_app_init]
[2026-05-01 08:48:49] Firing event: [event_spp_app_init]
[2026-05-01 08:48:49]   -> Executing Inline/Anonymous handler
[2026-05-01 08:48:49]   -> Executing Inline/Anonymous handler
[2026-05-01 08:48:49] Firing event: [event_spp_app_init]
[2026-05-01 08:48:49] Firing event: [event_spp_app_init]
[2026-05-01 08:48:49]   -> Executing Inline/Anonymous handler
[2026-05-01 08:48:49]   -> Executing Inline/Anonymous handler
[2026-05-01 08:48:49] Firing event: [event_spp_app_init]
[2026-05-01 08:48:49]   -> Executing Inline/Anonymous handler
[2026-05-01 08:48:50] Firing event: [event_spp_app_init]
[2026-05-01 08:48:50] Firing event: [event_spp_app_init]
[2026-05-01 08:48:50]   -> Executing Inline/Anonymous handler
[2026-05-01 08:48:50]   -> Executing Inline/Anonymous handler
[2026-05-01 08:48:50] Firing event: [event_spp_app_init]
[2026-05-01 08:48:50] Firing event: [event_spp_app_init]
[2026-05-01 08:48:50]   -> Executing Inline/Anonymous handler
[2026-05-01 08:48:50]   -> Executing Inline/Anonymous handler
[2026-05-01 08:48:50] Firing event: [event_spp_app_init]
[2026-05-01 08:48:50]   -> Executing Inline/Anonymous handler
[2026-05-01 08:48:50] Firing event: [event_spp_app_init]
[2026-05-01 08:48:50]   -> Executing Inline/Anonymous handler
[2026-05-01 08:48:51] Firing event: [event_spp_context_enforce]
[2026-05-01 08:48:51]   -> Executing Inline/Anonymous handler
[2026-05-01 08:48:51] Firing event: [event_spp_route_resolve]
[2026-05-01 08:48:51]   -> Executing Inline/Anonymous handler
[2026-05-01 08:48:51] Firing event: [event_spp_app_init]
[2026-05-01 08:48:51]   -> Executing Inline/Anonymous handler
[2026-05-01 08:48:51] Firing event: [event_spp_app_init]
[2026-05-01 08:48:51]   -> Executing Inline/Anonymous handler
[2026-05-01 08:48:52] Firing event: [event_spp_app_init]
[2026-05-01 08:48:52]   -> Executing Inline/Anonymous handler
[2026-05-01 08:49:03] Firing event: [event_spp_context_enforce]
[2026-05-01 08:49:03]   -> Executing Inline/Anonymous handler
[2026-05-01 08:49:03] Firing event: [event_spp_route_resolve]
[2026-05-01 08:49:03]   -> Executing Inline/Anonymous handler
[2026-05-01 08:49:03] Firing event: [event_spp_app_init]
[2026-05-01 08:49:03]   -> Executing Inline/Anonymous handler
[2026-05-01 08:49:04] Firing event: [event_spp_app_init]
[2026-05-01 08:49:04]   -> Executing Inline/Anonymous handler
[2026-05-01 08:49:05] Firing event: [event_spp_context_enforce]
[2026-05-01 08:49:05]   -> Executing Inline/Anonymous handler
[2026-05-01 08:49:05] Firing event: [event_spp_route_resolve]
[2026-05-01 08:49:05]   -> Executing Inline/Anonymous handler
[2026-05-01 08:49:05] Firing event: [event_spp_app_init]
[2026-05-01 08:49:05]   -> Executing Inline/Anonymous handler
[2026-05-01 08:49:05] Firing event: [event_spp_context_enforce]
[2026-05-01 08:49:05]   -> Executing Inline/Anonymous handler
[2026-05-01 08:49:05] Firing event: [event_spp_route_resolve]
[2026-05-01 08:49:05]   -> Executing Inline/Anonymous handler
[2026-05-01 08:49:05] Firing event: [event_spp_app_init]
[2026-05-01 08:49:05]   -> Executing Inline/Anonymous handler
[2026-05-01 08:49:06] Firing event: [event_spp_context_enforce]
[2026-05-01 08:49:06]   -> Executing Inline/Anonymous handler
[2026-05-01 08:49:06] Firing event: [event_spp_route_resolve]
[2026-05-01 08:49:06]   -> Executing Inline/Anonymous handler
[2026-05-01 08:49:06] Firing event: [event_spp_app_init]
[2026-05-01 08:49:06]   -> Executing Inline/Anonymous handler
[2026-05-01 08:49:06] Firing event: [event_spp_app_init]
[2026-05-01 08:49:06]   -> Executing Inline/Anonymous handler
[2026-05-01 08:49:15] Firing event: [event_spp_context_enforce]
[2026-05-01 08:49:15]   -> Executing Inline/Anonymous handler
[2026-05-01 08:49:15] Firing event: [event_spp_route_resolve]
[2026-05-01 08:49:15]   -> Executing Inline/Anonymous handler
[2026-05-01 08:49:15] Firing event: [event_spp_app_init]
[2026-05-01 08:49:15]   -> Executing Inline/Anonymous handler
[2026-05-01 08:49:15] Firing event: [event_spp_app_init]
[2026-05-01 08:49:15]   -> Executing Inline/Anonymous handler
[2026-05-01 10:50:15] Firing event: [event_spp_context_enforce]
[2026-05-01 10:50:15]   -> Executing Inline/Anonymous handler
[2026-05-01 10:50:15] Firing event: [event_spp_route_resolve]
[2026-05-01 10:50:15]   -> Executing Inline/Anonymous handler
[2026-05-01 10:50:15] Firing event: [event_spp_app_init]
[2026-05-01 10:50:15]   -> Executing Inline/Anonymous handler
[2026-05-01 08:50:44] Firing event: [event_spp_context_enforce]
[2026-05-01 08:50:44]   -> Executing Inline/Anonymous handler
[2026-05-01 08:50:44] Firing event: [event_spp_route_resolve]
[2026-05-01 08:50:44]   -> Executing Inline/Anonymous handler
[2026-05-01 08:50:44] Firing event: [event_spp_app_init]
[2026-05-01 08:50:44]   -> Executing Inline/Anonymous handler
[2026-05-01 08:50:44] Firing event: [event_spp_app_init]
[2026-05-01 08:50:44]   -> Executing Inline/Anonymous handler
[2026-05-01 08:50:46] Firing event: [event_spp_view_pre_render]
[2026-05-01 08:50:46]   !! Error: Event 'event_spp_view_pre_render' has no override and no default handler defined.
[2026-05-01 10:51:36] Firing event: [event_spp_context_enforce]
[2026-05-01 10:51:36]   -> Executing Inline/Anonymous handler
[2026-05-01 10:51:36] Firing event: [event_spp_route_resolve]
[2026-05-01 10:51:36]   -> Executing Inline/Anonymous handler
[2026-05-01 10:51:36] Firing event: [event_spp_app_init]
[2026-05-01 10:51:36]   -> Executing Inline/Anonymous handler
[2026-05-01 08:55:17] Firing event: [event_spp_context_enforce]
[2026-05-01 08:55:17]   -> Executing Inline/Anonymous handler
[2026-05-01 08:55:17] Firing event: [event_spp_route_resolve]
[2026-05-01 08:55:17]   -> Executing Inline/Anonymous handler
[2026-05-01 08:55:17] Firing event: [event_spp_app_init]
[2026-05-01 08:55:17]   -> Executing Inline/Anonymous handler
[2026-05-01 08:55:18] Firing event: [event_spp_app_init]
[2026-05-01 08:55:18]   -> Executing Inline/Anonymous handler
[2026-05-01 08:55:19] Firing event: [event_spp_view_pre_render]
[2026-05-01 08:55:19]   !! Error: Event 'event_spp_view_pre_render' has no override and no default handler defined.
[2026-05-01 10:56:02] Firing event: [event_spp_context_enforce]
[2026-05-01 10:56:02]   -> Executing Inline/Anonymous handler
[2026-05-01 10:56:02] Firing event: [event_spp_route_resolve]
[2026-05-01 10:56:02]   -> Executing Inline/Anonymous handler
[2026-05-01 10:56:02] Firing event: [event_spp_app_init]
[2026-05-01 10:56:02]   -> Executing Inline/Anonymous handler
[2026-05-01 10:56:03] Firing event: [test_optional_event]
[2026-05-01 10:56:03]   .. Event 'test_optional_event' has no handlers. Continuing.
[2026-05-01 09:01:49] Firing event: [event_spp_context_enforce]
[2026-05-01 09:01:49]   -> Executing Inline/Anonymous handler
[2026-05-01 09:01:49] Firing event: [event_spp_route_resolve]
[2026-05-01 09:01:49]   -> Executing Inline/Anonymous handler
[2026-05-01 09:01:49] Firing event: [event_spp_app_init]
[2026-05-01 09:01:49]   -> Executing Inline/Anonymous handler
[2026-05-01 09:01:49] Firing event: [event_spp_app_init]
[2026-05-01 09:01:49]   -> Executing Inline/Anonymous handler
[2026-05-01 09:01:51] Firing event: [event_spp_view_pre_render]
[2026-05-01 09:01:51]   .. Event 'event_spp_view_pre_render' has no handlers. Continuing.
[2026-05-01 09:01:51] Firing event: [event_spp_view_render]
[2026-05-01 09:01:51]   .. Event 'event_spp_view_render' has no handlers. Continuing.
[2026-05-01 09:01:51] Firing event: [event_spp_view_post_render]
[2026-05-01 09:01:51]   .. Event 'event_spp_view_post_render' has no handlers. Continuing.
[2026-05-01 09:22:54] Firing event: [event_spp_context_enforce]
[2026-05-01 09:22:54]   -> Executing Inline/Anonymous handler
[2026-05-01 09:22:54] Firing event: [event_spp_route_resolve]
[2026-05-01 09:22:54]   -> Executing Inline/Anonymous handler
[2026-05-01 09:22:54] Firing event: [event_spp_app_init]
[2026-05-01 09:22:54]   -> Executing Inline/Anonymous handler
[2026-05-01 09:22:55] Firing event: [event_spp_app_init]
[2026-05-01 09:22:55]   -> Executing Inline/Anonymous handler
[2026-05-01 09:22:57] Firing event: [event_spp_view_pre_render]
[2026-05-01 09:22:57]   .. Event 'event_spp_view_pre_render' has no handlers. Continuing.
[2026-05-01 09:22:57] Firing event: [event_spp_view_render]
[2026-05-01 09:22:57]   .. Event 'event_spp_view_render' has no handlers. Continuing.
[2026-05-01 09:22:57] Firing event: [event_spp_view_post_render]
[2026-05-01 09:22:57]   .. Event 'event_spp_view_post_render' has no handlers. Continuing.
[2026-05-01 09:22:57] Firing event: [event_spp_view_before_augment]
[2026-05-01 09:22:57]   .. Event 'event_spp_view_before_augment' has no handlers. Continuing.
[2026-05-01 09:27:36] Firing event: [event_spp_context_enforce]
[2026-05-01 09:27:36]   -> Executing Inline/Anonymous handler
[2026-05-01 09:27:36] Firing event: [event_spp_route_resolve]
[2026-05-01 09:27:36]   -> Executing Inline/Anonymous handler
[2026-05-01 09:27:36] Firing event: [event_spp_app_init]
[2026-05-01 09:27:36]   -> Executing Inline/Anonymous handler
[2026-05-01 09:27:36] Firing event: [event_spp_app_init]
[2026-05-01 09:27:36]   -> Executing Inline/Anonymous handler
[2026-05-01 09:27:38] Firing event: [event_spp_view_pre_render]
[2026-05-01 09:27:38]   .. Event 'event_spp_view_pre_render' has no handlers. Continuing.
[2026-05-01 09:27:38] Firing event: [event_spp_view_render]
[2026-05-01 09:27:38]   .. Event 'event_spp_view_render' has no handlers. Continuing.
[2026-05-01 09:27:38] Firing event: [event_spp_view_post_render]
[2026-05-01 09:27:38]   .. Event 'event_spp_view_post_render' has no handlers. Continuing.
[2026-05-01 09:27:38] Firing event: [event_spp_view_before_augment]
[2026-05-01 09:27:38]   .. Event 'event_spp_view_before_augment' has no handlers. Continuing.
[2026-05-01 09:27:38] Firing event: [event_spp_view_render_theme]
[2026-05-01 09:27:38]   .. Event 'event_spp_view_render_theme' has no handlers. Continuing.
[2026-05-01 09:27:38] Firing event: [event_spp_context_enforce]
[2026-05-01 09:27:38]   -> Executing Inline/Anonymous handler
[2026-05-01 09:27:38] Firing event: [event_spp_route_resolve]
[2026-05-01 09:27:38]   -> Executing Inline/Anonymous handler
[2026-05-01 09:27:38] Firing event: [event_spp_app_init]
[2026-05-01 09:27:38]   -> Executing Inline/Anonymous handler
[2026-05-01 09:27:40] Firing event: [event_spp_context_enforce]
[2026-05-01 09:27:40]   -> Executing Inline/Anonymous handler
[2026-05-01 09:27:40] Firing event: [event_spp_route_resolve]
[2026-05-01 09:27:40]   -> Executing Inline/Anonymous handler
[2026-05-01 09:27:40] Firing event: [event_spp_app_init]
[2026-05-01 09:27:40]   -> Executing Inline/Anonymous handler
[2026-05-01 09:28:10] Firing event: [event_spp_context_enforce]
[2026-05-01 09:28:10]   -> Executing Inline/Anonymous handler
[2026-05-01 09:28:10] Firing event: [event_spp_route_resolve]
[2026-05-01 09:28:10]   -> Executing Inline/Anonymous handler
[2026-05-01 09:28:10] Firing event: [event_spp_app_init]
[2026-05-01 09:28:10]   -> Executing Inline/Anonymous handler
[2026-05-01 09:28:12] Firing event: [event_spp_context_enforce]
[2026-05-01 09:28:12]   -> Executing Inline/Anonymous handler
[2026-05-01 09:28:12] Firing event: [event_spp_route_resolve]
[2026-05-01 09:28:12]   -> Executing Inline/Anonymous handler
[2026-05-01 09:28:12] Firing event: [event_spp_app_init]
[2026-05-01 09:28:12]   -> Executing Inline/Anonymous handler
[2026-05-01 09:28:12] Firing event: [event_spp_app_init]
[2026-05-01 09:28:12]   -> Executing Inline/Anonymous handler
[2026-05-01 09:28:13] Firing event: [event_spp_view_pre_render]
[2026-05-01 09:28:13]   .. Event 'event_spp_view_pre_render' has no handlers. Continuing.
[2026-05-01 09:28:13] Firing event: [event_spp_view_render]
[2026-05-01 09:28:13]   .. Event 'event_spp_view_render' has no handlers. Continuing.
[2026-05-01 09:28:13] Firing event: [event_spp_view_post_render]
[2026-05-01 09:28:13]   .. Event 'event_spp_view_post_render' has no handlers. Continuing.
[2026-05-01 09:28:13] Firing event: [event_spp_view_before_augment]
[2026-05-01 09:28:13]   .. Event 'event_spp_view_before_augment' has no handlers. Continuing.
[2026-05-01 09:28:13] Firing event: [event_spp_view_render_theme]
[2026-05-01 09:28:13]   .. Event 'event_spp_view_render_theme' has no handlers. Continuing.
[2026-05-01 09:28:14] Firing event: [event_spp_context_enforce]
[2026-05-01 09:28:14]   -> Executing Inline/Anonymous handler
[2026-05-01 09:28:14] Firing event: [event_spp_route_resolve]
[2026-05-01 09:28:14]   -> Executing Inline/Anonymous handler
[2026-05-01 09:28:14] Firing event: [event_spp_app_init]
[2026-05-01 09:28:14]   -> Executing Inline/Anonymous handler
[2026-05-01 09:28:15] Firing event: [event_spp_context_enforce]
[2026-05-01 09:28:15]   -> Executing Inline/Anonymous handler
[2026-05-01 09:28:15] Firing event: [event_spp_route_resolve]
[2026-05-01 09:28:15]   -> Executing Inline/Anonymous handler
[2026-05-01 09:28:15] Firing event: [event_spp_app_init]
[2026-05-01 09:28:15]   -> Executing Inline/Anonymous handler
[2026-05-01 09:29:45] Firing event: [event_spp_context_enforce]
[2026-05-01 09:29:45]   -> Executing Inline/Anonymous handler
[2026-05-01 09:29:45] Firing event: [event_spp_route_resolve]
[2026-05-01 09:29:45]   -> Executing Inline/Anonymous handler
[2026-05-01 09:29:45] Firing event: [event_spp_app_init]
[2026-05-01 09:29:45]   -> Executing Inline/Anonymous handler
[2026-05-01 09:29:45] Firing event: [event_spp_app_init]
[2026-05-01 09:29:45]   -> Executing Inline/Anonymous handler
[2026-05-01 09:29:47] Firing event: [event_spp_view_pre_render]
[2026-05-01 09:29:47]   .. Event 'event_spp_view_pre_render' has no handlers. Continuing.
[2026-05-01 09:29:47] Firing event: [event_spp_view_render]
[2026-05-01 09:29:47]   -> Executing Inline Default Handler (class): DefaultViewRenderHandler
[2026-05-01 09:29:47] Firing event: [event_spp_view_post_render]
[2026-05-01 09:29:47]   .. Event 'event_spp_view_post_render' has no handlers. Continuing.
[2026-05-01 09:29:47] Firing event: [event_spp_view_before_augment]
[2026-05-01 09:29:47]   .. Event 'event_spp_view_before_augment' has no handlers. Continuing.
[2026-05-01 09:29:47] Firing event: [event_spp_view_render_theme]
[2026-05-01 09:29:47]   .. Event 'event_spp_view_render_theme' has no handlers. Continuing.
[2026-05-01 09:29:47] Firing event: [event_spp_context_enforce]
[2026-05-01 09:29:47]   -> Executing Inline/Anonymous handler
[2026-05-01 09:29:47] Firing event: [event_spp_route_resolve]
[2026-05-01 09:29:47]   -> Executing Inline/Anonymous handler
[2026-05-01 09:29:47] Firing event: [event_spp_app_init]
[2026-05-01 09:29:47]   -> Executing Inline/Anonymous handler
[2026-05-01 09:29:48] Firing event: [event_spp_context_enforce]
[2026-05-01 09:29:48]   -> Executing Inline/Anonymous handler
[2026-05-01 09:29:48] Firing event: [event_spp_route_resolve]
[2026-05-01 09:29:48]   -> Executing Inline/Anonymous handler
[2026-05-01 09:29:48] Firing event: [event_spp_app_init]
[2026-05-01 09:29:48]   -> Executing Inline/Anonymous handler
[2026-05-01 11:31:55] Firing event: [event_spp_context_enforce]
[2026-05-01 11:31:55]   -> Executing Inline/Anonymous handler
[2026-05-01 11:31:55] Firing event: [event_spp_route_resolve]
[2026-05-01 11:31:55]   -> Executing Inline/Anonymous handler
[2026-05-01 11:31:55] Firing event: [event_spp_app_init]
[2026-05-01 11:31:55]   -> Executing Inline/Anonymous handler
[2026-05-01 11:32:40] Firing event: [event_spp_context_enforce]
[2026-05-01 11:32:40]   -> Executing Inline/Anonymous handler
[2026-05-01 11:32:40] Firing event: [event_spp_route_resolve]
[2026-05-01 11:32:40]   -> Executing Inline/Anonymous handler
[2026-05-01 11:32:40] Firing event: [event_spp_app_init]
[2026-05-01 11:32:40]   -> Executing Inline/Anonymous handler
[2026-05-01 11:32:41] Firing event: [test_render_event]
[2026-05-01 11:32:41]   -> Executing Inline Default Handler (class): DefaultViewRenderHandler
[2026-05-01 09:33:10] Firing event: [event_spp_context_enforce]
[2026-05-01 09:33:10]   -> Executing Inline/Anonymous handler
[2026-05-01 09:33:10] Firing event: [event_spp_route_resolve]
[2026-05-01 09:33:10]   -> Executing Inline/Anonymous handler
[2026-05-01 09:33:10] Firing event: [event_spp_app_init]
[2026-05-01 09:33:10]   -> Executing Inline/Anonymous handler
[2026-05-01 09:33:10] Firing event: [event_spp_app_init]
[2026-05-01 09:33:10]   -> Executing Inline/Anonymous handler
[2026-05-01 09:33:12] Firing event: [event_spp_view_pre_render]
[2026-05-01 09:33:12]   .. Event 'event_spp_view_pre_render' has no handlers. Continuing.
[2026-05-01 09:33:12] Firing event: [event_spp_view_render]
[2026-05-01 09:33:12]   -> Executing Inline Default Handler (class): DefaultViewRenderHandler
[2026-05-01 09:33:12] Firing event: [event_spp_view_post_render]
[2026-05-01 09:33:12]   .. Event 'event_spp_view_post_render' has no handlers. Continuing.
[2026-05-01 09:33:12] Firing event: [event_spp_view_before_augment]
[2026-05-01 09:33:12]   .. Event 'event_spp_view_before_augment' has no handlers. Continuing.
[2026-05-01 09:33:12] Firing event: [event_spp_view_render_theme]
[2026-05-01 09:33:12]   .. Event 'event_spp_view_render_theme' has no handlers. Continuing.
[2026-05-01 09:33:12] Firing event: [event_spp_context_enforce]
[2026-05-01 09:33:12]   -> Executing Inline/Anonymous handler
[2026-05-01 09:33:12] Firing event: [event_spp_route_resolve]
[2026-05-01 09:33:12]   -> Executing Inline/Anonymous handler
[2026-05-01 09:33:12] Firing event: [event_spp_app_init]
[2026-05-01 09:33:12]   -> Executing Inline/Anonymous handler
[2026-05-01 09:33:13] Firing event: [event_spp_context_enforce]
[2026-05-01 09:33:13]   -> Executing Inline/Anonymous handler
[2026-05-01 09:33:13] Firing event: [event_spp_route_resolve]
[2026-05-01 09:33:13]   -> Executing Inline/Anonymous handler
[2026-05-01 09:33:13] Firing event: [event_spp_app_init]
[2026-05-01 09:33:13]   -> Executing Inline/Anonymous handler
[2026-05-01 09:33:28] Firing event: [event_spp_context_enforce]
[2026-05-01 09:33:28]   -> Executing Inline/Anonymous handler
[2026-05-01 09:33:28] Firing event: [event_spp_route_resolve]
[2026-05-01 09:33:28]   -> Executing Inline/Anonymous handler
[2026-05-01 09:33:28] Firing event: [event_spp_app_init]
[2026-05-01 09:33:28]   -> Executing Inline/Anonymous handler
[2026-05-01 09:33:28] Firing event: [event_spp_app_init]
[2026-05-01 09:33:28]   -> Executing Inline/Anonymous handler
[2026-05-01 09:33:29] Firing event: [event_spp_view_pre_render]
[2026-05-01 09:33:29]   .. Event 'event_spp_view_pre_render' has no handlers. Continuing.
[2026-05-01 09:33:29] Firing event: [event_spp_view_render]
[2026-05-01 09:33:29]   -> Executing Inline Default Handler (class): DefaultViewRenderHandler
[2026-05-01 09:33:29] Firing event: [event_spp_view_post_render]
[2026-05-01 09:33:29]   .. Event 'event_spp_view_post_render' has no handlers. Continuing.
[2026-05-01 09:33:29] Firing event: [event_spp_view_before_augment]
[2026-05-01 09:33:29]   .. Event 'event_spp_view_before_augment' has no handlers. Continuing.
[2026-05-01 09:33:29] Firing event: [event_spp_view_render_theme]
[2026-05-01 09:33:29]   .. Event 'event_spp_view_render_theme' has no handlers. Continuing.
[2026-05-01 09:33:30] Firing event: [event_spp_context_enforce]
[2026-05-01 09:33:30]   -> Executing Inline/Anonymous handler
[2026-05-01 09:33:30] Firing event: [event_spp_route_resolve]
[2026-05-01 09:33:30]   -> Executing Inline/Anonymous handler
[2026-05-01 09:33:30] Firing event: [event_spp_app_init]
[2026-05-01 09:33:30]   -> Executing Inline/Anonymous handler
[2026-05-01 09:33:31] Firing event: [event_spp_context_enforce]
[2026-05-01 09:33:31]   -> Executing Inline/Anonymous handler
[2026-05-01 09:33:31] Firing event: [event_spp_route_resolve]
[2026-05-01 09:33:31]   -> Executing Inline/Anonymous handler
[2026-05-01 09:33:31] Firing event: [event_spp_app_init]
[2026-05-01 09:33:31]   -> Executing Inline/Anonymous handler
[2026-05-01 09:33:32] Firing event: [event_spp_context_enforce]
[2026-05-01 09:33:32]   -> Executing Inline/Anonymous handler
[2026-05-01 09:33:32] Firing event: [event_spp_route_resolve]
[2026-05-01 09:33:32]   -> Executing Inline/Anonymous handler
[2026-05-01 09:33:32] Firing event: [event_spp_app_init]
[2026-05-01 09:33:32]   -> Executing Inline/Anonymous handler
[2026-05-01 09:34:02] Firing event: [event_spp_context_enforce]
[2026-05-01 09:34:02]   -> Executing Inline/Anonymous handler
[2026-05-01 09:34:02] Firing event: [event_spp_route_resolve]
[2026-05-01 09:34:02]   -> Executing Inline/Anonymous handler
[2026-05-01 09:34:02] Firing event: [event_spp_app_init]
[2026-05-01 09:34:02]   -> Executing Inline/Anonymous handler
[2026-05-01 09:34:03] Firing event: [event_spp_app_init]
[2026-05-01 09:34:03]   -> Executing Inline/Anonymous handler
[2026-05-01 09:34:04] Firing event: [event_spp_view_pre_render]
[2026-05-01 09:34:04]   .. Event 'event_spp_view_pre_render' has no handlers. Continuing.
[2026-05-01 09:34:04] Firing event: [event_spp_view_render]
[2026-05-01 09:34:04]   -> Executing Inline Default Handler (class): DefaultViewRenderHandler
[2026-05-01 09:34:04] Firing event: [event_spp_view_post_render]
[2026-05-01 09:34:04]   .. Event 'event_spp_view_post_render' has no handlers. Continuing.
[2026-05-01 09:34:04] Firing event: [event_spp_view_before_augment]
[2026-05-01 09:34:04]   .. Event 'event_spp_view_before_augment' has no handlers. Continuing.
[2026-05-01 09:34:04] Firing event: [event_spp_view_render_theme]
[2026-05-01 09:34:04]   .. Event 'event_spp_view_render_theme' has no handlers. Continuing.
[2026-05-01 09:34:04] Firing event: [event_spp_context_enforce]
[2026-05-01 09:34:04]   -> Executing Inline/Anonymous handler
[2026-05-01 09:34:04] Firing event: [event_spp_route_resolve]
[2026-05-01 09:34:04]   -> Executing Inline/Anonymous handler
[2026-05-01 09:34:04] Firing event: [event_spp_app_init]
[2026-05-01 09:34:04]   -> Executing Inline/Anonymous handler
[2026-05-01 09:34:06] Firing event: [event_spp_context_enforce]
[2026-05-01 09:34:06]   -> Executing Inline/Anonymous handler
[2026-05-01 09:34:06] Firing event: [event_spp_route_resolve]
[2026-05-01 09:34:06]   -> Executing Inline/Anonymous handler
[2026-05-01 09:34:06] Firing event: [event_spp_app_init]
[2026-05-01 09:34:06]   -> Executing Inline/Anonymous handler
[2026-05-01 09:34:07] Firing event: [event_spp_context_enforce]
[2026-05-01 09:34:07]   -> Executing Inline/Anonymous handler
[2026-05-01 09:34:07] Firing event: [event_spp_route_resolve]
[2026-05-01 09:34:07]   -> Executing Inline/Anonymous handler
[2026-05-01 09:34:07] Firing event: [event_spp_app_init]
[2026-05-01 09:34:07]   -> Executing Inline/Anonymous handler
[2026-05-01 11:37:06] Firing event: [event_spp_context_enforce]
[2026-05-01 11:37:06]   -> Executing Inline/Anonymous handler
[2026-05-01 11:37:06] Firing event: [event_spp_route_resolve]
[2026-05-01 11:37:06]   -> Executing Inline/Anonymous handler
[2026-05-01 11:37:06] Firing event: [event_spp_app_init]
[2026-05-01 11:37:06]   -> Executing Inline/Anonymous handler
[2026-05-01 11:37:51] Firing event: [event_spp_context_enforce]
[2026-05-01 11:37:51]   -> Executing Inline/Anonymous handler
[2026-05-01 11:37:51] Firing event: [event_spp_route_resolve]
[2026-05-01 11:37:51]   -> Executing Inline/Anonymous handler
[2026-05-01 11:37:51] Firing event: [event_spp_app_init]
[2026-05-01 11:37:51]   -> Executing Inline/Anonymous handler
[2026-05-01 11:38:08] Firing event: [event_spp_context_enforce]
[2026-05-01 11:38:08]   -> Executing Inline/Anonymous handler
[2026-05-01 11:38:08] Firing event: [event_spp_route_resolve]
[2026-05-01 11:38:08]   -> Executing Inline/Anonymous handler
[2026-05-01 11:38:08] Firing event: [event_spp_app_init]
[2026-05-01 11:38:08]   -> Executing Inline/Anonymous handler
[2026-05-01 11:38:09] Firing event: [event_spp_app_init]
[2026-05-01 11:38:09]   -> Executing Inline/Anonymous handler
[2026-05-01 11:38:59] Firing event: [event_spp_context_enforce]
[2026-05-01 11:38:59]   -> Executing Inline/Anonymous handler
[2026-05-01 11:38:59] Firing event: [event_spp_route_resolve]
[2026-05-01 11:38:59]   -> Executing Inline/Anonymous handler
[2026-05-01 11:38:59] Firing event: [event_spp_app_init]
[2026-05-01 11:38:59]   -> Executing Inline/Anonymous handler
[2026-05-01 11:39:00] Firing event: [event_spp_app_init]
[2026-05-01 11:39:00]   -> Executing Inline/Anonymous handler
[2026-05-01 09:39:45] Firing event: [event_spp_context_enforce]
[2026-05-01 09:39:45]   -> Executing Inline/Anonymous handler
[2026-05-01 09:39:45] Firing event: [event_spp_route_resolve]
[2026-05-01 09:39:45]   -> Executing Inline/Anonymous handler
[2026-05-01 09:39:45] Firing event: [event_spp_app_init]
[2026-05-01 09:39:45]   -> Executing Inline/Anonymous handler
[2026-05-01 09:39:53] Firing event: [event_spp_context_enforce]
[2026-05-01 09:39:53]   -> Executing Inline/Anonymous handler
[2026-05-01 09:39:53] Firing event: [event_spp_route_resolve]
[2026-05-01 09:39:53]   -> Executing Inline/Anonymous handler
[2026-05-01 09:39:53] Firing event: [event_spp_app_init]
[2026-05-01 09:39:53]   -> Executing Inline/Anonymous handler
[2026-05-01 09:40:00] Firing event: [event_spp_context_enforce]
[2026-05-01 09:40:00]   -> Executing Inline/Anonymous handler
[2026-05-01 09:40:00] Firing event: [event_spp_route_resolve]
[2026-05-01 09:40:00]   -> Executing Inline/Anonymous handler
[2026-05-01 09:40:00] Firing event: [event_spp_app_init]
[2026-05-01 09:40:00]   -> Executing Inline/Anonymous handler
[2026-05-01 09:40:13] Firing event: [event_spp_context_enforce]
[2026-05-01 09:40:13]   -> Executing Inline/Anonymous handler
[2026-05-01 09:40:13] Firing event: [event_spp_route_resolve]
[2026-05-01 09:40:13]   -> Executing Inline/Anonymous handler
[2026-05-01 09:40:13] Firing event: [event_spp_app_init]
[2026-05-01 09:40:13]   -> Executing Inline/Anonymous handler
[2026-05-01 11:41:45] Firing event: [event_spp_context_enforce]
[2026-05-01 11:41:45]   -> Executing Inline/Anonymous handler
[2026-05-01 11:41:45] Firing event: [event_spp_route_resolve]
[2026-05-01 11:41:45]   -> Executing Inline/Anonymous handler
[2026-05-01 11:41:45] Firing event: [event_spp_app_init]
[2026-05-01 11:41:45]   -> Executing Inline/Anonymous handler
[2026-05-01 11:41:47] Firing event: [event_spp_app_init]
[2026-05-01 11:41:47]   -> Executing Inline/Anonymous handler
[2026-05-01 11:41:47] Firing event: [event_spp_app_init]
[2026-05-01 11:41:47]   -> Executing Inline/Anonymous handler
[2026-05-01 11:42:07] Firing event: [event_spp_context_enforce]
[2026-05-01 11:42:07]   -> Executing Inline/Anonymous handler
[2026-05-01 11:42:07] Firing event: [event_spp_route_resolve]
[2026-05-01 11:42:07]   -> Executing Inline/Anonymous handler
[2026-05-01 11:42:07] Firing event: [event_spp_app_init]
[2026-05-01 11:42:07]   -> Executing Inline/Anonymous handler
[2026-05-01 11:42:08] Firing event: [event_spp_app_init]
[2026-05-01 11:42:08]   -> Executing Inline/Anonymous handler
[2026-05-01 11:42:08] Firing event: [event_spp_app_init]
[2026-05-01 11:42:08]   -> Executing Inline/Anonymous handler
[2026-05-01 09:42:41] Firing event: [event_spp_context_enforce]
[2026-05-01 09:42:41]   -> Executing Inline/Anonymous handler
[2026-05-01 09:42:41] Firing event: [event_spp_route_resolve]
[2026-05-01 09:42:41]   -> Executing Inline/Anonymous handler
[2026-05-01 09:42:41] Firing event: [event_spp_app_init]
[2026-05-01 09:42:41]   -> Executing Inline/Anonymous handler
[2026-05-01 09:42:51] Firing event: [event_spp_context_enforce]
[2026-05-01 09:42:51]   -> Executing Inline/Anonymous handler
[2026-05-01 09:42:51] Firing event: [event_spp_route_resolve]
[2026-05-01 09:42:51]   -> Executing Inline/Anonymous handler
[2026-05-01 09:42:53] Firing event: [event_spp_app_init]
[2026-05-01 09:42:53]   -> Executing Inline/Anonymous handler
[2026-05-01 09:42:53] Firing event: [event_spp_app_init]
[2026-05-01 09:42:53]   -> Executing Inline/Anonymous handler
[2026-05-01 09:42:54] Firing event: [event_spp_view_pre_render]
[2026-05-01 09:42:54]   .. Event 'event_spp_view_pre_render' has no handlers. Continuing.
[2026-05-01 09:42:54] Firing event: [event_spp_view_render]
[2026-05-01 09:42:54]   -> Executing Inline Default Handler (class): DefaultViewRenderHandler
[2026-05-01 09:42:54] Firing event: [event_spp_view_post_render]
[2026-05-01 09:42:54]   .. Event 'event_spp_view_post_render' has no handlers. Continuing.
[2026-05-01 09:42:54] Firing event: [event_spp_view_before_augment]
[2026-05-01 09:42:54]   .. Event 'event_spp_view_before_augment' has no handlers. Continuing.
[2026-05-01 09:42:54] Firing event: [event_spp_view_render_theme]
[2026-05-01 09:42:54]   .. Event 'event_spp_view_render_theme' has no handlers. Continuing.
[2026-05-01 09:42:55] Firing event: [event_spp_context_enforce]
[2026-05-01 09:42:55]   -> Executing Inline/Anonymous handler
[2026-05-01 09:42:55] Firing event: [event_spp_route_resolve]
[2026-05-01 09:42:55]   -> Executing Inline/Anonymous handler
[2026-05-01 09:42:55] Firing event: [event_spp_app_init]
[2026-05-01 09:42:55]   -> Executing Inline/Anonymous handler
[2026-05-01 09:42:56] Firing event: [event_spp_context_enforce]
[2026-05-01 09:42:56]   -> Executing Inline/Anonymous handler
[2026-05-01 09:42:56] Firing event: [event_spp_route_resolve]
[2026-05-01 09:42:56]   -> Executing Inline/Anonymous handler
[2026-05-01 09:42:56] Firing event: [event_spp_app_init]
[2026-05-01 09:42:56]   -> Executing Inline/Anonymous handler
[2026-05-01 09:42:57] Firing event: [event_spp_context_enforce]
[2026-05-01 09:42:57]   -> Executing Inline/Anonymous handler
[2026-05-01 09:42:57] Firing event: [event_spp_route_resolve]
[2026-05-01 09:42:57]   -> Executing Inline/Anonymous handler
[2026-05-01 09:42:57] Firing event: [event_spp_app_init]
[2026-05-01 09:42:57]   -> Executing Inline/Anonymous handler
[2026-05-01 09:43:20] Firing event: [event_spp_context_enforce]
[2026-05-01 09:43:20]   -> Executing Inline/Anonymous handler
[2026-05-01 09:43:20] Firing event: [event_spp_route_resolve]
[2026-05-01 09:43:20]   -> Executing Inline/Anonymous handler
[2026-05-01 09:43:20] Firing event: [event_spp_app_init]
[2026-05-01 09:43:20]   -> Executing Inline/Anonymous handler
[2026-05-01 09:43:21] Firing event: [event_spp_app_init]
[2026-05-01 09:43:21]   -> Executing Inline/Anonymous handler
[2026-05-01 09:43:22] Firing event: [event_spp_view_pre_render]
[2026-05-01 09:43:22]   .. Event 'event_spp_view_pre_render' has no handlers. Continuing.
[2026-05-01 09:43:22] Firing event: [event_spp_view_render]
[2026-05-01 09:43:22]   -> Executing Inline Default Handler (class): DefaultViewRenderHandler
[2026-05-01 09:43:22] Firing event: [event_spp_view_post_render]
[2026-05-01 09:43:22]   .. Event 'event_spp_view_post_render' has no handlers. Continuing.
[2026-05-01 09:43:22] Firing event: [event_spp_view_before_augment]
[2026-05-01 09:43:22]   .. Event 'event_spp_view_before_augment' has no handlers. Continuing.
[2026-05-01 09:43:22] Firing event: [event_spp_view_render_theme]
[2026-05-01 09:43:22]   .. Event 'event_spp_view_render_theme' has no handlers. Continuing.
[2026-05-01 09:43:22] Firing event: [event_spp_context_enforce]
[2026-05-01 09:43:22]   -> Executing Inline/Anonymous handler
[2026-05-01 09:43:22] Firing event: [event_spp_route_resolve]
[2026-05-01 09:43:22]   -> Executing Inline/Anonymous handler
[2026-05-01 09:43:22] Firing event: [event_spp_app_init]
[2026-05-01 09:43:22]   -> Executing Inline/Anonymous handler
[2026-05-01 09:43:24] Firing event: [event_spp_context_enforce]
[2026-05-01 09:43:24]   -> Executing Inline/Anonymous handler
[2026-05-01 09:43:24] Firing event: [event_spp_route_resolve]
[2026-05-01 09:43:24]   -> Executing Inline/Anonymous handler
[2026-05-01 09:43:24] Firing event: [event_spp_app_init]
[2026-05-01 09:43:24]   -> Executing Inline/Anonymous handler
[2026-05-01 09:43:26] Firing event: [event_spp_context_enforce]
[2026-05-01 09:43:26]   -> Executing Inline/Anonymous handler
[2026-05-01 09:43:26] Firing event: [event_spp_route_resolve]
[2026-05-01 09:43:26]   -> Executing Inline/Anonymous handler
[2026-05-01 09:43:26] Firing event: [event_spp_app_init]
[2026-05-01 09:43:26]   -> Executing Inline/Anonymous handler
[2026-05-01 09:43:33] Firing event: [event_spp_context_enforce]
[2026-05-01 09:43:33]   -> Executing Inline/Anonymous handler
[2026-05-01 09:43:33] Firing event: [event_spp_route_resolve]
[2026-05-01 09:43:33]   -> Executing Inline/Anonymous handler
[2026-05-01 09:43:33] Firing event: [event_spp_app_init]
[2026-05-01 09:43:33]   -> Executing Inline/Anonymous handler
[2026-05-01 09:43:34] Firing event: [event_spp_app_init]
[2026-05-01 09:43:34]   -> Executing Inline/Anonymous handler
[2026-05-01 09:43:35] Firing event: [event_spp_view_pre_render]
[2026-05-01 09:43:35]   .. Event 'event_spp_view_pre_render' has no handlers. Continuing.
[2026-05-01 09:43:35] Firing event: [event_spp_view_render]
[2026-05-01 09:43:35]   -> Executing Inline Default Handler (class): DefaultViewRenderHandler
[2026-05-01 09:43:35] Firing event: [event_spp_view_post_render]
[2026-05-01 09:43:35]   .. Event 'event_spp_view_post_render' has no handlers. Continuing.
[2026-05-01 09:43:35] Firing event: [event_spp_view_before_augment]
[2026-05-01 09:43:35]   .. Event 'event_spp_view_before_augment' has no handlers. Continuing.
[2026-05-01 09:43:35] Firing event: [event_spp_view_render_theme]
[2026-05-01 09:43:35]   .. Event 'event_spp_view_render_theme' has no handlers. Continuing.
[2026-05-01 09:43:36] Firing event: [event_spp_context_enforce]
[2026-05-01 09:43:36]   -> Executing Inline/Anonymous handler
[2026-05-01 09:43:36] Firing event: [event_spp_route_resolve]
[2026-05-01 09:43:36]   -> Executing Inline/Anonymous handler
[2026-05-01 09:43:36] Firing event: [event_spp_app_init]
[2026-05-01 09:43:36]   -> Executing Inline/Anonymous handler
[2026-05-01 09:43:37] Firing event: [event_spp_context_enforce]
[2026-05-01 09:43:37]   -> Executing Inline/Anonymous handler
[2026-05-01 09:43:37] Firing event: [event_spp_route_resolve]
[2026-05-01 09:43:37]   -> Executing Inline/Anonymous handler
[2026-05-01 09:43:37] Firing event: [event_spp_app_init]
[2026-05-01 09:43:37]   -> Executing Inline/Anonymous handler
[2026-05-01 09:43:38] Firing event: [event_spp_context_enforce]
[2026-05-01 09:43:38]   -> Executing Inline/Anonymous handler
[2026-05-01 09:43:38] Firing event: [event_spp_route_resolve]
[2026-05-01 09:43:38]   -> Executing Inline/Anonymous handler
[2026-05-01 09:43:38] Firing event: [event_spp_app_init]
[2026-05-01 09:43:38]   -> Executing Inline/Anonymous handler
[2026-05-01 11:43:46] Firing event: [event_spp_context_enforce]
[2026-05-01 11:43:46]   -> Executing Inline/Anonymous handler
[2026-05-01 11:43:46] Firing event: [event_spp_route_resolve]
[2026-05-01 11:43:46]   -> Executing Inline/Anonymous handler
[2026-05-01 11:43:46] Firing event: [event_spp_app_init]
[2026-05-01 11:43:46]   -> Executing Inline/Anonymous handler
[2026-05-01 11:43:47] Firing event: [event_spp_app_init]
[2026-05-01 11:43:47]   -> Executing Inline/Anonymous handler
[2026-05-01 11:43:47] Firing event: [event_spp_app_init]
[2026-05-01 11:43:47]   -> Executing Inline/Anonymous handler
[2026-05-01 11:45:19] Firing event: [event_spp_context_enforce]
[2026-05-01 11:45:19]   -> Executing Inline/Anonymous handler
[2026-05-01 11:45:19] Firing event: [event_spp_route_resolve]
[2026-05-01 11:45:19]   -> Executing Inline/Anonymous handler
[2026-05-01 11:45:19] Firing event: [event_spp_app_init]
[2026-05-01 11:45:19]   -> Executing Inline/Anonymous handler
[2026-05-01 11:45:33] Firing event: [event_spp_context_enforce]
[2026-05-01 11:45:33]   -> Executing Inline/Anonymous handler
[2026-05-01 11:45:33] Firing event: [event_spp_route_resolve]
[2026-05-01 11:45:33]   -> Executing Inline/Anonymous handler
[2026-05-01 11:45:33] Firing event: [event_spp_app_init]
[2026-05-01 11:45:33]   -> Executing Inline/Anonymous handler
[2026-05-01 11:45:34] Firing event: [event_spp_app_init]
[2026-05-01 11:45:34]   -> Executing Inline/Anonymous handler
[2026-05-01 11:46:03] Firing event: [event_spp_context_enforce]
[2026-05-01 11:46:03]   -> Executing Inline/Anonymous handler
[2026-05-01 11:46:03] Firing event: [event_spp_route_resolve]
[2026-05-01 11:46:03]   -> Executing Inline/Anonymous handler
[2026-05-01 11:46:03] Firing event: [event_spp_app_init]
[2026-05-01 11:46:03]   -> Executing Inline/Anonymous handler
[2026-05-01 11:46:04] Firing event: [event_spp_app_init]
[2026-05-01 11:46:04]   -> Executing Inline/Anonymous handler
[2026-05-01 11:46:04] Firing event: [event_spp_app_init]
[2026-05-01 11:46:04]   -> Executing Inline/Anonymous handler
[2026-05-01 11:50:36] Firing event: [event_spp_context_enforce]
[2026-05-01 11:50:36]   -> Executing Inline/Anonymous handler
[2026-05-01 11:50:36] Firing event: [event_spp_route_resolve]
[2026-05-01 11:50:36]   -> Executing Inline/Anonymous handler
[2026-05-01 11:50:36] Firing event: [event_spp_app_init]
[2026-05-01 11:50:36]   -> Executing Inline/Anonymous handler
[2026-05-01 11:50:38] Firing event: [event_spp_app_init]
[2026-05-01 11:50:38]   -> Executing Inline/Anonymous handler
[2026-05-01 11:51:08] Firing event: [event_spp_context_enforce]
[2026-05-01 11:51:08]   -> Executing Inline/Anonymous handler
[2026-05-01 11:51:08] Firing event: [event_spp_route_resolve]
[2026-05-01 11:51:08]   -> Executing Inline/Anonymous handler
[2026-05-01 11:51:08] Firing event: [event_spp_app_init]
[2026-05-01 11:51:08]   -> Executing Inline/Anonymous handler
[2026-05-01 11:51:10] Firing event: [event_spp_app_init]
[2026-05-01 11:51:10]   -> Executing Inline/Anonymous handler
[2026-05-01 11:56:01] Firing event: [event_spp_context_enforce]
[2026-05-01 11:56:01]   -> Executing Inline/Anonymous handler
[2026-05-01 11:56:01] Firing event: [event_spp_route_resolve]
[2026-05-01 11:56:01]   -> Executing Inline/Anonymous handler
[2026-05-01 11:56:01] Firing event: [event_spp_app_init]
[2026-05-01 11:56:01]   -> Executing Inline/Anonymous handler
[2026-05-01 11:31:18] Firing event: [event_spp_context_enforce]
[2026-05-01 11:31:18]   -> Executing Inline/Anonymous handler
[2026-05-01 11:31:18] Firing event: [event_spp_route_resolve]
[2026-05-01 11:31:18]   -> Executing Inline/Anonymous handler
[2026-05-01 11:31:19] Firing event: [event_spp_app_init]
[2026-05-01 11:31:19]   -> Executing Inline/Anonymous handler
[2026-05-01 11:31:20] Firing event: [event_spp_app_init]
[2026-05-01 11:31:20]   -> Executing Inline/Anonymous handler
[2026-05-01 11:31:27] Firing event: [event_spp_view_pre_render]
[2026-05-01 11:31:27]   .. Event 'event_spp_view_pre_render' has no handlers. Continuing.
[2026-05-01 11:31:27] Firing event: [event_spp_view_render]
[2026-05-01 11:31:27]   -> Executing Inline Default Handler (class): DefaultViewRenderHandler
[2026-05-01 11:31:27] Firing event: [event_spp_view_post_render]
[2026-05-01 11:31:27]   .. Event 'event_spp_view_post_render' has no handlers. Continuing.
[2026-05-01 11:31:27] Firing event: [event_spp_view_before_augment]
[2026-05-01 11:31:27]   .. Event 'event_spp_view_before_augment' has no handlers. Continuing.
[2026-05-01 11:31:27] Firing event: [event_spp_view_render_theme]
[2026-05-01 11:31:27]   .. Event 'event_spp_view_render_theme' has no handlers. Continuing.
[2026-05-01 11:31:28] Firing event: [event_spp_context_enforce]
[2026-05-01 11:31:28]   -> Executing Inline/Anonymous handler
[2026-05-01 11:31:28] Firing event: [event_spp_route_resolve]
[2026-05-01 11:31:28]   -> Executing Inline/Anonymous handler
[2026-05-01 11:31:28] Firing event: [event_spp_app_init]
[2026-05-01 11:31:28]   -> Executing Inline/Anonymous handler
[2026-05-01 11:31:32] Firing event: [event_spp_context_enforce]
[2026-05-01 11:31:32]   -> Executing Inline/Anonymous handler
[2026-05-01 11:31:32] Firing event: [event_spp_route_resolve]
[2026-05-01 11:31:32]   -> Executing Inline/Anonymous handler
[2026-05-01 11:31:32] Firing event: [event_spp_app_init]
[2026-05-01 11:31:32]   -> Executing Inline/Anonymous handler
[2026-05-01 11:31:37] Firing event: [event_spp_context_enforce]
[2026-05-01 11:31:37]   -> Executing Inline/Anonymous handler
[2026-05-01 11:31:37] Firing event: [event_spp_route_resolve]
[2026-05-01 11:31:37]   -> Executing Inline/Anonymous handler
[2026-05-01 11:31:37] Firing event: [event_spp_app_init]
[2026-05-01 11:31:37]   -> Executing Inline/Anonymous handler
[2026-05-01 11:31:48] Firing event: [event_spp_context_enforce]
[2026-05-01 11:31:48]   -> Executing Inline/Anonymous handler
[2026-05-01 11:31:48] Firing event: [event_spp_route_resolve]
[2026-05-01 11:31:48]   -> Executing Inline/Anonymous handler
[2026-05-01 11:31:49] Firing event: [event_spp_app_init]
[2026-05-01 11:31:49]   -> Executing Inline/Anonymous handler
[2026-05-01 11:31:50] Firing event: [event_spp_app_init]
[2026-05-01 11:31:50]   -> Executing Inline/Anonymous handler
[2026-05-01 11:31:55] Firing event: [event_spp_view_pre_render]
[2026-05-01 11:31:55]   .. Event 'event_spp_view_pre_render' has no handlers. Continuing.
[2026-05-01 11:31:55] Firing event: [event_spp_view_render]
[2026-05-01 11:31:55]   -> Executing Inline Default Handler (class): DefaultViewRenderHandler
[2026-05-01 11:31:55] Firing event: [event_spp_view_post_render]
[2026-05-01 11:31:55]   .. Event 'event_spp_view_post_render' has no handlers. Continuing.
[2026-05-01 11:31:55] Firing event: [event_spp_view_before_augment]
[2026-05-01 11:31:55]   .. Event 'event_spp_view_before_augment' has no handlers. Continuing.
[2026-05-01 11:31:55] Firing event: [event_spp_view_render_theme]
[2026-05-01 11:31:55]   .. Event 'event_spp_view_render_theme' has no handlers. Continuing.
[2026-05-01 11:31:56] Firing event: [event_spp_context_enforce]
[2026-05-01 11:31:56]   -> Executing Inline/Anonymous handler
[2026-05-01 11:31:56] Firing event: [event_spp_route_resolve]
[2026-05-01 11:31:56]   -> Executing Inline/Anonymous handler
[2026-05-01 11:31:56] Firing event: [event_spp_app_init]
[2026-05-01 11:31:56]   -> Executing Inline/Anonymous handler
[2026-05-01 11:32:02] Firing event: [event_spp_context_enforce]
[2026-05-01 11:32:02]   -> Executing Inline/Anonymous handler
[2026-05-01 11:32:02] Firing event: [event_spp_route_resolve]
[2026-05-01 11:32:02]   -> Executing Inline/Anonymous handler
[2026-05-01 11:32:02] Firing event: [event_spp_app_init]
[2026-05-01 11:32:02]   -> Executing Inline/Anonymous handler
[2026-05-01 11:32:06] Firing event: [event_spp_context_enforce]
[2026-05-01 11:32:06]   -> Executing Inline/Anonymous handler
[2026-05-01 11:32:06] Firing event: [event_spp_route_resolve]
[2026-05-01 11:32:06]   -> Executing Inline/Anonymous handler
[2026-05-01 11:32:06] Firing event: [event_spp_app_init]
[2026-05-01 11:32:06]   -> Executing Inline/Anonymous handler
[2026-05-01 11:44:17] Firing event: [event_spp_context_enforce]
[2026-05-01 11:44:17]   -> Executing Inline/Anonymous handler
[2026-05-01 11:44:17] Firing event: [event_spp_route_resolve]
[2026-05-01 11:44:17]   -> Executing Inline/Anonymous handler
[2026-05-01 11:44:17] Firing event: [event_spp_app_init]
[2026-05-01 11:44:17]   -> Executing Inline/Anonymous handler
[2026-05-01 11:44:18] Firing event: [event_spp_app_init]
[2026-05-01 11:44:18]   -> Executing Inline/Anonymous handler
[2026-05-01 11:44:20] Firing event: [event_spp_context_enforce]
[2026-05-01 11:44:20]   -> Executing Inline/Anonymous handler
[2026-05-01 11:44:20] Firing event: [event_spp_route_resolve]
[2026-05-01 11:44:20]   -> Executing Inline/Anonymous handler
[2026-05-01 11:44:20] Firing event: [event_spp_app_init]
[2026-05-01 11:44:20]   -> Executing Inline/Anonymous handler
[2026-05-01 11:44:21] Firing event: [event_spp_app_init]
[2026-05-01 11:44:21]   -> Executing Inline/Anonymous handler
[2026-05-01 11:44:41] Firing event: [event_spp_context_enforce]
[2026-05-01 11:44:41]   -> Executing Inline/Anonymous handler
[2026-05-01 11:44:41] Firing event: [event_spp_route_resolve]
[2026-05-01 11:44:42]   -> Executing Inline/Anonymous handler
[2026-05-01 11:44:43] Firing event: [event_spp_app_init]
[2026-05-01 11:44:43]   -> Executing Inline/Anonymous handler
[2026-05-01 11:44:45] Firing event: [event_spp_app_init]
[2026-05-01 11:44:45]   -> Executing Inline/Anonymous handler
[2026-05-01 11:44:50] Firing event: [event_spp_context_enforce]
[2026-05-01 11:44:50] Firing event: [event_spp_context_enforce]
[2026-05-01 11:44:50]   -> Executing Inline/Anonymous handler
[2026-05-01 11:44:50]   -> Executing Inline/Anonymous handler
[2026-05-01 11:44:50] Firing event: [event_spp_route_resolve]
[2026-05-01 11:44:50] Firing event: [event_spp_route_resolve]
[2026-05-01 11:44:50]   -> Executing Inline/Anonymous handler
[2026-05-01 11:44:50]   -> Executing Inline/Anonymous handler
[2026-05-01 11:44:50] Firing event: [event_spp_app_init]
[2026-05-01 11:44:50]   -> Executing Inline/Anonymous handler
[2026-05-01 11:44:50] Firing event: [event_spp_app_init]
[2026-05-01 11:44:50]   -> Executing Inline/Anonymous handler
[2026-05-01 11:44:50] Firing event: [event_spp_app_init]
[2026-05-01 11:44:50]   -> Executing Inline/Anonymous handler
[2026-05-01 11:44:50] Firing event: [event_spp_app_init]
[2026-05-01 11:44:50]   -> Executing Inline/Anonymous handler
[2026-05-01 11:44:52] Firing event: [event_spp_app_init]
[2026-05-01 11:44:52]   -> Executing Inline/Anonymous handler
[2026-05-01 11:44:53] Firing event: [event_spp_app_init]
[2026-05-01 11:44:53]   -> Executing Inline/Anonymous handler
[2026-05-01 11:44:54] Firing event: [event_spp_context_enforce]
[2026-05-01 11:44:54] Firing event: [event_spp_context_enforce]
[2026-05-01 11:44:54] Firing event: [event_spp_context_enforce]
[2026-05-01 11:44:54]   -> Executing Inline/Anonymous handler
[2026-05-01 11:44:54]   -> Executing Inline/Anonymous handler
[2026-05-01 11:44:54]   -> Executing Inline/Anonymous handler
[2026-05-01 11:44:54] Firing event: [event_spp_route_resolve]
[2026-05-01 11:44:54] Firing event: [event_spp_route_resolve]
[2026-05-01 11:44:54] Firing event: [event_spp_route_resolve]
[2026-05-01 11:44:54]   -> Executing Inline/Anonymous handler
[2026-05-01 11:44:54]   -> Executing Inline/Anonymous handler
[2026-05-01 11:44:54]   -> Executing Inline/Anonymous handler
[2026-05-01 11:44:54] Firing event: [event_spp_app_init]
[2026-05-01 11:44:54] Firing event: [event_spp_app_init]
[2026-05-01 11:44:54]   -> Executing Inline/Anonymous handler
[2026-05-01 11:44:54]   -> Executing Inline/Anonymous handler
[2026-05-01 11:44:54] Firing event: [event_spp_app_init]
[2026-05-01 11:44:54]   -> Executing Inline/Anonymous handler
[2026-05-01 11:44:54] Firing event: [event_spp_app_init]
[2026-05-01 11:44:54] Firing event: [event_spp_app_init]
[2026-05-01 11:44:54]   -> Executing Inline/Anonymous handler
[2026-05-01 11:44:54]   -> Executing Inline/Anonymous handler
[2026-05-01 11:44:54] Firing event: [event_spp_app_init]
[2026-05-01 11:44:54]   -> Executing Inline/Anonymous handler
[2026-05-01 11:44:56] Firing event: [event_spp_app_init]
[2026-05-01 11:44:56] Firing event: [event_spp_app_init]
[2026-05-01 11:44:56]   -> Executing Inline/Anonymous handler
[2026-05-01 11:44:56]   -> Executing Inline/Anonymous handler
[2026-05-01 11:44:58] Firing event: [event_spp_app_init]
[2026-05-01 11:44:58]   -> Executing Inline/Anonymous handler
[2026-05-01 11:44:58] Firing event: [event_spp_app_init]
[2026-05-01 11:44:58]   -> Executing Inline/Anonymous handler
[2026-05-01 11:44:59] Firing event: [event_spp_context_enforce]
[2026-05-01 11:44:59]   -> Executing Inline/Anonymous handler
[2026-05-01 11:44:59] Firing event: [event_spp_route_resolve]
[2026-05-01 11:44:59]   -> Executing Inline/Anonymous handler
[2026-05-01 11:44:59] Firing event: [event_spp_app_init]
[2026-05-01 11:44:59]   -> Executing Inline/Anonymous handler
[2026-05-01 11:45:00] Firing event: [event_spp_app_init]
[2026-05-01 11:45:00]   -> Executing Inline/Anonymous handler
[2026-05-01 11:45:03] Firing event: [event_spp_app_init]
[2026-05-01 11:45:03]   -> Executing Inline/Anonymous handler
[2026-05-01 11:45:14] Firing event: [event_spp_context_enforce]
[2026-05-01 11:45:14]   -> Executing Inline/Anonymous handler
[2026-05-01 11:45:14] Firing event: [event_spp_route_resolve]
[2026-05-01 11:45:14]   -> Executing Inline/Anonymous handler
[2026-05-01 11:45:14] Firing event: [event_spp_app_init]
[2026-05-01 11:45:14]   -> Executing Inline/Anonymous handler
[2026-05-01 11:45:16] Firing event: [event_spp_app_init]
[2026-05-01 11:45:16]   -> Executing Inline/Anonymous handler
[2026-05-01 11:45:18] Firing event: [event_spp_app_init]
[2026-05-01 11:45:18]   -> Executing Inline/Anonymous handler
[2026-05-01 11:45:18] Firing event: [event_spp_app_init]
[2026-05-01 11:45:18]   -> Executing Inline/Anonymous handler
[2026-05-01 11:45:39] Firing event: [event_spp_context_enforce]
[2026-05-01 11:45:39]   -> Executing Inline/Anonymous handler
[2026-05-01 11:45:39] Firing event: [event_spp_route_resolve]
[2026-05-01 11:45:39]   -> Executing Inline/Anonymous handler
[2026-05-01 11:45:40] Firing event: [event_spp_app_init]
[2026-05-01 11:45:40]   -> Executing Inline/Anonymous handler
[2026-05-01 11:45:41] Firing event: [event_spp_app_init]
[2026-05-01 11:45:41]   -> Executing Inline/Anonymous handler
[2026-05-01 11:45:44] Firing event: [event_spp_app_init]
[2026-05-01 11:45:44]   -> Executing Inline/Anonymous handler
[2026-05-01 11:45:44] Firing event: [event_spp_app_init]
[2026-05-01 11:45:44]   -> Executing Inline/Anonymous handler
[2026-05-01 11:46:08] Firing event: [event_spp_context_enforce]
[2026-05-01 11:46:08]   -> Executing Inline/Anonymous handler
[2026-05-01 11:46:08] Firing event: [event_spp_route_resolve]
[2026-05-01 11:46:08]   -> Executing Inline/Anonymous handler
[2026-05-01 11:46:08] Firing event: [event_spp_app_init]
[2026-05-01 11:46:08]   -> Executing Inline/Anonymous handler
[2026-05-01 11:46:10] Firing event: [event_spp_app_init]
[2026-05-01 11:46:10]   -> Executing Inline/Anonymous handler
[2026-05-01 11:46:34] Firing event: [event_spp_context_enforce]
[2026-05-01 11:46:34]   -> Executing Inline/Anonymous handler
[2026-05-01 11:46:34] Firing event: [event_spp_route_resolve]
[2026-05-01 11:46:34]   -> Executing Inline/Anonymous handler
[2026-05-01 11:46:34] Firing event: [event_spp_app_init]
[2026-05-01 11:46:34]   -> Executing Inline/Anonymous handler
[2026-05-01 11:46:35] Firing event: [event_spp_app_init]
[2026-05-01 11:46:35]   -> Executing Inline/Anonymous handler
[2026-05-01 11:46:38] Firing event: [event_spp_app_init]
[2026-05-01 11:46:38]   -> Executing Inline/Anonymous handler
[2026-05-01 11:46:38] Firing event: [event_spp_app_init]
[2026-05-01 11:46:38]   -> Executing Inline/Anonymous handler
[2026-05-01 11:47:42] Firing event: [event_spp_context_enforce]
[2026-05-01 11:47:42]   -> Executing Inline/Anonymous handler
[2026-05-01 11:47:42] Firing event: [event_spp_route_resolve]
[2026-05-01 11:47:42]   -> Executing Inline/Anonymous handler
[2026-05-01 11:47:43] Firing event: [event_spp_app_init]
[2026-05-01 11:47:43]   -> Executing Inline/Anonymous handler
[2026-05-01 11:47:43] Firing event: [event_spp_app_init]
[2026-05-01 11:47:44]   -> Executing Inline/Anonymous handler
[2026-05-01 11:47:48] Firing event: [event_spp_context_enforce]
[2026-05-01 11:47:48]   -> Executing Inline/Anonymous handler
[2026-05-01 11:47:48] Firing event: [event_spp_route_resolve]
[2026-05-01 11:47:48]   -> Executing Inline/Anonymous handler
[2026-05-01 11:47:48] Firing event: [event_spp_app_init]
[2026-05-01 11:47:48]   -> Executing Inline/Anonymous handler
[2026-05-01 11:47:50] Firing event: [event_spp_app_init]
[2026-05-01 11:47:50]   -> Executing Inline/Anonymous handler
[2026-05-01 11:48:27] Firing event: [event_spp_context_enforce]
[2026-05-01 11:48:27]   -> Executing Inline/Anonymous handler
[2026-05-01 11:48:27] Firing event: [event_spp_route_resolve]
[2026-05-01 11:48:27]   -> Executing Inline/Anonymous handler
[2026-05-01 11:48:27] Firing event: [event_spp_app_init]
[2026-05-01 11:48:27]   -> Executing Inline/Anonymous handler
[2026-05-01 11:48:29] Firing event: [event_spp_app_init]
[2026-05-01 11:48:29]   -> Executing Inline/Anonymous handler
[2026-05-01 11:48:33] Firing event: [event_spp_context_enforce]
[2026-05-01 11:48:33] Firing event: [event_spp_context_enforce]
[2026-05-01 11:48:33]   -> Executing Inline/Anonymous handler
[2026-05-01 11:48:33] Firing event: [event_spp_route_resolve]
[2026-05-01 11:48:33]   -> Executing Inline/Anonymous handler
[2026-05-01 11:48:33]   -> Executing Inline/Anonymous handler
[2026-05-01 11:48:33] Firing event: [event_spp_route_resolve]
[2026-05-01 11:48:33]   -> Executing Inline/Anonymous handler
[2026-05-01 11:48:33] Firing event: [event_spp_app_init]
[2026-05-01 11:48:33]   -> Executing Inline/Anonymous handler
[2026-05-01 11:48:33] Firing event: [event_spp_app_init]
[2026-05-01 11:48:33]   -> Executing Inline/Anonymous handler
[2026-05-01 11:48:34] Firing event: [event_spp_app_init]
[2026-05-01 11:48:34] Firing event: [event_spp_app_init]
[2026-05-01 11:48:34]   -> Executing Inline/Anonymous handler
[2026-05-01 11:48:34]   -> Executing Inline/Anonymous handler
[2026-05-01 11:48:36] Firing event: [event_spp_app_init]
[2026-05-01 11:48:36]   -> Executing Inline/Anonymous handler
[2026-05-01 11:48:37] Firing event: [event_spp_app_init]
[2026-05-01 11:48:37]   -> Executing Inline/Anonymous handler
[2026-05-01 13:49:32] Firing event: [event_spp_context_enforce]
[2026-05-01 13:49:32]   -> Executing Inline/Anonymous handler
[2026-05-01 13:49:32] Firing event: [event_spp_route_resolve]
[2026-05-01 13:49:32]   -> Executing Inline/Anonymous handler
[2026-05-01 13:49:32] Firing event: [event_spp_app_init]
[2026-05-01 13:49:32]   -> Executing Inline/Anonymous handler
[2026-05-01 13:55:45] Firing event: [event_spp_context_enforce]
[2026-05-01 13:55:45]   -> Executing Inline/Anonymous handler
[2026-05-01 13:55:45] Firing event: [event_spp_route_resolve]
[2026-05-01 13:55:45]   -> Executing Inline/Anonymous handler
[2026-05-01 13:55:45] Firing event: [event_spp_app_init]
[2026-05-01 13:55:45]   -> Executing Inline/Anonymous handler
[2026-05-01 13:56:17] Firing event: [event_spp_context_enforce]
[2026-05-01 13:56:17]   -> Executing Inline/Anonymous handler
[2026-05-01 13:56:17] Firing event: [event_spp_route_resolve]
[2026-05-01 13:56:17]   -> Executing Inline/Anonymous handler
[2026-05-01 13:56:17] Firing event: [event_spp_app_init]
[2026-05-01 13:56:17]   -> Executing Inline/Anonymous handler
[2026-05-01 11:56:41] Firing event: [event_spp_context_enforce]
[2026-05-01 11:56:41]   -> Executing Inline/Anonymous handler
[2026-05-01 11:56:41] Firing event: [event_spp_route_resolve]
[2026-05-01 11:56:41]   -> Executing Inline/Anonymous handler
[2026-05-01 11:56:41] Firing event: [event_spp_app_init]
[2026-05-01 11:56:41]   -> Executing Inline/Anonymous handler
[2026-05-01 11:56:41] Firing event: [event_spp_app_init]
[2026-05-01 11:56:41]   -> Executing Inline/Anonymous handler
[2026-05-01 11:56:43] Firing event: [event_spp_context_enforce]
[2026-05-01 11:56:43] Firing event: [event_spp_context_enforce]
[2026-05-01 11:56:43]   -> Executing Inline/Anonymous handler
[2026-05-01 11:56:43]   -> Executing Inline/Anonymous handler
[2026-05-01 11:56:43] Firing event: [event_spp_route_resolve]
[2026-05-01 11:56:43] Firing event: [event_spp_route_resolve]
[2026-05-01 11:56:43]   -> Executing Inline/Anonymous handler
[2026-05-01 11:56:43]   -> Executing Inline/Anonymous handler
[2026-05-01 11:56:43] Firing event: [event_spp_app_init]
[2026-05-01 11:56:43] Firing event: [event_spp_app_init]
[2026-05-01 11:56:43]   -> Executing Inline/Anonymous handler
[2026-05-01 11:56:43]   -> Executing Inline/Anonymous handler
[2026-05-01 11:56:44] Firing event: [event_spp_context_enforce]
[2026-05-01 11:56:44]   -> Executing Inline/Anonymous handler
[2026-05-01 11:56:44] Firing event: [event_spp_route_resolve]
[2026-05-01 11:56:44]   -> Executing Inline/Anonymous handler
[2026-05-01 11:56:44] Firing event: [event_spp_app_init]
[2026-05-01 11:56:44]   -> Executing Inline/Anonymous handler
[2026-05-01 11:56:44] Firing event: [event_spp_app_init]
[2026-05-01 11:56:44]   -> Executing Inline/Anonymous handler
[2026-05-01 11:56:52] Firing event: [event_spp_context_enforce]
[2026-05-01 11:56:52]   -> Executing Inline/Anonymous handler
[2026-05-01 11:56:52] Firing event: [event_spp_route_resolve]
[2026-05-01 11:56:52]   -> Executing Inline/Anonymous handler
[2026-05-01 11:56:52] Firing event: [event_spp_app_init]
[2026-05-01 11:56:52]   -> Executing Inline/Anonymous handler
[2026-05-01 11:56:52] Firing event: [event_spp_app_init]
[2026-05-01 11:56:52]   -> Executing Inline/Anonymous handler
[2026-05-01 11:56:55] Firing event: [event_spp_context_enforce]
[2026-05-01 11:56:55] Firing event: [event_spp_context_enforce]
[2026-05-01 11:56:55]   -> Executing Inline/Anonymous handler
[2026-05-01 11:56:55] Firing event: [event_spp_route_resolve]
[2026-05-01 11:56:55]   -> Executing Inline/Anonymous handler
[2026-05-01 11:56:55]   -> Executing Inline/Anonymous handler
[2026-05-01 11:56:55] Firing event: [event_spp_route_resolve]
[2026-05-01 11:56:55]   -> Executing Inline/Anonymous handler
[2026-05-01 11:56:55] Firing event: [event_spp_app_init]
[2026-05-01 11:56:55]   -> Executing Inline/Anonymous handler
[2026-05-01 11:56:55] Firing event: [event_spp_app_init]
[2026-05-01 11:56:55]   -> Executing Inline/Anonymous handler
[2026-05-01 11:56:55] Firing event: [event_spp_app_init]
[2026-05-01 11:56:55]   -> Executing Inline/Anonymous handler
[2026-05-01 11:56:55] Firing event: [event_spp_app_init]
[2026-05-01 11:56:55]   -> Executing Inline/Anonymous handler
[2026-05-01 11:56:56] Firing event: [event_spp_app_init]
[2026-05-01 11:56:56]   -> Executing Inline/Anonymous handler
[2026-05-01 11:56:56] Firing event: [event_spp_app_init]
[2026-05-01 11:56:56]   -> Executing Inline/Anonymous handler
[2026-05-01 11:56:57] Firing event: [event_spp_context_enforce]
[2026-05-01 11:56:57] Firing event: [event_spp_context_enforce]
[2026-05-01 11:56:57] Firing event: [event_spp_context_enforce]
[2026-05-01 11:56:57]   -> Executing Inline/Anonymous handler
[2026-05-01 11:56:57]   -> Executing Inline/Anonymous handler
[2026-05-01 11:56:57]   -> Executing Inline/Anonymous handler
[2026-05-01 11:56:57] Firing event: [event_spp_route_resolve]
[2026-05-01 11:56:57] Firing event: [event_spp_route_resolve]
[2026-05-01 11:56:57] Firing event: [event_spp_route_resolve]
[2026-05-01 11:56:57]   -> Executing Inline/Anonymous handler
[2026-05-01 11:56:57]   -> Executing Inline/Anonymous handler
[2026-05-01 11:56:57]   -> Executing Inline/Anonymous handler
[2026-05-01 11:56:57] Firing event: [event_spp_app_init]
[2026-05-01 11:56:57] Firing event: [event_spp_app_init]
[2026-05-01 11:56:57] Firing event: [event_spp_app_init]
[2026-05-01 11:56:57]   -> Executing Inline/Anonymous handler
[2026-05-01 11:56:57]   -> Executing Inline/Anonymous handler
[2026-05-01 11:56:57]   -> Executing Inline/Anonymous handler
[2026-05-01 11:56:57] Firing event: [event_spp_app_init]
[2026-05-01 11:56:57] Firing event: [event_spp_app_init]
[2026-05-01 11:56:57]   -> Executing Inline/Anonymous handler
[2026-05-01 11:56:57]   -> Executing Inline/Anonymous handler
[2026-05-01 11:56:57] Firing event: [event_spp_app_init]
[2026-05-01 11:56:57]   -> Executing Inline/Anonymous handler
[2026-05-01 11:56:57] Firing event: [event_spp_app_init]
[2026-05-01 11:56:57] Firing event: [event_spp_app_init]
[2026-05-01 11:56:57]   -> Executing Inline/Anonymous handler
[2026-05-01 11:56:57]   -> Executing Inline/Anonymous handler
[2026-05-01 11:56:57] Firing event: [event_spp_app_init]
[2026-05-01 11:56:57] Firing event: [event_spp_app_init]
[2026-05-01 11:56:57]   -> Executing Inline/Anonymous handler
[2026-05-01 11:56:57]   -> Executing Inline/Anonymous handler
[2026-05-01 11:56:58] Firing event: [event_spp_app_init]
[2026-05-01 11:56:58]   -> Executing Inline/Anonymous handler
[2026-05-01 11:56:58] Firing event: [event_spp_app_init]
[2026-05-01 11:56:58]   -> Executing Inline/Anonymous handler
[2026-05-01 11:56:59] Firing event: [event_spp_context_enforce]
[2026-05-01 11:56:59]   -> Executing Inline/Anonymous handler
[2026-05-01 11:56:59] Firing event: [event_spp_route_resolve]
[2026-05-01 11:56:59]   -> Executing Inline/Anonymous handler
[2026-05-01 11:56:59] Firing event: [event_spp_app_init]
[2026-05-01 11:56:59]   -> Executing Inline/Anonymous handler
[2026-05-01 11:56:59] Firing event: [event_spp_app_init]
[2026-05-01 11:56:59]   -> Executing Inline/Anonymous handler
[2026-05-01 11:57:00] Firing event: [event_spp_app_init]
[2026-05-01 11:57:00]   -> Executing Inline/Anonymous handler
[2026-05-01 11:57:25] Firing event: [event_spp_context_enforce]
[2026-05-01 11:57:25]   -> Executing Inline/Anonymous handler
[2026-05-01 11:57:25] Firing event: [event_spp_route_resolve]
[2026-05-01 11:57:25]   -> Executing Inline/Anonymous handler
[2026-05-01 11:57:25] Firing event: [event_spp_app_init]
[2026-05-01 11:57:25]   -> Executing Inline/Anonymous handler
[2026-05-01 11:57:25] Firing event: [event_spp_app_init]
[2026-05-01 11:57:25]   -> Executing Inline/Anonymous handler
[2026-05-01 11:57:27] Firing event: [event_spp_app_init]
[2026-05-01 11:57:27]   -> Executing Inline/Anonymous handler
[2026-05-01 11:57:27] Firing event: [event_spp_app_init]
[2026-05-01 11:57:27]   -> Executing Inline/Anonymous handler
[2026-05-01 11:58:42] Firing event: [event_spp_context_enforce]
[2026-05-01 11:58:42] Firing event: [event_spp_context_enforce]
[2026-05-01 11:58:42] Firing event: [event_spp_context_enforce]
[2026-05-01 11:58:42]   -> Executing Inline/Anonymous handler
[2026-05-01 11:58:42]   -> Executing Inline/Anonymous handler
[2026-05-01 11:58:42]   -> Executing Inline/Anonymous handler
[2026-05-01 11:58:42] Firing event: [event_spp_route_resolve]
[2026-05-01 11:58:42] Firing event: [event_spp_route_resolve]
[2026-05-01 11:58:42] Firing event: [event_spp_route_resolve]
[2026-05-01 11:58:42]   -> Executing Inline/Anonymous handler
[2026-05-01 11:58:42]   -> Executing Inline/Anonymous handler
[2026-05-01 11:58:42]   -> Executing Inline/Anonymous handler
[2026-05-01 11:58:42] Firing event: [event_spp_app_init]
[2026-05-01 11:58:42] Firing event: [event_spp_app_init]
[2026-05-01 11:58:42] Firing event: [event_spp_app_init]
[2026-05-01 11:58:42]   -> Executing Inline/Anonymous handler
[2026-05-01 11:58:42]   -> Executing Inline/Anonymous handler
[2026-05-01 11:58:42]   -> Executing Inline/Anonymous handler
[2026-05-01 11:58:42] Firing event: [event_spp_app_init]
[2026-05-01 11:58:42] Firing event: [event_spp_app_init]
[2026-05-01 11:58:42] Firing event: [event_spp_app_init]
[2026-05-01 11:58:42]   -> Executing Inline/Anonymous handler
[2026-05-01 11:58:42]   -> Executing Inline/Anonymous handler
[2026-05-01 11:58:42]   -> Executing Inline/Anonymous handler
[2026-05-01 11:58:43] Firing event: [event_spp_app_init]
[2026-05-01 11:58:43] Firing event: [event_spp_app_init]
[2026-05-01 11:58:43] Firing event: [event_spp_app_init]
[2026-05-01 11:58:43]   -> Executing Inline/Anonymous handler
[2026-05-01 11:58:43]   -> Executing Inline/Anonymous handler
[2026-05-01 11:58:43]   -> Executing Inline/Anonymous handler
[2026-05-01 11:58:43] Firing event: [event_spp_app_init]
[2026-05-01 11:58:43] Firing event: [event_spp_app_init]
[2026-05-01 11:58:43]   -> Executing Inline/Anonymous handler
[2026-05-01 11:58:43]   -> Executing Inline/Anonymous handler
[2026-05-01 11:58:43] Firing event: [event_spp_app_init]
[2026-05-01 11:58:43]   -> Executing Inline/Anonymous handler
[2026-05-01 11:58:44] Firing event: [event_spp_context_enforce]
[2026-05-01 11:58:44]   -> Executing Inline/Anonymous handler
[2026-05-01 11:58:44] Firing event: [event_spp_route_resolve]
[2026-05-01 11:58:44]   -> Executing Inline/Anonymous handler
[2026-05-01 11:58:44] Firing event: [event_spp_app_init]
[2026-05-01 11:58:44]   -> Executing Inline/Anonymous handler
[2026-05-01 11:58:45] Firing event: [event_spp_app_init]
[2026-05-01 11:58:45]   -> Executing Inline/Anonymous handler
[2026-05-01 11:58:46] Firing event: [event_spp_app_init]
[2026-05-01 11:58:46]   -> Executing Inline/Anonymous handler
[2026-05-01 11:59:06] Firing event: [event_spp_context_enforce]
[2026-05-01 11:59:06]   -> Executing Inline/Anonymous handler
[2026-05-01 11:59:06] Firing event: [event_spp_route_resolve]
[2026-05-01 11:59:06]   -> Executing Inline/Anonymous handler
[2026-05-01 11:59:06] Firing event: [event_spp_app_init]
[2026-05-01 11:59:06]   -> Executing Inline/Anonymous handler
[2026-05-01 11:59:07] Firing event: [event_spp_app_init]
[2026-05-01 11:59:07]   -> Executing Inline/Anonymous handler
[2026-05-01 11:59:10] Firing event: [event_spp_app_init]
[2026-05-01 11:59:10]   -> Executing Inline/Anonymous handler
[2026-05-01 11:59:23] Firing event: [event_spp_context_enforce]
[2026-05-01 11:59:23]   -> Executing Inline/Anonymous handler
[2026-05-01 11:59:23] Firing event: [event_spp_route_resolve]
[2026-05-01 11:59:23]   -> Executing Inline/Anonymous handler
[2026-05-01 11:59:23] Firing event: [event_spp_app_init]
[2026-05-01 11:59:23]   -> Executing Inline/Anonymous handler
[2026-05-01 11:59:24] Firing event: [event_spp_app_init]
[2026-05-01 11:59:24]   -> Executing Inline/Anonymous handler
[2026-05-01 11:59:25] Firing event: [event_spp_app_init]
[2026-05-01 11:59:25]   -> Executing Inline/Anonymous handler
[2026-05-01 14:09:03] Firing event: [event_spp_context_enforce]
[2026-05-01 14:09:03]   -> Executing Inline/Anonymous handler
[2026-05-01 14:09:03] Firing event: [event_spp_route_resolve]
[2026-05-01 14:09:03]   -> Executing Inline/Anonymous handler
[2026-05-01 14:09:03] Firing event: [event_spp_app_init]
[2026-05-01 14:09:03]   -> Executing Inline/Anonymous handler
[2026-05-01 14:09:16] Firing event: [event_spp_context_enforce]
[2026-05-01 14:09:16]   -> Executing Inline/Anonymous handler
[2026-05-01 14:09:16] Firing event: [event_spp_route_resolve]
[2026-05-01 14:09:16]   -> Executing Inline/Anonymous handler
[2026-05-01 14:09:16] Firing event: [event_spp_app_init]
[2026-05-01 14:09:16]   -> Executing Inline/Anonymous handler
[2026-05-01 14:09:17] Firing event: [event_spp_app_init]
[2026-05-01 14:09:17]   -> Executing Inline/Anonymous handler
[2026-05-01 14:09:27] Firing event: [event_spp_context_enforce]
[2026-05-01 14:09:27]   -> Executing Inline/Anonymous handler
[2026-05-01 14:09:27] Firing event: [event_spp_route_resolve]
[2026-05-01 14:09:27]   -> Executing Inline/Anonymous handler
[2026-05-01 14:09:27] Firing event: [event_spp_app_init]
[2026-05-01 14:09:27]   -> Executing Inline/Anonymous handler
[2026-05-01 14:09:29] Firing event: [event_spp_app_init]
[2026-05-01 14:09:29]   -> Executing Inline/Anonymous handler
[2026-05-01 14:09:52] Firing event: [event_spp_context_enforce]
[2026-05-01 14:09:52]   -> Executing Inline/Anonymous handler
[2026-05-01 14:09:52] Firing event: [event_spp_route_resolve]
[2026-05-01 14:09:52]   -> Executing Inline/Anonymous handler
[2026-05-01 14:09:52] Firing event: [event_spp_app_init]
[2026-05-01 14:09:52]   -> Executing Inline/Anonymous handler
[2026-05-01 14:09:53] Firing event: [event_spp_app_init]
[2026-05-01 14:09:53]   -> Executing Inline/Anonymous handler
[2026-05-01 12:10:18] Firing event: [event_spp_context_enforce]
[2026-05-01 12:10:18]   -> Executing Inline/Anonymous handler
[2026-05-01 12:10:18] Firing event: [event_spp_route_resolve]
[2026-05-01 12:10:18]   -> Executing Inline/Anonymous handler
[2026-05-01 12:10:18] Firing event: [event_spp_app_init]
[2026-05-01 12:10:18]   -> Executing Inline/Anonymous handler
[2026-05-01 12:10:18] Firing event: [event_spp_app_init]
[2026-05-01 12:10:18]   -> Executing Inline/Anonymous handler
[2026-05-01 12:10:20] Firing event: [event_spp_context_enforce]
[2026-05-01 12:10:20] Firing event: [event_spp_context_enforce]
[2026-05-01 12:10:20]   -> Executing Inline/Anonymous handler
[2026-05-01 12:10:20]   -> Executing Inline/Anonymous handler
[2026-05-01 12:10:20] Firing event: [event_spp_route_resolve]
[2026-05-01 12:10:20] Firing event: [event_spp_route_resolve]
[2026-05-01 12:10:20]   -> Executing Inline/Anonymous handler
[2026-05-01 12:10:20]   -> Executing Inline/Anonymous handler
[2026-05-01 12:10:20] Firing event: [event_spp_app_init]
[2026-05-01 12:10:20] Firing event: [event_spp_app_init]
[2026-05-01 12:10:20]   -> Executing Inline/Anonymous handler
[2026-05-01 12:10:20]   -> Executing Inline/Anonymous handler
[2026-05-01 12:10:21] Firing event: [event_spp_context_enforce]
[2026-05-01 12:10:21]   -> Executing Inline/Anonymous handler
[2026-05-01 12:10:21] Firing event: [event_spp_route_resolve]
[2026-05-01 12:10:21]   -> Executing Inline/Anonymous handler
[2026-05-01 12:10:21] Firing event: [event_spp_app_init]
[2026-05-01 12:10:21]   -> Executing Inline/Anonymous handler
[2026-05-01 12:10:21] Firing event: [event_spp_app_init]
[2026-05-01 12:10:21]   -> Executing Inline/Anonymous handler
[2026-05-01 12:10:38] Firing event: [event_spp_context_enforce]
[2026-05-01 12:10:38]   -> Executing Inline/Anonymous handler
[2026-05-01 12:10:38] Firing event: [event_spp_route_resolve]
[2026-05-01 12:10:38]   -> Executing Inline/Anonymous handler
[2026-05-01 12:10:38] Firing event: [event_spp_app_init]
[2026-05-01 12:10:38]   -> Executing Inline/Anonymous handler
[2026-05-01 12:10:39] Firing event: [event_spp_app_init]
[2026-05-01 12:10:39]   -> Executing Inline/Anonymous handler
[2026-05-01 12:10:40] Firing event: [event_spp_context_enforce]
[2026-05-01 12:10:40] Firing event: [event_spp_context_enforce]
[2026-05-01 12:10:40]   -> Executing Inline/Anonymous handler
[2026-05-01 12:10:40]   -> Executing Inline/Anonymous handler
[2026-05-01 12:10:40] Firing event: [event_spp_route_resolve]
[2026-05-01 12:10:40] Firing event: [event_spp_route_resolve]
[2026-05-01 12:10:40]   -> Executing Inline/Anonymous handler
[2026-05-01 12:10:40]   -> Executing Inline/Anonymous handler
[2026-05-01 12:10:40] Firing event: [event_spp_app_init]
[2026-05-01 12:10:40] Firing event: [event_spp_app_init]
[2026-05-01 12:10:40]   -> Executing Inline/Anonymous handler
[2026-05-01 12:10:40]   -> Executing Inline/Anonymous handler
[2026-05-01 12:10:40] Firing event: [event_spp_app_init]
[2026-05-01 12:10:40]   -> Executing Inline/Anonymous handler
[2026-05-01 12:10:40] Firing event: [event_spp_app_init]
[2026-05-01 12:10:40]   -> Executing Inline/Anonymous handler
[2026-05-01 12:10:41] Firing event: [event_spp_app_init]
[2026-05-01 12:10:41]   -> Executing Inline/Anonymous handler
[2026-05-01 12:10:41] Firing event: [event_spp_app_init]
[2026-05-01 12:10:41]   -> Executing Inline/Anonymous handler
[2026-05-01 12:10:42] Firing event: [event_spp_context_enforce]
[2026-05-01 12:10:42]   -> Executing Inline/Anonymous handler
[2026-05-01 12:10:42] Firing event: [event_spp_route_resolve]
[2026-05-01 12:10:42]   -> Executing Inline/Anonymous handler
[2026-05-01 12:10:42] Firing event: [event_spp_app_init]
[2026-05-01 12:10:42]   -> Executing Inline/Anonymous handler
[2026-05-01 12:10:42] Firing event: [event_spp_app_init]
[2026-05-01 12:10:42]   -> Executing Inline/Anonymous handler
[2026-05-01 12:10:44] Firing event: [event_spp_app_init]
[2026-05-01 12:10:44]   -> Executing Inline/Anonymous handler
[2026-05-01 12:11:16] Firing event: [event_spp_context_enforce]
[2026-05-01 12:11:16]   -> Executing Inline/Anonymous handler
[2026-05-01 12:11:16] Firing event: [event_spp_route_resolve]
[2026-05-01 12:11:16]   -> Executing Inline/Anonymous handler
[2026-05-01 12:11:16] Firing event: [event_spp_app_init]
[2026-05-01 12:11:16]   -> Executing Inline/Anonymous handler
[2026-05-01 12:11:16] Firing event: [event_spp_app_init]
[2026-05-01 12:11:16]   -> Executing Inline/Anonymous handler
[2026-05-01 12:11:17] Firing event: [event_spp_app_init]
[2026-05-01 12:11:17]   -> Executing Inline/Anonymous handler
[2026-05-01 12:11:26] Firing event: [event_spp_context_enforce]
[2026-05-01 12:11:26]   -> Executing Inline/Anonymous handler
[2026-05-01 12:11:26] Firing event: [event_spp_route_resolve]
[2026-05-01 12:11:26]   -> Executing Inline/Anonymous handler
[2026-05-01 12:11:26] Firing event: [event_spp_app_init]
[2026-05-01 12:11:26]   -> Executing Inline/Anonymous handler
[2026-05-01 12:11:26] Firing event: [event_spp_app_init]
[2026-05-01 12:11:26]   -> Executing Inline/Anonymous handler
[2026-05-01 12:11:27] Firing event: [event_spp_app_init]
[2026-05-01 12:11:27]   -> Executing Inline/Anonymous handler
[2026-05-01 12:13:59] Firing event: [event_spp_context_enforce]
[2026-05-01 12:13:59]   -> Executing Inline/Anonymous handler
[2026-05-01 12:13:59] Firing event: [event_spp_route_resolve]
[2026-05-01 12:13:59]   -> Executing Inline/Anonymous handler
[2026-05-01 12:13:59] Firing event: [event_spp_app_init]
[2026-05-01 12:13:59]   -> Executing Inline/Anonymous handler
[2026-05-01 12:14:07] Firing event: [event_spp_context_enforce]
[2026-05-01 12:14:07]   -> Executing Inline/Anonymous handler
[2026-05-01 12:14:07] Firing event: [event_spp_route_resolve]
[2026-05-01 12:14:07]   -> Executing Inline/Anonymous handler
[2026-05-01 12:14:07] Firing event: [event_spp_app_init]
[2026-05-01 12:14:07]   -> Executing Inline/Anonymous handler
[2026-05-01 12:14:07] Firing event: [event_spp_app_init]
[2026-05-01 12:14:07]   -> Executing Inline/Anonymous handler
[2026-05-01 12:14:08] Firing event: [event_spp_app_init]
[2026-05-01 12:14:08]   -> Executing Inline/Anonymous handler
[2026-05-01 12:18:31] Firing event: [event_spp_context_enforce]
[2026-05-01 12:18:31]   -> Executing Inline/Anonymous handler
[2026-05-01 12:18:31] Firing event: [event_spp_route_resolve]
[2026-05-01 12:18:31]   -> Executing Inline/Anonymous handler
[2026-05-01 12:18:31] Firing event: [event_spp_app_init]
[2026-05-01 12:18:31]   -> Executing Inline/Anonymous handler
[2026-05-01 12:18:31] Firing event: [event_spp_app_init]
[2026-05-01 12:18:31]   -> Executing Inline/Anonymous handler
[2026-05-01 12:18:34] Firing event: [event_spp_app_init]
[2026-05-01 12:18:34]   -> Executing Inline/Anonymous handler
[2026-05-01 12:21:08] Firing event: [event_spp_context_enforce]
[2026-05-01 12:21:08]   -> Executing Inline/Anonymous handler
[2026-05-01 12:21:08] Firing event: [event_spp_route_resolve]
[2026-05-01 12:21:08]   -> Executing Inline/Anonymous handler
[2026-05-01 12:21:08] Firing event: [event_spp_app_init]
[2026-05-01 12:21:08]   -> Executing Inline/Anonymous handler
[2026-05-01 12:21:09] Firing event: [event_spp_app_init]
[2026-05-01 12:21:09]   -> Executing Inline/Anonymous handler
[2026-05-01 12:21:10] Firing event: [event_spp_app_init]
[2026-05-01 12:21:10]   -> Executing Inline/Anonymous handler
[2026-05-01 12:21:16] Firing event: [event_spp_context_enforce]
[2026-05-01 12:21:16]   -> Executing Inline/Anonymous handler
[2026-05-01 12:21:16] Firing event: [event_spp_route_resolve]
[2026-05-01 12:21:16]   -> Executing Inline/Anonymous handler
[2026-05-01 12:21:16] Firing event: [event_spp_app_init]
[2026-05-01 12:21:16]   -> Executing Inline/Anonymous handler
[2026-05-01 12:21:17] Firing event: [event_spp_app_init]
[2026-05-01 12:21:17]   -> Executing Inline/Anonymous handler
[2026-05-01 12:21:18] Firing event: [event_spp_context_enforce]
[2026-05-01 12:21:18] Firing event: [event_spp_context_enforce]
[2026-05-01 12:21:18]   -> Executing Inline/Anonymous handler
[2026-05-01 12:21:18]   -> Executing Inline/Anonymous handler
[2026-05-01 12:21:18] Firing event: [event_spp_route_resolve]
[2026-05-01 12:21:18] Firing event: [event_spp_route_resolve]
[2026-05-01 12:21:18]   -> Executing Inline/Anonymous handler
[2026-05-01 12:21:18]   -> Executing Inline/Anonymous handler
[2026-05-01 12:21:18] Firing event: [event_spp_app_init]
[2026-05-01 12:21:18] Firing event: [event_spp_app_init]
[2026-05-01 12:21:18]   -> Executing Inline/Anonymous handler
[2026-05-01 12:21:18]   -> Executing Inline/Anonymous handler
[2026-05-01 12:21:19] Firing event: [event_spp_context_enforce]
[2026-05-01 12:21:19]   -> Executing Inline/Anonymous handler
[2026-05-01 12:21:19] Firing event: [event_spp_route_resolve]
[2026-05-01 12:21:19]   -> Executing Inline/Anonymous handler
[2026-05-01 12:21:19] Firing event: [event_spp_app_init]
[2026-05-01 12:21:19]   -> Executing Inline/Anonymous handler
[2026-05-01 12:21:19] Firing event: [event_spp_app_init]
[2026-05-01 12:21:19]   -> Executing Inline/Anonymous handler
[2026-05-01 12:21:30] Firing event: [event_spp_context_enforce]
[2026-05-01 12:21:30]   -> Executing Inline/Anonymous handler
[2026-05-01 12:21:30] Firing event: [event_spp_route_resolve]
[2026-05-01 12:21:30]   -> Executing Inline/Anonymous handler
[2026-05-01 12:21:30] Firing event: [event_spp_app_init]
[2026-05-01 12:21:30]   -> Executing Inline/Anonymous handler
[2026-05-01 12:21:31] Firing event: [event_spp_app_init]
[2026-05-01 12:21:31]   -> Executing Inline/Anonymous handler
[2026-05-01 12:21:32] Firing event: [event_spp_context_enforce]
[2026-05-01 12:21:32]   -> Executing Inline/Anonymous handler
[2026-05-01 12:21:32] Firing event: [event_spp_route_resolve]
[2026-05-01 12:21:32]   -> Executing Inline/Anonymous handler
[2026-05-01 12:21:32] Firing event: [event_spp_app_init]
[2026-05-01 12:21:32]   -> Executing Inline/Anonymous handler
[2026-05-01 12:21:32] Firing event: [event_spp_context_enforce]
[2026-05-01 12:21:32]   -> Executing Inline/Anonymous handler
[2026-05-01 12:21:32] Firing event: [event_spp_route_resolve]
[2026-05-01 12:21:32]   -> Executing Inline/Anonymous handler
[2026-05-01 12:21:32] Firing event: [event_spp_app_init]
[2026-05-01 12:21:32]   -> Executing Inline/Anonymous handler
[2026-05-01 12:21:32] Firing event: [event_spp_app_init]
[2026-05-01 12:21:32]   -> Executing Inline/Anonymous handler
[2026-05-01 12:21:33] Firing event: [event_spp_app_init]
[2026-05-01 12:21:33]   -> Executing Inline/Anonymous handler
[2026-05-01 12:21:33] Firing event: [event_spp_app_init]
[2026-05-01 12:21:33]   -> Executing Inline/Anonymous handler
[2026-05-01 12:21:34] Firing event: [event_spp_app_init]
[2026-05-01 12:21:34]   -> Executing Inline/Anonymous handler
[2026-05-01 12:21:34] Firing event: [event_spp_context_enforce]
[2026-05-01 12:21:34]   -> Executing Inline/Anonymous handler
[2026-05-01 12:21:34] Firing event: [event_spp_route_resolve]
[2026-05-01 12:21:34]   -> Executing Inline/Anonymous handler
[2026-05-01 12:21:34] Firing event: [event_spp_app_init]
[2026-05-01 12:21:34]   -> Executing Inline/Anonymous handler
[2026-05-01 12:21:35] Firing event: [event_spp_context_enforce]
[2026-05-01 12:21:35]   -> Executing Inline/Anonymous handler
[2026-05-01 12:21:35] Firing event: [event_spp_route_resolve]
[2026-05-01 12:21:35]   -> Executing Inline/Anonymous handler
[2026-05-01 12:21:35] Firing event: [event_spp_app_init]
[2026-05-01 12:21:35]   -> Executing Inline/Anonymous handler
[2026-05-01 12:24:42] Firing event: [event_spp_context_enforce]
[2026-05-01 12:24:42]   -> Executing Inline/Anonymous handler
[2026-05-01 12:24:42] Firing event: [event_spp_route_resolve]
[2026-05-01 12:24:42]   -> Executing Inline/Anonymous handler
[2026-05-01 12:24:42] Firing event: [event_spp_app_init]
[2026-05-01 12:24:42]   -> Executing Inline/Anonymous handler
[2026-05-01 12:24:44] Firing event: [event_spp_context_enforce]
[2026-05-01 12:24:44]   -> Executing Inline/Anonymous handler
[2026-05-01 12:24:44] Firing event: [event_spp_route_resolve]
[2026-05-01 12:24:44]   -> Executing Inline/Anonymous handler
[2026-05-01 12:24:44] Firing event: [event_spp_app_init]
[2026-05-01 12:24:44]   -> Executing Inline/Anonymous handler
[2026-05-01 12:24:44] Firing event: [event_spp_app_init]
[2026-05-01 12:24:44]   -> Executing Inline/Anonymous handler
[2026-05-01 12:24:47] Firing event: [event_spp_app_init]
[2026-05-01 12:24:47]   -> Executing Inline/Anonymous handler
[2026-05-01 12:24:47] Firing event: [event_spp_app_init]
[2026-05-01 12:24:47]   -> Executing Inline/Anonymous handler
[2026-05-01 12:24:59] Firing event: [event_spp_context_enforce]
[2026-05-01 12:24:59]   -> Executing Inline/Anonymous handler
[2026-05-01 12:24:59] Firing event: [event_spp_route_resolve]
[2026-05-01 12:24:59]   -> Executing Inline/Anonymous handler
[2026-05-01 12:24:59] Firing event: [event_spp_app_init]
[2026-05-01 12:24:59]   -> Executing Inline/Anonymous handler
[2026-05-01 12:25:01] Firing event: [event_spp_context_enforce]
[2026-05-01 12:25:01] Firing event: [event_spp_context_enforce]
[2026-05-01 12:25:01]   -> Executing Inline/Anonymous handler
[2026-05-01 12:25:01]   -> Executing Inline/Anonymous handler
[2026-05-01 12:25:01] Firing event: [event_spp_route_resolve]
[2026-05-01 12:25:01] Firing event: [event_spp_route_resolve]
[2026-05-01 12:25:01]   -> Executing Inline/Anonymous handler
[2026-05-01 12:25:01]   -> Executing Inline/Anonymous handler
[2026-05-01 12:25:01] Firing event: [event_spp_app_init]
[2026-05-01 12:25:01] Firing event: [event_spp_app_init]
[2026-05-01 12:25:01]   -> Executing Inline/Anonymous handler
[2026-05-01 12:25:01]   -> Executing Inline/Anonymous handler
[2026-05-01 12:25:01] Firing event: [event_spp_app_init]
[2026-05-01 12:25:01]   -> Executing Inline/Anonymous handler
[2026-05-01 12:25:01] Firing event: [event_spp_app_init]
[2026-05-01 12:25:01]   -> Executing Inline/Anonymous handler
[2026-05-01 12:25:02] Firing event: [event_spp_app_init]
[2026-05-01 12:25:02]   -> Executing Inline/Anonymous handler
[2026-05-01 12:25:02] Firing event: [event_spp_app_init]
[2026-05-01 12:25:02]   -> Executing Inline/Anonymous handler
[2026-05-01 12:25:50] Firing event: [event_spp_context_enforce]
[2026-05-01 12:25:50]   -> Executing Inline/Anonymous handler
[2026-05-01 12:25:50] Firing event: [event_spp_route_resolve]
[2026-05-01 12:25:50]   -> Executing Inline/Anonymous handler
[2026-05-01 12:25:50] Firing event: [event_spp_app_init]
[2026-05-01 12:25:50]   -> Executing Inline/Anonymous handler
[2026-05-01 12:25:52] Firing event: [event_spp_context_enforce]
[2026-05-01 12:25:52]   -> Executing Inline/Anonymous handler
[2026-05-01 12:25:52] Firing event: [event_spp_route_resolve]
[2026-05-01 12:25:52]   -> Executing Inline/Anonymous handler
[2026-05-01 12:25:52] Firing event: [event_spp_app_init]
[2026-05-01 12:25:52]   -> Executing Inline/Anonymous handler
[2026-05-01 12:25:54] Firing event: [event_spp_app_init]
[2026-05-01 12:25:54]   -> Executing Inline/Anonymous handler
[2026-05-01 12:25:55] Firing event: [event_spp_app_init]
[2026-05-01 12:25:55]   -> Executing Inline/Anonymous handler
[2026-05-01 12:25:55] Firing event: [event_spp_app_init]
[2026-05-01 12:25:55]   -> Executing Inline/Anonymous handler
[2026-05-01 12:26:09] Firing event: [event_spp_context_enforce]
[2026-05-01 12:26:09]   -> Executing Inline/Anonymous handler
[2026-05-01 12:26:09] Firing event: [event_spp_route_resolve]
[2026-05-01 12:26:09]   -> Executing Inline/Anonymous handler
[2026-05-01 12:26:09] Firing event: [event_spp_app_init]
[2026-05-01 12:26:09]   -> Executing Inline/Anonymous handler
[2026-05-01 12:26:11] Firing event: [event_spp_context_enforce]
[2026-05-01 12:26:11]   -> Executing Inline/Anonymous handler
[2026-05-01 12:26:11] Firing event: [event_spp_route_resolve]
[2026-05-01 12:26:11]   -> Executing Inline/Anonymous handler
[2026-05-01 12:26:11] Firing event: [event_spp_app_init]
[2026-05-01 12:26:11]   -> Executing Inline/Anonymous handler
[2026-05-01 12:26:11] Firing event: [event_spp_app_init]
[2026-05-01 12:26:11]   -> Executing Inline/Anonymous handler
[2026-05-01 12:26:12] Firing event: [event_spp_app_init]
[2026-05-01 12:26:12]   -> Executing Inline/Anonymous handler
[2026-05-01 14:31:18] Firing event: [event_spp_context_enforce]
[2026-05-01 14:31:18]   -> Executing Inline/Anonymous handler
[2026-05-01 14:31:18] Firing event: [event_spp_route_resolve]
[2026-05-01 14:31:18]   -> Executing Inline/Anonymous handler
[2026-05-01 14:31:18] Firing event: [event_spp_app_init]
[2026-05-01 14:31:18]   -> Executing Inline/Anonymous handler
[2026-05-01 14:31:38] Firing event: [event_spp_context_enforce]
[2026-05-01 14:31:38]   -> Executing Inline/Anonymous handler
[2026-05-01 14:31:38] Firing event: [event_spp_route_resolve]
[2026-05-01 14:31:38]   -> Executing Inline/Anonymous handler
[2026-05-01 14:31:38] Firing event: [event_spp_app_init]
[2026-05-01 14:31:38]   -> Executing Inline/Anonymous handler
[2026-05-01 12:42:46] Firing event: [event_spp_context_enforce]
[2026-05-01 12:42:46]   -> Executing Inline/Anonymous handler
[2026-05-01 12:42:46] Firing event: [event_spp_route_resolve]
[2026-05-01 12:42:46]   -> Executing Inline/Anonymous handler
[2026-05-01 12:42:46] Firing event: [event_spp_app_init]
[2026-05-01 12:42:46]   -> Executing Inline/Anonymous handler
[2026-05-01 12:42:49] Firing event: [event_spp_context_enforce]
[2026-05-01 12:42:49] Firing event: [event_spp_context_enforce]
[2026-05-01 12:42:49] Firing event: [event_spp_context_enforce]
[2026-05-01 12:42:49]   -> Executing Inline/Anonymous handler
[2026-05-01 12:42:49]   -> Executing Inline/Anonymous handler
[2026-05-01 12:42:49]   -> Executing Inline/Anonymous handler
[2026-05-01 12:42:49] Firing event: [event_spp_route_resolve]
[2026-05-01 12:42:49] Firing event: [event_spp_route_resolve]
[2026-05-01 12:42:49] Firing event: [event_spp_route_resolve]
[2026-05-01 12:42:49]   -> Executing Inline/Anonymous handler
[2026-05-01 12:42:49]   -> Executing Inline/Anonymous handler
[2026-05-01 12:42:49]   -> Executing Inline/Anonymous handler
[2026-05-01 12:42:49] Firing event: [event_spp_app_init]
[2026-05-01 12:42:49]   -> Executing Inline/Anonymous handler
[2026-05-01 12:42:49] Firing event: [event_spp_app_init]
[2026-05-01 12:42:49] Firing event: [event_spp_app_init]
[2026-05-01 12:42:49]   -> Executing Inline/Anonymous handler
[2026-05-01 12:42:49]   -> Executing Inline/Anonymous handler
[2026-05-01 12:42:49] Firing event: [event_spp_app_init]
[2026-05-01 12:42:49] Firing event: [event_spp_app_init]
[2026-05-01 12:42:49]   -> Executing Inline/Anonymous handler
[2026-05-01 12:42:49]   -> Executing Inline/Anonymous handler
[2026-05-01 12:42:49] Firing event: [event_spp_app_init]
[2026-05-01 12:42:49]   -> Executing Inline/Anonymous handler
[2026-05-01 12:42:50] Firing event: [event_spp_app_init]
[2026-05-01 12:42:50]   -> Executing Inline/Anonymous handler
[2026-05-01 12:42:50] Firing event: [event_spp_app_init]
[2026-05-01 12:42:50]   -> Executing Inline/Anonymous handler
[2026-05-01 12:42:50] Firing event: [event_spp_app_init]
[2026-05-01 12:42:50]   -> Executing Inline/Anonymous handler
[2026-05-01 12:42:50] Firing event: [event_spp_app_init]
[2026-05-01 12:42:50]   -> Executing Inline/Anonymous handler
[2026-05-01 12:42:50] Firing event: [event_spp_app_init]
[2026-05-01 12:42:50]   -> Executing Inline/Anonymous handler
[2026-05-01 12:42:51] Firing event: [event_spp_app_init]
[2026-05-01 12:42:51]   -> Executing Inline/Anonymous handler
[2026-05-01 12:42:51] Firing event: [event_spp_context_enforce]
[2026-05-01 12:42:51]   -> Executing Inline/Anonymous handler
[2026-05-01 12:42:51] Firing event: [event_spp_route_resolve]
[2026-05-01 12:42:51]   -> Executing Inline/Anonymous handler
[2026-05-01 12:42:51] Firing event: [event_spp_app_init]
[2026-05-01 12:42:51]   -> Executing Inline/Anonymous handler
[2026-05-01 12:42:51] Firing event: [event_spp_app_init]
[2026-05-01 12:42:51]   -> Executing Inline/Anonymous handler
[2026-05-01 12:42:52] Firing event: [event_spp_app_init]
[2026-05-01 12:42:52]   -> Executing Inline/Anonymous handler
[2026-05-01 12:42:54] Firing event: [event_spp_context_enforce]
[2026-05-01 12:42:54]   -> Executing Inline/Anonymous handler
[2026-05-01 12:42:54] Firing event: [event_spp_route_resolve]
[2026-05-01 12:42:54]   -> Executing Inline/Anonymous handler
[2026-05-01 12:42:54] Firing event: [event_spp_app_init]
[2026-05-01 12:42:54]   -> Executing Inline/Anonymous handler
[2026-05-01 12:42:55] Firing event: [event_spp_app_init]
[2026-05-01 12:42:55]   -> Executing Inline/Anonymous handler
[2026-05-01 12:42:56] Firing event: [event_spp_context_enforce]
[2026-05-01 12:42:56] Firing event: [event_spp_context_enforce]
[2026-05-01 12:42:56]   -> Executing Inline/Anonymous handler
[2026-05-01 12:42:56]   -> Executing Inline/Anonymous handler
[2026-05-01 12:42:56] Firing event: [event_spp_route_resolve]
[2026-05-01 12:42:56] Firing event: [event_spp_route_resolve]
[2026-05-01 12:42:56]   -> Executing Inline/Anonymous handler
[2026-05-01 12:42:56]   -> Executing Inline/Anonymous handler
[2026-05-01 12:42:56] Firing event: [event_spp_app_init]
[2026-05-01 12:42:56] Firing event: [event_spp_app_init]
[2026-05-01 12:42:56]   -> Executing Inline/Anonymous handler
[2026-05-01 12:42:56]   -> Executing Inline/Anonymous handler
[2026-05-01 12:42:57] Firing event: [event_spp_context_enforce]
[2026-05-01 12:42:57]   -> Executing Inline/Anonymous handler
[2026-05-01 12:42:57] Firing event: [event_spp_route_resolve]
[2026-05-01 12:42:57]   -> Executing Inline/Anonymous handler
[2026-05-01 12:42:57] Firing event: [event_spp_app_init]
[2026-05-01 12:42:57]   -> Executing Inline/Anonymous handler
[2026-05-01 12:42:57] Firing event: [event_spp_app_init]
[2026-05-01 12:42:57]   -> Executing Inline/Anonymous handler
[2026-05-01 12:43:10] Firing event: [event_spp_context_enforce]
[2026-05-01 12:43:10]   -> Executing Inline/Anonymous handler
[2026-05-01 12:43:10] Firing event: [event_spp_route_resolve]
[2026-05-01 12:43:10]   -> Executing Inline/Anonymous handler
[2026-05-01 12:43:10] Firing event: [event_spp_app_init]
[2026-05-01 12:43:10]   -> Executing Inline/Anonymous handler
[2026-05-01 12:43:11] Firing event: [event_spp_app_init]
[2026-05-01 12:43:11]   -> Executing Inline/Anonymous handler
[2026-05-01 12:43:12] Firing event: [event_spp_context_enforce]
[2026-05-01 12:43:12] Firing event: [event_spp_context_enforce]
[2026-05-01 12:43:12]   -> Executing Inline/Anonymous handler
[2026-05-01 12:43:12]   -> Executing Inline/Anonymous handler
[2026-05-01 12:43:12] Firing event: [event_spp_route_resolve]
[2026-05-01 12:43:12] Firing event: [event_spp_route_resolve]
[2026-05-01 12:43:12]   -> Executing Inline/Anonymous handler
[2026-05-01 12:43:12]   -> Executing Inline/Anonymous handler
[2026-05-01 12:43:12] Firing event: [event_spp_app_init]
[2026-05-01 12:43:12] Firing event: [event_spp_app_init]
[2026-05-01 12:43:12]   -> Executing Inline/Anonymous handler
[2026-05-01 12:43:12]   -> Executing Inline/Anonymous handler
[2026-05-01 12:43:12] Firing event: [event_spp_app_init]
[2026-05-01 12:43:12] Firing event: [event_spp_app_init]
[2026-05-01 12:43:12]   -> Executing Inline/Anonymous handler
[2026-05-01 12:43:12]   -> Executing Inline/Anonymous handler
[2026-05-01 12:43:13] Firing event: [event_spp_app_init]
[2026-05-01 12:43:13]   -> Executing Inline/Anonymous handler
[2026-05-01 12:43:13] Firing event: [event_spp_app_init]
[2026-05-01 12:43:13]   -> Executing Inline/Anonymous handler
[2026-05-01 12:43:13] Firing event: [event_spp_context_enforce]
[2026-05-01 12:43:13]   -> Executing Inline/Anonymous handler
[2026-05-01 12:43:13] Firing event: [event_spp_route_resolve]
[2026-05-01 12:43:13]   -> Executing Inline/Anonymous handler
[2026-05-01 12:43:13] Firing event: [event_spp_app_init]
[2026-05-01 12:43:13]   -> Executing Inline/Anonymous handler
[2026-05-01 12:43:15] Firing event: [event_spp_context_enforce]
[2026-05-01 12:43:15] Firing event: [event_spp_context_enforce]
[2026-05-01 12:43:15] Firing event: [event_spp_context_enforce]
[2026-05-01 12:43:15]   -> Executing Inline/Anonymous handler
[2026-05-01 12:43:15]   -> Executing Inline/Anonymous handler
[2026-05-01 12:43:15]   -> Executing Inline/Anonymous handler
[2026-05-01 12:43:15] Firing event: [event_spp_route_resolve]
[2026-05-01 12:43:15] Firing event: [event_spp_route_resolve]
[2026-05-01 12:43:15] Firing event: [event_spp_route_resolve]
[2026-05-01 12:43:15]   -> Executing Inline/Anonymous handler
[2026-05-01 12:43:15]   -> Executing Inline/Anonymous handler
[2026-05-01 12:43:15]   -> Executing Inline/Anonymous handler
[2026-05-01 12:43:15] Firing event: [event_spp_app_init]
[2026-05-01 12:43:15] Firing event: [event_spp_app_init]
[2026-05-01 12:43:15] Firing event: [event_spp_app_init]
[2026-05-01 12:43:15]   -> Executing Inline/Anonymous handler
[2026-05-01 12:43:15]   -> Executing Inline/Anonymous handler
[2026-05-01 12:43:15]   -> Executing Inline/Anonymous handler
[2026-05-01 12:43:15] Firing event: [event_spp_app_init]
[2026-05-01 12:43:15] Firing event: [event_spp_app_init]
[2026-05-01 12:43:15]   -> Executing Inline/Anonymous handler
[2026-05-01 12:43:15]   -> Executing Inline/Anonymous handler
[2026-05-01 12:43:15] Firing event: [event_spp_app_init]
[2026-05-01 12:43:15]   -> Executing Inline/Anonymous handler
[2026-05-01 12:43:15] Firing event: [event_spp_app_init]
[2026-05-01 12:43:15] Firing event: [event_spp_app_init]
[2026-05-01 12:43:15]   -> Executing Inline/Anonymous handler
[2026-05-01 12:43:15]   -> Executing Inline/Anonymous handler
[2026-05-01 12:43:15] Firing event: [event_spp_app_init]
[2026-05-01 12:43:15] Firing event: [event_spp_app_init]
[2026-05-01 12:43:15]   -> Executing Inline/Anonymous handler
[2026-05-01 12:43:15]   -> Executing Inline/Anonymous handler
[2026-05-01 12:43:16] Firing event: [event_spp_app_init]
[2026-05-01 12:43:16]   -> Executing Inline/Anonymous handler
[2026-05-01 12:43:16] Firing event: [event_spp_app_init]
[2026-05-01 12:43:16]   -> Executing Inline/Anonymous handler
[2026-05-01 12:43:17] Firing event: [event_spp_context_enforce]
[2026-05-01 12:43:17]   -> Executing Inline/Anonymous handler
[2026-05-01 12:43:17] Firing event: [event_spp_route_resolve]
[2026-05-01 12:43:17]   -> Executing Inline/Anonymous handler
[2026-05-01 12:43:17] Firing event: [event_spp_app_init]
[2026-05-01 12:43:17]   -> Executing Inline/Anonymous handler
[2026-05-01 12:43:17] Firing event: [event_spp_app_init]
[2026-05-01 12:43:17]   -> Executing Inline/Anonymous handler
[2026-05-01 12:43:18] Firing event: [event_spp_app_init]
[2026-05-01 12:43:18]   -> Executing Inline/Anonymous handler
[2026-05-01 12:47:43] Firing event: [event_spp_context_enforce]
[2026-05-01 12:47:43]   -> Executing Inline/Anonymous handler
[2026-05-01 12:47:43] Firing event: [event_spp_route_resolve]
[2026-05-01 12:47:43]   -> Executing Inline/Anonymous handler
[2026-05-01 12:47:43] Firing event: [event_spp_app_init]
[2026-05-01 12:47:43]   -> Executing Inline/Anonymous handler
[2026-05-01 12:47:43] Firing event: [event_spp_app_init]
[2026-05-01 12:47:43]   -> Executing Inline/Anonymous handler
[2026-05-01 12:47:45] Firing event: [event_spp_context_enforce]
[2026-05-01 12:47:45] Firing event: [event_spp_context_enforce]
[2026-05-01 12:47:45]   -> Executing Inline/Anonymous handler
[2026-05-01 12:47:45]   -> Executing Inline/Anonymous handler
[2026-05-01 12:47:45] Firing event: [event_spp_route_resolve]
[2026-05-01 12:47:45] Firing event: [event_spp_route_resolve]
[2026-05-01 12:47:45]   -> Executing Inline/Anonymous handler
[2026-05-01 12:47:45]   -> Executing Inline/Anonymous handler
[2026-05-01 12:47:45] Firing event: [event_spp_app_init]
[2026-05-01 12:47:45] Firing event: [event_spp_app_init]
[2026-05-01 12:47:45]   -> Executing Inline/Anonymous handler
[2026-05-01 12:47:45]   -> Executing Inline/Anonymous handler
[2026-05-01 12:47:46] Firing event: [event_spp_context_enforce]
[2026-05-01 12:47:46]   -> Executing Inline/Anonymous handler
[2026-05-01 12:47:46] Firing event: [event_spp_route_resolve]
[2026-05-01 12:47:46]   -> Executing Inline/Anonymous handler
[2026-05-01 12:47:46] Firing event: [event_spp_app_init]
[2026-05-01 12:47:46]   -> Executing Inline/Anonymous handler
[2026-05-01 12:47:46] Firing event: [event_spp_app_init]
[2026-05-01 12:47:46]   -> Executing Inline/Anonymous handler
[2026-05-01 12:47:58] Firing event: [event_spp_context_enforce]
[2026-05-01 12:47:58]   -> Executing Inline/Anonymous handler
[2026-05-01 12:47:58] Firing event: [event_spp_route_resolve]
[2026-05-01 12:47:58]   -> Executing Inline/Anonymous handler
[2026-05-01 12:47:58] Firing event: [event_spp_app_init]
[2026-05-01 12:47:58]   -> Executing Inline/Anonymous handler
[2026-05-01 12:47:58] Firing event: [event_spp_app_init]
[2026-05-01 12:47:58]   -> Executing Inline/Anonymous handler
[2026-05-01 12:48:00] Firing event: [event_spp_context_enforce]
[2026-05-01 12:48:00] Firing event: [event_spp_context_enforce]
[2026-05-01 12:48:00]   -> Executing Inline/Anonymous handler
[2026-05-01 12:48:00]   -> Executing Inline/Anonymous handler
[2026-05-01 12:48:00] Firing event: [event_spp_route_resolve]
[2026-05-01 12:48:00] Firing event: [event_spp_route_resolve]
[2026-05-01 12:48:00]   -> Executing Inline/Anonymous handler
[2026-05-01 12:48:00]   -> Executing Inline/Anonymous handler
[2026-05-01 12:48:00] Firing event: [event_spp_app_init]
[2026-05-01 12:48:00] Firing event: [event_spp_app_init]
[2026-05-01 12:48:00]   -> Executing Inline/Anonymous handler
[2026-05-01 12:48:00]   -> Executing Inline/Anonymous handler
[2026-05-01 12:48:00] Firing event: [event_spp_app_init]
[2026-05-01 12:48:00]   -> Executing Inline/Anonymous handler
[2026-05-01 12:48:00] Firing event: [event_spp_app_init]
[2026-05-01 12:48:00]   -> Executing Inline/Anonymous handler
[2026-05-01 12:48:01] Firing event: [event_spp_app_init]
[2026-05-01 12:48:01]   -> Executing Inline/Anonymous handler
[2026-05-01 12:48:01] Firing event: [event_spp_app_init]
[2026-05-01 12:48:01]   -> Executing Inline/Anonymous handler
[2026-05-01 12:48:01] Firing event: [event_spp_context_enforce]
[2026-05-01 12:48:01]   -> Executing Inline/Anonymous handler
[2026-05-01 12:48:01] Firing event: [event_spp_route_resolve]
[2026-05-01 12:48:01]   -> Executing Inline/Anonymous handler
[2026-05-01 12:48:01] Firing event: [event_spp_app_init]
[2026-05-01 12:48:01]   -> Executing Inline/Anonymous handler
[2026-05-01 12:48:03] Firing event: [event_spp_context_enforce]
[2026-05-01 12:48:03] Firing event: [event_spp_context_enforce]
[2026-05-01 12:48:03] Firing event: [event_spp_context_enforce]
[2026-05-01 12:48:03]   -> Executing Inline/Anonymous handler
[2026-05-01 12:48:03]   -> Executing Inline/Anonymous handler
[2026-05-01 12:48:03]   -> Executing Inline/Anonymous handler
[2026-05-01 12:48:03] Firing event: [event_spp_route_resolve]
[2026-05-01 12:48:03] Firing event: [event_spp_route_resolve]
[2026-05-01 12:48:03] Firing event: [event_spp_route_resolve]
[2026-05-01 12:48:03]   -> Executing Inline/Anonymous handler
[2026-05-01 12:48:03]   -> Executing Inline/Anonymous handler
[2026-05-01 12:48:03]   -> Executing Inline/Anonymous handler
[2026-05-01 12:48:03] Firing event: [event_spp_app_init]
[2026-05-01 12:48:03] Firing event: [event_spp_app_init]
[2026-05-01 12:48:03] Firing event: [event_spp_app_init]
[2026-05-01 12:48:03]   -> Executing Inline/Anonymous handler
[2026-05-01 12:48:03]   -> Executing Inline/Anonymous handler
[2026-05-01 12:48:03]   -> Executing Inline/Anonymous handler
[2026-05-01 12:48:03] Firing event: [event_spp_app_init]
[2026-05-01 12:48:03] Firing event: [event_spp_app_init]
[2026-05-01 12:48:03]   -> Executing Inline/Anonymous handler
[2026-05-01 12:48:03]   -> Executing Inline/Anonymous handler
[2026-05-01 12:48:03] Firing event: [event_spp_app_init]
[2026-05-01 12:48:03]   -> Executing Inline/Anonymous handler
[2026-05-01 12:48:03] Firing event: [event_spp_app_init]
[2026-05-01 12:48:03] Firing event: [event_spp_app_init]
[2026-05-01 12:48:03]   -> Executing Inline/Anonymous handler
[2026-05-01 12:48:03]   -> Executing Inline/Anonymous handler
[2026-05-01 12:48:03] Firing event: [event_spp_app_init]
[2026-05-01 12:48:03] Firing event: [event_spp_app_init]
[2026-05-01 12:48:03]   -> Executing Inline/Anonymous handler
[2026-05-01 12:48:03]   -> Executing Inline/Anonymous handler
[2026-05-01 12:48:04] Firing event: [event_spp_app_init]
[2026-05-01 12:48:04]   -> Executing Inline/Anonymous handler
[2026-05-01 12:48:04] Firing event: [event_spp_app_init]
[2026-05-01 12:48:04]   -> Executing Inline/Anonymous handler
[2026-05-01 12:48:05] Firing event: [event_spp_context_enforce]
[2026-05-01 12:48:05]   -> Executing Inline/Anonymous handler
[2026-05-01 12:48:05] Firing event: [event_spp_route_resolve]
[2026-05-01 12:48:05]   -> Executing Inline/Anonymous handler
[2026-05-01 12:48:05] Firing event: [event_spp_app_init]
[2026-05-01 12:48:05]   -> Executing Inline/Anonymous handler
[2026-05-01 12:48:05] Firing event: [event_spp_app_init]
[2026-05-01 12:48:05]   -> Executing Inline/Anonymous handler
[2026-05-01 12:48:06] Firing event: [event_spp_app_init]
[2026-05-01 12:48:06]   -> Executing Inline/Anonymous handler
[2026-05-01 12:48:15] Firing event: [event_spp_context_enforce]
[2026-05-01 12:48:15]   -> Executing Inline/Anonymous handler
[2026-05-01 12:48:15] Firing event: [event_spp_route_resolve]
[2026-05-01 12:48:15]   -> Executing Inline/Anonymous handler
[2026-05-01 12:48:16] Firing event: [event_spp_app_init]
[2026-05-01 12:48:16]   -> Executing Inline/Anonymous handler
[2026-05-01 12:48:17] Firing event: [event_spp_context_enforce]
[2026-05-01 12:48:17]   -> Executing Inline/Anonymous handler
[2026-05-01 12:48:17] Firing event: [event_spp_route_resolve]
[2026-05-01 12:48:17]   -> Executing Inline/Anonymous handler
[2026-05-01 12:48:17] Firing event: [event_spp_app_init]
[2026-05-01 12:48:17]   -> Executing Inline/Anonymous handler
[2026-05-01 12:48:17] Firing event: [event_spp_app_init]
[2026-05-01 12:48:17]   -> Executing Inline/Anonymous handler
[2026-05-01 12:48:18] Firing event: [event_spp_app_init]
[2026-05-01 12:48:18]   -> Executing Inline/Anonymous handler
