[2026-09-04 10:37:10] Evolutionary Scan executed for 'default':

LOADED MODULES FOR MIGRATION:
Array
(
    [0] => sppapi
    [1] => sppdb
    [2] => dbconfig
    [3] => sppauth
    [4] => spplogger
    [5] => sppview
    [6] => drishyam
    [7] => parikshak
    [8] => sppai
    [9] => lekhni
    [10] => sppxdb
    [11] => sppdeploy
    [12] => sppdoc
    [13] => spprouter
)

Migrating: 2026_06_02_000000_consolidate_identity_tables...
  Done.
Migrating: 2026_06_11_000000_sppauth_v2_architecture...
  Done.
Migrating: 2026_06_12_000000_create_spprouter_tables...
  Done.
Migrating: Migration_1_1_0...
  Done.
All migrations completed successfully.

TABLES IN DB AFTER MIGRATION:
Array
(
    [0] => Array
        (
            [name] => spp_migrations
        )

    [1] => Array
        (
            [name] => sqlite_sequence
        )

    [2] => Array
        (
            [name] => spp_users
        )

    [3] => Array
        (
            [name] => spp_roles
        )

    [4] => Array
        (
            [name] => spp_user_roles
        )

    [5] => Array
        (
            [name] => spp_login_attempts
        )

    [6] => Array
        (
            [name] => spp_personal_access_tokens
        )

    [7] => Array
        (
            [name] => spp_oauth_providers
        )

    [8] => Array
        (
            [name] => spp_sppauth_audit_log
        )

    [9] => Array
        (
            [name] => spp_magic_links
        )

    [10] => Array
        (
            [name] => spp_webauthn_credentials
        )

    [11] => Array
        (
            [name] => spp_oauth_clients
        )

    [12] => Array
        (
            [name] => spp_oauth_tokens
        )

    [13] => Array
        (
            [name] => spprouter_pages
        )

    [14] => Array
        (
            [name] => spprouter_defaults
        )

    [15] => Array
        (
            [name] => spprouter_specials
        )

)
Running test suite for app: default
Array
(
    [app] => default
    [timestamp] => 2026-09-04 10:36:29
    [seed] => 6940
    [entities] => Array
        (
            [0] => Array
                (
                    [class] => App\Default\Entities\Blogpost
                    [name] => BlogPost
                    [status] => skipped
                    [scenarios] => Array
                        (
                        )

                    [errors] => Array
                        (
                            [0] => Class "" does not exist
                        )

                )

            [1] => Array
                (
                    [class] => App\Default\Entities\Dummyentity
                    [name] => DummyEntity
                    [status] => passed
                    [scenarios] => Array
                        (
                            [0] => Array
                                (
                                    [name] => ValidData
                                    [status] => passed
                                    [duration_ms] => 58.06
                                )

                            [1] => Array
                                (
                                    [name] => Field Length Invariants
                                    [status] => passed
                                )

                            [2] => Array
                                (
                                    [name] => Data Type Invariants
                                    [status] => passed
                                )

                            [3] => Array
                                (
                                    [name] => Schema Integrity Check
                                    [status] => passed
                                )

                            [4] => Array
                                (
                                    [name] => Toxic Payload Resilience
                                    [status] => passed
                                )

                            [5] => Array
                                (
                                    [name] => Audit Trail Verification
                                    [status] => passed
                                )

                            [6] => Array
                                (
                                    [name] => Global Unicode Resilience
                                    [status] => passed
                                )

                            [7] => Array
                                (
                                    [name] => Bulk Stress Simulation
                                    [status] => passed
                                    [ops_per_sec] => 50.8
                                )

                            [8] => Array
                                (
                                    [name] => Transactional Integrity
                                    [status] => passed
                                )

                            [9] => Array
                                (
                                    [name] => Multi-Tenant Ghost Isolation
                                    [status] => passed
                                )

                            [10] => Array
                                (
                                    [name] => Validation Metadata Invariants
                                    [status] => skipped
                                    [error] => No validation rules defined for this entity.
                                )

                        )

                    [errors] => Array
                        (
                        )

                    [coverage] => Array
                        (
                            [hooks_implemented] => Array
                                (
                                )

                            [coverage_pct] => 0
                        )

                )

            [2] => Array
                (
                    [class] => App\Default\Entities\Employee
                    [name] => Employee
                    [status] => skipped
                    [scenarios] => Array
                        (
                        )

                    [errors] => Array
                        (
                            [0] => Skipped: Entity has no attributes defined in metadata.
                        )

                )

            [3] => Array
                (
                    [class] => App\Default\Entities\Featuremodel
                    [name] => FeatureModel
                    [status] => skipped
                    [scenarios] => Array
                        (
                        )

                    [errors] => Array
                        (
                            [0] => Class "" does not exist
                        )

                )

            [4] => Array
                (
                    [class] => App\Default\Entities\Newentity1
                    [name] => NewEntity1
                    [status] => passed
                    [scenarios] => Array
                        (
                            [0] => Array
                                (
                                    [name] => ValidData
                                    [status] => passed
                                    [duration_ms] => 47.11
                                )

                            [1] => Array
                                (
                                    [name] => Field Length Invariants
                                    [status] => passed
                                )

                            [2] => Array
                                (
                                    [name] => Data Type Invariants
                                    [status] => passed
                                )

                            [3] => Array
                                (
                                    [name] => Schema Integrity Check
                                    [status] => passed
                                )

                            [4] => Array
                                (
                                    [name] => Toxic Payload Resilience
                                    [status] => passed
                                )

                            [5] => Array
                                (
                                    [name] => Audit Trail Verification
                                    [status] => passed
                                )

                            [6] => Array
                                (
                                    [name] => Global Unicode Resilience
                                    [status] => passed
                                )

                            [7] => Array
                                (
                                    [name] => Bulk Stress Simulation
                                    [status] => passed
                                    [ops_per_sec] => 47
                                )

                            [8] => Array
                                (
                                    [name] => Transactional Integrity
                                    [status] => passed
                                )

                            [9] => Array
                                (
                                    [name] => Multi-Tenant Ghost Isolation
                                    [status] => passed
                                )

                            [10] => Array
                                (
                                    [name] => Validation Metadata Invariants
                                    [status] => skipped
                                    [error] => No validation rules defined for this entity.
                                )

                        )

                    [errors] => Array
                        (
                        )

                    [coverage] => Array
                        (
                            [hooks_implemented] => Array
                                (
                                )

                            [coverage_pct] => 0
                        )

                )

            [5] => Array
                (
                    [class] => App\Default\Entities\Staff
                    [name] => Staff
                    [status] => passed
                    [scenarios] => Array
                        (
                            [0] => Array
                                (
                                    [name] => ValidData
                                    [status] => passed
                                    [duration_ms] => 55.17
                                )

                            [1] => Array
                                (
                                    [name] => Field Length Invariants
                                    [status] => passed
                                )

                            [2] => Array
                                (
                                    [name] => Data Type Invariants
                                    [status] => passed
                                )

                            [3] => Array
                                (
                                    [name] => Schema Integrity Check
                                    [status] => passed
                                )

                            [4] => Array
                                (
                                    [name] => Toxic Payload Resilience
                                    [status] => passed
                                )

                            [5] => Array
                                (
                                    [name] => Audit Trail Verification
                                    [status] => passed
                                )

                            [6] => Array
                                (
                                    [name] => Global Unicode Resilience
                                    [status] => passed
                                )

                            [7] => Array
                                (
                                    [name] => Bulk Stress Simulation
                                    [status] => passed
                                    [ops_per_sec] => 36.7
                                )

                            [8] => Array
                                (
                                    [name] => Transactional Integrity
                                    [status] => passed
                                )

                            [9] => Array
                                (
                                    [name] => Multi-Tenant Ghost Isolation
                                    [status] => passed
                                )

                            [10] => Array
                                (
                                    [name] => Validation Metadata Invariants
                                    [status] => skipped
                                    [error] => No validation rules defined for this entity.
                                )

                        )

                    [errors] => Array
                        (
                        )

                    [coverage] => Array
                        (
                            [hooks_implemented] => Array
                                (
                                )

                            [coverage_pct] => 0
                        )

                )

            [6] => Array
                (
                    [class] => App\Default\Entities\Teacher
                    [name] => Teacher
                    [status] => passed
                    [scenarios] => Array
                        (
                            [0] => Array
                                (
                                    [name] => ValidData
                                    [status] => passed
                                    [duration_ms] => 69.26
                                )

                            [1] => Array
                                (
                                    [name] => Field Length Invariants
                                    [status] => passed
                                )

                            [2] => Array
                                (
                                    [name] => Data Type Invariants
                                    [status] => passed
                                )

                            [3] => Array
                                (
                                    [name] => Schema Integrity Check
                                    [status] => passed
                                )

                            [4] => Array
                                (
                                    [name] => Toxic Payload Resilience
                                    [status] => passed
                                )

                            [5] => Array
                                (
                                    [name] => Audit Trail Verification
                                    [status] => passed
                                )

                            [6] => Array
                                (
                                    [name] => Global Unicode Resilience
                                    [status] => passed
                                )

                            [7] => Array
                                (
                                    [name] => Bulk Stress Simulation
                                    [status] => passed
                                    [ops_per_sec] => 14.3
                                )

                            [8] => Array
                                (
                                    [name] => Transactional Integrity
                                    [status] => passed
                                )

                            [9] => Array
                                (
                                    [name] => Multi-Tenant Ghost Isolation
                                    [status] => passed
                                )

                            [10] => Array
                                (
                                    [name] => Validation Metadata Invariants
                                    [status] => skipped
                                    [error] => No validation rules defined for this entity.
                                )

                        )

                    [errors] => Array
                        (
                        )

                    [coverage] => Array
                        (
                            [hooks_implemented] => Array
                                (
                                )

                            [coverage_pct] => 0
                        )

                )

            [7] => Array
                (
                    [class] => App\Default\Entities\Testeditentity
                    [name] => TestEditEntity
                    [status] => skipped
                    [scenarios] => Array
                        (
                        )

                    [errors] => Array
                        (
                            [0] => Skipped: Entity has no attributes defined in metadata.
                        )

                )

            [8] => Array
                (
                    [class] => App\Default\Entities\Testentity
                    [name] => TestEntity
                    [status] => passed
                    [scenarios] => Array
                        (
                            [0] => Array
                                (
                                    [name] => ValidData
                                    [status] => passed
                                    [duration_ms] => 295.04
                                )

                            [1] => Array
                                (
                                    [name] => Field Length Invariants
                                    [status] => passed
                                )

                            [2] => Array
                                (
                                    [name] => Data Type Invariants
                                    [status] => passed
                                )

                            [3] => Array
                                (
                                    [name] => Schema Integrity Check
                                    [status] => passed
                                )

                            [4] => Array
                                (
                                    [name] => Toxic Payload Resilience
                                    [status] => passed
                                )

                            [5] => Array
                                (
                                    [name] => Audit Trail Verification
                                    [status] => passed
                                )

                            [6] => Array
                                (
                                    [name] => Global Unicode Resilience
                                    [status] => passed
                                )

                            [7] => Array
                                (
                                    [name] => Bulk Stress Simulation
                                    [status] => passed
                                    [ops_per_sec] => 4.8
                                )

                            [8] => Array
                                (
                                    [name] => Transactional Integrity
                                    [status] => passed
                                )

                            [9] => Array
                                (
                                    [name] => Multi-Tenant Ghost Isolation
                                    [status] => passed
                                )

                            [10] => Array
                                (
                                    [name] => Validation Metadata Invariants
                                    [status] => skipped
                                    [error] => No validation rules defined for this entity.
                                )

                        )

                    [errors] => Array
                        (
                        )

                    [coverage] => Array
                        (
                            [hooks_implemented] => Array
                                (
                                )

                            [coverage_pct] => 0
                        )

                )

            [9] => Array
                (
                    [class] => App\Default\Entities\Testuser
                    [name] => TestUser
                    [status] => skipped
                    [scenarios] => Array
                        (
                        )

                    [errors] => Array
                        (
                            [0] => Class "" does not exist
                        )

                )

        )

    [dependency_graph] => Array
        (
            [nodes] => Array
                (
                )

            [links] => Array
                (
                )

        )

    [summary] => Array
        (
            [total] => 10
            [passed] => 5
            [failed] => 0
            [skipped] => 5
        )

    [unit_tests] => Array
        (
            [summary] => Array
                (
                    [total] => 48
                    [passed] => 44
                    [failed] => 4
                )

            [tests] => Array
                (
                    [0] => Array
                        (
                            [scope] => Core
                            [class] => SPP\Tests\Core\Commands\CompileRegistryCommandTest
                            [method] => testCommandInitialization
                            [status] => passed
                            [error] => 
                        )

                    [1] => Array
                        (
                            [scope] => Core
                            [class] => SPP\Tests\Core\Commands\CompileRegistryCommandTest
                            [method] => testCommandExecution
                            [status] => passed
                            [error] => 
                        )

                    [2] => Array
                        (
                            [scope] => Core
                            [class] => SPP\Tests\Core\Commands\SysStatusCommandTest
                            [method] => testCommandInitialization
                            [status] => passed
                            [error] => 
                        )

                    [3] => Array
                        (
                            [scope] => Core
                            [class] => SPP\Tests\Core\Commands\SysStatusCommandTest
                            [method] => testCommandExecution
                            [status] => passed
                            [error] => 
                        )

                    [4] => Array
                        (
                            [scope] => Core
                            [class] => SPP\Tests\Core\DataProviderTest
                            [method] => testAddition with data set
                            [status] => passed
                            [error] => 
                        )

                    [5] => Array
                        (
                            [scope] => Core
                            [class] => SPP\Tests\Core\DataProviderTest
                            [method] => testAddition with data set
                            [status] => passed
                            [error] => 
                        )

                    [6] => Array
                        (
                            [scope] => Core
                            [class] => SPP\Tests\Core\DataProviderTest
                            [method] => testAddition with data set
                            [status] => passed
                            [error] => 
                        )

                    [7] => Array
                        (
                            [scope] => Core
                            [class] => SPP\Tests\Core\DBLoggerTest
                            [method] => testDBLoggerProviderWritesSuccessfully
                            [status] => passed
                            [error] => 
                        )

                    [8] => Array
                        (
                            [scope] => Core
                            [class] => SPP\Tests\Core\DBLoggerTest
                            [method] => testEventBusTriggersDBLogger
                            [status] => passed
                            [error] => 
                        )

                    [9] => Array
                        (
                            [scope] => Core
                            [class] => SPP\Tests\Core\MockeryTest
                            [method] => testMockeryCanMockObjects
                            [status] => passed
                            [error] => 
                        )

                    [10] => Array
                        (
                            [scope] => Core
                            [class] => SPP\Tests\Core\ModuleTaxonomyTest
                            [method] => testModuleTypeParsing
                            [status] => passed
                            [error] => 
                        )

                    [11] => Array
                        (
                            [scope] => Core
                            [class] => SPP\Tests\Core\ModuleTaxonomyTest
                            [method] => testIsCompulsoryEvaluatesTrueForCoreAndCompulsory
                            [status] => passed
                            [error] => 
                        )

                    [12] => Array
                        (
                            [scope] => Core
                            [class] => SPP\Tests\Core\ModuleTaxonomyTest
                            [method] => testIsCompulsoryEvaluatesFalseForNonCore
                            [status] => passed
                            [error] => 
                        )

                    [13] => Array
                        (
                            [scope] => Core
                            [class] => SPP\Tests\Core\ModuleTaxonomyTest
                            [method] => testIsCompulsoryEvaluatesFalseForNonCompulsory
                            [status] => passed
                            [error] => 
                        )

                    [14] => Array
                        (
                            [scope] => Core
                            [class] => test.PestStyleTest.php
                            [method] => addition works with functional API
                            [status] => passed
                            [error] => 
                        )

                    [15] => Array
                        (
                            [scope] => Core
                            [class] => test.PestStyleTest.php
                            [method] => it can access $this via closure binding
                            [status] => passed
                            [error] => 
                        )

                    [16] => Array
                        (
                            [scope] => Core
                            [class] => test.PestStyleTest.php
                            [method] => subtraction works with functional API
                            [status] => passed
                            [error] => 
                        )

                    [17] => Array
                        (
                            [scope] => Core
                            [class] => SPP\Tests\Core\PsrLoggerAdapterTest
                            [method] => testInstantiation
                            [status] => passed
                            [error] => 
                        )

                    [18] => Array
                        (
                            [scope] => Core
                            [class] => SPP\Tests\Core\PsrLoggerAdapterTest
                            [method] => testLoggingLevels
                            [status] => passed
                            [error] => 
                        )

                    [19] => Array
                        (
                            [scope] => Core
                            [class] => SPP\Tests\Core\PsrLoggerAdapterTest
                            [method] => testInvalidLevelThrowsException
                            [status] => passed
                            [error] => 
                        )

                    [20] => Array
                        (
                            [scope] => Core
                            [class] => SPP\Tests\Core\SPPAuthTest
                            [method] => testDefaultGuardIsWeb
                            [status] => passed
                            [error] => 
                        )

                    [21] => Array
                        (
                            [scope] => Core
                            [class] => SPP\Tests\Core\SPPAuthTest
                            [method] => testLoginAndCheck
                            [status] => passed
                            [error] => 
                        )

                    [22] => Array
                        (
                            [scope] => Core
                            [class] => SPP\Tests\Core\SPPAuthTest
                            [method] => testLogout
                            [status] => passed
                            [error] => 
                        )

                    [23] => Array
                        (
                            [scope] => Core
                            [class] => SPP\Tests\Core\SPPAuthTest
                            [method] => testGetCurrentUser
                            [status] => passed
                            [error] => 
                        )

                    [24] => Array
                        (
                            [scope] => Core
                            [class] => SPP\Tests\Core\SPPConfigTest
                            [method] => testGetEnvValue
                            [status] => passed
                            [error] => 
                        )

                    [25] => Array
                        (
                            [scope] => Core
                            [class] => SPP\Tests\Core\SPPConfigTest
                            [method] => testDefaultValue
                            [status] => passed
                            [error] => 
                        )

                    [26] => Array
                        (
                            [scope] => Core
                            [class] => SPP\Tests\Core\SPPConfigTest
                            [method] => testSetAndGetAppCache
                            [status] => passed
                            [error] => 
                        )

                    [27] => Array
                        (
                            [scope] => Core
                            [class] => SPP\Tests\Core\SPPDBTest
                            [method] => testSelectAll
                            [status] => passed
                            [error] => 
                        )

                    [28] => Array
                        (
                            [scope] => Core
                            [class] => SPP\Tests\Core\SPPDBTest
                            [method] => testSelectSpecificColumns
                            [status] => passed
                            [error] => 
                        )

                    [29] => Array
                        (
                            [scope] => Core
                            [class] => SPP\Tests\Core\SPPDBTest
                            [method] => testWhereClause
                            [status] => failed
                            [error] => SQL should contain WHERE clause
                        )

                    [30] => Array
                        (
                            [scope] => Core
                            [class] => SPP\Tests\Core\SPPDBTest
                            [method] => testMultipleWhereClauses
                            [status] => failed
                            [error] => SQL should contain multiple WHERE clauses
                        )

                    [31] => Array
                        (
                            [scope] => Core
                            [class] => SPP\Tests\Core\SPPDBTest
                            [method] => testOrWhereClause
                            [status] => failed
                            [error] => SQL should contain OR WHERE clause
                        )

                    [32] => Array
                        (
                            [scope] => Core
                            [class] => SPP\Tests\Core\SPPDBTest
                            [method] => testOrderByAndLimit
                            [status] => failed
                            [error] => SQL should contain ORDER BY
                        )

                    [33] => Array
                        (
                            [scope] => Core
                            [class] => SPP\Tests\Core\SPPExtTest
                            [method] => testExtLifecycleDoesNotBootDB
                            [status] => passed
                            [error] => 
                        )

                    [34] => Array
                        (
                            [scope] => Core
                            [class] => SPP\Tests\Core\SPPMigrateTest
                            [method] => testMakeCommand
                            [status] => passed
                            [error] => 
                        )

                    [35] => Array
                        (
                            [scope] => Core
                            [class] => SPP\Tests\Core\SPPMigrateTest
                            [method] => testRunCommand
                            [status] => passed
                            [error] => 
                        )

                    [36] => Array
                        (
                            [scope] => Core
                            [class] => SPP\Tests\Core\SPPRouterTest
                            [method] => testGetPageThrowsExceptionForNonExistentRoute
                            [status] => passed
                            [error] => 
                        )

                    [37] => Array
                        (
                            [scope] => Core
                            [class] => SPP\Tests\Core\SPPRouterTest
                            [method] => testGetDefaultReturnsNullIfNoConfig
                            [status] => passed
                            [error] => 
                        )

                    [38] => Array
                        (
                            [scope] => Core
                            [class] => SPP\Tests\Core\SPPUXTest
                            [method] => testComponentMarkupGeneration
                            [status] => passed
                            [error] => 
                        )

                    [39] => Array
                        (
                            [scope] => Core
                            [class] => SPP\Tests\Core\SPPUXTest
                            [method] => testComponentWithSSRAndIsland
                            [status] => passed
                            [error] => 
                        )

                    [40] => Array
                        (
                            [scope] => Core
                            [class] => SPP\Tests\Core\SPPUXTest
                            [method] => testPaths
                            [status] => passed
                            [error] => 
                        )

                    [41] => Array
                        (
                            [scope] => Core
                            [class] => SPP\Tests\Core\SPPValidatorTest
                            [method] => testRequiredValidator
                            [status] => passed
                            [error] => 
                        )

                    [42] => Array
                        (
                            [scope] => Core
                            [class] => SPP\Tests\Core\SPPValidatorTest
                            [method] => testEmailValidator
                            [status] => passed
                            [error] => 
                        )

                    [43] => Array
                        (
                            [scope] => Core
                            [class] => SPP\Tests\Core\SPPValidatorTest
                            [method] => testMinLengthValidator
                            [status] => passed
                            [error] => 
                        )

                    [44] => Array
                        (
                            [scope] => Core
                            [class] => SPP\Tests\Core\SPPViewTest
                            [method] => testViewTagGeneration
                            [status] => passed
                            [error] => 
                        )

                    [45] => Array
                        (
                            [scope] => Core
                            [class] => SPP\Tests\Core\SPPViewTest
                            [method] => testUlGeneration
                            [status] => passed
                            [error] => 
                        )

                    [46] => Array
                        (
                            [scope] => Core
                            [class] => SPP\Tests\Core\SPPViewTest
                            [method] => testTableGeneration
                            [status] => passed
                            [error] => 
                        )

                    [47] => Array
                        (
                            [scope] => Core
                            [class] => SPP\Tests\Core\SPPViewCompilerTest
                            [method] => testCompilerTranslatesSppTrans
                            [status] => passed
                            [error] => 
                        )

                )

        )

)

Suite Summary:
Passed: 5 / 10

----------------------------------------
[2026-09-04 10:38:41] Evolutionary Scan executed for 'default':

LOADED MODULES FOR MIGRATION:
Array
(
    [0] => sppapi
    [1] => sppdb
    [2] => dbconfig
    [3] => sppauth
    [4] => spplogger
    [5] => sppview
    [6] => drishyam
    [7] => parikshak
    [8] => sppai
    [9] => lekhni
    [10] => sppxdb
    [11] => sppdeploy
    [12] => sppdoc
    [13] => spprouter
)

Migrating: 2026_06_02_000000_consolidate_identity_tables...
  Done.
Migrating: 2026_06_11_000000_sppauth_v2_architecture...
  Done.
Migrating: 2026_06_12_000000_create_spprouter_tables...
  Done.
Migrating: Migration_1_1_0...
  Done.
All migrations completed successfully.

TABLES IN DB AFTER MIGRATION:
Array
(
    [0] => Array
        (
            [name] => spp_migrations
        )

    [1] => Array
        (
            [name] => sqlite_sequence
        )

    [2] => Array
        (
            [name] => spp_users
        )

    [3] => Array
        (
            [name] => spp_roles
        )

    [4] => Array
        (
            [name] => spp_user_roles
        )

    [5] => Array
        (
            [name] => spp_login_attempts
        )

    [6] => Array
        (
            [name] => spp_personal_access_tokens
        )

    [7] => Array
        (
            [name] => spp_oauth_providers
        )

    [8] => Array
        (
            [name] => spp_sppauth_audit_log
        )

    [9] => Array
        (
            [name] => spp_magic_links
        )

    [10] => Array
        (
            [name] => spp_webauthn_credentials
        )

    [11] => Array
        (
            [name] => spp_oauth_clients
        )

    [12] => Array
        (
            [name] => spp_oauth_tokens
        )

    [13] => Array
        (
            [name] => spprouter_pages
        )

    [14] => Array
        (
            [name] => spprouter_defaults
        )

    [15] => Array
        (
            [name] => spprouter_specials
        )

)
Running test suite for app: default
Array
(
    [app] => default
    [timestamp] => 2026-09-04 10:37:54
    [seed] => 6920
    [entities] => Array
        (
            [0] => Array
                (
                    [class] => App\Default\Entities\Blogpost
                    [name] => BlogPost
                    [status] => skipped
                    [scenarios] => Array
                        (
                        )

                    [errors] => Array
                        (
                            [0] => Class "" does not exist
                        )

                )

            [1] => Array
                (
                    [class] => App\Default\Entities\Dummyentity
                    [name] => DummyEntity
                    [status] => passed
                    [scenarios] => Array
                        (
                            [0] => Array
                                (
                                    [name] => ValidData
                                    [status] => passed
                                    [duration_ms] => 322.19
                                )

                            [1] => Array
                                (
                                    [name] => Field Length Invariants
                                    [status] => passed
                                )

                            [2] => Array
                                (
                                    [name] => Data Type Invariants
                                    [status] => passed
                                )

                            [3] => Array
                                (
                                    [name] => Schema Integrity Check
                                    [status] => passed
                                )

                            [4] => Array
                                (
                                    [name] => Toxic Payload Resilience
                                    [status] => passed
                                )

                            [5] => Array
                                (
                                    [name] => Audit Trail Verification
                                    [status] => passed
                                )

                            [6] => Array
                                (
                                    [name] => Global Unicode Resilience
                                    [status] => passed
                                )

                            [7] => Array
                                (
                                    [name] => Bulk Stress Simulation
                                    [status] => passed
                                    [ops_per_sec] => 7.1
                                )

                            [8] => Array
                                (
                                    [name] => Transactional Integrity
                                    [status] => passed
                                )

                            [9] => Array
                                (
                                    [name] => Multi-Tenant Ghost Isolation
                                    [status] => passed
                                )

                            [10] => Array
                                (
                                    [name] => Validation Metadata Invariants
                                    [status] => skipped
                                    [error] => No validation rules defined for this entity.
                                )

                        )

                    [errors] => Array
                        (
                        )

                    [coverage] => Array
                        (
                            [hooks_implemented] => Array
                                (
                                )

                            [coverage_pct] => 0
                        )

                )

            [2] => Array
                (
                    [class] => App\Default\Entities\Employee
                    [name] => Employee
                    [status] => skipped
                    [scenarios] => Array
                        (
                        )

                    [errors] => Array
                        (
                            [0] => Skipped: Entity has no attributes defined in metadata.
                        )

                )

            [3] => Array
                (
                    [class] => App\Default\Entities\Featuremodel
                    [name] => FeatureModel
                    [status] => skipped
                    [scenarios] => Array
                        (
                        )

                    [errors] => Array
                        (
                            [0] => Class "" does not exist
                        )

                )

            [4] => Array
                (
                    [class] => App\Default\Entities\Newentity1
                    [name] => NewEntity1
                    [status] => passed
                    [scenarios] => Array
                        (
                            [0] => Array
                                (
                                    [name] => ValidData
                                    [status] => passed
                                    [duration_ms] => 324.55
                                )

                            [1] => Array
                                (
                                    [name] => Field Length Invariants
                                    [status] => passed
                                )

                            [2] => Array
                                (
                                    [name] => Data Type Invariants
                                    [status] => passed
                                )

                            [3] => Array
                                (
                                    [name] => Schema Integrity Check
                                    [status] => passed
                                )

                            [4] => Array
                                (
                                    [name] => Toxic Payload Resilience
                                    [status] => passed
                                )

                            [5] => Array
                                (
                                    [name] => Audit Trail Verification
                                    [status] => passed
                                )

                            [6] => Array
                                (
                                    [name] => Global Unicode Resilience
                                    [status] => passed
                                )

                            [7] => Array
                                (
                                    [name] => Bulk Stress Simulation
                                    [status] => passed
                                    [ops_per_sec] => 8.1
                                )

                            [8] => Array
                                (
                                    [name] => Transactional Integrity
                                    [status] => passed
                                )

                            [9] => Array
                                (
                                    [name] => Multi-Tenant Ghost Isolation
                                    [status] => passed
                                )

                            [10] => Array
                                (
                                    [name] => Validation Metadata Invariants
                                    [status] => skipped
                                    [error] => No validation rules defined for this entity.
                                )

                        )

                    [errors] => Array
                        (
                        )

                    [coverage] => Array
                        (
                            [hooks_implemented] => Array
                                (
                                )

                            [coverage_pct] => 0
                        )

                )

            [5] => Array
                (
                    [class] => App\Default\Entities\Staff
                    [name] => Staff
                    [status] => passed
                    [scenarios] => Array
                        (
                            [0] => Array
                                (
                                    [name] => ValidData
                                    [status] => passed
                                    [duration_ms] => 32.23
                                )

                            [1] => Array
                                (
                                    [name] => Field Length Invariants
                                    [status] => passed
                                )

                            [2] => Array
                                (
                                    [name] => Data Type Invariants
                                    [status] => passed
                                )

                            [3] => Array
                                (
                                    [name] => Schema Integrity Check
                                    [status] => passed
                                )

                            [4] => Array
                                (
                                    [name] => Toxic Payload Resilience
                                    [status] => passed
                                )

                            [5] => Array
                                (
                                    [name] => Audit Trail Verification
                                    [status] => passed
                                )

                            [6] => Array
                                (
                                    [name] => Global Unicode Resilience
                                    [status] => passed
                                )

                            [7] => Array
                                (
                                    [name] => Bulk Stress Simulation
                                    [status] => passed
                                    [ops_per_sec] => 40.1
                                )

                            [8] => Array
                                (
                                    [name] => Transactional Integrity
                                    [status] => passed
                                )

                            [9] => Array
                                (
                                    [name] => Multi-Tenant Ghost Isolation
                                    [status] => passed
                                )

                            [10] => Array
                                (
                                    [name] => Validation Metadata Invariants
                                    [status] => skipped
                                    [error] => No validation rules defined for this entity.
                                )

                        )

                    [errors] => Array
                        (
                        )

                    [coverage] => Array
                        (
                            [hooks_implemented] => Array
                                (
                                )

                            [coverage_pct] => 0
                        )

                )

            [6] => Array
                (
                    [class] => App\Default\Entities\Teacher
                    [name] => Teacher
                    [status] => passed
                    [scenarios] => Array
                        (
                            [0] => Array
                                (
                                    [name] => ValidData
                                    [status] => passed
                                    [duration_ms] => 108.52
                                )

                            [1] => Array
                                (
                                    [name] => Field Length Invariants
                                    [status] => passed
                                )

                            [2] => Array
                                (
                                    [name] => Data Type Invariants
                                    [status] => passed
                                )

                            [3] => Array
                                (
                                    [name] => Schema Integrity Check
                                    [status] => passed
                                )

                            [4] => Array
                                (
                                    [name] => Toxic Payload Resilience
                                    [status] => passed
                                )

                            [5] => Array
                                (
                                    [name] => Audit Trail Verification
                                    [status] => passed
                                )

                            [6] => Array
                                (
                                    [name] => Global Unicode Resilience
                                    [status] => passed
                                )

                            [7] => Array
                                (
                                    [name] => Bulk Stress Simulation
                                    [status] => passed
                                    [ops_per_sec] => 40
                                )

                            [8] => Array
                                (
                                    [name] => Transactional Integrity
                                    [status] => passed
                                )

                            [9] => Array
                                (
                                    [name] => Multi-Tenant Ghost Isolation
                                    [status] => passed
                                )

                            [10] => Array
                                (
                                    [name] => Validation Metadata Invariants
                                    [status] => skipped
                                    [error] => No validation rules defined for this entity.
                                )

                        )

                    [errors] => Array
                        (
                        )

                    [coverage] => Array
                        (
                            [hooks_implemented] => Array
                                (
                                )

                            [coverage_pct] => 0
                        )

                )

            [7] => Array
                (
                    [class] => App\Default\Entities\Testeditentity
                    [name] => TestEditEntity
                    [status] => skipped
                    [scenarios] => Array
                        (
                        )

                    [errors] => Array
                        (
                            [0] => Skipped: Entity has no attributes defined in metadata.
                        )

                )

            [8] => Array
                (
                    [class] => App\Default\Entities\Testentity
                    [name] => TestEntity
                    [status] => failed
                    [scenarios] => Array
                        (
                            [0] => Array
                                (
                                    [name] => ValidData
                                    [status] => failed
                                    [error] => Update mismatch on 'updated_at': Expected '2026-09-04 10:38:27', got '2026-09-04 10:38:28'
                                    [diagnostics] => Array
                                        (
                                        )

                                )

                            [1] => Array
                                (
                                    [name] => Field Length Invariants
                                    [status] => passed
                                )

                            [2] => Array
                                (
                                    [name] => Data Type Invariants
                                    [status] => passed
                                )

                            [3] => Array
                                (
                                    [name] => Schema Integrity Check
                                    [status] => passed
                                )

                            [4] => Array
                                (
                                    [name] => Toxic Payload Resilience
                                    [status] => passed
                                )

                            [5] => Array
                                (
                                    [name] => Audit Trail Verification
                                    [status] => passed
                                )

                            [6] => Array
                                (
                                    [name] => Global Unicode Resilience
                                    [status] => passed
                                )

                            [7] => Array
                                (
                                    [name] => Bulk Stress Simulation
                                    [status] => passed
                                    [ops_per_sec] => 8.5
                                )

                            [8] => Array
                                (
                                    [name] => Transactional Integrity
                                    [status] => passed
                                )

                            [9] => Array
                                (
                                    [name] => Multi-Tenant Ghost Isolation
                                    [status] => passed
                                )

                            [10] => Array
                                (
                                    [name] => Validation Metadata Invariants
                                    [status] => skipped
                                    [error] => No validation rules defined for this entity.
                                )

                        )

                    [errors] => Array
                        (
                            [0] => Update mismatch on 'updated_at': Expected '2026-09-04 10:38:27', got '2026-09-04 10:38:28'
                        )

                    [coverage] => Array
                        (
                            [hooks_implemented] => Array
                                (
                                )

                            [coverage_pct] => 0
                        )

                )

            [9] => Array
                (
                    [class] => App\Default\Entities\Testuser
                    [name] => TestUser
                    [status] => skipped
                    [scenarios] => Array
                        (
                        )

                    [errors] => Array
                        (
                            [0] => Class "" does not exist
                        )

                )

        )

    [dependency_graph] => Array
        (
            [nodes] => Array
                (
                )

            [links] => Array
                (
                )

        )

    [summary] => Array
        (
            [total] => 10
            [passed] => 4
            [failed] => 1
            [skipped] => 5
        )

    [unit_tests] => Array
        (
            [summary] => Array
                (
                    [total] => 48
                    [passed] => 44
                    [failed] => 4
                )

            [tests] => Array
                (
                    [0] => Array
                        (
                            [scope] => Core
                            [class] => SPP\Tests\Core\Commands\CompileRegistryCommandTest
                            [method] => testCommandInitialization
                            [status] => passed
                            [error] => 
                        )

                    [1] => Array
                        (
                            [scope] => Core
                            [class] => SPP\Tests\Core\Commands\CompileRegistryCommandTest
                            [method] => testCommandExecution
                            [status] => passed
                            [error] => 
                        )

                    [2] => Array
                        (
                            [scope] => Core
                            [class] => SPP\Tests\Core\Commands\SysStatusCommandTest
                            [method] => testCommandInitialization
                            [status] => passed
                            [error] => 
                        )

                    [3] => Array
                        (
                            [scope] => Core
                            [class] => SPP\Tests\Core\Commands\SysStatusCommandTest
                            [method] => testCommandExecution
                            [status] => passed
                            [error] => 
                        )

                    [4] => Array
                        (
                            [scope] => Core
                            [class] => SPP\Tests\Core\DataProviderTest
                            [method] => testAddition with data set
                            [status] => passed
                            [error] => 
                        )

                    [5] => Array
                        (
                            [scope] => Core
                            [class] => SPP\Tests\Core\DataProviderTest
                            [method] => testAddition with data set
                            [status] => passed
                            [error] => 
                        )

                    [6] => Array
                        (
                            [scope] => Core
                            [class] => SPP\Tests\Core\DataProviderTest
                            [method] => testAddition with data set
                            [status] => passed
                            [error] => 
                        )

                    [7] => Array
                        (
                            [scope] => Core
                            [class] => SPP\Tests\Core\DBLoggerTest
                            [method] => testDBLoggerProviderWritesSuccessfully
                            [status] => passed
                            [error] => 
                        )

                    [8] => Array
                        (
                            [scope] => Core
                            [class] => SPP\Tests\Core\DBLoggerTest
                            [method] => testEventBusTriggersDBLogger
                            [status] => passed
                            [error] => 
                        )

                    [9] => Array
                        (
                            [scope] => Core
                            [class] => SPP\Tests\Core\MockeryTest
                            [method] => testMockeryCanMockObjects
                            [status] => passed
                            [error] => 
                        )

                    [10] => Array
                        (
                            [scope] => Core
                            [class] => SPP\Tests\Core\ModuleTaxonomyTest
                            [method] => testModuleTypeParsing
                            [status] => passed
                            [error] => 
                        )

                    [11] => Array
                        (
                            [scope] => Core
                            [class] => SPP\Tests\Core\ModuleTaxonomyTest
                            [method] => testIsCompulsoryEvaluatesTrueForCoreAndCompulsory
                            [status] => passed
                            [error] => 
                        )

                    [12] => Array
                        (
                            [scope] => Core
                            [class] => SPP\Tests\Core\ModuleTaxonomyTest
                            [method] => testIsCompulsoryEvaluatesFalseForNonCore
                            [status] => passed
                            [error] => 
                        )

                    [13] => Array
                        (
                            [scope] => Core
                            [class] => SPP\Tests\Core\ModuleTaxonomyTest
                            [method] => testIsCompulsoryEvaluatesFalseForNonCompulsory
                            [status] => passed
                            [error] => 
                        )

                    [14] => Array
                        (
                            [scope] => Core
                            [class] => test.PestStyleTest.php
                            [method] => addition works with functional API
                            [status] => passed
                            [error] => 
                        )

                    [15] => Array
                        (
                            [scope] => Core
                            [class] => test.PestStyleTest.php
                            [method] => it can access $this via closure binding
                            [status] => passed
                            [error] => 
                        )

                    [16] => Array
                        (
                            [scope] => Core
                            [class] => test.PestStyleTest.php
                            [method] => subtraction works with functional API
                            [status] => passed
                            [error] => 
                        )

                    [17] => Array
                        (
                            [scope] => Core
                            [class] => SPP\Tests\Core\PsrLoggerAdapterTest
                            [method] => testInstantiation
                            [status] => passed
                            [error] => 
                        )

                    [18] => Array
                        (
                            [scope] => Core
                            [class] => SPP\Tests\Core\PsrLoggerAdapterTest
                            [method] => testLoggingLevels
                            [status] => passed
                            [error] => 
                        )

                    [19] => Array
                        (
                            [scope] => Core
                            [class] => SPP\Tests\Core\PsrLoggerAdapterTest
                            [method] => testInvalidLevelThrowsException
                            [status] => passed
                            [error] => 
                        )

                    [20] => Array
                        (
                            [scope] => Core
                            [class] => SPP\Tests\Core\SPPAuthTest
                            [method] => testDefaultGuardIsWeb
                            [status] => passed
                            [error] => 
                        )

                    [21] => Array
                        (
                            [scope] => Core
                            [class] => SPP\Tests\Core\SPPAuthTest
                            [method] => testLoginAndCheck
                            [status] => passed
                            [error] => 
                        )

                    [22] => Array
                        (
                            [scope] => Core
                            [class] => SPP\Tests\Core\SPPAuthTest
                            [method] => testLogout
                            [status] => passed
                            [error] => 
                        )

                    [23] => Array
                        (
                            [scope] => Core
                            [class] => SPP\Tests\Core\SPPAuthTest
                            [method] => testGetCurrentUser
                            [status] => passed
                            [error] => 
                        )

                    [24] => Array
                        (
                            [scope] => Core
                            [class] => SPP\Tests\Core\SPPConfigTest
                            [method] => testGetEnvValue
                            [status] => passed
                            [error] => 
                        )

                    [25] => Array
                        (
                            [scope] => Core
                            [class] => SPP\Tests\Core\SPPConfigTest
                            [method] => testDefaultValue
                            [status] => passed
                            [error] => 
                        )

                    [26] => Array
                        (
                            [scope] => Core
                            [class] => SPP\Tests\Core\SPPConfigTest
                            [method] => testSetAndGetAppCache
                            [status] => passed
                            [error] => 
                        )

                    [27] => Array
                        (
                            [scope] => Core
                            [class] => SPP\Tests\Core\SPPDBTest
                            [method] => testSelectAll
                            [status] => passed
                            [error] => 
                        )

                    [28] => Array
                        (
                            [scope] => Core
                            [class] => SPP\Tests\Core\SPPDBTest
                            [method] => testSelectSpecificColumns
                            [status] => passed
                            [error] => 
                        )

                    [29] => Array
                        (
                            [scope] => Core
                            [class] => SPP\Tests\Core\SPPDBTest
                            [method] => testWhereClause
                            [status] => failed
                            [error] => SQL should contain WHERE clause
                        )

                    [30] => Array
                        (
                            [scope] => Core
                            [class] => SPP\Tests\Core\SPPDBTest
                            [method] => testMultipleWhereClauses
                            [status] => failed
                            [error] => SQL should contain multiple WHERE clauses
                        )

                    [31] => Array
                        (
                            [scope] => Core
                            [class] => SPP\Tests\Core\SPPDBTest
                            [method] => testOrWhereClause
                            [status] => failed
                            [error] => SQL should contain OR WHERE clause
                        )

                    [32] => Array
                        (
                            [scope] => Core
                            [class] => SPP\Tests\Core\SPPDBTest
                            [method] => testOrderByAndLimit
                            [status] => failed
                            [error] => SQL should contain ORDER BY
                        )

                    [33] => Array
                        (
                            [scope] => Core
                            [class] => SPP\Tests\Core\SPPExtTest
                            [method] => testExtLifecycleDoesNotBootDB
                            [status] => passed
                            [error] => 
                        )

                    [34] => Array
                        (
                            [scope] => Core
                            [class] => SPP\Tests\Core\SPPMigrateTest
                            [method] => testMakeCommand
                            [status] => passed
                            [error] => 
                        )

                    [35] => Array
                        (
                            [scope] => Core
                            [class] => SPP\Tests\Core\SPPMigrateTest
                            [method] => testRunCommand
                            [status] => passed
                            [error] => 
                        )

                    [36] => Array
                        (
                            [scope] => Core
                            [class] => SPP\Tests\Core\SPPRouterTest
                            [method] => testGetPageThrowsExceptionForNonExistentRoute
                            [status] => passed
                            [error] => 
                        )

                    [37] => Array
                        (
                            [scope] => Core
                            [class] => SPP\Tests\Core\SPPRouterTest
                            [method] => testGetDefaultReturnsNullIfNoConfig
                            [status] => passed
                            [error] => 
                        )

                    [38] => Array
                        (
                            [scope] => Core
                            [class] => SPP\Tests\Core\SPPUXTest
                            [method] => testComponentMarkupGeneration
                            [status] => passed
                            [error] => 
                        )

                    [39] => Array
                        (
                            [scope] => Core
                            [class] => SPP\Tests\Core\SPPUXTest
                            [method] => testComponentWithSSRAndIsland
                            [status] => passed
                            [error] => 
                        )

                    [40] => Array
                        (
                            [scope] => Core
                            [class] => SPP\Tests\Core\SPPUXTest
                            [method] => testPaths
                            [status] => passed
                            [error] => 
                        )

                    [41] => Array
                        (
                            [scope] => Core
                            [class] => SPP\Tests\Core\SPPValidatorTest
                            [method] => testRequiredValidator
                            [status] => passed
                            [error] => 
                        )

                    [42] => Array
                        (
                            [scope] => Core
                            [class] => SPP\Tests\Core\SPPValidatorTest
                            [method] => testEmailValidator
                            [status] => passed
                            [error] => 
                        )

                    [43] => Array
                        (
                            [scope] => Core
                            [class] => SPP\Tests\Core\SPPValidatorTest
                            [method] => testMinLengthValidator
                            [status] => passed
                            [error] => 
                        )

                    [44] => Array
                        (
                            [scope] => Core
                            [class] => SPP\Tests\Core\SPPViewTest
                            [method] => testViewTagGeneration
                            [status] => passed
                            [error] => 
                        )

                    [45] => Array
                        (
                            [scope] => Core
                            [class] => SPP\Tests\Core\SPPViewTest
                            [method] => testUlGeneration
                            [status] => passed
                            [error] => 
                        )

                    [46] => Array
                        (
                            [scope] => Core
                            [class] => SPP\Tests\Core\SPPViewTest
                            [method] => testTableGeneration
                            [status] => passed
                            [error] => 
                        )

                    [47] => Array
                        (
                            [scope] => Core
                            [class] => SPP\Tests\Core\SPPViewCompilerTest
                            [method] => testCompilerTranslatesSppTrans
                            [status] => passed
                            [error] => 
                        )

                )

        )

)

Suite Summary:
Passed: 4 / 10

----------------------------------------
[2026-09-04 10:40:51] Evolutionary Scan executed for 'default':

LOADED MODULES FOR MIGRATION:
Array
(
    [0] => sppapi
    [1] => sppdb
    [2] => dbconfig
    [3] => sppauth
    [4] => spplogger
    [5] => sppview
    [6] => drishyam
    [7] => parikshak
    [8] => sppai
    [9] => lekhni
    [10] => sppxdb
    [11] => sppdeploy
    [12] => sppdoc
    [13] => spprouter
)

Migrating: 2026_06_02_000000_consolidate_identity_tables...
  Done.
Migrating: 2026_06_11_000000_sppauth_v2_architecture...
  Done.
Migrating: 2026_06_12_000000_create_spprouter_tables...
  Done.
Migrating: Migration_1_1_0...
  Done.
All migrations completed successfully.

TABLES IN DB AFTER MIGRATION:
Array
(
    [0] => Array
        (
            [name] => spp_migrations
        )

    [1] => Array
        (
            [name] => sqlite_sequence
        )

    [2] => Array
        (
            [name] => spp_users
        )

    [3] => Array
        (
            [name] => spp_roles
        )

    [4] => Array
        (
            [name] => spp_user_roles
        )

    [5] => Array
        (
            [name] => spp_login_attempts
        )

    [6] => Array
        (
            [name] => spp_personal_access_tokens
        )

    [7] => Array
        (
            [name] => spp_oauth_providers
        )

    [8] => Array
        (
            [name] => spp_sppauth_audit_log
        )

    [9] => Array
        (
            [name] => spp_magic_links
        )

    [10] => Array
        (
            [name] => spp_webauthn_credentials
        )

    [11] => Array
        (
            [name] => spp_oauth_clients
        )

    [12] => Array
        (
            [name] => spp_oauth_tokens
        )

    [13] => Array
        (
            [name] => spprouter_pages
        )

    [14] => Array
        (
            [name] => spprouter_defaults
        )

    [15] => Array
        (
            [name] => spprouter_specials
        )

)
Running test suite for app: default
Array
(
    [app] => default
    [timestamp] => 2026-09-04 10:40:30
    [seed] => 8653
    [entities] => Array
        (
            [0] => Array
                (
                    [class] => App\Default\Entities\Blogpost
                    [name] => BlogPost
                    [status] => skipped
                    [scenarios] => Array
                        (
                        )

                    [errors] => Array
                        (
                            [0] => Class "" does not exist
                        )

                )

            [1] => Array
                (
                    [class] => App\Default\Entities\Dummyentity
                    [name] => DummyEntity
                    [status] => passed
                    [scenarios] => Array
                        (
                            [0] => Array
                                (
                                    [name] => ValidData
                                    [status] => passed
                                    [duration_ms] => 65.46
                                )

                            [1] => Array
                                (
                                    [name] => Field Length Invariants
                                    [status] => passed
                                )

                            [2] => Array
                                (
                                    [name] => Data Type Invariants
                                    [status] => passed
                                )

                            [3] => Array
                                (
                                    [name] => Schema Integrity Check
                                    [status] => passed
                                )

                            [4] => Array
                                (
                                    [name] => Toxic Payload Resilience
                                    [status] => passed
                                )

                            [5] => Array
                                (
                                    [name] => Audit Trail Verification
                                    [status] => passed
                                )

                            [6] => Array
                                (
                                    [name] => Global Unicode Resilience
                                    [status] => passed
                                )

                            [7] => Array
                                (
                                    [name] => Bulk Stress Simulation
                                    [status] => passed
                                    [ops_per_sec] => 58.8
                                )

                            [8] => Array
                                (
                                    [name] => Transactional Integrity
                                    [status] => passed
                                )

                            [9] => Array
                                (
                                    [name] => Multi-Tenant Ghost Isolation
                                    [status] => passed
                                )

                            [10] => Array
                                (
                                    [name] => Validation Metadata Invariants
                                    [status] => skipped
                                    [error] => No validation rules defined for this entity.
                                )

                        )

                    [errors] => Array
                        (
                        )

                    [coverage] => Array
                        (
                            [hooks_implemented] => Array
                                (
                                )

                            [coverage_pct] => 0
                        )

                )

            [2] => Array
                (
                    [class] => App\Default\Entities\Employee
                    [name] => Employee
                    [status] => skipped
                    [scenarios] => Array
                        (
                        )

                    [errors] => Array
                        (
                            [0] => Skipped: Entity has no attributes defined in metadata.
                        )

                )

            [3] => Array
                (
                    [class] => App\Default\Entities\Featuremodel
                    [name] => FeatureModel
                    [status] => skipped
                    [scenarios] => Array
                        (
                        )

                    [errors] => Array
                        (
                            [0] => Class "" does not exist
                        )

                )

            [4] => Array
                (
                    [class] => App\Default\Entities\Newentity1
                    [name] => NewEntity1
                    [status] => passed
                    [scenarios] => Array
                        (
                            [0] => Array
                                (
                                    [name] => ValidData
                                    [status] => passed
                                    [duration_ms] => 44.12
                                )

                            [1] => Array
                                (
                                    [name] => Field Length Invariants
                                    [status] => passed
                                )

                            [2] => Array
                                (
                                    [name] => Data Type Invariants
                                    [status] => passed
                                )

                            [3] => Array
                                (
                                    [name] => Schema Integrity Check
                                    [status] => passed
                                )

                            [4] => Array
                                (
                                    [name] => Toxic Payload Resilience
                                    [status] => passed
                                )

                            [5] => Array
                                (
                                    [name] => Audit Trail Verification
                                    [status] => passed
                                )

                            [6] => Array
                                (
                                    [name] => Global Unicode Resilience
                                    [status] => passed
                                )

                            [7] => Array
                                (
                                    [name] => Bulk Stress Simulation
                                    [status] => passed
                                    [ops_per_sec] => 47.2
                                )

                            [8] => Array
                                (
                                    [name] => Transactional Integrity
                                    [status] => passed
                                )

                            [9] => Array
                                (
                                    [name] => Multi-Tenant Ghost Isolation
                                    [status] => passed
                                )

                            [10] => Array
                                (
                                    [name] => Validation Metadata Invariants
                                    [status] => skipped
                                    [error] => No validation rules defined for this entity.
                                )

                        )

                    [errors] => Array
                        (
                        )

                    [coverage] => Array
                        (
                            [hooks_implemented] => Array
                                (
                                )

                            [coverage_pct] => 0
                        )

                )

            [5] => Array
                (
                    [class] => App\Default\Entities\Staff
                    [name] => Staff
                    [status] => passed
                    [scenarios] => Array
                        (
                            [0] => Array
                                (
                                    [name] => ValidData
                                    [status] => passed
                                    [duration_ms] => 44.04
                                )

                            [1] => Array
                                (
                                    [name] => Field Length Invariants
                                    [status] => passed
                                )

                            [2] => Array
                                (
                                    [name] => Data Type Invariants
                                    [status] => passed
                                )

                            [3] => Array
                                (
                                    [name] => Schema Integrity Check
                                    [status] => passed
                                )

                            [4] => Array
                                (
                                    [name] => Toxic Payload Resilience
                                    [status] => passed
                                )

                            [5] => Array
                                (
                                    [name] => Audit Trail Verification
                                    [status] => passed
                                )

                            [6] => Array
                                (
                                    [name] => Global Unicode Resilience
                                    [status] => passed
                                )

                            [7] => Array
                                (
                                    [name] => Bulk Stress Simulation
                                    [status] => passed
                                    [ops_per_sec] => 48.3
                                )

                            [8] => Array
                                (
                                    [name] => Transactional Integrity
                                    [status] => passed
                                )

                            [9] => Array
                                (
                                    [name] => Multi-Tenant Ghost Isolation
                                    [status] => passed
                                )

                            [10] => Array
                                (
                                    [name] => Validation Metadata Invariants
                                    [status] => skipped
                                    [error] => No validation rules defined for this entity.
                                )

                        )

                    [errors] => Array
                        (
                        )

                    [coverage] => Array
                        (
                            [hooks_implemented] => Array
                                (
                                )

                            [coverage_pct] => 0
                        )

                )

            [6] => Array
                (
                    [class] => App\Default\Entities\Teacher
                    [name] => Teacher
                    [status] => passed
                    [scenarios] => Array
                        (
                            [0] => Array
                                (
                                    [name] => ValidData
                                    [status] => passed
                                    [duration_ms] => 37.44
                                )

                            [1] => Array
                                (
                                    [name] => Field Length Invariants
                                    [status] => passed
                                )

                            [2] => Array
                                (
                                    [name] => Data Type Invariants
                                    [status] => passed
                                )

                            [3] => Array
                                (
                                    [name] => Schema Integrity Check
                                    [status] => passed
                                )

                            [4] => Array
                                (
                                    [name] => Toxic Payload Resilience
                                    [status] => passed
                                )

                            [5] => Array
                                (
                                    [name] => Audit Trail Verification
                                    [status] => passed
                                )

                            [6] => Array
                                (
                                    [name] => Global Unicode Resilience
                                    [status] => passed
                                )

                            [7] => Array
                                (
                                    [name] => Bulk Stress Simulation
                                    [status] => passed
                                    [ops_per_sec] => 37.8
                                )

                            [8] => Array
                                (
                                    [name] => Transactional Integrity
                                    [status] => passed
                                )

                            [9] => Array
                                (
                                    [name] => Multi-Tenant Ghost Isolation
                                    [status] => passed
                                )

                            [10] => Array
                                (
                                    [name] => Validation Metadata Invariants
                                    [status] => skipped
                                    [error] => No validation rules defined for this entity.
                                )

                        )

                    [errors] => Array
                        (
                        )

                    [coverage] => Array
                        (
                            [hooks_implemented] => Array
                                (
                                )

                            [coverage_pct] => 0
                        )

                )

            [7] => Array
                (
                    [class] => App\Default\Entities\Testeditentity
                    [name] => TestEditEntity
                    [status] => skipped
                    [scenarios] => Array
                        (
                        )

                    [errors] => Array
                        (
                            [0] => Skipped: Entity has no attributes defined in metadata.
                        )

                )

            [8] => Array
                (
                    [class] => App\Default\Entities\Testentity
                    [name] => TestEntity
                    [status] => passed
                    [scenarios] => Array
                        (
                            [0] => Array
                                (
                                    [name] => ValidData
                                    [status] => passed
                                    [duration_ms] => 234.28
                                )

                            [1] => Array
                                (
                                    [name] => Field Length Invariants
                                    [status] => passed
                                )

                            [2] => Array
                                (
                                    [name] => Data Type Invariants
                                    [status] => passed
                                )

                            [3] => Array
                                (
                                    [name] => Schema Integrity Check
                                    [status] => passed
                                )

                            [4] => Array
                                (
                                    [name] => Toxic Payload Resilience
                                    [status] => passed
                                )

                            [5] => Array
                                (
                                    [name] => Audit Trail Verification
                                    [status] => passed
                                )

                            [6] => Array
                                (
                                    [name] => Global Unicode Resilience
                                    [status] => passed
                                )

                            [7] => Array
                                (
                                    [name] => Bulk Stress Simulation
                                    [status] => passed
                                    [ops_per_sec] => 9
                                )

                            [8] => Array
                                (
                                    [name] => Transactional Integrity
                                    [status] => passed
                                )

                            [9] => Array
                                (
                                    [name] => Multi-Tenant Ghost Isolation
                                    [status] => passed
                                )

                            [10] => Array
                                (
                                    [name] => Validation Metadata Invariants
                                    [status] => skipped
                                    [error] => No validation rules defined for this entity.
                                )

                        )

                    [errors] => Array
                        (
                        )

                    [coverage] => Array
                        (
                            [hooks_implemented] => Array
                                (
                                )

                            [coverage_pct] => 0
                        )

                )

            [9] => Array
                (
                    [class] => App\Default\Entities\Testuser
                    [name] => TestUser
                    [status] => skipped
                    [scenarios] => Array
                        (
                        )

                    [errors] => Array
                        (
                            [0] => Class "" does not exist
                        )

                )

        )

    [dependency_graph] => Array
        (
            [nodes] => Array
                (
                )

            [links] => Array
                (
                )

        )

    [summary] => Array
        (
            [total] => 10
            [passed] => 5
            [failed] => 0
            [skipped] => 5
        )

    [unit_tests] => Array
        (
            [summary] => Array
                (
                    [total] => 48
                    [passed] => 44
                    [failed] => 4
                )

            [tests] => Array
                (
                    [0] => Array
                        (
                            [scope] => Core
                            [class] => SPP\Tests\Core\Commands\CompileRegistryCommandTest
                            [method] => testCommandInitialization
                            [status] => passed
                            [error] => 
                        )

                    [1] => Array
                        (
                            [scope] => Core
                            [class] => SPP\Tests\Core\Commands\CompileRegistryCommandTest
                            [method] => testCommandExecution
                            [status] => passed
                            [error] => 
                        )

                    [2] => Array
                        (
                            [scope] => Core
                            [class] => SPP\Tests\Core\Commands\SysStatusCommandTest
                            [method] => testCommandInitialization
                            [status] => passed
                            [error] => 
                        )

                    [3] => Array
                        (
                            [scope] => Core
                            [class] => SPP\Tests\Core\Commands\SysStatusCommandTest
                            [method] => testCommandExecution
                            [status] => passed
                            [error] => 
                        )

                    [4] => Array
                        (
                            [scope] => Core
                            [class] => SPP\Tests\Core\DataProviderTest
                            [method] => testAddition with data set
                            [status] => passed
                            [error] => 
                        )

                    [5] => Array
                        (
                            [scope] => Core
                            [class] => SPP\Tests\Core\DataProviderTest
                            [method] => testAddition with data set
                            [status] => passed
                            [error] => 
                        )

                    [6] => Array
                        (
                            [scope] => Core
                            [class] => SPP\Tests\Core\DataProviderTest
                            [method] => testAddition with data set
                            [status] => passed
                            [error] => 
                        )

                    [7] => Array
                        (
                            [scope] => Core
                            [class] => SPP\Tests\Core\DBLoggerTest
                            [method] => testDBLoggerProviderWritesSuccessfully
                            [status] => passed
                            [error] => 
                        )

                    [8] => Array
                        (
                            [scope] => Core
                            [class] => SPP\Tests\Core\DBLoggerTest
                            [method] => testEventBusTriggersDBLogger
                            [status] => passed
                            [error] => 
                        )

                    [9] => Array
                        (
                            [scope] => Core
                            [class] => SPP\Tests\Core\MockeryTest
                            [method] => testMockeryCanMockObjects
                            [status] => passed
                            [error] => 
                        )

                    [10] => Array
                        (
                            [scope] => Core
                            [class] => SPP\Tests\Core\ModuleTaxonomyTest
                            [method] => testModuleTypeParsing
                            [status] => passed
                            [error] => 
                        )

                    [11] => Array
                        (
                            [scope] => Core
                            [class] => SPP\Tests\Core\ModuleTaxonomyTest
                            [method] => testIsCompulsoryEvaluatesTrueForCoreAndCompulsory
                            [status] => passed
                            [error] => 
                        )

                    [12] => Array
                        (
                            [scope] => Core
                            [class] => SPP\Tests\Core\ModuleTaxonomyTest
                            [method] => testIsCompulsoryEvaluatesFalseForNonCore
                            [status] => passed
                            [error] => 
                        )

                    [13] => Array
                        (
                            [scope] => Core
                            [class] => SPP\Tests\Core\ModuleTaxonomyTest
                            [method] => testIsCompulsoryEvaluatesFalseForNonCompulsory
                            [status] => passed
                            [error] => 
                        )

                    [14] => Array
                        (
                            [scope] => Core
                            [class] => test.PestStyleTest.php
                            [method] => addition works with functional API
                            [status] => passed
                            [error] => 
                        )

                    [15] => Array
                        (
                            [scope] => Core
                            [class] => test.PestStyleTest.php
                            [method] => it can access $this via closure binding
                            [status] => passed
                            [error] => 
                        )

                    [16] => Array
                        (
                            [scope] => Core
                            [class] => test.PestStyleTest.php
                            [method] => subtraction works with functional API
                            [status] => passed
                            [error] => 
                        )

                    [17] => Array
                        (
                            [scope] => Core
                            [class] => SPP\Tests\Core\PsrLoggerAdapterTest
                            [method] => testInstantiation
                            [status] => passed
                            [error] => 
                        )

                    [18] => Array
                        (
                            [scope] => Core
                            [class] => SPP\Tests\Core\PsrLoggerAdapterTest
                            [method] => testLoggingLevels
                            [status] => passed
                            [error] => 
                        )

                    [19] => Array
                        (
                            [scope] => Core
                            [class] => SPP\Tests\Core\PsrLoggerAdapterTest
                            [method] => testInvalidLevelThrowsException
                            [status] => passed
                            [error] => 
                        )

                    [20] => Array
                        (
                            [scope] => Core
                            [class] => SPP\Tests\Core\SPPAuthTest
                            [method] => testDefaultGuardIsWeb
                            [status] => passed
                            [error] => 
                        )

                    [21] => Array
                        (
                            [scope] => Core
                            [class] => SPP\Tests\Core\SPPAuthTest
                            [method] => testLoginAndCheck
                            [status] => passed
                            [error] => 
                        )

                    [22] => Array
                        (
                            [scope] => Core
                            [class] => SPP\Tests\Core\SPPAuthTest
                            [method] => testLogout
                            [status] => passed
                            [error] => 
                        )

                    [23] => Array
                        (
                            [scope] => Core
                            [class] => SPP\Tests\Core\SPPAuthTest
                            [method] => testGetCurrentUser
                            [status] => passed
                            [error] => 
                        )

                    [24] => Array
                        (
                            [scope] => Core
                            [class] => SPP\Tests\Core\SPPConfigTest
                            [method] => testGetEnvValue
                            [status] => passed
                            [error] => 
                        )

                    [25] => Array
                        (
                            [scope] => Core
                            [class] => SPP\Tests\Core\SPPConfigTest
                            [method] => testDefaultValue
                            [status] => passed
                            [error] => 
                        )

                    [26] => Array
                        (
                            [scope] => Core
                            [class] => SPP\Tests\Core\SPPConfigTest
                            [method] => testSetAndGetAppCache
                            [status] => passed
                            [error] => 
                        )

                    [27] => Array
                        (
                            [scope] => Core
                            [class] => SPP\Tests\Core\SPPDBTest
                            [method] => testSelectAll
                            [status] => passed
                            [error] => 
                        )

                    [28] => Array
                        (
                            [scope] => Core
                            [class] => SPP\Tests\Core\SPPDBTest
                            [method] => testSelectSpecificColumns
                            [status] => passed
                            [error] => 
                        )

                    [29] => Array
                        (
                            [scope] => Core
                            [class] => SPP\Tests\Core\SPPDBTest
                            [method] => testWhereClause
                            [status] => failed
                            [error] => SQL should contain WHERE clause
                        )

                    [30] => Array
                        (
                            [scope] => Core
                            [class] => SPP\Tests\Core\SPPDBTest
                            [method] => testMultipleWhereClauses
                            [status] => failed
                            [error] => SQL should contain multiple WHERE clauses
                        )

                    [31] => Array
                        (
                            [scope] => Core
                            [class] => SPP\Tests\Core\SPPDBTest
                            [method] => testOrWhereClause
                            [status] => failed
                            [error] => SQL should contain OR WHERE clause
                        )

                    [32] => Array
                        (
                            [scope] => Core
                            [class] => SPP\Tests\Core\SPPDBTest
                            [method] => testOrderByAndLimit
                            [status] => failed
                            [error] => SQL should contain ORDER BY
                        )

                    [33] => Array
                        (
                            [scope] => Core
                            [class] => SPP\Tests\Core\SPPExtTest
                            [method] => testExtLifecycleDoesNotBootDB
                            [status] => passed
                            [error] => 
                        )

                    [34] => Array
                        (
                            [scope] => Core
                            [class] => SPP\Tests\Core\SPPMigrateTest
                            [method] => testMakeCommand
                            [status] => passed
                            [error] => 
                        )

                    [35] => Array
                        (
                            [scope] => Core
                            [class] => SPP\Tests\Core\SPPMigrateTest
                            [method] => testRunCommand
                            [status] => passed
                            [error] => 
                        )

                    [36] => Array
                        (
                            [scope] => Core
                            [class] => SPP\Tests\Core\SPPRouterTest
                            [method] => testGetPageThrowsExceptionForNonExistentRoute
                            [status] => passed
                            [error] => 
                        )

                    [37] => Array
                        (
                            [scope] => Core
                            [class] => SPP\Tests\Core\SPPRouterTest
                            [method] => testGetDefaultReturnsNullIfNoConfig
                            [status] => passed
                            [error] => 
                        )

                    [38] => Array
                        (
                            [scope] => Core
                            [class] => SPP\Tests\Core\SPPUXTest
                            [method] => testComponentMarkupGeneration
                            [status] => passed
                            [error] => 
                        )

                    [39] => Array
                        (
                            [scope] => Core
                            [class] => SPP\Tests\Core\SPPUXTest
                            [method] => testComponentWithSSRAndIsland
                            [status] => passed
                            [error] => 
                        )

                    [40] => Array
                        (
                            [scope] => Core
                            [class] => SPP\Tests\Core\SPPUXTest
                            [method] => testPaths
                            [status] => passed
                            [error] => 
                        )

                    [41] => Array
                        (
                            [scope] => Core
                            [class] => SPP\Tests\Core\SPPValidatorTest
                            [method] => testRequiredValidator
                            [status] => passed
                            [error] => 
                        )

                    [42] => Array
                        (
                            [scope] => Core
                            [class] => SPP\Tests\Core\SPPValidatorTest
                            [method] => testEmailValidator
                            [status] => passed
                            [error] => 
                        )

                    [43] => Array
                        (
                            [scope] => Core
                            [class] => SPP\Tests\Core\SPPValidatorTest
                            [method] => testMinLengthValidator
                            [status] => passed
                            [error] => 
                        )

                    [44] => Array
                        (
                            [scope] => Core
                            [class] => SPP\Tests\Core\SPPViewTest
                            [method] => testViewTagGeneration
                            [status] => passed
                            [error] => 
                        )

                    [45] => Array
                        (
                            [scope] => Core
                            [class] => SPP\Tests\Core\SPPViewTest
                            [method] => testUlGeneration
                            [status] => passed
                            [error] => 
                        )

                    [46] => Array
                        (
                            [scope] => Core
                            [class] => SPP\Tests\Core\SPPViewTest
                            [method] => testTableGeneration
                            [status] => passed
                            [error] => 
                        )

                    [47] => Array
                        (
                            [scope] => Core
                            [class] => SPP\Tests\Core\SPPViewCompilerTest
                            [method] => testCompilerTranslatesSppTrans
                            [status] => passed
                            [error] => 
                        )

                )

        )

)

Suite Summary:
Passed: 5 / 10

----------------------------------------
[2026-09-04 10:41:26] Evolutionary Scan executed for 'default':

LOADED MODULES FOR MIGRATION:
Array
(
    [0] => sppapi
    [1] => sppdb
    [2] => dbconfig
    [3] => sppauth
    [4] => spplogger
    [5] => sppview
    [6] => drishyam
    [7] => parikshak
    [8] => sppai
    [9] => lekhni
    [10] => sppxdb
    [11] => sppdeploy
    [12] => sppdoc
    [13] => spprouter
)

Migrating: 2026_06_02_000000_consolidate_identity_tables...
  Done.
Migrating: 2026_06_11_000000_sppauth_v2_architecture...
  Done.
Migrating: 2026_06_12_000000_create_spprouter_tables...
  Done.
Migrating: Migration_1_1_0...
  Done.
All migrations completed successfully.

TABLES IN DB AFTER MIGRATION:
Array
(
    [0] => Array
        (
            [name] => spp_migrations
        )

    [1] => Array
        (
            [name] => sqlite_sequence
        )

    [2] => Array
        (
            [name] => spp_users
        )

    [3] => Array
        (
            [name] => spp_roles
        )

    [4] => Array
        (
            [name] => spp_user_roles
        )

    [5] => Array
        (
            [name] => spp_login_attempts
        )

    [6] => Array
        (
            [name] => spp_personal_access_tokens
        )

    [7] => Array
        (
            [name] => spp_oauth_providers
        )

    [8] => Array
        (
            [name] => spp_sppauth_audit_log
        )

    [9] => Array
        (
            [name] => spp_magic_links
        )

    [10] => Array
        (
            [name] => spp_webauthn_credentials
        )

    [11] => Array
        (
            [name] => spp_oauth_clients
        )

    [12] => Array
        (
            [name] => spp_oauth_tokens
        )

    [13] => Array
        (
            [name] => spprouter_pages
        )

    [14] => Array
        (
            [name] => spprouter_defaults
        )

    [15] => Array
        (
            [name] => spprouter_specials
        )

)
Running test suite for app: default
Array
(
    [app] => default
    [timestamp] => 2026-09-04 10:41:02
    [seed] => 8881
    [entities] => Array
        (
            [0] => Array
                (
                    [class] => App\Default\Entities\Blogpost
                    [name] => BlogPost
                    [status] => skipped
                    [scenarios] => Array
                        (
                        )

                    [errors] => Array
                        (
                            [0] => Class "" does not exist
                        )

                )

            [1] => Array
                (
                    [class] => App\Default\Entities\Dummyentity
                    [name] => DummyEntity
                    [status] => passed
                    [scenarios] => Array
                        (
                            [0] => Array
                                (
                                    [name] => ValidData
                                    [status] => passed
                                    [duration_ms] => 51.89
                                )

                            [1] => Array
                                (
                                    [name] => Field Length Invariants
                                    [status] => passed
                                )

                            [2] => Array
                                (
                                    [name] => Data Type Invariants
                                    [status] => passed
                                )

                            [3] => Array
                                (
                                    [name] => Schema Integrity Check
                                    [status] => passed
                                )

                            [4] => Array
                                (
                                    [name] => Toxic Payload Resilience
                                    [status] => passed
                                )

                            [5] => Array
                                (
                                    [name] => Audit Trail Verification
                                    [status] => passed
                                )

                            [6] => Array
                                (
                                    [name] => Global Unicode Resilience
                                    [status] => passed
                                )

                            [7] => Array
                                (
                                    [name] => Bulk Stress Simulation
                                    [status] => passed
                                    [ops_per_sec] => 50.2
                                )

                            [8] => Array
                                (
                                    [name] => Transactional Integrity
                                    [status] => passed
                                )

                            [9] => Array
                                (
                                    [name] => Multi-Tenant Ghost Isolation
                                    [status] => passed
                                )

                            [10] => Array
                                (
                                    [name] => Validation Metadata Invariants
                                    [status] => skipped
                                    [error] => No validation rules defined for this entity.
                                )

                        )

                    [errors] => Array
                        (
                        )

                    [coverage] => Array
                        (
                            [hooks_implemented] => Array
                                (
                                )

                            [coverage_pct] => 0
                        )

                )

            [2] => Array
                (
                    [class] => App\Default\Entities\Employee
                    [name] => Employee
                    [status] => skipped
                    [scenarios] => Array
                        (
                        )

                    [errors] => Array
                        (
                            [0] => Skipped: Entity has no attributes defined in metadata.
                        )

                )

            [3] => Array
                (
                    [class] => App\Default\Entities\Featuremodel
                    [name] => FeatureModel
                    [status] => skipped
                    [scenarios] => Array
                        (
                        )

                    [errors] => Array
                        (
                            [0] => Class "" does not exist
                        )

                )

            [4] => Array
                (
                    [class] => App\Default\Entities\Newentity1
                    [name] => NewEntity1
                    [status] => passed
                    [scenarios] => Array
                        (
                            [0] => Array
                                (
                                    [name] => ValidData
                                    [status] => passed
                                    [duration_ms] => 32.52
                                )

                            [1] => Array
                                (
                                    [name] => Field Length Invariants
                                    [status] => passed
                                )

                            [2] => Array
                                (
                                    [name] => Data Type Invariants
                                    [status] => passed
                                )

                            [3] => Array
                                (
                                    [name] => Schema Integrity Check
                                    [status] => passed
                                )

                            [4] => Array
                                (
                                    [name] => Toxic Payload Resilience
                                    [status] => passed
                                )

                            [5] => Array
                                (
                                    [name] => Audit Trail Verification
                                    [status] => passed
                                )

                            [6] => Array
                                (
                                    [name] => Global Unicode Resilience
                                    [status] => passed
                                )

                            [7] => Array
                                (
                                    [name] => Bulk Stress Simulation
                                    [status] => passed
                                    [ops_per_sec] => 48
                                )

                            [8] => Array
                                (
                                    [name] => Transactional Integrity
                                    [status] => passed
                                )

                            [9] => Array
                                (
                                    [name] => Multi-Tenant Ghost Isolation
                                    [status] => passed
                                )

                            [10] => Array
                                (
                                    [name] => Validation Metadata Invariants
                                    [status] => skipped
                                    [error] => No validation rules defined for this entity.
                                )

                        )

                    [errors] => Array
                        (
                        )

                    [coverage] => Array
                        (
                            [hooks_implemented] => Array
                                (
                                )

                            [coverage_pct] => 0
                        )

                )

            [5] => Array
                (
                    [class] => App\Default\Entities\Staff
                    [name] => Staff
                    [status] => passed
                    [scenarios] => Array
                        (
                            [0] => Array
                                (
                                    [name] => ValidData
                                    [status] => passed
                                    [duration_ms] => 50.82
                                )

                            [1] => Array
                                (
                                    [name] => Field Length Invariants
                                    [status] => passed
                                )

                            [2] => Array
                                (
                                    [name] => Data Type Invariants
                                    [status] => passed
                                )

                            [3] => Array
                                (
                                    [name] => Schema Integrity Check
                                    [status] => passed
                                )

                            [4] => Array
                                (
                                    [name] => Toxic Payload Resilience
                                    [status] => passed
                                )

                            [5] => Array
                                (
                                    [name] => Audit Trail Verification
                                    [status] => passed
                                )

                            [6] => Array
                                (
                                    [name] => Global Unicode Resilience
                                    [status] => passed
                                )

                            [7] => Array
                                (
                                    [name] => Bulk Stress Simulation
                                    [status] => passed
                                    [ops_per_sec] => 30.4
                                )

                            [8] => Array
                                (
                                    [name] => Transactional Integrity
                                    [status] => passed
                                )

                            [9] => Array
                                (
                                    [name] => Multi-Tenant Ghost Isolation
                                    [status] => passed
                                )

                            [10] => Array
                                (
                                    [name] => Validation Metadata Invariants
                                    [status] => skipped
                                    [error] => No validation rules defined for this entity.
                                )

                        )

                    [errors] => Array
                        (
                        )

                    [coverage] => Array
                        (
                            [hooks_implemented] => Array
                                (
                                )

                            [coverage_pct] => 0
                        )

                )

            [6] => Array
                (
                    [class] => App\Default\Entities\Teacher
                    [name] => Teacher
                    [status] => passed
                    [scenarios] => Array
                        (
                            [0] => Array
                                (
                                    [name] => ValidData
                                    [status] => passed
                                    [duration_ms] => 50.61
                                )

                            [1] => Array
                                (
                                    [name] => Field Length Invariants
                                    [status] => passed
                                )

                            [2] => Array
                                (
                                    [name] => Data Type Invariants
                                    [status] => passed
                                )

                            [3] => Array
                                (
                                    [name] => Schema Integrity Check
                                    [status] => passed
                                )

                            [4] => Array
                                (
                                    [name] => Toxic Payload Resilience
                                    [status] => passed
                                )

                            [5] => Array
                                (
                                    [name] => Audit Trail Verification
                                    [status] => passed
                                )

                            [6] => Array
                                (
                                    [name] => Global Unicode Resilience
                                    [status] => passed
                                )

                            [7] => Array
                                (
                                    [name] => Bulk Stress Simulation
                                    [status] => passed
                                    [ops_per_sec] => 39.3
                                )

                            [8] => Array
                                (
                                    [name] => Transactional Integrity
                                    [status] => passed
                                )

                            [9] => Array
                                (
                                    [name] => Multi-Tenant Ghost Isolation
                                    [status] => passed
                                )

                            [10] => Array
                                (
                                    [name] => Validation Metadata Invariants
                                    [status] => skipped
                                    [error] => No validation rules defined for this entity.
                                )

                        )

                    [errors] => Array
                        (
                        )

                    [coverage] => Array
                        (
                            [hooks_implemented] => Array
                                (
                                )

                            [coverage_pct] => 0
                        )

                )

            [7] => Array
                (
                    [class] => App\Default\Entities\Testeditentity
                    [name] => TestEditEntity
                    [status] => skipped
                    [scenarios] => Array
                        (
                        )

                    [errors] => Array
                        (
                            [0] => Skipped: Entity has no attributes defined in metadata.
                        )

                )

            [8] => Array
                (
                    [class] => App\Default\Entities\Testentity
                    [name] => TestEntity
                    [status] => failed
                    [scenarios] => Array
                        (
                            [0] => Array
                                (
                                    [name] => ValidData
                                    [status] => failed
                                    [error] => Update mismatch on 'updated_at': Expected '2026-09-04 10:41:13', got '2026-09-04 10:41:14'
                                    [diagnostics] => Array
                                        (
                                        )

                                )

                            [1] => Array
                                (
                                    [name] => Field Length Invariants
                                    [status] => passed
                                )

                            [2] => Array
                                (
                                    [name] => Data Type Invariants
                                    [status] => passed
                                )

                            [3] => Array
                                (
                                    [name] => Schema Integrity Check
                                    [status] => passed
                                )

                            [4] => Array
                                (
                                    [name] => Toxic Payload Resilience
                                    [status] => passed
                                )

                            [5] => Array
                                (
                                    [name] => Audit Trail Verification
                                    [status] => passed
                                )

                            [6] => Array
                                (
                                    [name] => Global Unicode Resilience
                                    [status] => passed
                                )

                            [7] => Array
                                (
                                    [name] => Bulk Stress Simulation
                                    [status] => passed
                                    [ops_per_sec] => 8.7
                                )

                            [8] => Array
                                (
                                    [name] => Transactional Integrity
                                    [status] => passed
                                )

                            [9] => Array
                                (
                                    [name] => Multi-Tenant Ghost Isolation
                                    [status] => passed
                                )

                            [10] => Array
                                (
                                    [name] => Validation Metadata Invariants
                                    [status] => skipped
                                    [error] => No validation rules defined for this entity.
                                )

                        )

                    [errors] => Array
                        (
                            [0] => Update mismatch on 'updated_at': Expected '2026-09-04 10:41:13', got '2026-09-04 10:41:14'
                        )

                    [coverage] => Array
                        (
                            [hooks_implemented] => Array
                                (
                                )

                            [coverage_pct] => 0
                        )

                )

            [9] => Array
                (
                    [class] => App\Default\Entities\Testuser
                    [name] => TestUser
                    [status] => skipped
                    [scenarios] => Array
                        (
                        )

                    [errors] => Array
                        (
                            [0] => Class "" does not exist
                        )

                )

        )

    [dependency_graph] => Array
        (
            [nodes] => Array
                (
                )

            [links] => Array
                (
                )

        )

    [summary] => Array
        (
            [total] => 10
            [passed] => 4
            [failed] => 1
            [skipped] => 5
        )

    [unit_tests] => Array
        (
            [summary] => Array
                (
                    [total] => 48
                    [passed] => 44
                    [failed] => 4
                )

            [tests] => Array
                (
                    [0] => Array
                        (
                            [scope] => Core
                            [class] => SPP\Tests\Core\Commands\CompileRegistryCommandTest
                            [method] => testCommandInitialization
                            [status] => passed
                            [error] => 
                        )

                    [1] => Array
                        (
                            [scope] => Core
                            [class] => SPP\Tests\Core\Commands\CompileRegistryCommandTest
                            [method] => testCommandExecution
                            [status] => passed
                            [error] => 
                        )

                    [2] => Array
                        (
                            [scope] => Core
                            [class] => SPP\Tests\Core\Commands\SysStatusCommandTest
                            [method] => testCommandInitialization
                            [status] => passed
                            [error] => 
                        )

                    [3] => Array
                        (
                            [scope] => Core
                            [class] => SPP\Tests\Core\Commands\SysStatusCommandTest
                            [method] => testCommandExecution
                            [status] => passed
                            [error] => 
                        )

                    [4] => Array
                        (
                            [scope] => Core
                            [class] => SPP\Tests\Core\DataProviderTest
                            [method] => testAddition with data set
                            [status] => passed
                            [error] => 
                        )

                    [5] => Array
                        (
                            [scope] => Core
                            [class] => SPP\Tests\Core\DataProviderTest
                            [method] => testAddition with data set
                            [status] => passed
                            [error] => 
                        )

                    [6] => Array
                        (
                            [scope] => Core
                            [class] => SPP\Tests\Core\DataProviderTest
                            [method] => testAddition with data set
                            [status] => passed
                            [error] => 
                        )

                    [7] => Array
                        (
                            [scope] => Core
                            [class] => SPP\Tests\Core\DBLoggerTest
                            [method] => testDBLoggerProviderWritesSuccessfully
                            [status] => passed
                            [error] => 
                        )

                    [8] => Array
                        (
                            [scope] => Core
                            [class] => SPP\Tests\Core\DBLoggerTest
                            [method] => testEventBusTriggersDBLogger
                            [status] => passed
                            [error] => 
                        )

                    [9] => Array
                        (
                            [scope] => Core
                            [class] => SPP\Tests\Core\MockeryTest
                            [method] => testMockeryCanMockObjects
                            [status] => passed
                            [error] => 
                        )

                    [10] => Array
                        (
                            [scope] => Core
                            [class] => SPP\Tests\Core\ModuleTaxonomyTest
                            [method] => testModuleTypeParsing
                            [status] => passed
                            [error] => 
                        )

                    [11] => Array
                        (
                            [scope] => Core
                            [class] => SPP\Tests\Core\ModuleTaxonomyTest
                            [method] => testIsCompulsoryEvaluatesTrueForCoreAndCompulsory
                            [status] => passed
                            [error] => 
                        )

                    [12] => Array
                        (
                            [scope] => Core
                            [class] => SPP\Tests\Core\ModuleTaxonomyTest
                            [method] => testIsCompulsoryEvaluatesFalseForNonCore
                            [status] => passed
                            [error] => 
                        )

                    [13] => Array
                        (
                            [scope] => Core
                            [class] => SPP\Tests\Core\ModuleTaxonomyTest
                            [method] => testIsCompulsoryEvaluatesFalseForNonCompulsory
                            [status] => passed
                            [error] => 
                        )

                    [14] => Array
                        (
                            [scope] => Core
                            [class] => test.PestStyleTest.php
                            [method] => addition works with functional API
                            [status] => passed
                            [error] => 
                        )

                    [15] => Array
                        (
                            [scope] => Core
                            [class] => test.PestStyleTest.php
                            [method] => it can access $this via closure binding
                            [status] => passed
                            [error] => 
                        )

                    [16] => Array
                        (
                            [scope] => Core
                            [class] => test.PestStyleTest.php
                            [method] => subtraction works with functional API
                            [status] => passed
                            [error] => 
                        )

                    [17] => Array
                        (
                            [scope] => Core
                            [class] => SPP\Tests\Core\PsrLoggerAdapterTest
                            [method] => testInstantiation
                            [status] => passed
                            [error] => 
                        )

                    [18] => Array
                        (
                            [scope] => Core
                            [class] => SPP\Tests\Core\PsrLoggerAdapterTest
                            [method] => testLoggingLevels
                            [status] => passed
                            [error] => 
                        )

                    [19] => Array
                        (
                            [scope] => Core
                            [class] => SPP\Tests\Core\PsrLoggerAdapterTest
                            [method] => testInvalidLevelThrowsException
                            [status] => passed
                            [error] => 
                        )

                    [20] => Array
                        (
                            [scope] => Core
                            [class] => SPP\Tests\Core\SPPAuthTest
                            [method] => testDefaultGuardIsWeb
                            [status] => passed
                            [error] => 
                        )

                    [21] => Array
                        (
                            [scope] => Core
                            [class] => SPP\Tests\Core\SPPAuthTest
                            [method] => testLoginAndCheck
                            [status] => passed
                            [error] => 
                        )

                    [22] => Array
                        (
                            [scope] => Core
                            [class] => SPP\Tests\Core\SPPAuthTest
                            [method] => testLogout
                            [status] => passed
                            [error] => 
                        )

                    [23] => Array
                        (
                            [scope] => Core
                            [class] => SPP\Tests\Core\SPPAuthTest
                            [method] => testGetCurrentUser
                            [status] => passed
                            [error] => 
                        )

                    [24] => Array
                        (
                            [scope] => Core
                            [class] => SPP\Tests\Core\SPPConfigTest
                            [method] => testGetEnvValue
                            [status] => passed
                            [error] => 
                        )

                    [25] => Array
                        (
                            [scope] => Core
                            [class] => SPP\Tests\Core\SPPConfigTest
                            [method] => testDefaultValue
                            [status] => passed
                            [error] => 
                        )

                    [26] => Array
                        (
                            [scope] => Core
                            [class] => SPP\Tests\Core\SPPConfigTest
                            [method] => testSetAndGetAppCache
                            [status] => passed
                            [error] => 
                        )

                    [27] => Array
                        (
                            [scope] => Core
                            [class] => SPP\Tests\Core\SPPDBTest
                            [method] => testSelectAll
                            [status] => passed
                            [error] => 
                        )

                    [28] => Array
                        (
                            [scope] => Core
                            [class] => SPP\Tests\Core\SPPDBTest
                            [method] => testSelectSpecificColumns
                            [status] => passed
                            [error] => 
                        )

                    [29] => Array
                        (
                            [scope] => Core
                            [class] => SPP\Tests\Core\SPPDBTest
                            [method] => testWhereClause
                            [status] => failed
                            [error] => SQL should contain WHERE clause
                        )

                    [30] => Array
                        (
                            [scope] => Core
                            [class] => SPP\Tests\Core\SPPDBTest
                            [method] => testMultipleWhereClauses
                            [status] => failed
                            [error] => SQL should contain multiple WHERE clauses
                        )

                    [31] => Array
                        (
                            [scope] => Core
                            [class] => SPP\Tests\Core\SPPDBTest
                            [method] => testOrWhereClause
                            [status] => failed
                            [error] => SQL should contain OR WHERE clause
                        )

                    [32] => Array
                        (
                            [scope] => Core
                            [class] => SPP\Tests\Core\SPPDBTest
                            [method] => testOrderByAndLimit
                            [status] => failed
                            [error] => SQL should contain ORDER BY
                        )

                    [33] => Array
                        (
                            [scope] => Core
                            [class] => SPP\Tests\Core\SPPExtTest
                            [method] => testExtLifecycleDoesNotBootDB
                            [status] => passed
                            [error] => 
                        )

                    [34] => Array
                        (
                            [scope] => Core
                            [class] => SPP\Tests\Core\SPPMigrateTest
                            [method] => testMakeCommand
                            [status] => passed
                            [error] => 
                        )

                    [35] => Array
                        (
                            [scope] => Core
                            [class] => SPP\Tests\Core\SPPMigrateTest
                            [method] => testRunCommand
                            [status] => passed
                            [error] => 
                        )

                    [36] => Array
                        (
                            [scope] => Core
                            [class] => SPP\Tests\Core\SPPRouterTest
                            [method] => testGetPageThrowsExceptionForNonExistentRoute
                            [status] => passed
                            [error] => 
                        )

                    [37] => Array
                        (
                            [scope] => Core
                            [class] => SPP\Tests\Core\SPPRouterTest
                            [method] => testGetDefaultReturnsNullIfNoConfig
                            [status] => passed
                            [error] => 
                        )

                    [38] => Array
                        (
                            [scope] => Core
                            [class] => SPP\Tests\Core\SPPUXTest
                            [method] => testComponentMarkupGeneration
                            [status] => passed
                            [error] => 
                        )

                    [39] => Array
                        (
                            [scope] => Core
                            [class] => SPP\Tests\Core\SPPUXTest
                            [method] => testComponentWithSSRAndIsland
                            [status] => passed
                            [error] => 
                        )

                    [40] => Array
                        (
                            [scope] => Core
                            [class] => SPP\Tests\Core\SPPUXTest
                            [method] => testPaths
                            [status] => passed
                            [error] => 
                        )

                    [41] => Array
                        (
                            [scope] => Core
                            [class] => SPP\Tests\Core\SPPValidatorTest
                            [method] => testRequiredValidator
                            [status] => passed
                            [error] => 
                        )

                    [42] => Array
                        (
                            [scope] => Core
                            [class] => SPP\Tests\Core\SPPValidatorTest
                            [method] => testEmailValidator
                            [status] => passed
                            [error] => 
                        )

                    [43] => Array
                        (
                            [scope] => Core
                            [class] => SPP\Tests\Core\SPPValidatorTest
                            [method] => testMinLengthValidator
                            [status] => passed
                            [error] => 
                        )

                    [44] => Array
                        (
                            [scope] => Core
                            [class] => SPP\Tests\Core\SPPViewTest
                            [method] => testViewTagGeneration
                            [status] => passed
                            [error] => 
                        )

                    [45] => Array
                        (
                            [scope] => Core
                            [class] => SPP\Tests\Core\SPPViewTest
                            [method] => testUlGeneration
                            [status] => passed
                            [error] => 
                        )

                    [46] => Array
                        (
                            [scope] => Core
                            [class] => SPP\Tests\Core\SPPViewTest
                            [method] => testTableGeneration
                            [status] => passed
                            [error] => 
                        )

                    [47] => Array
                        (
                            [scope] => Core
                            [class] => SPP\Tests\Core\SPPViewCompilerTest
                            [method] => testCompilerTranslatesSppTrans
                            [status] => passed
                            [error] => 
                        )

                )

        )

)

Suite Summary:
Passed: 4 / 10

----------------------------------------
[2026-09-04 11:02:56] Evolutionary Scan executed for 'default':

LOADED MODULES FOR MIGRATION:
Array
(
    [0] => sppapi
    [1] => sppdb
    [2] => dbconfig
    [3] => sppauth
    [4] => spplogger
    [5] => sppview
    [6] => drishyam
    [7] => parikshak
    [8] => sppai
    [9] => lekhni
    [10] => sppxdb
    [11] => sppdeploy
    [12] => sppdoc
    [13] => spprouter
)

Migrating: 2026_06_02_000000_consolidate_identity_tables...
  Done.
Migrating: 2026_06_11_000000_sppauth_v2_architecture...
  Done.
Migrating: 2026_06_12_000000_create_spprouter_tables...
  Done.
Migrating: Migration_1_1_0...
  Done.
All migrations completed successfully.

TABLES IN DB AFTER MIGRATION:
Array
(
    [0] => Array
        (
            [name] => spp_migrations
        )

    [1] => Array
        (
            [name] => sqlite_sequence
        )

    [2] => Array
        (
            [name] => spp_users
        )

    [3] => Array
        (
            [name] => spp_roles
        )

    [4] => Array
        (
            [name] => spp_user_roles
        )

    [5] => Array
        (
            [name] => spp_login_attempts
        )

    [6] => Array
        (
            [name] => spp_personal_access_tokens
        )

    [7] => Array
        (
            [name] => spp_oauth_providers
        )

    [8] => Array
        (
            [name] => spp_sppauth_audit_log
        )

    [9] => Array
        (
            [name] => spp_magic_links
        )

    [10] => Array
        (
            [name] => spp_webauthn_credentials
        )

    [11] => Array
        (
            [name] => spp_oauth_clients
        )

    [12] => Array
        (
            [name] => spp_oauth_tokens
        )

    [13] => Array
        (
            [name] => spprouter_pages
        )

    [14] => Array
        (
            [name] => spprouter_defaults
        )

    [15] => Array
        (
            [name] => spprouter_specials
        )

)
Running test suite for app: default
Array
(
    [app] => default
    [timestamp] => 2026-09-04 11:02:37
    [seed] => 7674
    [entities] => Array
        (
            [0] => Array
                (
                    [class] => App\Default\Entities\Blogpost
                    [name] => BlogPost
                    [status] => skipped
                    [scenarios] => Array
                        (
                        )

                    [errors] => Array
                        (
                            [0] => Class "" does not exist
                        )

                )

            [1] => Array
                (
                    [class] => App\Default\Entities\Dummyentity
                    [name] => DummyEntity
                    [status] => passed
                    [scenarios] => Array
                        (
                            [0] => Array
                                (
                                    [name] => ValidData
                                    [status] => passed
                                    [duration_ms] => 43.69
                                )

                            [1] => Array
                                (
                                    [name] => Field Length Invariants
                                    [status] => passed
                                )

                            [2] => Array
                                (
                                    [name] => Data Type Invariants
                                    [status] => passed
                                )

                            [3] => Array
                                (
                                    [name] => Schema Integrity Check
                                    [status] => passed
                                )

                            [4] => Array
                                (
                                    [name] => Toxic Payload Resilience
                                    [status] => passed
                                )

                            [5] => Array
                                (
                                    [name] => Audit Trail Verification
                                    [status] => passed
                                )

                            [6] => Array
                                (
                                    [name] => Global Unicode Resilience
                                    [status] => passed
                                )

                            [7] => Array
                                (
                                    [name] => Bulk Stress Simulation
                                    [status] => passed
                                    [ops_per_sec] => 60
                                )

                            [8] => Array
                                (
                                    [name] => Transactional Integrity
                                    [status] => passed
                                )

                            [9] => Array
                                (
                                    [name] => Multi-Tenant Ghost Isolation
                                    [status] => passed
                                )

                            [10] => Array
                                (
                                    [name] => Validation Metadata Invariants
                                    [status] => skipped
                                    [error] => No validation rules defined for this entity.
                                )

                        )

                    [errors] => Array
                        (
                        )

                    [coverage] => Array
                        (
                            [hooks_implemented] => Array
                                (
                                )

                            [coverage_pct] => 0
                        )

                )

            [2] => Array
                (
                    [class] => App\Default\Entities\Employee
                    [name] => Employee
                    [status] => skipped
                    [scenarios] => Array
                        (
                        )

                    [errors] => Array
                        (
                            [0] => Skipped: Entity has no attributes defined in metadata.
                        )

                )

            [3] => Array
                (
                    [class] => App\Default\Entities\Featuremodel
                    [name] => FeatureModel
                    [status] => skipped
                    [scenarios] => Array
                        (
                        )

                    [errors] => Array
                        (
                            [0] => Class "" does not exist
                        )

                )

            [4] => Array
                (
                    [class] => App\Default\Entities\Newentity1
                    [name] => NewEntity1
                    [status] => passed
                    [scenarios] => Array
                        (
                            [0] => Array
                                (
                                    [name] => ValidData
                                    [status] => passed
                                    [duration_ms] => 43.89
                                )

                            [1] => Array
                                (
                                    [name] => Field Length Invariants
                                    [status] => passed
                                )

                            [2] => Array
                                (
                                    [name] => Data Type Invariants
                                    [status] => passed
                                )

                            [3] => Array
                                (
                                    [name] => Schema Integrity Check
                                    [status] => passed
                                )

                            [4] => Array
                                (
                                    [name] => Toxic Payload Resilience
                                    [status] => passed
                                )

                            [5] => Array
                                (
                                    [name] => Audit Trail Verification
                                    [status] => passed
                                )

                            [6] => Array
                                (
                                    [name] => Global Unicode Resilience
                                    [status] => passed
                                )

                            [7] => Array
                                (
                                    [name] => Bulk Stress Simulation
                                    [status] => passed
                                    [ops_per_sec] => 52.4
                                )

                            [8] => Array
                                (
                                    [name] => Transactional Integrity
                                    [status] => passed
                                )

                            [9] => Array
                                (
                                    [name] => Multi-Tenant Ghost Isolation
                                    [status] => passed
                                )

                            [10] => Array
                                (
                                    [name] => Validation Metadata Invariants
                                    [status] => skipped
                                    [error] => No validation rules defined for this entity.
                                )

                        )

                    [errors] => Array
                        (
                        )

                    [coverage] => Array
                        (
                            [hooks_implemented] => Array
                                (
                                )

                            [coverage_pct] => 0
                        )

                )

            [5] => Array
                (
                    [class] => App\Default\Entities\Staff
                    [name] => Staff
                    [status] => passed
                    [scenarios] => Array
                        (
                            [0] => Array
                                (
                                    [name] => ValidData
                                    [status] => passed
                                    [duration_ms] => 36.47
                                )

                            [1] => Array
                                (
                                    [name] => Field Length Invariants
                                    [status] => passed
                                )

                            [2] => Array
                                (
                                    [name] => Data Type Invariants
                                    [status] => passed
                                )

                            [3] => Array
                                (
                                    [name] => Schema Integrity Check
                                    [status] => passed
                                )

                            [4] => Array
                                (
                                    [name] => Toxic Payload Resilience
                                    [status] => passed
                                )

                            [5] => Array
                                (
                                    [name] => Audit Trail Verification
                                    [status] => passed
                                )

                            [6] => Array
                                (
                                    [name] => Global Unicode Resilience
                                    [status] => passed
                                )

                            [7] => Array
                                (
                                    [name] => Bulk Stress Simulation
                                    [status] => passed
                                    [ops_per_sec] => 49
                                )

                            [8] => Array
                                (
                                    [name] => Transactional Integrity
                                    [status] => passed
                                )

                            [9] => Array
                                (
                                    [name] => Multi-Tenant Ghost Isolation
                                    [status] => passed
                                )

                            [10] => Array
                                (
                                    [name] => Validation Metadata Invariants
                                    [status] => skipped
                                    [error] => No validation rules defined for this entity.
                                )

                        )

                    [errors] => Array
                        (
                        )

                    [coverage] => Array
                        (
                            [hooks_implemented] => Array
                                (
                                )

                            [coverage_pct] => 0
                        )

                )

            [6] => Array
                (
                    [class] => App\Default\Entities\Teacher
                    [name] => Teacher
                    [status] => passed
                    [scenarios] => Array
                        (
                            [0] => Array
                                (
                                    [name] => ValidData
                                    [status] => passed
                                    [duration_ms] => 28.34
                                )

                            [1] => Array
                                (
                                    [name] => Field Length Invariants
                                    [status] => passed
                                )

                            [2] => Array
                                (
                                    [name] => Data Type Invariants
                                    [status] => passed
                                )

                            [3] => Array
                                (
                                    [name] => Schema Integrity Check
                                    [status] => passed
                                )

                            [4] => Array
                                (
                                    [name] => Toxic Payload Resilience
                                    [status] => passed
                                )

                            [5] => Array
                                (
                                    [name] => Audit Trail Verification
                                    [status] => passed
                                )

                            [6] => Array
                                (
                                    [name] => Global Unicode Resilience
                                    [status] => passed
                                )

                            [7] => Array
                                (
                                    [name] => Bulk Stress Simulation
                                    [status] => passed
                                    [ops_per_sec] => 61.3
                                )

                            [8] => Array
                                (
                                    [name] => Transactional Integrity
                                    [status] => passed
                                )

                            [9] => Array
                                (
                                    [name] => Multi-Tenant Ghost Isolation
                                    [status] => passed
                                )

                            [10] => Array
                                (
                                    [name] => Validation Metadata Invariants
                                    [status] => skipped
                                    [error] => No validation rules defined for this entity.
                                )

                        )

                    [errors] => Array
                        (
                        )

                    [coverage] => Array
                        (
                            [hooks_implemented] => Array
                                (
                                )

                            [coverage_pct] => 0
                        )

                )

            [7] => Array
                (
                    [class] => App\Default\Entities\Testeditentity
                    [name] => TestEditEntity
                    [status] => skipped
                    [scenarios] => Array
                        (
                        )

                    [errors] => Array
                        (
                            [0] => Skipped: Entity has no attributes defined in metadata.
                        )

                )

            [8] => Array
                (
                    [class] => App\Default\Entities\Testentity
                    [name] => TestEntity
                    [status] => passed
                    [scenarios] => Array
                        (
                            [0] => Array
                                (
                                    [name] => ValidData
                                    [status] => passed
                                    [duration_ms] => 197.87
                                )

                            [1] => Array
                                (
                                    [name] => Field Length Invariants
                                    [status] => passed
                                )

                            [2] => Array
                                (
                                    [name] => Data Type Invariants
                                    [status] => passed
                                )

                            [3] => Array
                                (
                                    [name] => Schema Integrity Check
                                    [status] => passed
                                )

                            [4] => Array
                                (
                                    [name] => Toxic Payload Resilience
                                    [status] => passed
                                )

                            [5] => Array
                                (
                                    [name] => Audit Trail Verification
                                    [status] => passed
                                )

                            [6] => Array
                                (
                                    [name] => Global Unicode Resilience
                                    [status] => passed
                                )

                            [7] => Array
                                (
                                    [name] => Bulk Stress Simulation
                                    [status] => passed
                                    [ops_per_sec] => 9.9
                                )

                            [8] => Array
                                (
                                    [name] => Transactional Integrity
                                    [status] => passed
                                )

                            [9] => Array
                                (
                                    [name] => Multi-Tenant Ghost Isolation
                                    [status] => passed
                                )

                            [10] => Array
                                (
                                    [name] => Validation Metadata Invariants
                                    [status] => skipped
                                    [error] => No validation rules defined for this entity.
                                )

                        )

                    [errors] => Array
                        (
                        )

                    [coverage] => Array
                        (
                            [hooks_implemented] => Array
                                (
                                )

                            [coverage_pct] => 0
                        )

                )

            [9] => Array
                (
                    [class] => App\Default\Entities\Testuser
                    [name] => TestUser
                    [status] => skipped
                    [scenarios] => Array
                        (
                        )

                    [errors] => Array
                        (
                            [0] => Class "" does not exist
                        )

                )

        )

    [dependency_graph] => Array
        (
            [nodes] => Array
                (
                )

            [links] => Array
                (
                )

        )

    [summary] => Array
        (
            [total] => 10
            [passed] => 5
            [failed] => 0
            [skipped] => 5
        )

    [unit_tests] => Array
        (
            [summary] => Array
                (
                    [total] => 48
                    [passed] => 44
                    [failed] => 4
                )

            [tests] => Array
                (
                    [0] => Array
                        (
                            [scope] => Core
                            [class] => SPP\Tests\Core\Commands\CompileRegistryCommandTest
                            [method] => testCommandInitialization
                            [status] => passed
                            [error] => 
                        )

                    [1] => Array
                        (
                            [scope] => Core
                            [class] => SPP\Tests\Core\Commands\CompileRegistryCommandTest
                            [method] => testCommandExecution
                            [status] => passed
                            [error] => 
                        )

                    [2] => Array
                        (
                            [scope] => Core
                            [class] => SPP\Tests\Core\Commands\SysStatusCommandTest
                            [method] => testCommandInitialization
                            [status] => passed
                            [error] => 
                        )

                    [3] => Array
                        (
                            [scope] => Core
                            [class] => SPP\Tests\Core\Commands\SysStatusCommandTest
                            [method] => testCommandExecution
                            [status] => passed
                            [error] => 
                        )

                    [4] => Array
                        (
                            [scope] => Core
                            [class] => SPP\Tests\Core\DataProviderTest
                            [method] => testAddition with data set
                            [status] => passed
                            [error] => 
                        )

                    [5] => Array
                        (
                            [scope] => Core
                            [class] => SPP\Tests\Core\DataProviderTest
                            [method] => testAddition with data set
                            [status] => passed
                            [error] => 
                        )

                    [6] => Array
                        (
                            [scope] => Core
                            [class] => SPP\Tests\Core\DataProviderTest
                            [method] => testAddition with data set
                            [status] => passed
                            [error] => 
                        )

                    [7] => Array
                        (
                            [scope] => Core
                            [class] => SPP\Tests\Core\DBLoggerTest
                            [method] => testDBLoggerProviderWritesSuccessfully
                            [status] => passed
                            [error] => 
                        )

                    [8] => Array
                        (
                            [scope] => Core
                            [class] => SPP\Tests\Core\DBLoggerTest
                            [method] => testEventBusTriggersDBLogger
                            [status] => passed
                            [error] => 
                        )

                    [9] => Array
                        (
                            [scope] => Core
                            [class] => SPP\Tests\Core\MockeryTest
                            [method] => testMockeryCanMockObjects
                            [status] => passed
                            [error] => 
                        )

                    [10] => Array
                        (
                            [scope] => Core
                            [class] => SPP\Tests\Core\ModuleTaxonomyTest
                            [method] => testModuleTypeParsing
                            [status] => passed
                            [error] => 
                        )

                    [11] => Array
                        (
                            [scope] => Core
                            [class] => SPP\Tests\Core\ModuleTaxonomyTest
                            [method] => testIsCompulsoryEvaluatesTrueForCoreAndCompulsory
                            [status] => passed
                            [error] => 
                        )

                    [12] => Array
                        (
                            [scope] => Core
                            [class] => SPP\Tests\Core\ModuleTaxonomyTest
                            [method] => testIsCompulsoryEvaluatesFalseForNonCore
                            [status] => passed
                            [error] => 
                        )

                    [13] => Array
                        (
                            [scope] => Core
                            [class] => SPP\Tests\Core\ModuleTaxonomyTest
                            [method] => testIsCompulsoryEvaluatesFalseForNonCompulsory
                            [status] => passed
                            [error] => 
                        )

                    [14] => Array
                        (
                            [scope] => Core
                            [class] => test.PestStyleTest.php
                            [method] => addition works with functional API
                            [status] => passed
                            [error] => 
                        )

                    [15] => Array
                        (
                            [scope] => Core
                            [class] => test.PestStyleTest.php
                            [method] => it can access $this via closure binding
                            [status] => passed
                            [error] => 
                        )

                    [16] => Array
                        (
                            [scope] => Core
                            [class] => test.PestStyleTest.php
                            [method] => subtraction works with functional API
                            [status] => passed
                            [error] => 
                        )

                    [17] => Array
                        (
                            [scope] => Core
                            [class] => SPP\Tests\Core\PsrLoggerAdapterTest
                            [method] => testInstantiation
                            [status] => passed
                            [error] => 
                        )

                    [18] => Array
                        (
                            [scope] => Core
                            [class] => SPP\Tests\Core\PsrLoggerAdapterTest
                            [method] => testLoggingLevels
                            [status] => passed
                            [error] => 
                        )

                    [19] => Array
                        (
                            [scope] => Core
                            [class] => SPP\Tests\Core\PsrLoggerAdapterTest
                            [method] => testInvalidLevelThrowsException
                            [status] => passed
                            [error] => 
                        )

                    [20] => Array
                        (
                            [scope] => Core
                            [class] => SPP\Tests\Core\SPPAuthTest
                            [method] => testDefaultGuardIsWeb
                            [status] => passed
                            [error] => 
                        )

                    [21] => Array
                        (
                            [scope] => Core
                            [class] => SPP\Tests\Core\SPPAuthTest
                            [method] => testLoginAndCheck
                            [status] => passed
                            [error] => 
                        )

                    [22] => Array
                        (
                            [scope] => Core
                            [class] => SPP\Tests\Core\SPPAuthTest
                            [method] => testLogout
                            [status] => passed
                            [error] => 
                        )

                    [23] => Array
                        (
                            [scope] => Core
                            [class] => SPP\Tests\Core\SPPAuthTest
                            [method] => testGetCurrentUser
                            [status] => passed
                            [error] => 
                        )

                    [24] => Array
                        (
                            [scope] => Core
                            [class] => SPP\Tests\Core\SPPConfigTest
                            [method] => testGetEnvValue
                            [status] => passed
                            [error] => 
                        )

                    [25] => Array
                        (
                            [scope] => Core
                            [class] => SPP\Tests\Core\SPPConfigTest
                            [method] => testDefaultValue
                            [status] => passed
                            [error] => 
                        )

                    [26] => Array
                        (
                            [scope] => Core
                            [class] => SPP\Tests\Core\SPPConfigTest
                            [method] => testSetAndGetAppCache
                            [status] => passed
                            [error] => 
                        )

                    [27] => Array
                        (
                            [scope] => Core
                            [class] => SPP\Tests\Core\SPPDBTest
                            [method] => testSelectAll
                            [status] => passed
                            [error] => 
                        )

                    [28] => Array
                        (
                            [scope] => Core
                            [class] => SPP\Tests\Core\SPPDBTest
                            [method] => testSelectSpecificColumns
                            [status] => passed
                            [error] => 
                        )

                    [29] => Array
                        (
                            [scope] => Core
                            [class] => SPP\Tests\Core\SPPDBTest
                            [method] => testWhereClause
                            [status] => failed
                            [error] => SQL should contain WHERE clause
                        )

                    [30] => Array
                        (
                            [scope] => Core
                            [class] => SPP\Tests\Core\SPPDBTest
                            [method] => testMultipleWhereClauses
                            [status] => failed
                            [error] => SQL should contain multiple WHERE clauses
                        )

                    [31] => Array
                        (
                            [scope] => Core
                            [class] => SPP\Tests\Core\SPPDBTest
                            [method] => testOrWhereClause
                            [status] => failed
                            [error] => SQL should contain OR WHERE clause
                        )

                    [32] => Array
                        (
                            [scope] => Core
                            [class] => SPP\Tests\Core\SPPDBTest
                            [method] => testOrderByAndLimit
                            [status] => failed
                            [error] => SQL should contain ORDER BY
                        )

                    [33] => Array
                        (
                            [scope] => Core
                            [class] => SPP\Tests\Core\SPPExtTest
                            [method] => testExtLifecycleDoesNotBootDB
                            [status] => passed
                            [error] => 
                        )

                    [34] => Array
                        (
                            [scope] => Core
                            [class] => SPP\Tests\Core\SPPMigrateTest
                            [method] => testMakeCommand
                            [status] => passed
                            [error] => 
                        )

                    [35] => Array
                        (
                            [scope] => Core
                            [class] => SPP\Tests\Core\SPPMigrateTest
                            [method] => testRunCommand
                            [status] => passed
                            [error] => 
                        )

                    [36] => Array
                        (
                            [scope] => Core
                            [class] => SPP\Tests\Core\SPPRouterTest
                            [method] => testGetPageThrowsExceptionForNonExistentRoute
                            [status] => passed
                            [error] => 
                        )

                    [37] => Array
                        (
                            [scope] => Core
                            [class] => SPP\Tests\Core\SPPRouterTest
                            [method] => testGetDefaultReturnsNullIfNoConfig
                            [status] => passed
                            [error] => 
                        )

                    [38] => Array
                        (
                            [scope] => Core
                            [class] => SPP\Tests\Core\SPPUXTest
                            [method] => testComponentMarkupGeneration
                            [status] => passed
                            [error] => 
                        )

                    [39] => Array
                        (
                            [scope] => Core
                            [class] => SPP\Tests\Core\SPPUXTest
                            [method] => testComponentWithSSRAndIsland
                            [status] => passed
                            [error] => 
                        )

                    [40] => Array
                        (
                            [scope] => Core
                            [class] => SPP\Tests\Core\SPPUXTest
                            [method] => testPaths
                            [status] => passed
                            [error] => 
                        )

                    [41] => Array
                        (
                            [scope] => Core
                            [class] => SPP\Tests\Core\SPPValidatorTest
                            [method] => testRequiredValidator
                            [status] => passed
                            [error] => 
                        )

                    [42] => Array
                        (
                            [scope] => Core
                            [class] => SPP\Tests\Core\SPPValidatorTest
                            [method] => testEmailValidator
                            [status] => passed
                            [error] => 
                        )

                    [43] => Array
                        (
                            [scope] => Core
                            [class] => SPP\Tests\Core\SPPValidatorTest
                            [method] => testMinLengthValidator
                            [status] => passed
                            [error] => 
                        )

                    [44] => Array
                        (
                            [scope] => Core
                            [class] => SPP\Tests\Core\SPPViewTest
                            [method] => testViewTagGeneration
                            [status] => passed
                            [error] => 
                        )

                    [45] => Array
                        (
                            [scope] => Core
                            [class] => SPP\Tests\Core\SPPViewTest
                            [method] => testUlGeneration
                            [status] => passed
                            [error] => 
                        )

                    [46] => Array
                        (
                            [scope] => Core
                            [class] => SPP\Tests\Core\SPPViewTest
                            [method] => testTableGeneration
                            [status] => passed
                            [error] => 
                        )

                    [47] => Array
                        (
                            [scope] => Core
                            [class] => SPP\Tests\Core\SPPViewCompilerTest
                            [method] => testCompilerTranslatesSppTrans
                            [status] => passed
                            [error] => 
                        )

                )

        )

)

Suite Summary:
Passed: 5 / 10

----------------------------------------
[2026-09-04 11:03:33] Evolutionary Scan executed for 'default':

LOADED MODULES FOR MIGRATION:
Array
(
    [0] => sppapi
    [1] => sppdb
    [2] => dbconfig
    [3] => sppauth
    [4] => spplogger
    [5] => sppview
    [6] => drishyam
    [7] => parikshak
    [8] => sppai
    [9] => lekhni
    [10] => sppxdb
    [11] => sppdeploy
    [12] => sppdoc
    [13] => spprouter
)

Migrating: 2026_06_02_000000_consolidate_identity_tables...
  Done.
Migrating: 2026_06_11_000000_sppauth_v2_architecture...
  Done.
Migrating: 2026_06_12_000000_create_spprouter_tables...
  Done.
Migrating: Migration_1_1_0...
  Done.
All migrations completed successfully.

TABLES IN DB AFTER MIGRATION:
Array
(
    [0] => Array
        (
            [name] => spp_migrations
        )

    [1] => Array
        (
            [name] => sqlite_sequence
        )

    [2] => Array
        (
            [name] => spp_users
        )

    [3] => Array
        (
            [name] => spp_roles
        )

    [4] => Array
        (
            [name] => spp_user_roles
        )

    [5] => Array
        (
            [name] => spp_login_attempts
        )

    [6] => Array
        (
            [name] => spp_personal_access_tokens
        )

    [7] => Array
        (
            [name] => spp_oauth_providers
        )

    [8] => Array
        (
            [name] => spp_sppauth_audit_log
        )

    [9] => Array
        (
            [name] => spp_magic_links
        )

    [10] => Array
        (
            [name] => spp_webauthn_credentials
        )

    [11] => Array
        (
            [name] => spp_oauth_clients
        )

    [12] => Array
        (
            [name] => spp_oauth_tokens
        )

    [13] => Array
        (
            [name] => spprouter_pages
        )

    [14] => Array
        (
            [name] => spprouter_defaults
        )

    [15] => Array
        (
            [name] => spprouter_specials
        )

)
Running test suite for app: default
Array
(
    [app] => default
    [timestamp] => 2026-09-04 11:03:11
    [seed] => 9338
    [entities] => Array
        (
            [0] => Array
                (
                    [class] => App\Default\Entities\Blogpost
                    [name] => BlogPost
                    [status] => skipped
                    [scenarios] => Array
                        (
                        )

                    [errors] => Array
                        (
                            [0] => Class "" does not exist
                        )

                )

            [1] => Array
                (
                    [class] => App\Default\Entities\Dummyentity
                    [name] => DummyEntity
                    [status] => passed
                    [scenarios] => Array
                        (
                            [0] => Array
                                (
                                    [name] => ValidData
                                    [status] => passed
                                    [duration_ms] => 51.07
                                )

                            [1] => Array
                                (
                                    [name] => Field Length Invariants
                                    [status] => passed
                                )

                            [2] => Array
                                (
                                    [name] => Data Type Invariants
                                    [status] => passed
                                )

                            [3] => Array
                                (
                                    [name] => Schema Integrity Check
                                    [status] => passed
                                )

                            [4] => Array
                                (
                                    [name] => Toxic Payload Resilience
                                    [status] => passed
                                )

                            [5] => Array
                                (
                                    [name] => Audit Trail Verification
                                    [status] => passed
                                )

                            [6] => Array
                                (
                                    [name] => Global Unicode Resilience
                                    [status] => passed
                                )

                            [7] => Array
                                (
                                    [name] => Bulk Stress Simulation
                                    [status] => passed
                                    [ops_per_sec] => 51.5
                                )

                            [8] => Array
                                (
                                    [name] => Transactional Integrity
                                    [status] => passed
                                )

                            [9] => Array
                                (
                                    [name] => Multi-Tenant Ghost Isolation
                                    [status] => passed
                                )

                            [10] => Array
                                (
                                    [name] => Validation Metadata Invariants
                                    [status] => skipped
                                    [error] => No validation rules defined for this entity.
                                )

                        )

                    [errors] => Array
                        (
                        )

                    [coverage] => Array
                        (
                            [hooks_implemented] => Array
                                (
                                )

                            [coverage_pct] => 0
                        )

                )

            [2] => Array
                (
                    [class] => App\Default\Entities\Employee
                    [name] => Employee
                    [status] => skipped
                    [scenarios] => Array
                        (
                        )

                    [errors] => Array
                        (
                            [0] => Skipped: Entity has no attributes defined in metadata.
                        )

                )

            [3] => Array
                (
                    [class] => App\Default\Entities\Featuremodel
                    [name] => FeatureModel
                    [status] => skipped
                    [scenarios] => Array
                        (
                        )

                    [errors] => Array
                        (
                            [0] => Class "" does not exist
                        )

                )

            [4] => Array
                (
                    [class] => App\Default\Entities\Newentity1
                    [name] => NewEntity1
                    [status] => passed
                    [scenarios] => Array
                        (
                            [0] => Array
                                (
                                    [name] => ValidData
                                    [status] => passed
                                    [duration_ms] => 39.55
                                )

                            [1] => Array
                                (
                                    [name] => Field Length Invariants
                                    [status] => passed
                                )

                            [2] => Array
                                (
                                    [name] => Data Type Invariants
                                    [status] => passed
                                )

                            [3] => Array
                                (
                                    [name] => Schema Integrity Check
                                    [status] => passed
                                )

                            [4] => Array
                                (
                                    [name] => Toxic Payload Resilience
                                    [status] => passed
                                )

                            [5] => Array
                                (
                                    [name] => Audit Trail Verification
                                    [status] => passed
                                )

                            [6] => Array
                                (
                                    [name] => Global Unicode Resilience
                                    [status] => passed
                                )

                            [7] => Array
                                (
                                    [name] => Bulk Stress Simulation
                                    [status] => passed
                                    [ops_per_sec] => 39.3
                                )

                            [8] => Array
                                (
                                    [name] => Transactional Integrity
                                    [status] => passed
                                )

                            [9] => Array
                                (
                                    [name] => Multi-Tenant Ghost Isolation
                                    [status] => passed
                                )

                            [10] => Array
                                (
                                    [name] => Validation Metadata Invariants
                                    [status] => skipped
                                    [error] => No validation rules defined for this entity.
                                )

                        )

                    [errors] => Array
                        (
                        )

                    [coverage] => Array
                        (
                            [hooks_implemented] => Array
                                (
                                )

                            [coverage_pct] => 0
                        )

                )

            [5] => Array
                (
                    [class] => App\Default\Entities\Staff
                    [name] => Staff
                    [status] => skipped
                    [scenarios] => Array
                        (
                        )

                    [errors] => Array
                        (
                            [0] => file_put_contents(C:\projects\apache\school1/src/default/tests/auto/StaffAutoTest.php): Failed to open stream: Permission denied
                        )

                )

            [6] => Array
                (
                    [class] => App\Default\Entities\Teacher
                    [name] => Teacher
                    [status] => skipped
                    [scenarios] => Array
                        (
                        )

                    [errors] => Array
                        (
                            [0] => file_put_contents(C:\projects\apache\school1/src/default/tests/auto/TeacherAutoTest.php): Failed to open stream: Permission denied
                        )

                )

            [7] => Array
                (
                    [class] => App\Default\Entities\Testeditentity
                    [name] => TestEditEntity
                    [status] => skipped
                    [scenarios] => Array
                        (
                        )

                    [errors] => Array
                        (
                            [0] => Skipped: Entity has no attributes defined in metadata.
                        )

                )

            [8] => Array
                (
                    [class] => App\Default\Entities\Testentity
                    [name] => TestEntity
                    [status] => failed
                    [scenarios] => Array
                        (
                            [0] => Array
                                (
                                    [name] => ValidData
                                    [status] => failed
                                    [error] => Value mismatch on 'created_at': Expected '2026-09-04 11:03:15', got '2026-09-04 11:03:16'
                                    [diagnostics] => Array
                                        (
                                        )

                                )

                            [1] => Array
                                (
                                    [name] => Field Length Invariants
                                    [status] => passed
                                )

                            [2] => Array
                                (
                                    [name] => Data Type Invariants
                                    [status] => passed
                                )

                            [3] => Array
                                (
                                    [name] => Schema Integrity Check
                                    [status] => passed
                                )

                            [4] => Array
                                (
                                    [name] => Toxic Payload Resilience
                                    [status] => passed
                                )

                            [5] => Array
                                (
                                    [name] => Audit Trail Verification
                                    [status] => passed
                                )

                            [6] => Array
                                (
                                    [name] => Global Unicode Resilience
                                    [status] => passed
                                )

                            [7] => Array
                                (
                                    [name] => Bulk Stress Simulation
                                    [status] => passed
                                    [ops_per_sec] => 6.6
                                )

                            [8] => Array
                                (
                                    [name] => Transactional Integrity
                                    [status] => passed
                                )

                            [9] => Array
                                (
                                    [name] => Multi-Tenant Ghost Isolation
                                    [status] => passed
                                )

                            [10] => Array
                                (
                                    [name] => Validation Metadata Invariants
                                    [status] => skipped
                                    [error] => No validation rules defined for this entity.
                                )

                        )

                    [errors] => Array
                        (
                            [0] => Value mismatch on 'created_at': Expected '2026-09-04 11:03:15', got '2026-09-04 11:03:16'
                        )

                    [coverage] => Array
                        (
                            [hooks_implemented] => Array
                                (
                                )

                            [coverage_pct] => 0
                        )

                )

            [9] => Array
                (
                    [class] => App\Default\Entities\Testuser
                    [name] => TestUser
                    [status] => skipped
                    [scenarios] => Array
                        (
                        )

                    [errors] => Array
                        (
                            [0] => Class "" does not exist
                        )

                )

        )

    [dependency_graph] => Array
        (
            [nodes] => Array
                (
                )

            [links] => Array
                (
                )

        )

    [summary] => Array
        (
            [total] => 10
            [passed] => 2
            [failed] => 1
            [skipped] => 7
        )

    [unit_tests] => Array
        (
            [summary] => Array
                (
                    [total] => 48
                    [passed] => 44
                    [failed] => 4
                )

            [tests] => Array
                (
                    [0] => Array
                        (
                            [scope] => Core
                            [class] => SPP\Tests\Core\Commands\CompileRegistryCommandTest
                            [method] => testCommandInitialization
                            [status] => passed
                            [error] => 
                        )

                    [1] => Array
                        (
                            [scope] => Core
                            [class] => SPP\Tests\Core\Commands\CompileRegistryCommandTest
                            [method] => testCommandExecution
                            [status] => passed
                            [error] => 
                        )

                    [2] => Array
                        (
                            [scope] => Core
                            [class] => SPP\Tests\Core\Commands\SysStatusCommandTest
                            [method] => testCommandInitialization
                            [status] => passed
                            [error] => 
                        )

                    [3] => Array
                        (
                            [scope] => Core
                            [class] => SPP\Tests\Core\Commands\SysStatusCommandTest
                            [method] => testCommandExecution
                            [status] => passed
                            [error] => 
                        )

                    [4] => Array
                        (
                            [scope] => Core
                            [class] => SPP\Tests\Core\DataProviderTest
                            [method] => testAddition with data set
                            [status] => passed
                            [error] => 
                        )

                    [5] => Array
                        (
                            [scope] => Core
                            [class] => SPP\Tests\Core\DataProviderTest
                            [method] => testAddition with data set
                            [status] => passed
                            [error] => 
                        )

                    [6] => Array
                        (
                            [scope] => Core
                            [class] => SPP\Tests\Core\DataProviderTest
                            [method] => testAddition with data set
                            [status] => passed
                            [error] => 
                        )

                    [7] => Array
                        (
                            [scope] => Core
                            [class] => SPP\Tests\Core\DBLoggerTest
                            [method] => testDBLoggerProviderWritesSuccessfully
                            [status] => passed
                            [error] => 
                        )

                    [8] => Array
                        (
                            [scope] => Core
                            [class] => SPP\Tests\Core\DBLoggerTest
                            [method] => testEventBusTriggersDBLogger
                            [status] => passed
                            [error] => 
                        )

                    [9] => Array
                        (
                            [scope] => Core
                            [class] => SPP\Tests\Core\MockeryTest
                            [method] => testMockeryCanMockObjects
                            [status] => passed
                            [error] => 
                        )

                    [10] => Array
                        (
                            [scope] => Core
                            [class] => SPP\Tests\Core\ModuleTaxonomyTest
                            [method] => testModuleTypeParsing
                            [status] => passed
                            [error] => 
                        )

                    [11] => Array
                        (
                            [scope] => Core
                            [class] => SPP\Tests\Core\ModuleTaxonomyTest
                            [method] => testIsCompulsoryEvaluatesTrueForCoreAndCompulsory
                            [status] => passed
                            [error] => 
                        )

                    [12] => Array
                        (
                            [scope] => Core
                            [class] => SPP\Tests\Core\ModuleTaxonomyTest
                            [method] => testIsCompulsoryEvaluatesFalseForNonCore
                            [status] => passed
                            [error] => 
                        )

                    [13] => Array
                        (
                            [scope] => Core
                            [class] => SPP\Tests\Core\ModuleTaxonomyTest
                            [method] => testIsCompulsoryEvaluatesFalseForNonCompulsory
                            [status] => passed
                            [error] => 
                        )

                    [14] => Array
                        (
                            [scope] => Core
                            [class] => test.PestStyleTest.php
                            [method] => addition works with functional API
                            [status] => passed
                            [error] => 
                        )

                    [15] => Array
                        (
                            [scope] => Core
                            [class] => test.PestStyleTest.php
                            [method] => it can access $this via closure binding
                            [status] => passed
                            [error] => 
                        )

                    [16] => Array
                        (
                            [scope] => Core
                            [class] => test.PestStyleTest.php
                            [method] => subtraction works with functional API
                            [status] => passed
                            [error] => 
                        )

                    [17] => Array
                        (
                            [scope] => Core
                            [class] => SPP\Tests\Core\PsrLoggerAdapterTest
                            [method] => testInstantiation
                            [status] => passed
                            [error] => 
                        )

                    [18] => Array
                        (
                            [scope] => Core
                            [class] => SPP\Tests\Core\PsrLoggerAdapterTest
                            [method] => testLoggingLevels
                            [status] => passed
                            [error] => 
                        )

                    [19] => Array
                        (
                            [scope] => Core
                            [class] => SPP\Tests\Core\PsrLoggerAdapterTest
                            [method] => testInvalidLevelThrowsException
                            [status] => passed
                            [error] => 
                        )

                    [20] => Array
                        (
                            [scope] => Core
                            [class] => SPP\Tests\Core\SPPAuthTest
                            [method] => testDefaultGuardIsWeb
                            [status] => passed
                            [error] => 
                        )

                    [21] => Array
                        (
                            [scope] => Core
                            [class] => SPP\Tests\Core\SPPAuthTest
                            [method] => testLoginAndCheck
                            [status] => passed
                            [error] => 
                        )

                    [22] => Array
                        (
                            [scope] => Core
                            [class] => SPP\Tests\Core\SPPAuthTest
                            [method] => testLogout
                            [status] => passed
                            [error] => 
                        )

                    [23] => Array
                        (
                            [scope] => Core
                            [class] => SPP\Tests\Core\SPPAuthTest
                            [method] => testGetCurrentUser
                            [status] => passed
                            [error] => 
                        )

                    [24] => Array
                        (
                            [scope] => Core
                            [class] => SPP\Tests\Core\SPPConfigTest
                            [method] => testGetEnvValue
                            [status] => passed
                            [error] => 
                        )

                    [25] => Array
                        (
                            [scope] => Core
                            [class] => SPP\Tests\Core\SPPConfigTest
                            [method] => testDefaultValue
                            [status] => passed
                            [error] => 
                        )

                    [26] => Array
                        (
                            [scope] => Core
                            [class] => SPP\Tests\Core\SPPConfigTest
                            [method] => testSetAndGetAppCache
                            [status] => passed
                            [error] => 
                        )

                    [27] => Array
                        (
                            [scope] => Core
                            [class] => SPP\Tests\Core\SPPDBTest
                            [method] => testSelectAll
                            [status] => passed
                            [error] => 
                        )

                    [28] => Array
                        (
                            [scope] => Core
                            [class] => SPP\Tests\Core\SPPDBTest
                            [method] => testSelectSpecificColumns
                            [status] => passed
                            [error] => 
                        )

                    [29] => Array
                        (
                            [scope] => Core
                            [class] => SPP\Tests\Core\SPPDBTest
                            [method] => testWhereClause
                            [status] => failed
                            [error] => SQL should contain WHERE clause
                        )

                    [30] => Array
                        (
                            [scope] => Core
                            [class] => SPP\Tests\Core\SPPDBTest
                            [method] => testMultipleWhereClauses
                            [status] => failed
                            [error] => SQL should contain multiple WHERE clauses
                        )

                    [31] => Array
                        (
                            [scope] => Core
                            [class] => SPP\Tests\Core\SPPDBTest
                            [method] => testOrWhereClause
                            [status] => failed
                            [error] => SQL should contain OR WHERE clause
                        )

                    [32] => Array
                        (
                            [scope] => Core
                            [class] => SPP\Tests\Core\SPPDBTest
                            [method] => testOrderByAndLimit
                            [status] => failed
                            [error] => SQL should contain ORDER BY
                        )

                    [33] => Array
                        (
                            [scope] => Core
                            [class] => SPP\Tests\Core\SPPExtTest
                            [method] => testExtLifecycleDoesNotBootDB
                            [status] => passed
                            [error] => 
                        )

                    [34] => Array
                        (
                            [scope] => Core
                            [class] => SPP\Tests\Core\SPPMigrateTest
                            [method] => testMakeCommand
                            [status] => passed
                            [error] => 
                        )

                    [35] => Array
                        (
                            [scope] => Core
                            [class] => SPP\Tests\Core\SPPMigrateTest
                            [method] => testRunCommand
                            [status] => passed
                            [error] => 
                        )

                    [36] => Array
                        (
                            [scope] => Core
                            [class] => SPP\Tests\Core\SPPRouterTest
                            [method] => testGetPageThrowsExceptionForNonExistentRoute
                            [status] => passed
                            [error] => 
                        )

                    [37] => Array
                        (
                            [scope] => Core
                            [class] => SPP\Tests\Core\SPPRouterTest
                            [method] => testGetDefaultReturnsNullIfNoConfig
                            [status] => passed
                            [error] => 
                        )

                    [38] => Array
                        (
                            [scope] => Core
                            [class] => SPP\Tests\Core\SPPUXTest
                            [method] => testComponentMarkupGeneration
                            [status] => passed
                            [error] => 
                        )

                    [39] => Array
                        (
                            [scope] => Core
                            [class] => SPP\Tests\Core\SPPUXTest
                            [method] => testComponentWithSSRAndIsland
                            [status] => passed
                            [error] => 
                        )

                    [40] => Array
                        (
                            [scope] => Core
                            [class] => SPP\Tests\Core\SPPUXTest
                            [method] => testPaths
                            [status] => passed
                            [error] => 
                        )

                    [41] => Array
                        (
                            [scope] => Core
                            [class] => SPP\Tests\Core\SPPValidatorTest
                            [method] => testRequiredValidator
                            [status] => passed
                            [error] => 
                        )

                    [42] => Array
                        (
                            [scope] => Core
                            [class] => SPP\Tests\Core\SPPValidatorTest
                            [method] => testEmailValidator
                            [status] => passed
                            [error] => 
                        )

                    [43] => Array
                        (
                            [scope] => Core
                            [class] => SPP\Tests\Core\SPPValidatorTest
                            [method] => testMinLengthValidator
                            [status] => passed
                            [error] => 
                        )

                    [44] => Array
                        (
                            [scope] => Core
                            [class] => SPP\Tests\Core\SPPViewTest
                            [method] => testViewTagGeneration
                            [status] => passed
                            [error] => 
                        )

                    [45] => Array
                        (
                            [scope] => Core
                            [class] => SPP\Tests\Core\SPPViewTest
                            [method] => testUlGeneration
                            [status] => passed
                            [error] => 
                        )

                    [46] => Array
                        (
                            [scope] => Core
                            [class] => SPP\Tests\Core\SPPViewTest
                            [method] => testTableGeneration
                            [status] => passed
                            [error] => 
                        )

                    [47] => Array
                        (
                            [scope] => Core
                            [class] => SPP\Tests\Core\SPPViewCompilerTest
                            [method] => testCompilerTranslatesSppTrans
                            [status] => passed
                            [error] => 
                        )

                )

        )

)

Suite Summary:
Passed: 2 / 10

----------------------------------------
[2026-09-04 11:07:00] Evolutionary Scan executed for 'default':

LOADED MODULES FOR MIGRATION:
Array
(
    [0] => sppapi
    [1] => sppdb
    [2] => dbconfig
    [3] => sppauth
    [4] => spplogger
    [5] => sppview
    [6] => drishyam
    [7] => parikshak
    [8] => sppai
    [9] => lekhni
    [10] => sppxdb
    [11] => sppdeploy
    [12] => sppdoc
    [13] => spprouter
)

Migrating: 2026_06_02_000000_consolidate_identity_tables...
  Done.
Migrating: 2026_06_11_000000_sppauth_v2_architecture...
  Done.
Migrating: 2026_06_12_000000_create_spprouter_tables...
  Done.
Migrating: Migration_1_1_0...
  Done.
All migrations completed successfully.

TABLES IN DB AFTER MIGRATION:
Array
(
    [0] => Array
        (
            [name] => spp_migrations
        )

    [1] => Array
        (
            [name] => sqlite_sequence
        )

    [2] => Array
        (
            [name] => spp_users
        )

    [3] => Array
        (
            [name] => spp_roles
        )

    [4] => Array
        (
            [name] => spp_user_roles
        )

    [5] => Array
        (
            [name] => spp_login_attempts
        )

    [6] => Array
        (
            [name] => spp_personal_access_tokens
        )

    [7] => Array
        (
            [name] => spp_oauth_providers
        )

    [8] => Array
        (
            [name] => spp_sppauth_audit_log
        )

    [9] => Array
        (
            [name] => spp_magic_links
        )

    [10] => Array
        (
            [name] => spp_webauthn_credentials
        )

    [11] => Array
        (
            [name] => spp_oauth_clients
        )

    [12] => Array
        (
            [name] => spp_oauth_tokens
        )

    [13] => Array
        (
            [name] => spprouter_pages
        )

    [14] => Array
        (
            [name] => spprouter_defaults
        )

    [15] => Array
        (
            [name] => spprouter_specials
        )

)
Running test suite for app: default
Array
(
    [app] => default
    [timestamp] => 2026-09-04 11:06:43
    [seed] => 9081
    [entities] => Array
        (
            [0] => Array
                (
                    [class] => App\Default\Entities\Blogpost
                    [name] => BlogPost
                    [status] => skipped
                    [scenarios] => Array
                        (
                        )

                    [errors] => Array
                        (
                            [0] => Class "" does not exist
                        )

                )

            [1] => Array
                (
                    [class] => App\Default\Entities\Dummyentity
                    [name] => DummyEntity
                    [status] => passed
                    [scenarios] => Array
                        (
                            [0] => Array
                                (
                                    [name] => ValidData
                                    [status] => passed
                                    [duration_ms] => 55.22
                                )

                            [1] => Array
                                (
                                    [name] => Field Length Invariants
                                    [status] => passed
                                )

                            [2] => Array
                                (
                                    [name] => Data Type Invariants
                                    [status] => passed
                                )

                            [3] => Array
                                (
                                    [name] => Schema Integrity Check
                                    [status] => passed
                                )

                            [4] => Array
                                (
                                    [name] => Toxic Payload Resilience
                                    [status] => passed
                                )

                            [5] => Array
                                (
                                    [name] => Audit Trail Verification
                                    [status] => passed
                                )

                            [6] => Array
                                (
                                    [name] => Global Unicode Resilience
                                    [status] => passed
                                )

                            [7] => Array
                                (
                                    [name] => Bulk Stress Simulation
                                    [status] => passed
                                    [ops_per_sec] => 69.3
                                )

                            [8] => Array
                                (
                                    [name] => Transactional Integrity
                                    [status] => passed
                                )

                            [9] => Array
                                (
                                    [name] => Multi-Tenant Ghost Isolation
                                    [status] => passed
                                )

                            [10] => Array
                                (
                                    [name] => Validation Metadata Invariants
                                    [status] => skipped
                                    [error] => No validation rules defined for this entity.
                                )

                        )

                    [errors] => Array
                        (
                        )

                    [coverage] => Array
                        (
                            [hooks_implemented] => Array
                                (
                                )

                            [coverage_pct] => 0
                        )

                )

            [2] => Array
                (
                    [class] => App\Default\Entities\Employee
                    [name] => Employee
                    [status] => skipped
                    [scenarios] => Array
                        (
                        )

                    [errors] => Array
                        (
                            [0] => Skipped: Entity has no attributes defined in metadata.
                        )

                )

            [3] => Array
                (
                    [class] => App\Default\Entities\Featuremodel
                    [name] => FeatureModel
                    [status] => skipped
                    [scenarios] => Array
                        (
                        )

                    [errors] => Array
                        (
                            [0] => Class "" does not exist
                        )

                )

            [4] => Array
                (
                    [class] => App\Default\Entities\Newentity1
                    [name] => NewEntity1
                    [status] => passed
                    [scenarios] => Array
                        (
                            [0] => Array
                                (
                                    [name] => ValidData
                                    [status] => passed
                                    [duration_ms] => 35.49
                                )

                            [1] => Array
                                (
                                    [name] => Field Length Invariants
                                    [status] => passed
                                )

                            [2] => Array
                                (
                                    [name] => Data Type Invariants
                                    [status] => passed
                                )

                            [3] => Array
                                (
                                    [name] => Schema Integrity Check
                                    [status] => passed
                                )

                            [4] => Array
                                (
                                    [name] => Toxic Payload Resilience
                                    [status] => passed
                                )

                            [5] => Array
                                (
                                    [name] => Audit Trail Verification
                                    [status] => passed
                                )

                            [6] => Array
                                (
                                    [name] => Global Unicode Resilience
                                    [status] => passed
                                )

                            [7] => Array
                                (
                                    [name] => Bulk Stress Simulation
                                    [status] => passed
                                    [ops_per_sec] => 68.6
                                )

                            [8] => Array
                                (
                                    [name] => Transactional Integrity
                                    [status] => passed
                                )

                            [9] => Array
                                (
                                    [name] => Multi-Tenant Ghost Isolation
                                    [status] => passed
                                )

                            [10] => Array
                                (
                                    [name] => Validation Metadata Invariants
                                    [status] => skipped
                                    [error] => No validation rules defined for this entity.
                                )

                        )

                    [errors] => Array
                        (
                        )

                    [coverage] => Array
                        (
                            [hooks_implemented] => Array
                                (
                                )

                            [coverage_pct] => 0
                        )

                )

            [5] => Array
                (
                    [class] => App\Default\Entities\Staff
                    [name] => Staff
                    [status] => passed
                    [scenarios] => Array
                        (
                            [0] => Array
                                (
                                    [name] => ValidData
                                    [status] => passed
                                    [duration_ms] => 35.81
                                )

                            [1] => Array
                                (
                                    [name] => Field Length Invariants
                                    [status] => passed
                                )

                            [2] => Array
                                (
                                    [name] => Data Type Invariants
                                    [status] => passed
                                )

                            [3] => Array
                                (
                                    [name] => Schema Integrity Check
                                    [status] => passed
                                )

                            [4] => Array
                                (
                                    [name] => Toxic Payload Resilience
                                    [status] => passed
                                )

                            [5] => Array
                                (
                                    [name] => Audit Trail Verification
                                    [status] => passed
                                )

                            [6] => Array
                                (
                                    [name] => Global Unicode Resilience
                                    [status] => passed
                                )

                            [7] => Array
                                (
                                    [name] => Bulk Stress Simulation
                                    [status] => passed
                                    [ops_per_sec] => 61
                                )

                            [8] => Array
                                (
                                    [name] => Transactional Integrity
                                    [status] => passed
                                )

                            [9] => Array
                                (
                                    [name] => Multi-Tenant Ghost Isolation
                                    [status] => passed
                                )

                            [10] => Array
                                (
                                    [name] => Validation Metadata Invariants
                                    [status] => skipped
                                    [error] => No validation rules defined for this entity.
                                )

                        )

                    [errors] => Array
                        (
                        )

                    [coverage] => Array
                        (
                            [hooks_implemented] => Array
                                (
                                )

                            [coverage_pct] => 0
                        )

                )

            [6] => Array
                (
                    [class] => App\Default\Entities\Teacher
                    [name] => Teacher
                    [status] => passed
                    [scenarios] => Array
                        (
                            [0] => Array
                                (
                                    [name] => ValidData
                                    [status] => passed
                                    [duration_ms] => 28.54
                                )

                            [1] => Array
                                (
                                    [name] => Field Length Invariants
                                    [status] => passed
                                )

                            [2] => Array
                                (
                                    [name] => Data Type Invariants
                                    [status] => passed
                                )

                            [3] => Array
                                (
                                    [name] => Schema Integrity Check
                                    [status] => passed
                                )

                            [4] => Array
                                (
                                    [name] => Toxic Payload Resilience
                                    [status] => passed
                                )

                            [5] => Array
                                (
                                    [name] => Audit Trail Verification
                                    [status] => passed
                                )

                            [6] => Array
                                (
                                    [name] => Global Unicode Resilience
                                    [status] => passed
                                )

                            [7] => Array
                                (
                                    [name] => Bulk Stress Simulation
                                    [status] => passed
                                    [ops_per_sec] => 61.9
                                )

                            [8] => Array
                                (
                                    [name] => Transactional Integrity
                                    [status] => passed
                                )

                            [9] => Array
                                (
                                    [name] => Multi-Tenant Ghost Isolation
                                    [status] => passed
                                )

                            [10] => Array
                                (
                                    [name] => Validation Metadata Invariants
                                    [status] => skipped
                                    [error] => No validation rules defined for this entity.
                                )

                        )

                    [errors] => Array
                        (
                        )

                    [coverage] => Array
                        (
                            [hooks_implemented] => Array
                                (
                                )

                            [coverage_pct] => 0
                        )

                )

            [7] => Array
                (
                    [class] => App\Default\Entities\Testeditentity
                    [name] => TestEditEntity
                    [status] => skipped
                    [scenarios] => Array
                        (
                        )

                    [errors] => Array
                        (
                            [0] => Skipped: Entity has no attributes defined in metadata.
                        )

                )

            [8] => Array
                (
                    [class] => App\Default\Entities\Testentity
                    [name] => TestEntity
                    [status] => passed
                    [scenarios] => Array
                        (
                            [0] => Array
                                (
                                    [name] => ValidData
                                    [status] => passed
                                    [duration_ms] => 190.59
                                )

                            [1] => Array
                                (
                                    [name] => Field Length Invariants
                                    [status] => passed
                                )

                            [2] => Array
                                (
                                    [name] => Data Type Invariants
                                    [status] => passed
                                )

                            [3] => Array
                                (
                                    [name] => Schema Integrity Check
                                    [status] => passed
                                )

                            [4] => Array
                                (
                                    [name] => Toxic Payload Resilience
                                    [status] => passed
                                )

                            [5] => Array
                                (
                                    [name] => Audit Trail Verification
                                    [status] => passed
                                )

                            [6] => Array
                                (
                                    [name] => Global Unicode Resilience
                                    [status] => passed
                                )

                            [7] => Array
                                (
                                    [name] => Bulk Stress Simulation
                                    [status] => passed
                                    [ops_per_sec] => 11
                                )

                            [8] => Array
                                (
                                    [name] => Transactional Integrity
                                    [status] => passed
                                )

                            [9] => Array
                                (
                                    [name] => Multi-Tenant Ghost Isolation
                                    [status] => passed
                                )

                            [10] => Array
                                (
                                    [name] => Validation Metadata Invariants
                                    [status] => skipped
                                    [error] => No validation rules defined for this entity.
                                )

                        )

                    [errors] => Array
                        (
                        )

                    [coverage] => Array
                        (
                            [hooks_implemented] => Array
                                (
                                )

                            [coverage_pct] => 0
                        )

                )

            [9] => Array
                (
                    [class] => App\Default\Entities\Testuser
                    [name] => TestUser
                    [status] => skipped
                    [scenarios] => Array
                        (
                        )

                    [errors] => Array
                        (
                            [0] => Class "" does not exist
                        )

                )

        )

    [dependency_graph] => Array
        (
            [nodes] => Array
                (
                )

            [links] => Array
                (
                )

        )

    [summary] => Array
        (
            [total] => 10
            [passed] => 5
            [failed] => 0
            [skipped] => 5
        )

    [unit_tests] => Array
        (
            [summary] => Array
                (
                    [total] => 48
                    [passed] => 44
                    [failed] => 4
                )

            [tests] => Array
                (
                    [0] => Array
                        (
                            [scope] => Core
                            [class] => SPP\Tests\Core\Commands\CompileRegistryCommandTest
                            [method] => testCommandInitialization
                            [status] => passed
                            [error] => 
                        )

                    [1] => Array
                        (
                            [scope] => Core
                            [class] => SPP\Tests\Core\Commands\CompileRegistryCommandTest
                            [method] => testCommandExecution
                            [status] => passed
                            [error] => 
                        )

                    [2] => Array
                        (
                            [scope] => Core
                            [class] => SPP\Tests\Core\Commands\SysStatusCommandTest
                            [method] => testCommandInitialization
                            [status] => passed
                            [error] => 
                        )

                    [3] => Array
                        (
                            [scope] => Core
                            [class] => SPP\Tests\Core\Commands\SysStatusCommandTest
                            [method] => testCommandExecution
                            [status] => passed
                            [error] => 
                        )

                    [4] => Array
                        (
                            [scope] => Core
                            [class] => SPP\Tests\Core\DataProviderTest
                            [method] => testAddition with data set
                            [status] => passed
                            [error] => 
                        )

                    [5] => Array
                        (
                            [scope] => Core
                            [class] => SPP\Tests\Core\DataProviderTest
                            [method] => testAddition with data set
                            [status] => passed
                            [error] => 
                        )

                    [6] => Array
                        (
                            [scope] => Core
                            [class] => SPP\Tests\Core\DataProviderTest
                            [method] => testAddition with data set
                            [status] => passed
                            [error] => 
                        )

                    [7] => Array
                        (
                            [scope] => Core
                            [class] => SPP\Tests\Core\DBLoggerTest
                            [method] => testDBLoggerProviderWritesSuccessfully
                            [status] => passed
                            [error] => 
                        )

                    [8] => Array
                        (
                            [scope] => Core
                            [class] => SPP\Tests\Core\DBLoggerTest
                            [method] => testEventBusTriggersDBLogger
                            [status] => passed
                            [error] => 
                        )

                    [9] => Array
                        (
                            [scope] => Core
                            [class] => SPP\Tests\Core\MockeryTest
                            [method] => testMockeryCanMockObjects
                            [status] => passed
                            [error] => 
                        )

                    [10] => Array
                        (
                            [scope] => Core
                            [class] => SPP\Tests\Core\ModuleTaxonomyTest
                            [method] => testModuleTypeParsing
                            [status] => passed
                            [error] => 
                        )

                    [11] => Array
                        (
                            [scope] => Core
                            [class] => SPP\Tests\Core\ModuleTaxonomyTest
                            [method] => testIsCompulsoryEvaluatesTrueForCoreAndCompulsory
                            [status] => passed
                            [error] => 
                        )

                    [12] => Array
                        (
                            [scope] => Core
                            [class] => SPP\Tests\Core\ModuleTaxonomyTest
                            [method] => testIsCompulsoryEvaluatesFalseForNonCore
                            [status] => passed
                            [error] => 
                        )

                    [13] => Array
                        (
                            [scope] => Core
                            [class] => SPP\Tests\Core\ModuleTaxonomyTest
                            [method] => testIsCompulsoryEvaluatesFalseForNonCompulsory
                            [status] => passed
                            [error] => 
                        )

                    [14] => Array
                        (
                            [scope] => Core
                            [class] => test.PestStyleTest.php
                            [method] => addition works with functional API
                            [status] => passed
                            [error] => 
                        )

                    [15] => Array
                        (
                            [scope] => Core
                            [class] => test.PestStyleTest.php
                            [method] => it can access $this via closure binding
                            [status] => passed
                            [error] => 
                        )

                    [16] => Array
                        (
                            [scope] => Core
                            [class] => test.PestStyleTest.php
                            [method] => subtraction works with functional API
                            [status] => passed
                            [error] => 
                        )

                    [17] => Array
                        (
                            [scope] => Core
                            [class] => SPP\Tests\Core\PsrLoggerAdapterTest
                            [method] => testInstantiation
                            [status] => passed
                            [error] => 
                        )

                    [18] => Array
                        (
                            [scope] => Core
                            [class] => SPP\Tests\Core\PsrLoggerAdapterTest
                            [method] => testLoggingLevels
                            [status] => passed
                            [error] => 
                        )

                    [19] => Array
                        (
                            [scope] => Core
                            [class] => SPP\Tests\Core\PsrLoggerAdapterTest
                            [method] => testInvalidLevelThrowsException
                            [status] => passed
                            [error] => 
                        )

                    [20] => Array
                        (
                            [scope] => Core
                            [class] => SPP\Tests\Core\SPPAuthTest
                            [method] => testDefaultGuardIsWeb
                            [status] => passed
                            [error] => 
                        )

                    [21] => Array
                        (
                            [scope] => Core
                            [class] => SPP\Tests\Core\SPPAuthTest
                            [method] => testLoginAndCheck
                            [status] => passed
                            [error] => 
                        )

                    [22] => Array
                        (
                            [scope] => Core
                            [class] => SPP\Tests\Core\SPPAuthTest
                            [method] => testLogout
                            [status] => passed
                            [error] => 
                        )

                    [23] => Array
                        (
                            [scope] => Core
                            [class] => SPP\Tests\Core\SPPAuthTest
                            [method] => testGetCurrentUser
                            [status] => passed
                            [error] => 
                        )

                    [24] => Array
                        (
                            [scope] => Core
                            [class] => SPP\Tests\Core\SPPConfigTest
                            [method] => testGetEnvValue
                            [status] => passed
                            [error] => 
                        )

                    [25] => Array
                        (
                            [scope] => Core
                            [class] => SPP\Tests\Core\SPPConfigTest
                            [method] => testDefaultValue
                            [status] => passed
                            [error] => 
                        )

                    [26] => Array
                        (
                            [scope] => Core
                            [class] => SPP\Tests\Core\SPPConfigTest
                            [method] => testSetAndGetAppCache
                            [status] => passed
                            [error] => 
                        )

                    [27] => Array
                        (
                            [scope] => Core
                            [class] => SPP\Tests\Core\SPPDBTest
                            [method] => testSelectAll
                            [status] => passed
                            [error] => 
                        )

                    [28] => Array
                        (
                            [scope] => Core
                            [class] => SPP\Tests\Core\SPPDBTest
                            [method] => testSelectSpecificColumns
                            [status] => passed
                            [error] => 
                        )

                    [29] => Array
                        (
                            [scope] => Core
                            [class] => SPP\Tests\Core\SPPDBTest
                            [method] => testWhereClause
                            [status] => failed
                            [error] => SQL should contain WHERE clause
                        )

                    [30] => Array
                        (
                            [scope] => Core
                            [class] => SPP\Tests\Core\SPPDBTest
                            [method] => testMultipleWhereClauses
                            [status] => failed
                            [error] => SQL should contain multiple WHERE clauses
                        )

                    [31] => Array
                        (
                            [scope] => Core
                            [class] => SPP\Tests\Core\SPPDBTest
                            [method] => testOrWhereClause
                            [status] => failed
                            [error] => SQL should contain OR WHERE clause
                        )

                    [32] => Array
                        (
                            [scope] => Core
                            [class] => SPP\Tests\Core\SPPDBTest
                            [method] => testOrderByAndLimit
                            [status] => failed
                            [error] => SQL should contain ORDER BY
                        )

                    [33] => Array
                        (
                            [scope] => Core
                            [class] => SPP\Tests\Core\SPPExtTest
                            [method] => testExtLifecycleDoesNotBootDB
                            [status] => passed
                            [error] => 
                        )

                    [34] => Array
                        (
                            [scope] => Core
                            [class] => SPP\Tests\Core\SPPMigrateTest
                            [method] => testMakeCommand
                            [status] => passed
                            [error] => 
                        )

                    [35] => Array
                        (
                            [scope] => Core
                            [class] => SPP\Tests\Core\SPPMigrateTest
                            [method] => testRunCommand
                            [status] => passed
                            [error] => 
                        )

                    [36] => Array
                        (
                            [scope] => Core
                            [class] => SPP\Tests\Core\SPPRouterTest
                            [method] => testGetPageThrowsExceptionForNonExistentRoute
                            [status] => passed
                            [error] => 
                        )

                    [37] => Array
                        (
                            [scope] => Core
                            [class] => SPP\Tests\Core\SPPRouterTest
                            [method] => testGetDefaultReturnsNullIfNoConfig
                            [status] => passed
                            [error] => 
                        )

                    [38] => Array
                        (
                            [scope] => Core
                            [class] => SPP\Tests\Core\SPPUXTest
                            [method] => testComponentMarkupGeneration
                            [status] => passed
                            [error] => 
                        )

                    [39] => Array
                        (
                            [scope] => Core
                            [class] => SPP\Tests\Core\SPPUXTest
                            [method] => testComponentWithSSRAndIsland
                            [status] => passed
                            [error] => 
                        )

                    [40] => Array
                        (
                            [scope] => Core
                            [class] => SPP\Tests\Core\SPPUXTest
                            [method] => testPaths
                            [status] => passed
                            [error] => 
                        )

                    [41] => Array
                        (
                            [scope] => Core
                            [class] => SPP\Tests\Core\SPPValidatorTest
                            [method] => testRequiredValidator
                            [status] => passed
                            [error] => 
                        )

                    [42] => Array
                        (
                            [scope] => Core
                            [class] => SPP\Tests\Core\SPPValidatorTest
                            [method] => testEmailValidator
                            [status] => passed
                            [error] => 
                        )

                    [43] => Array
                        (
                            [scope] => Core
                            [class] => SPP\Tests\Core\SPPValidatorTest
                            [method] => testMinLengthValidator
                            [status] => passed
                            [error] => 
                        )

                    [44] => Array
                        (
                            [scope] => Core
                            [class] => SPP\Tests\Core\SPPViewTest
                            [method] => testViewTagGeneration
                            [status] => passed
                            [error] => 
                        )

                    [45] => Array
                        (
                            [scope] => Core
                            [class] => SPP\Tests\Core\SPPViewTest
                            [method] => testUlGeneration
                            [status] => passed
                            [error] => 
                        )

                    [46] => Array
                        (
                            [scope] => Core
                            [class] => SPP\Tests\Core\SPPViewTest
                            [method] => testTableGeneration
                            [status] => passed
                            [error] => 
                        )

                    [47] => Array
                        (
                            [scope] => Core
                            [class] => SPP\Tests\Core\SPPViewCompilerTest
                            [method] => testCompilerTranslatesSppTrans
                            [status] => passed
                            [error] => 
                        )

                )

        )

)

Suite Summary:
Passed: 5 / 10

----------------------------------------
[2026-09-04 11:07:34] Evolutionary Scan executed for 'default':

LOADED MODULES FOR MIGRATION:
Array
(
    [0] => sppapi
    [1] => sppdb
    [2] => dbconfig
    [3] => sppauth
    [4] => spplogger
    [5] => sppview
    [6] => drishyam
    [7] => parikshak
    [8] => sppai
    [9] => lekhni
    [10] => sppxdb
    [11] => sppdeploy
    [12] => sppdoc
    [13] => spprouter
)

Migrating: 2026_06_02_000000_consolidate_identity_tables...
  Done.
Migrating: 2026_06_11_000000_sppauth_v2_architecture...
  Done.
Migrating: 2026_06_12_000000_create_spprouter_tables...
  Done.
Migrating: Migration_1_1_0...
  Done.
All migrations completed successfully.

TABLES IN DB AFTER MIGRATION:
Array
(
    [0] => Array
        (
            [name] => spp_migrations
        )

    [1] => Array
        (
            [name] => sqlite_sequence
        )

    [2] => Array
        (
            [name] => spp_users
        )

    [3] => Array
        (
            [name] => spp_roles
        )

    [4] => Array
        (
            [name] => spp_user_roles
        )

    [5] => Array
        (
            [name] => spp_login_attempts
        )

    [6] => Array
        (
            [name] => spp_personal_access_tokens
        )

    [7] => Array
        (
            [name] => spp_oauth_providers
        )

    [8] => Array
        (
            [name] => spp_sppauth_audit_log
        )

    [9] => Array
        (
            [name] => spp_magic_links
        )

    [10] => Array
        (
            [name] => spp_webauthn_credentials
        )

    [11] => Array
        (
            [name] => spp_oauth_clients
        )

    [12] => Array
        (
            [name] => spp_oauth_tokens
        )

    [13] => Array
        (
            [name] => spprouter_pages
        )

    [14] => Array
        (
            [name] => spprouter_defaults
        )

    [15] => Array
        (
            [name] => spprouter_specials
        )

)
Running test suite for app: default
Array
(
    [app] => default
    [timestamp] => 2026-09-04 11:07:14
    [seed] => 3258
    [entities] => Array
        (
            [0] => Array
                (
                    [class] => App\Default\Entities\Blogpost
                    [name] => BlogPost
                    [status] => skipped
                    [scenarios] => Array
                        (
                        )

                    [errors] => Array
                        (
                            [0] => Class "" does not exist
                        )

                )

            [1] => Array
                (
                    [class] => App\Default\Entities\Dummyentity
                    [name] => DummyEntity
                    [status] => passed
                    [scenarios] => Array
                        (
                            [0] => Array
                                (
                                    [name] => ValidData
                                    [status] => passed
                                    [duration_ms] => 56.72
                                )

                            [1] => Array
                                (
                                    [name] => Field Length Invariants
                                    [status] => passed
                                )

                            [2] => Array
                                (
                                    [name] => Data Type Invariants
                                    [status] => passed
                                )

                            [3] => Array
                                (
                                    [name] => Schema Integrity Check
                                    [status] => passed
                                )

                            [4] => Array
                                (
                                    [name] => Toxic Payload Resilience
                                    [status] => passed
                                )

                            [5] => Array
                                (
                                    [name] => Audit Trail Verification
                                    [status] => passed
                                )

                            [6] => Array
                                (
                                    [name] => Global Unicode Resilience
                                    [status] => passed
                                )

                            [7] => Array
                                (
                                    [name] => Bulk Stress Simulation
                                    [status] => passed
                                    [ops_per_sec] => 54.2
                                )

                            [8] => Array
                                (
                                    [name] => Transactional Integrity
                                    [status] => passed
                                )

                            [9] => Array
                                (
                                    [name] => Multi-Tenant Ghost Isolation
                                    [status] => passed
                                )

                            [10] => Array
                                (
                                    [name] => Validation Metadata Invariants
                                    [status] => skipped
                                    [error] => No validation rules defined for this entity.
                                )

                        )

                    [errors] => Array
                        (
                        )

                    [coverage] => Array
                        (
                            [hooks_implemented] => Array
                                (
                                )

                            [coverage_pct] => 0
                        )

                )

            [2] => Array
                (
                    [class] => App\Default\Entities\Employee
                    [name] => Employee
                    [status] => skipped
                    [scenarios] => Array
                        (
                        )

                    [errors] => Array
                        (
                            [0] => Skipped: Entity has no attributes defined in metadata.
                        )

                )

            [3] => Array
                (
                    [class] => App\Default\Entities\Featuremodel
                    [name] => FeatureModel
                    [status] => skipped
                    [scenarios] => Array
                        (
                        )

                    [errors] => Array
                        (
                            [0] => Class "" does not exist
                        )

                )

            [4] => Array
                (
                    [class] => App\Default\Entities\Newentity1
                    [name] => NewEntity1
                    [status] => passed
                    [scenarios] => Array
                        (
                            [0] => Array
                                (
                                    [name] => ValidData
                                    [status] => passed
                                    [duration_ms] => 40.82
                                )

                            [1] => Array
                                (
                                    [name] => Field Length Invariants
                                    [status] => passed
                                )

                            [2] => Array
                                (
                                    [name] => Data Type Invariants
                                    [status] => passed
                                )

                            [3] => Array
                                (
                                    [name] => Schema Integrity Check
                                    [status] => passed
                                )

                            [4] => Array
                                (
                                    [name] => Toxic Payload Resilience
                                    [status] => passed
                                )

                            [5] => Array
                                (
                                    [name] => Audit Trail Verification
                                    [status] => passed
                                )

                            [6] => Array
                                (
                                    [name] => Global Unicode Resilience
                                    [status] => passed
                                )

                            [7] => Array
                                (
                                    [name] => Bulk Stress Simulation
                                    [status] => passed
                                    [ops_per_sec] => 50.7
                                )

                            [8] => Array
                                (
                                    [name] => Transactional Integrity
                                    [status] => passed
                                )

                            [9] => Array
                                (
                                    [name] => Multi-Tenant Ghost Isolation
                                    [status] => passed
                                )

                            [10] => Array
                                (
                                    [name] => Validation Metadata Invariants
                                    [status] => skipped
                                    [error] => No validation rules defined for this entity.
                                )

                        )

                    [errors] => Array
                        (
                        )

                    [coverage] => Array
                        (
                            [hooks_implemented] => Array
                                (
                                )

                            [coverage_pct] => 0
                        )

                )

            [5] => Array
                (
                    [class] => App\Default\Entities\Staff
                    [name] => Staff
                    [status] => passed
                    [scenarios] => Array
                        (
                            [0] => Array
                                (
                                    [name] => ValidData
                                    [status] => passed
                                    [duration_ms] => 43.76
                                )

                            [1] => Array
                                (
                                    [name] => Field Length Invariants
                                    [status] => passed
                                )

                            [2] => Array
                                (
                                    [name] => Data Type Invariants
                                    [status] => passed
                                )

                            [3] => Array
                                (
                                    [name] => Schema Integrity Check
                                    [status] => passed
                                )

                            [4] => Array
                                (
                                    [name] => Toxic Payload Resilience
                                    [status] => passed
                                )

                            [5] => Array
                                (
                                    [name] => Audit Trail Verification
                                    [status] => passed
                                )

                            [6] => Array
                                (
                                    [name] => Global Unicode Resilience
                                    [status] => passed
                                )

                            [7] => Array
                                (
                                    [name] => Bulk Stress Simulation
                                    [status] => passed
                                    [ops_per_sec] => 47.2
                                )

                            [8] => Array
                                (
                                    [name] => Transactional Integrity
                                    [status] => passed
                                )

                            [9] => Array
                                (
                                    [name] => Multi-Tenant Ghost Isolation
                                    [status] => passed
                                )

                            [10] => Array
                                (
                                    [name] => Validation Metadata Invariants
                                    [status] => skipped
                                    [error] => No validation rules defined for this entity.
                                )

                        )

                    [errors] => Array
                        (
                        )

                    [coverage] => Array
                        (
                            [hooks_implemented] => Array
                                (
                                )

                            [coverage_pct] => 0
                        )

                )

            [6] => Array
                (
                    [class] => App\Default\Entities\Teacher
                    [name] => Teacher
                    [status] => passed
                    [scenarios] => Array
                        (
                            [0] => Array
                                (
                                    [name] => ValidData
                                    [status] => passed
                                    [duration_ms] => 48.26
                                )

                            [1] => Array
                                (
                                    [name] => Field Length Invariants
                                    [status] => passed
                                )

                            [2] => Array
                                (
                                    [name] => Data Type Invariants
                                    [status] => passed
                                )

                            [3] => Array
                                (
                                    [name] => Schema Integrity Check
                                    [status] => passed
                                )

                            [4] => Array
                                (
                                    [name] => Toxic Payload Resilience
                                    [status] => passed
                                )

                            [5] => Array
                                (
                                    [name] => Audit Trail Verification
                                    [status] => passed
                                )

                            [6] => Array
                                (
                                    [name] => Global Unicode Resilience
                                    [status] => passed
                                )

                            [7] => Array
                                (
                                    [name] => Bulk Stress Simulation
                                    [status] => passed
                                    [ops_per_sec] => 40.7
                                )

                            [8] => Array
                                (
                                    [name] => Transactional Integrity
                                    [status] => passed
                                )

                            [9] => Array
                                (
                                    [name] => Multi-Tenant Ghost Isolation
                                    [status] => passed
                                )

                            [10] => Array
                                (
                                    [name] => Validation Metadata Invariants
                                    [status] => skipped
                                    [error] => No validation rules defined for this entity.
                                )

                        )

                    [errors] => Array
                        (
                        )

                    [coverage] => Array
                        (
                            [hooks_implemented] => Array
                                (
                                )

                            [coverage_pct] => 0
                        )

                )

            [7] => Array
                (
                    [class] => App\Default\Entities\Testeditentity
                    [name] => TestEditEntity
                    [status] => skipped
                    [scenarios] => Array
                        (
                        )

                    [errors] => Array
                        (
                            [0] => Skipped: Entity has no attributes defined in metadata.
                        )

                )

            [8] => Array
                (
                    [class] => App\Default\Entities\Testentity
                    [name] => TestEntity
                    [status] => passed
                    [scenarios] => Array
                        (
                            [0] => Array
                                (
                                    [name] => ValidData
                                    [status] => passed
                                    [duration_ms] => 217.62
                                )

                            [1] => Array
                                (
                                    [name] => Field Length Invariants
                                    [status] => passed
                                )

                            [2] => Array
                                (
                                    [name] => Data Type Invariants
                                    [status] => passed
                                )

                            [3] => Array
                                (
                                    [name] => Schema Integrity Check
                                    [status] => passed
                                )

                            [4] => Array
                                (
                                    [name] => Toxic Payload Resilience
                                    [status] => passed
                                )

                            [5] => Array
                                (
                                    [name] => Audit Trail Verification
                                    [status] => passed
                                )

                            [6] => Array
                                (
                                    [name] => Global Unicode Resilience
                                    [status] => passed
                                )

                            [7] => Array
                                (
                                    [name] => Bulk Stress Simulation
                                    [status] => passed
                                    [ops_per_sec] => 9.8
                                )

                            [8] => Array
                                (
                                    [name] => Transactional Integrity
                                    [status] => passed
                                )

                            [9] => Array
                                (
                                    [name] => Multi-Tenant Ghost Isolation
                                    [status] => passed
                                )

                            [10] => Array
                                (
                                    [name] => Validation Metadata Invariants
                                    [status] => skipped
                                    [error] => No validation rules defined for this entity.
                                )

                        )

                    [errors] => Array
                        (
                        )

                    [coverage] => Array
                        (
                            [hooks_implemented] => Array
                                (
                                )

                            [coverage_pct] => 0
                        )

                )

            [9] => Array
                (
                    [class] => App\Default\Entities\Testuser
                    [name] => TestUser
                    [status] => skipped
                    [scenarios] => Array
                        (
                        )

                    [errors] => Array
                        (
                            [0] => Class "" does not exist
                        )

                )

        )

    [dependency_graph] => Array
        (
            [nodes] => Array
                (
                )

            [links] => Array
                (
                )

        )

    [summary] => Array
        (
            [total] => 10
            [passed] => 5
            [failed] => 0
            [skipped] => 5
        )

    [unit_tests] => Array
        (
            [summary] => Array
                (
                    [total] => 48
                    [passed] => 44
                    [failed] => 4
                )

            [tests] => Array
                (
                    [0] => Array
                        (
                            [scope] => Core
                            [class] => SPP\Tests\Core\Commands\CompileRegistryCommandTest
                            [method] => testCommandInitialization
                            [status] => passed
                            [error] => 
                        )

                    [1] => Array
                        (
                            [scope] => Core
                            [class] => SPP\Tests\Core\Commands\CompileRegistryCommandTest
                            [method] => testCommandExecution
                            [status] => passed
                            [error] => 
                        )

                    [2] => Array
                        (
                            [scope] => Core
                            [class] => SPP\Tests\Core\Commands\SysStatusCommandTest
                            [method] => testCommandInitialization
                            [status] => passed
                            [error] => 
                        )

                    [3] => Array
                        (
                            [scope] => Core
                            [class] => SPP\Tests\Core\Commands\SysStatusCommandTest
                            [method] => testCommandExecution
                            [status] => passed
                            [error] => 
                        )

                    [4] => Array
                        (
                            [scope] => Core
                            [class] => SPP\Tests\Core\DataProviderTest
                            [method] => testAddition with data set
                            [status] => passed
                            [error] => 
                        )

                    [5] => Array
                        (
                            [scope] => Core
                            [class] => SPP\Tests\Core\DataProviderTest
                            [method] => testAddition with data set
                            [status] => passed
                            [error] => 
                        )

                    [6] => Array
                        (
                            [scope] => Core
                            [class] => SPP\Tests\Core\DataProviderTest
                            [method] => testAddition with data set
                            [status] => passed
                            [error] => 
                        )

                    [7] => Array
                        (
                            [scope] => Core
                            [class] => SPP\Tests\Core\DBLoggerTest
                            [method] => testDBLoggerProviderWritesSuccessfully
                            [status] => passed
                            [error] => 
                        )

                    [8] => Array
                        (
                            [scope] => Core
                            [class] => SPP\Tests\Core\DBLoggerTest
                            [method] => testEventBusTriggersDBLogger
                            [status] => passed
                            [error] => 
                        )

                    [9] => Array
                        (
                            [scope] => Core
                            [class] => SPP\Tests\Core\MockeryTest
                            [method] => testMockeryCanMockObjects
                            [status] => passed
                            [error] => 
                        )

                    [10] => Array
                        (
                            [scope] => Core
                            [class] => SPP\Tests\Core\ModuleTaxonomyTest
                            [method] => testModuleTypeParsing
                            [status] => passed
                            [error] => 
                        )

                    [11] => Array
                        (
                            [scope] => Core
                            [class] => SPP\Tests\Core\ModuleTaxonomyTest
                            [method] => testIsCompulsoryEvaluatesTrueForCoreAndCompulsory
                            [status] => passed
                            [error] => 
                        )

                    [12] => Array
                        (
                            [scope] => Core
                            [class] => SPP\Tests\Core\ModuleTaxonomyTest
                            [method] => testIsCompulsoryEvaluatesFalseForNonCore
                            [status] => passed
                            [error] => 
                        )

                    [13] => Array
                        (
                            [scope] => Core
                            [class] => SPP\Tests\Core\ModuleTaxonomyTest
                            [method] => testIsCompulsoryEvaluatesFalseForNonCompulsory
                            [status] => passed
                            [error] => 
                        )

                    [14] => Array
                        (
                            [scope] => Core
                            [class] => test.PestStyleTest.php
                            [method] => addition works with functional API
                            [status] => passed
                            [error] => 
                        )

                    [15] => Array
                        (
                            [scope] => Core
                            [class] => test.PestStyleTest.php
                            [method] => it can access $this via closure binding
                            [status] => passed
                            [error] => 
                        )

                    [16] => Array
                        (
                            [scope] => Core
                            [class] => test.PestStyleTest.php
                            [method] => subtraction works with functional API
                            [status] => passed
                            [error] => 
                        )

                    [17] => Array
                        (
                            [scope] => Core
                            [class] => SPP\Tests\Core\PsrLoggerAdapterTest
                            [method] => testInstantiation
                            [status] => passed
                            [error] => 
                        )

                    [18] => Array
                        (
                            [scope] => Core
                            [class] => SPP\Tests\Core\PsrLoggerAdapterTest
                            [method] => testLoggingLevels
                            [status] => passed
                            [error] => 
                        )

                    [19] => Array
                        (
                            [scope] => Core
                            [class] => SPP\Tests\Core\PsrLoggerAdapterTest
                            [method] => testInvalidLevelThrowsException
                            [status] => passed
                            [error] => 
                        )

                    [20] => Array
                        (
                            [scope] => Core
                            [class] => SPP\Tests\Core\SPPAuthTest
                            [method] => testDefaultGuardIsWeb
                            [status] => passed
                            [error] => 
                        )

                    [21] => Array
                        (
                            [scope] => Core
                            [class] => SPP\Tests\Core\SPPAuthTest
                            [method] => testLoginAndCheck
                            [status] => passed
                            [error] => 
                        )

                    [22] => Array
                        (
                            [scope] => Core
                            [class] => SPP\Tests\Core\SPPAuthTest
                            [method] => testLogout
                            [status] => passed
                            [error] => 
                        )

                    [23] => Array
                        (
                            [scope] => Core
                            [class] => SPP\Tests\Core\SPPAuthTest
                            [method] => testGetCurrentUser
                            [status] => passed
                            [error] => 
                        )

                    [24] => Array
                        (
                            [scope] => Core
                            [class] => SPP\Tests\Core\SPPConfigTest
                            [method] => testGetEnvValue
                            [status] => passed
                            [error] => 
                        )

                    [25] => Array
                        (
                            [scope] => Core
                            [class] => SPP\Tests\Core\SPPConfigTest
                            [method] => testDefaultValue
                            [status] => passed
                            [error] => 
                        )

                    [26] => Array
                        (
                            [scope] => Core
                            [class] => SPP\Tests\Core\SPPConfigTest
                            [method] => testSetAndGetAppCache
                            [status] => passed
                            [error] => 
                        )

                    [27] => Array
                        (
                            [scope] => Core
                            [class] => SPP\Tests\Core\SPPDBTest
                            [method] => testSelectAll
                            [status] => passed
                            [error] => 
                        )

                    [28] => Array
                        (
                            [scope] => Core
                            [class] => SPP\Tests\Core\SPPDBTest
                            [method] => testSelectSpecificColumns
                            [status] => passed
                            [error] => 
                        )

                    [29] => Array
                        (
                            [scope] => Core
                            [class] => SPP\Tests\Core\SPPDBTest
                            [method] => testWhereClause
                            [status] => failed
                            [error] => SQL should contain WHERE clause
                        )

                    [30] => Array
                        (
                            [scope] => Core
                            [class] => SPP\Tests\Core\SPPDBTest
                            [method] => testMultipleWhereClauses
                            [status] => failed
                            [error] => SQL should contain multiple WHERE clauses
                        )

                    [31] => Array
                        (
                            [scope] => Core
                            [class] => SPP\Tests\Core\SPPDBTest
                            [method] => testOrWhereClause
                            [status] => failed
                            [error] => SQL should contain OR WHERE clause
                        )

                    [32] => Array
                        (
                            [scope] => Core
                            [class] => SPP\Tests\Core\SPPDBTest
                            [method] => testOrderByAndLimit
                            [status] => failed
                            [error] => SQL should contain ORDER BY
                        )

                    [33] => Array
                        (
                            [scope] => Core
                            [class] => SPP\Tests\Core\SPPExtTest
                            [method] => testExtLifecycleDoesNotBootDB
                            [status] => passed
                            [error] => 
                        )

                    [34] => Array
                        (
                            [scope] => Core
                            [class] => SPP\Tests\Core\SPPMigrateTest
                            [method] => testMakeCommand
                            [status] => passed
                            [error] => 
                        )

                    [35] => Array
                        (
                            [scope] => Core
                            [class] => SPP\Tests\Core\SPPMigrateTest
                            [method] => testRunCommand
                            [status] => passed
                            [error] => 
                        )

                    [36] => Array
                        (
                            [scope] => Core
                            [class] => SPP\Tests\Core\SPPRouterTest
                            [method] => testGetPageThrowsExceptionForNonExistentRoute
                            [status] => passed
                            [error] => 
                        )

                    [37] => Array
                        (
                            [scope] => Core
                            [class] => SPP\Tests\Core\SPPRouterTest
                            [method] => testGetDefaultReturnsNullIfNoConfig
                            [status] => passed
                            [error] => 
                        )

                    [38] => Array
                        (
                            [scope] => Core
                            [class] => SPP\Tests\Core\SPPUXTest
                            [method] => testComponentMarkupGeneration
                            [status] => passed
                            [error] => 
                        )

                    [39] => Array
                        (
                            [scope] => Core
                            [class] => SPP\Tests\Core\SPPUXTest
                            [method] => testComponentWithSSRAndIsland
                            [status] => passed
                            [error] => 
                        )

                    [40] => Array
                        (
                            [scope] => Core
                            [class] => SPP\Tests\Core\SPPUXTest
                            [method] => testPaths
                            [status] => passed
                            [error] => 
                        )

                    [41] => Array
                        (
                            [scope] => Core
                            [class] => SPP\Tests\Core\SPPValidatorTest
                            [method] => testRequiredValidator
                            [status] => passed
                            [error] => 
                        )

                    [42] => Array
                        (
                            [scope] => Core
                            [class] => SPP\Tests\Core\SPPValidatorTest
                            [method] => testEmailValidator
                            [status] => passed
                            [error] => 
                        )

                    [43] => Array
                        (
                            [scope] => Core
                            [class] => SPP\Tests\Core\SPPValidatorTest
                            [method] => testMinLengthValidator
                            [status] => passed
                            [error] => 
                        )

                    [44] => Array
                        (
                            [scope] => Core
                            [class] => SPP\Tests\Core\SPPViewTest
                            [method] => testViewTagGeneration
                            [status] => passed
                            [error] => 
                        )

                    [45] => Array
                        (
                            [scope] => Core
                            [class] => SPP\Tests\Core\SPPViewTest
                            [method] => testUlGeneration
                            [status] => passed
                            [error] => 
                        )

                    [46] => Array
                        (
                            [scope] => Core
                            [class] => SPP\Tests\Core\SPPViewTest
                            [method] => testTableGeneration
                            [status] => passed
                            [error] => 
                        )

                    [47] => Array
                        (
                            [scope] => Core
                            [class] => SPP\Tests\Core\SPPViewCompilerTest
                            [method] => testCompilerTranslatesSppTrans
                            [status] => passed
                            [error] => 
                        )

                )

        )

)

Suite Summary:
Passed: 5 / 10

----------------------------------------
[2026-09-04 11:24:57] Evolutionary Scan executed for 'default':

LOADED MODULES FOR MIGRATION:
Array
(
    [0] => sppapi
    [1] => sppdb
    [2] => dbconfig
    [3] => sppauth
    [4] => spplogger
    [5] => sppview
    [6] => drishyam
    [7] => parikshak
    [8] => sppai
    [9] => lekhni
    [10] => sppxdb
    [11] => sppdeploy
    [12] => sppdoc
    [13] => spprouter
)

Migrating: 2026_06_02_000000_consolidate_identity_tables...
  Done.
Migrating: 2026_06_11_000000_sppauth_v2_architecture...
  Done.
Migrating: 2026_06_12_000000_create_spprouter_tables...
  Done.
Migrating: Migration_1_1_0...
  Done.
All migrations completed successfully.

TABLES IN DB AFTER MIGRATION:
Array
(
    [0] => Array
        (
            [name] => spp_migrations
        )

    [1] => Array
        (
            [name] => sqlite_sequence
        )

    [2] => Array
        (
            [name] => spp_users
        )

    [3] => Array
        (
            [name] => spp_roles
        )

    [4] => Array
        (
            [name] => spp_user_roles
        )

    [5] => Array
        (
            [name] => spp_login_attempts
        )

    [6] => Array
        (
            [name] => spp_personal_access_tokens
        )

    [7] => Array
        (
            [name] => spp_oauth_providers
        )

    [8] => Array
        (
            [name] => spp_sppauth_audit_log
        )

    [9] => Array
        (
            [name] => spp_magic_links
        )

    [10] => Array
        (
            [name] => spp_webauthn_credentials
        )

    [11] => Array
        (
            [name] => spp_oauth_clients
        )

    [12] => Array
        (
            [name] => spp_oauth_tokens
        )

    [13] => Array
        (
            [name] => spprouter_pages
        )

    [14] => Array
        (
            [name] => spprouter_defaults
        )

    [15] => Array
        (
            [name] => spprouter_specials
        )

)
Running test suite for app: default
Array
(
    [app] => default
    [timestamp] => 2026-09-04 11:24:38
    [seed] => 2285
    [entities] => Array
        (
            [0] => Array
                (
                    [class] => App\Default\Entities\Blogpost
                    [name] => BlogPost
                    [status] => skipped
                    [scenarios] => Array
                        (
                        )

                    [errors] => Array
                        (
                            [0] => Class "" does not exist
                        )

                )

            [1] => Array
                (
                    [class] => App\Default\Entities\Dummyentity
                    [name] => DummyEntity
                    [status] => passed
                    [scenarios] => Array
                        (
                            [0] => Array
                                (
                                    [name] => ValidData
                                    [status] => passed
                                    [duration_ms] => 40.2
                                )

                            [1] => Array
                                (
                                    [name] => Field Length Invariants
                                    [status] => passed
                                )

                            [2] => Array
                                (
                                    [name] => Data Type Invariants
                                    [status] => passed
                                )

                            [3] => Array
                                (
                                    [name] => Schema Integrity Check
                                    [status] => passed
                                )

                            [4] => Array
                                (
                                    [name] => Toxic Payload Resilience
                                    [status] => passed
                                )

                            [5] => Array
                                (
                                    [name] => Audit Trail Verification
                                    [status] => passed
                                )

                            [6] => Array
                                (
                                    [name] => Global Unicode Resilience
                                    [status] => passed
                                )

                            [7] => Array
                                (
                                    [name] => Bulk Stress Simulation
                                    [status] => passed
                                    [ops_per_sec] => 61.9
                                )

                            [8] => Array
                                (
                                    [name] => Transactional Integrity
                                    [status] => passed
                                )

                            [9] => Array
                                (
                                    [name] => Multi-Tenant Ghost Isolation
                                    [status] => passed
                                )

                            [10] => Array
                                (
                                    [name] => Validation Metadata Invariants
                                    [status] => skipped
                                    [error] => No validation rules defined for this entity.
                                )

                        )

                    [errors] => Array
                        (
                        )

                    [coverage] => Array
                        (
                            [hooks_implemented] => Array
                                (
                                )

                            [coverage_pct] => 0
                        )

                )

            [2] => Array
                (
                    [class] => App\Default\Entities\Employee
                    [name] => Employee
                    [status] => skipped
                    [scenarios] => Array
                        (
                        )

                    [errors] => Array
                        (
                            [0] => Skipped: Entity has no attributes defined in metadata.
                        )

                )

            [3] => Array
                (
                    [class] => App\Default\Entities\Featuremodel
                    [name] => FeatureModel
                    [status] => skipped
                    [scenarios] => Array
                        (
                        )

                    [errors] => Array
                        (
                            [0] => Class "" does not exist
                        )

                )

            [4] => Array
                (
                    [class] => App\Default\Entities\Newentity1
                    [name] => NewEntity1
                    [status] => passed
                    [scenarios] => Array
                        (
                            [0] => Array
                                (
                                    [name] => ValidData
                                    [status] => passed
                                    [duration_ms] => 43.02
                                )

                            [1] => Array
                                (
                                    [name] => Field Length Invariants
                                    [status] => passed
                                )

                            [2] => Array
                                (
                                    [name] => Data Type Invariants
                                    [status] => passed
                                )

                            [3] => Array
                                (
                                    [name] => Schema Integrity Check
                                    [status] => passed
                                )

                            [4] => Array
                                (
                                    [name] => Toxic Payload Resilience
                                    [status] => passed
                                )

                            [5] => Array
                                (
                                    [name] => Audit Trail Verification
                                    [status] => passed
                                )

                            [6] => Array
                                (
                                    [name] => Global Unicode Resilience
                                    [status] => passed
                                )

                            [7] => Array
                                (
                                    [name] => Bulk Stress Simulation
                                    [status] => passed
                                    [ops_per_sec] => 44.9
                                )

                            [8] => Array
                                (
                                    [name] => Transactional Integrity
                                    [status] => passed
                                )

                            [9] => Array
                                (
                                    [name] => Multi-Tenant Ghost Isolation
                                    [status] => passed
                                )

                            [10] => Array
                                (
                                    [name] => Validation Metadata Invariants
                                    [status] => skipped
                                    [error] => No validation rules defined for this entity.
                                )

                        )

                    [errors] => Array
                        (
                        )

                    [coverage] => Array
                        (
                            [hooks_implemented] => Array
                                (
                                )

                            [coverage_pct] => 0
                        )

                )

            [5] => Array
                (
                    [class] => App\Default\Entities\Staff
                    [name] => Staff
                    [status] => passed
                    [scenarios] => Array
                        (
                            [0] => Array
                                (
                                    [name] => ValidData
                                    [status] => passed
                                    [duration_ms] => 61.76
                                )

                            [1] => Array
                                (
                                    [name] => Field Length Invariants
                                    [status] => passed
                                )

                            [2] => Array
                                (
                                    [name] => Data Type Invariants
                                    [status] => passed
                                )

                            [3] => Array
                                (
                                    [name] => Schema Integrity Check
                                    [status] => passed
                                )

                            [4] => Array
                                (
                                    [name] => Toxic Payload Resilience
                                    [status] => passed
                                )

                            [5] => Array
                                (
                                    [name] => Audit Trail Verification
                                    [status] => passed
                                )

                            [6] => Array
                                (
                                    [name] => Global Unicode Resilience
                                    [status] => passed
                                )

                            [7] => Array
                                (
                                    [name] => Bulk Stress Simulation
                                    [status] => passed
                                    [ops_per_sec] => 49.9
                                )

                            [8] => Array
                                (
                                    [name] => Transactional Integrity
                                    [status] => passed
                                )

                            [9] => Array
                                (
                                    [name] => Multi-Tenant Ghost Isolation
                                    [status] => passed
                                )

                            [10] => Array
                                (
                                    [name] => Validation Metadata Invariants
                                    [status] => skipped
                                    [error] => No validation rules defined for this entity.
                                )

                        )

                    [errors] => Array
                        (
                        )

                    [coverage] => Array
                        (
                            [hooks_implemented] => Array
                                (
                                )

                            [coverage_pct] => 0
                        )

                )

            [6] => Array
                (
                    [class] => App\Default\Entities\Teacher
                    [name] => Teacher
                    [status] => passed
                    [scenarios] => Array
                        (
                            [0] => Array
                                (
                                    [name] => ValidData
                                    [status] => passed
                                    [duration_ms] => 33.08
                                )

                            [1] => Array
                                (
                                    [name] => Field Length Invariants
                                    [status] => passed
                                )

                            [2] => Array
                                (
                                    [name] => Data Type Invariants
                                    [status] => passed
                                )

                            [3] => Array
                                (
                                    [name] => Schema Integrity Check
                                    [status] => passed
                                )

                            [4] => Array
                                (
                                    [name] => Toxic Payload Resilience
                                    [status] => passed
                                )

                            [5] => Array
                                (
                                    [name] => Audit Trail Verification
                                    [status] => passed
                                )

                            [6] => Array
                                (
                                    [name] => Global Unicode Resilience
                                    [status] => passed
                                )

                            [7] => Array
                                (
                                    [name] => Bulk Stress Simulation
                                    [status] => passed
                                    [ops_per_sec] => 45.2
                                )

                            [8] => Array
                                (
                                    [name] => Transactional Integrity
                                    [status] => passed
                                )

                            [9] => Array
                                (
                                    [name] => Multi-Tenant Ghost Isolation
                                    [status] => passed
                                )

                            [10] => Array
                                (
                                    [name] => Validation Metadata Invariants
                                    [status] => skipped
                                    [error] => No validation rules defined for this entity.
                                )

                        )

                    [errors] => Array
                        (
                        )

                    [coverage] => Array
                        (
                            [hooks_implemented] => Array
                                (
                                )

                            [coverage_pct] => 0
                        )

                )

            [7] => Array
                (
                    [class] => App\Default\Entities\Testeditentity
                    [name] => TestEditEntity
                    [status] => skipped
                    [scenarios] => Array
                        (
                        )

                    [errors] => Array
                        (
                            [0] => Skipped: Entity has no attributes defined in metadata.
                        )

                )

            [8] => Array
                (
                    [class] => App\Default\Entities\Testentity
                    [name] => TestEntity
                    [status] => passed
                    [scenarios] => Array
                        (
                            [0] => Array
                                (
                                    [name] => ValidData
                                    [status] => passed
                                    [duration_ms] => 348.56
                                )

                            [1] => Array
                                (
                                    [name] => Field Length Invariants
                                    [status] => passed
                                )

                            [2] => Array
                                (
                                    [name] => Data Type Invariants
                                    [status] => passed
                                )

                            [3] => Array
                                (
                                    [name] => Schema Integrity Check
                                    [status] => passed
                                )

                            [4] => Array
                                (
                                    [name] => Toxic Payload Resilience
                                    [status] => passed
                                )

                            [5] => Array
                                (
                                    [name] => Audit Trail Verification
                                    [status] => passed
                                )

                            [6] => Array
                                (
                                    [name] => Global Unicode Resilience
                                    [status] => passed
                                )

                            [7] => Array
                                (
                                    [name] => Bulk Stress Simulation
                                    [status] => passed
                                    [ops_per_sec] => 10.1
                                )

                            [8] => Array
                                (
                                    [name] => Transactional Integrity
                                    [status] => passed
                                )

                            [9] => Array
                                (
                                    [name] => Multi-Tenant Ghost Isolation
                                    [status] => passed
                                )

                            [10] => Array
                                (
                                    [name] => Validation Metadata Invariants
                                    [status] => skipped
                                    [error] => No validation rules defined for this entity.
                                )

                        )

                    [errors] => Array
                        (
                        )

                    [coverage] => Array
                        (
                            [hooks_implemented] => Array
                                (
                                )

                            [coverage_pct] => 0
                        )

                )

            [9] => Array
                (
                    [class] => App\Default\Entities\Testuser
                    [name] => TestUser
                    [status] => skipped
                    [scenarios] => Array
                        (
                        )

                    [errors] => Array
                        (
                            [0] => Class "" does not exist
                        )

                )

        )

    [dependency_graph] => Array
        (
            [nodes] => Array
                (
                )

            [links] => Array
                (
                )

        )

    [summary] => Array
        (
            [total] => 10
            [passed] => 5
            [failed] => 0
            [skipped] => 5
        )

    [unit_tests] => Array
        (
            [summary] => Array
                (
                    [total] => 48
                    [passed] => 44
                    [failed] => 4
                )

            [tests] => Array
                (
                    [0] => Array
                        (
                            [scope] => Core
                            [class] => SPP\Tests\Core\Commands\CompileRegistryCommandTest
                            [method] => testCommandInitialization
                            [status] => passed
                            [error] => 
                        )

                    [1] => Array
                        (
                            [scope] => Core
                            [class] => SPP\Tests\Core\Commands\CompileRegistryCommandTest
                            [method] => testCommandExecution
                            [status] => passed
                            [error] => 
                        )

                    [2] => Array
                        (
                            [scope] => Core
                            [class] => SPP\Tests\Core\Commands\SysStatusCommandTest
                            [method] => testCommandInitialization
                            [status] => passed
                            [error] => 
                        )

                    [3] => Array
                        (
                            [scope] => Core
                            [class] => SPP\Tests\Core\Commands\SysStatusCommandTest
                            [method] => testCommandExecution
                            [status] => passed
                            [error] => 
                        )

                    [4] => Array
                        (
                            [scope] => Core
                            [class] => SPP\Tests\Core\DataProviderTest
                            [method] => testAddition with data set
                            [status] => passed
                            [error] => 
                        )

                    [5] => Array
                        (
                            [scope] => Core
                            [class] => SPP\Tests\Core\DataProviderTest
                            [method] => testAddition with data set
                            [status] => passed
                            [error] => 
                        )

                    [6] => Array
                        (
                            [scope] => Core
                            [class] => SPP\Tests\Core\DataProviderTest
                            [method] => testAddition with data set
                            [status] => passed
                            [error] => 
                        )

                    [7] => Array
                        (
                            [scope] => Core
                            [class] => SPP\Tests\Core\DBLoggerTest
                            [method] => testDBLoggerProviderWritesSuccessfully
                            [status] => passed
                            [error] => 
                        )

                    [8] => Array
                        (
                            [scope] => Core
                            [class] => SPP\Tests\Core\DBLoggerTest
                            [method] => testEventBusTriggersDBLogger
                            [status] => passed
                            [error] => 
                        )

                    [9] => Array
                        (
                            [scope] => Core
                            [class] => SPP\Tests\Core\MockeryTest
                            [method] => testMockeryCanMockObjects
                            [status] => passed
                            [error] => 
                        )

                    [10] => Array
                        (
                            [scope] => Core
                            [class] => SPP\Tests\Core\ModuleTaxonomyTest
                            [method] => testModuleTypeParsing
                            [status] => passed
                            [error] => 
                        )

                    [11] => Array
                        (
                            [scope] => Core
                            [class] => SPP\Tests\Core\ModuleTaxonomyTest
                            [method] => testIsCompulsoryEvaluatesTrueForCoreAndCompulsory
                            [status] => passed
                            [error] => 
                        )

                    [12] => Array
                        (
                            [scope] => Core
                            [class] => SPP\Tests\Core\ModuleTaxonomyTest
                            [method] => testIsCompulsoryEvaluatesFalseForNonCore
                            [status] => passed
                            [error] => 
                        )

                    [13] => Array
                        (
                            [scope] => Core
                            [class] => SPP\Tests\Core\ModuleTaxonomyTest
                            [method] => testIsCompulsoryEvaluatesFalseForNonCompulsory
                            [status] => passed
                            [error] => 
                        )

                    [14] => Array
                        (
                            [scope] => Core
                            [class] => test.PestStyleTest.php
                            [method] => addition works with functional API
                            [status] => passed
                            [error] => 
                        )

                    [15] => Array
                        (
                            [scope] => Core
                            [class] => test.PestStyleTest.php
                            [method] => it can access $this via closure binding
                            [status] => passed
                            [error] => 
                        )

                    [16] => Array
                        (
                            [scope] => Core
                            [class] => test.PestStyleTest.php
                            [method] => subtraction works with functional API
                            [status] => passed
                            [error] => 
                        )

                    [17] => Array
                        (
                            [scope] => Core
                            [class] => SPP\Tests\Core\PsrLoggerAdapterTest
                            [method] => testInstantiation
                            [status] => passed
                            [error] => 
                        )

                    [18] => Array
                        (
                            [scope] => Core
                            [class] => SPP\Tests\Core\PsrLoggerAdapterTest
                            [method] => testLoggingLevels
                            [status] => passed
                            [error] => 
                        )

                    [19] => Array
                        (
                            [scope] => Core
                            [class] => SPP\Tests\Core\PsrLoggerAdapterTest
                            [method] => testInvalidLevelThrowsException
                            [status] => passed
                            [error] => 
                        )

                    [20] => Array
                        (
                            [scope] => Core
                            [class] => SPP\Tests\Core\SPPAuthTest
                            [method] => testDefaultGuardIsWeb
                            [status] => passed
                            [error] => 
                        )

                    [21] => Array
                        (
                            [scope] => Core
                            [class] => SPP\Tests\Core\SPPAuthTest
                            [method] => testLoginAndCheck
                            [status] => passed
                            [error] => 
                        )

                    [22] => Array
                        (
                            [scope] => Core
                            [class] => SPP\Tests\Core\SPPAuthTest
                            [method] => testLogout
                            [status] => passed
                            [error] => 
                        )

                    [23] => Array
                        (
                            [scope] => Core
                            [class] => SPP\Tests\Core\SPPAuthTest
                            [method] => testGetCurrentUser
                            [status] => passed
                            [error] => 
                        )

                    [24] => Array
                        (
                            [scope] => Core
                            [class] => SPP\Tests\Core\SPPConfigTest
                            [method] => testGetEnvValue
                            [status] => passed
                            [error] => 
                        )

                    [25] => Array
                        (
                            [scope] => Core
                            [class] => SPP\Tests\Core\SPPConfigTest
                            [method] => testDefaultValue
                            [status] => passed
                            [error] => 
                        )

                    [26] => Array
                        (
                            [scope] => Core
                            [class] => SPP\Tests\Core\SPPConfigTest
                            [method] => testSetAndGetAppCache
                            [status] => passed
                            [error] => 
                        )

                    [27] => Array
                        (
                            [scope] => Core
                            [class] => SPP\Tests\Core\SPPDBTest
                            [method] => testSelectAll
                            [status] => passed
                            [error] => 
                        )

                    [28] => Array
                        (
                            [scope] => Core
                            [class] => SPP\Tests\Core\SPPDBTest
                            [method] => testSelectSpecificColumns
                            [status] => passed
                            [error] => 
                        )

                    [29] => Array
                        (
                            [scope] => Core
                            [class] => SPP\Tests\Core\SPPDBTest
                            [method] => testWhereClause
                            [status] => failed
                            [error] => SQL should contain WHERE clause
                        )

                    [30] => Array
                        (
                            [scope] => Core
                            [class] => SPP\Tests\Core\SPPDBTest
                            [method] => testMultipleWhereClauses
                            [status] => failed
                            [error] => SQL should contain multiple WHERE clauses
                        )

                    [31] => Array
                        (
                            [scope] => Core
                            [class] => SPP\Tests\Core\SPPDBTest
                            [method] => testOrWhereClause
                            [status] => failed
                            [error] => SQL should contain OR WHERE clause
                        )

                    [32] => Array
                        (
                            [scope] => Core
                            [class] => SPP\Tests\Core\SPPDBTest
                            [method] => testOrderByAndLimit
                            [status] => failed
                            [error] => SQL should contain ORDER BY
                        )

                    [33] => Array
                        (
                            [scope] => Core
                            [class] => SPP\Tests\Core\SPPExtTest
                            [method] => testExtLifecycleDoesNotBootDB
                            [status] => passed
                            [error] => 
                        )

                    [34] => Array
                        (
                            [scope] => Core
                            [class] => SPP\Tests\Core\SPPMigrateTest
                            [method] => testMakeCommand
                            [status] => passed
                            [error] => 
                        )

                    [35] => Array
                        (
                            [scope] => Core
                            [class] => SPP\Tests\Core\SPPMigrateTest
                            [method] => testRunCommand
                            [status] => passed
                            [error] => 
                        )

                    [36] => Array
                        (
                            [scope] => Core
                            [class] => SPP\Tests\Core\SPPRouterTest
                            [method] => testGetPageThrowsExceptionForNonExistentRoute
                            [status] => passed
                            [error] => 
                        )

                    [37] => Array
                        (
                            [scope] => Core
                            [class] => SPP\Tests\Core\SPPRouterTest
                            [method] => testGetDefaultReturnsNullIfNoConfig
                            [status] => passed
                            [error] => 
                        )

                    [38] => Array
                        (
                            [scope] => Core
                            [class] => SPP\Tests\Core\SPPUXTest
                            [method] => testComponentMarkupGeneration
                            [status] => passed
                            [error] => 
                        )

                    [39] => Array
                        (
                            [scope] => Core
                            [class] => SPP\Tests\Core\SPPUXTest
                            [method] => testComponentWithSSRAndIsland
                            [status] => passed
                            [error] => 
                        )

                    [40] => Array
                        (
                            [scope] => Core
                            [class] => SPP\Tests\Core\SPPUXTest
                            [method] => testPaths
                            [status] => passed
                            [error] => 
                        )

                    [41] => Array
                        (
                            [scope] => Core
                            [class] => SPP\Tests\Core\SPPValidatorTest
                            [method] => testRequiredValidator
                            [status] => passed
                            [error] => 
                        )

                    [42] => Array
                        (
                            [scope] => Core
                            [class] => SPP\Tests\Core\SPPValidatorTest
                            [method] => testEmailValidator
                            [status] => passed
                            [error] => 
                        )

                    [43] => Array
                        (
                            [scope] => Core
                            [class] => SPP\Tests\Core\SPPValidatorTest
                            [method] => testMinLengthValidator
                            [status] => passed
                            [error] => 
                        )

                    [44] => Array
                        (
                            [scope] => Core
                            [class] => SPP\Tests\Core\SPPViewTest
                            [method] => testViewTagGeneration
                            [status] => passed
                            [error] => 
                        )

                    [45] => Array
                        (
                            [scope] => Core
                            [class] => SPP\Tests\Core\SPPViewTest
                            [method] => testUlGeneration
                            [status] => passed
                            [error] => 
                        )

                    [46] => Array
                        (
                            [scope] => Core
                            [class] => SPP\Tests\Core\SPPViewTest
                            [method] => testTableGeneration
                            [status] => passed
                            [error] => 
                        )

                    [47] => Array
                        (
                            [scope] => Core
                            [class] => SPP\Tests\Core\SPPViewCompilerTest
                            [method] => testCompilerTranslatesSppTrans
                            [status] => passed
                            [error] => 
                        )

                )

        )

)

Suite Summary:
Passed: 5 / 10

----------------------------------------
[2026-09-04 11:25:36] Evolutionary Scan executed for 'default':

LOADED MODULES FOR MIGRATION:
Array
(
    [0] => sppapi
    [1] => sppdb
    [2] => dbconfig
    [3] => sppauth
    [4] => spplogger
    [5] => sppview
    [6] => drishyam
    [7] => parikshak
    [8] => sppai
    [9] => lekhni
    [10] => sppxdb
    [11] => sppdeploy
    [12] => sppdoc
    [13] => spprouter
)

Migrating: 2026_06_02_000000_consolidate_identity_tables...
  Done.
Migrating: 2026_06_11_000000_sppauth_v2_architecture...
  Done.
Migrating: 2026_06_12_000000_create_spprouter_tables...
  Done.
Migrating: Migration_1_1_0...
  Done.
All migrations completed successfully.

TABLES IN DB AFTER MIGRATION:
Array
(
    [0] => Array
        (
            [name] => spp_migrations
        )

    [1] => Array
        (
            [name] => sqlite_sequence
        )

    [2] => Array
        (
            [name] => spp_users
        )

    [3] => Array
        (
            [name] => spp_roles
        )

    [4] => Array
        (
            [name] => spp_user_roles
        )

    [5] => Array
        (
            [name] => spp_login_attempts
        )

    [6] => Array
        (
            [name] => spp_personal_access_tokens
        )

    [7] => Array
        (
            [name] => spp_oauth_providers
        )

    [8] => Array
        (
            [name] => spp_sppauth_audit_log
        )

    [9] => Array
        (
            [name] => spp_magic_links
        )

    [10] => Array
        (
            [name] => spp_webauthn_credentials
        )

    [11] => Array
        (
            [name] => spp_oauth_clients
        )

    [12] => Array
        (
            [name] => spp_oauth_tokens
        )

    [13] => Array
        (
            [name] => spprouter_pages
        )

    [14] => Array
        (
            [name] => spprouter_defaults
        )

    [15] => Array
        (
            [name] => spprouter_specials
        )

)
Running test suite for app: default
Array
(
    [app] => default
    [timestamp] => 2026-09-04 11:25:11
    [seed] => 4299
    [entities] => Array
        (
            [0] => Array
                (
                    [class] => App\Default\Entities\Blogpost
                    [name] => BlogPost
                    [status] => skipped
                    [scenarios] => Array
                        (
                        )

                    [errors] => Array
                        (
                            [0] => Class "" does not exist
                        )

                )

            [1] => Array
                (
                    [class] => App\Default\Entities\Dummyentity
                    [name] => DummyEntity
                    [status] => passed
                    [scenarios] => Array
                        (
                            [0] => Array
                                (
                                    [name] => ValidData
                                    [status] => passed
                                    [duration_ms] => 58.19
                                )

                            [1] => Array
                                (
                                    [name] => Field Length Invariants
                                    [status] => passed
                                )

                            [2] => Array
                                (
                                    [name] => Data Type Invariants
                                    [status] => passed
                                )

                            [3] => Array
                                (
                                    [name] => Schema Integrity Check
                                    [status] => passed
                                )

                            [4] => Array
                                (
                                    [name] => Toxic Payload Resilience
                                    [status] => passed
                                )

                            [5] => Array
                                (
                                    [name] => Audit Trail Verification
                                    [status] => passed
                                )

                            [6] => Array
                                (
                                    [name] => Global Unicode Resilience
                                    [status] => passed
                                )

                            [7] => Array
                                (
                                    [name] => Bulk Stress Simulation
                                    [status] => passed
                                    [ops_per_sec] => 47
                                )

                            [8] => Array
                                (
                                    [name] => Transactional Integrity
                                    [status] => passed
                                )

                            [9] => Array
                                (
                                    [name] => Multi-Tenant Ghost Isolation
                                    [status] => passed
                                )

                            [10] => Array
                                (
                                    [name] => Validation Metadata Invariants
                                    [status] => skipped
                                    [error] => No validation rules defined for this entity.
                                )

                        )

                    [errors] => Array
                        (
                        )

                    [coverage] => Array
                        (
                            [hooks_implemented] => Array
                                (
                                )

                            [coverage_pct] => 0
                        )

                )

            [2] => Array
                (
                    [class] => App\Default\Entities\Employee
                    [name] => Employee
                    [status] => skipped
                    [scenarios] => Array
                        (
                        )

                    [errors] => Array
                        (
                            [0] => Skipped: Entity has no attributes defined in metadata.
                        )

                )

            [3] => Array
                (
                    [class] => App\Default\Entities\Featuremodel
                    [name] => FeatureModel
                    [status] => skipped
                    [scenarios] => Array
                        (
                        )

                    [errors] => Array
                        (
                            [0] => Class "" does not exist
                        )

                )

            [4] => Array
                (
                    [class] => App\Default\Entities\Newentity1
                    [name] => NewEntity1
                    [status] => passed
                    [scenarios] => Array
                        (
                            [0] => Array
                                (
                                    [name] => ValidData
                                    [status] => passed
                                    [duration_ms] => 43.1
                                )

                            [1] => Array
                                (
                                    [name] => Field Length Invariants
                                    [status] => passed
                                )

                            [2] => Array
                                (
                                    [name] => Data Type Invariants
                                    [status] => passed
                                )

                            [3] => Array
                                (
                                    [name] => Schema Integrity Check
                                    [status] => passed
                                )

                            [4] => Array
                                (
                                    [name] => Toxic Payload Resilience
                                    [status] => passed
                                )

                            [5] => Array
                                (
                                    [name] => Audit Trail Verification
                                    [status] => passed
                                )

                            [6] => Array
                                (
                                    [name] => Global Unicode Resilience
                                    [status] => passed
                                )

                            [7] => Array
                                (
                                    [name] => Bulk Stress Simulation
                                    [status] => passed
                                    [ops_per_sec] => 48.5
                                )

                            [8] => Array
                                (
                                    [name] => Transactional Integrity
                                    [status] => passed
                                )

                            [9] => Array
                                (
                                    [name] => Multi-Tenant Ghost Isolation
                                    [status] => passed
                                )

                            [10] => Array
                                (
                                    [name] => Validation Metadata Invariants
                                    [status] => skipped
                                    [error] => No validation rules defined for this entity.
                                )

                        )

                    [errors] => Array
                        (
                        )

                    [coverage] => Array
                        (
                            [hooks_implemented] => Array
                                (
                                )

                            [coverage_pct] => 0
                        )

                )

            [5] => Array
                (
                    [class] => App\Default\Entities\Staff
                    [name] => Staff
                    [status] => passed
                    [scenarios] => Array
                        (
                            [0] => Array
                                (
                                    [name] => ValidData
                                    [status] => passed
                                    [duration_ms] => 50.68
                                )

                            [1] => Array
                                (
                                    [name] => Field Length Invariants
                                    [status] => passed
                                )

                            [2] => Array
                                (
                                    [name] => Data Type Invariants
                                    [status] => passed
                                )

                            [3] => Array
                                (
                                    [name] => Schema Integrity Check
                                    [status] => passed
                                )

                            [4] => Array
                                (
                                    [name] => Toxic Payload Resilience
                                    [status] => passed
                                )

                            [5] => Array
                                (
                                    [name] => Audit Trail Verification
                                    [status] => passed
                                )

                            [6] => Array
                                (
                                    [name] => Global Unicode Resilience
                                    [status] => passed
                                )

                            [7] => Array
                                (
                                    [name] => Bulk Stress Simulation
                                    [status] => passed
                                    [ops_per_sec] => 47.3
                                )

                            [8] => Array
                                (
                                    [name] => Transactional Integrity
                                    [status] => passed
                                )

                            [9] => Array
                                (
                                    [name] => Multi-Tenant Ghost Isolation
                                    [status] => passed
                                )

                            [10] => Array
                                (
                                    [name] => Validation Metadata Invariants
                                    [status] => skipped
                                    [error] => No validation rules defined for this entity.
                                )

                        )

                    [errors] => Array
                        (
                        )

                    [coverage] => Array
                        (
                            [hooks_implemented] => Array
                                (
                                )

                            [coverage_pct] => 0
                        )

                )

            [6] => Array
                (
                    [class] => App\Default\Entities\Teacher
                    [name] => Teacher
                    [status] => passed
                    [scenarios] => Array
                        (
                            [0] => Array
                                (
                                    [name] => ValidData
                                    [status] => passed
                                    [duration_ms] => 61.76
                                )

                            [1] => Array
                                (
                                    [name] => Field Length Invariants
                                    [status] => passed
                                )

                            [2] => Array
                                (
                                    [name] => Data Type Invariants
                                    [status] => passed
                                )

                            [3] => Array
                                (
                                    [name] => Schema Integrity Check
                                    [status] => passed
                                )

                            [4] => Array
                                (
                                    [name] => Toxic Payload Resilience
                                    [status] => passed
                                )

                            [5] => Array
                                (
                                    [name] => Audit Trail Verification
                                    [status] => passed
                                )

                            [6] => Array
                                (
                                    [name] => Global Unicode Resilience
                                    [status] => passed
                                )

                            [7] => Array
                                (
                                    [name] => Bulk Stress Simulation
                                    [status] => passed
                                    [ops_per_sec] => 54.5
                                )

                            [8] => Array
                                (
                                    [name] => Transactional Integrity
                                    [status] => passed
                                )

                            [9] => Array
                                (
                                    [name] => Multi-Tenant Ghost Isolation
                                    [status] => passed
                                )

                            [10] => Array
                                (
                                    [name] => Validation Metadata Invariants
                                    [status] => skipped
                                    [error] => No validation rules defined for this entity.
                                )

                        )

                    [errors] => Array
                        (
                        )

                    [coverage] => Array
                        (
                            [hooks_implemented] => Array
                                (
                                )

                            [coverage_pct] => 0
                        )

                )

            [7] => Array
                (
                    [class] => App\Default\Entities\Testeditentity
                    [name] => TestEditEntity
                    [status] => skipped
                    [scenarios] => Array
                        (
                        )

                    [errors] => Array
                        (
                            [0] => Skipped: Entity has no attributes defined in metadata.
                        )

                )

            [8] => Array
                (
                    [class] => App\Default\Entities\Testentity
                    [name] => TestEntity
                    [status] => failed
                    [scenarios] => Array
                        (
                            [0] => Array
                                (
                                    [name] => ValidData
                                    [status] => failed
                                    [error] => Value mismatch on 'created_at': Expected '2026-09-04 11:25:20', got '2026-09-04 11:25:21'
                                    [diagnostics] => Array
                                        (
                                        )

                                )

                            [1] => Array
                                (
                                    [name] => Field Length Invariants
                                    [status] => passed
                                )

                            [2] => Array
                                (
                                    [name] => Data Type Invariants
                                    [status] => passed
                                )

                            [3] => Array
                                (
                                    [name] => Schema Integrity Check
                                    [status] => passed
                                )

                            [4] => Array
                                (
                                    [name] => Toxic Payload Resilience
                                    [status] => passed
                                )

                            [5] => Array
                                (
                                    [name] => Audit Trail Verification
                                    [status] => passed
                                )

                            [6] => Array
                                (
                                    [name] => Global Unicode Resilience
                                    [status] => passed
                                )

                            [7] => Array
                                (
                                    [name] => Bulk Stress Simulation
                                    [status] => passed
                                    [ops_per_sec] => 7.1
                                )

                            [8] => Array
                                (
                                    [name] => Transactional Integrity
                                    [status] => passed
                                )

                            [9] => Array
                                (
                                    [name] => Multi-Tenant Ghost Isolation
                                    [status] => passed
                                )

                            [10] => Array
                                (
                                    [name] => Validation Metadata Invariants
                                    [status] => skipped
                                    [error] => No validation rules defined for this entity.
                                )

                        )

                    [errors] => Array
                        (
                            [0] => Value mismatch on 'created_at': Expected '2026-09-04 11:25:20', got '2026-09-04 11:25:21'
                        )

                    [coverage] => Array
                        (
                            [hooks_implemented] => Array
                                (
                                )

                            [coverage_pct] => 0
                        )

                )

            [9] => Array
                (
                    [class] => App\Default\Entities\Testuser
                    [name] => TestUser
                    [status] => skipped
                    [scenarios] => Array
                        (
                        )

                    [errors] => Array
                        (
                            [0] => Class "" does not exist
                        )

                )

        )

    [dependency_graph] => Array
        (
            [nodes] => Array
                (
                )

            [links] => Array
                (
                )

        )

    [summary] => Array
        (
            [total] => 10
            [passed] => 4
            [failed] => 1
            [skipped] => 5
        )

    [unit_tests] => Array
        (
            [summary] => Array
                (
                    [total] => 48
                    [passed] => 44
                    [failed] => 4
                )

            [tests] => Array
                (
                    [0] => Array
                        (
                            [scope] => Core
                            [class] => SPP\Tests\Core\Commands\CompileRegistryCommandTest
                            [method] => testCommandInitialization
                            [status] => passed
                            [error] => 
                        )

                    [1] => Array
                        (
                            [scope] => Core
                            [class] => SPP\Tests\Core\Commands\CompileRegistryCommandTest
                            [method] => testCommandExecution
                            [status] => passed
                            [error] => 
                        )

                    [2] => Array
                        (
                            [scope] => Core
                            [class] => SPP\Tests\Core\Commands\SysStatusCommandTest
                            [method] => testCommandInitialization
                            [status] => passed
                            [error] => 
                        )

                    [3] => Array
                        (
                            [scope] => Core
                            [class] => SPP\Tests\Core\Commands\SysStatusCommandTest
                            [method] => testCommandExecution
                            [status] => passed
                            [error] => 
                        )

                    [4] => Array
                        (
                            [scope] => Core
                            [class] => SPP\Tests\Core\DataProviderTest
                            [method] => testAddition with data set
                            [status] => passed
                            [error] => 
                        )

                    [5] => Array
                        (
                            [scope] => Core
                            [class] => SPP\Tests\Core\DataProviderTest
                            [method] => testAddition with data set
                            [status] => passed
                            [error] => 
                        )

                    [6] => Array
                        (
                            [scope] => Core
                            [class] => SPP\Tests\Core\DataProviderTest
                            [method] => testAddition with data set
                            [status] => passed
                            [error] => 
                        )

                    [7] => Array
                        (
                            [scope] => Core
                            [class] => SPP\Tests\Core\DBLoggerTest
                            [method] => testDBLoggerProviderWritesSuccessfully
                            [status] => passed
                            [error] => 
                        )

                    [8] => Array
                        (
                            [scope] => Core
                            [class] => SPP\Tests\Core\DBLoggerTest
                            [method] => testEventBusTriggersDBLogger
                            [status] => passed
                            [error] => 
                        )

                    [9] => Array
                        (
                            [scope] => Core
                            [class] => SPP\Tests\Core\MockeryTest
                            [method] => testMockeryCanMockObjects
                            [status] => passed
                            [error] => 
                        )

                    [10] => Array
                        (
                            [scope] => Core
                            [class] => SPP\Tests\Core\ModuleTaxonomyTest
                            [method] => testModuleTypeParsing
                            [status] => passed
                            [error] => 
                        )

                    [11] => Array
                        (
                            [scope] => Core
                            [class] => SPP\Tests\Core\ModuleTaxonomyTest
                            [method] => testIsCompulsoryEvaluatesTrueForCoreAndCompulsory
                            [status] => passed
                            [error] => 
                        )

                    [12] => Array
                        (
                            [scope] => Core
                            [class] => SPP\Tests\Core\ModuleTaxonomyTest
                            [method] => testIsCompulsoryEvaluatesFalseForNonCore
                            [status] => passed
                            [error] => 
                        )

                    [13] => Array
                        (
                            [scope] => Core
                            [class] => SPP\Tests\Core\ModuleTaxonomyTest
                            [method] => testIsCompulsoryEvaluatesFalseForNonCompulsory
                            [status] => passed
                            [error] => 
                        )

                    [14] => Array
                        (
                            [scope] => Core
                            [class] => test.PestStyleTest.php
                            [method] => addition works with functional API
                            [status] => passed
                            [error] => 
                        )

                    [15] => Array
                        (
                            [scope] => Core
                            [class] => test.PestStyleTest.php
                            [method] => it can access $this via closure binding
                            [status] => passed
                            [error] => 
                        )

                    [16] => Array
                        (
                            [scope] => Core
                            [class] => test.PestStyleTest.php
                            [method] => subtraction works with functional API
                            [status] => passed
                            [error] => 
                        )

                    [17] => Array
                        (
                            [scope] => Core
                            [class] => SPP\Tests\Core\PsrLoggerAdapterTest
                            [method] => testInstantiation
                            [status] => passed
                            [error] => 
                        )

                    [18] => Array
                        (
                            [scope] => Core
                            [class] => SPP\Tests\Core\PsrLoggerAdapterTest
                            [method] => testLoggingLevels
                            [status] => passed
                            [error] => 
                        )

                    [19] => Array
                        (
                            [scope] => Core
                            [class] => SPP\Tests\Core\PsrLoggerAdapterTest
                            [method] => testInvalidLevelThrowsException
                            [status] => passed
                            [error] => 
                        )

                    [20] => Array
                        (
                            [scope] => Core
                            [class] => SPP\Tests\Core\SPPAuthTest
                            [method] => testDefaultGuardIsWeb
                            [status] => passed
                            [error] => 
                        )

                    [21] => Array
                        (
                            [scope] => Core
                            [class] => SPP\Tests\Core\SPPAuthTest
                            [method] => testLoginAndCheck
                            [status] => passed
                            [error] => 
                        )

                    [22] => Array
                        (
                            [scope] => Core
                            [class] => SPP\Tests\Core\SPPAuthTest
                            [method] => testLogout
                            [status] => passed
                            [error] => 
                        )

                    [23] => Array
                        (
                            [scope] => Core
                            [class] => SPP\Tests\Core\SPPAuthTest
                            [method] => testGetCurrentUser
                            [status] => passed
                            [error] => 
                        )

                    [24] => Array
                        (
                            [scope] => Core
                            [class] => SPP\Tests\Core\SPPConfigTest
                            [method] => testGetEnvValue
                            [status] => passed
                            [error] => 
                        )

                    [25] => Array
                        (
                            [scope] => Core
                            [class] => SPP\Tests\Core\SPPConfigTest
                            [method] => testDefaultValue
                            [status] => passed
                            [error] => 
                        )

                    [26] => Array
                        (
                            [scope] => Core
                            [class] => SPP\Tests\Core\SPPConfigTest
                            [method] => testSetAndGetAppCache
                            [status] => passed
                            [error] => 
                        )

                    [27] => Array
                        (
                            [scope] => Core
                            [class] => SPP\Tests\Core\SPPDBTest
                            [method] => testSelectAll
                            [status] => passed
                            [error] => 
                        )

                    [28] => Array
                        (
                            [scope] => Core
                            [class] => SPP\Tests\Core\SPPDBTest
                            [method] => testSelectSpecificColumns
                            [status] => passed
                            [error] => 
                        )

                    [29] => Array
                        (
                            [scope] => Core
                            [class] => SPP\Tests\Core\SPPDBTest
                            [method] => testWhereClause
                            [status] => failed
                            [error] => SQL should contain WHERE clause
                        )

                    [30] => Array
                        (
                            [scope] => Core
                            [class] => SPP\Tests\Core\SPPDBTest
                            [method] => testMultipleWhereClauses
                            [status] => failed
                            [error] => SQL should contain multiple WHERE clauses
                        )

                    [31] => Array
                        (
                            [scope] => Core
                            [class] => SPP\Tests\Core\SPPDBTest
                            [method] => testOrWhereClause
                            [status] => failed
                            [error] => SQL should contain OR WHERE clause
                        )

                    [32] => Array
                        (
                            [scope] => Core
                            [class] => SPP\Tests\Core\SPPDBTest
                            [method] => testOrderByAndLimit
                            [status] => failed
                            [error] => SQL should contain ORDER BY
                        )

                    [33] => Array
                        (
                            [scope] => Core
                            [class] => SPP\Tests\Core\SPPExtTest
                            [method] => testExtLifecycleDoesNotBootDB
                            [status] => passed
                            [error] => 
                        )

                    [34] => Array
                        (
                            [scope] => Core
                            [class] => SPP\Tests\Core\SPPMigrateTest
                            [method] => testMakeCommand
                            [status] => passed
                            [error] => 
                        )

                    [35] => Array
                        (
                            [scope] => Core
                            [class] => SPP\Tests\Core\SPPMigrateTest
                            [method] => testRunCommand
                            [status] => passed
                            [error] => 
                        )

                    [36] => Array
                        (
                            [scope] => Core
                            [class] => SPP\Tests\Core\SPPRouterTest
                            [method] => testGetPageThrowsExceptionForNonExistentRoute
                            [status] => passed
                            [error] => 
                        )

                    [37] => Array
                        (
                            [scope] => Core
                            [class] => SPP\Tests\Core\SPPRouterTest
                            [method] => testGetDefaultReturnsNullIfNoConfig
                            [status] => passed
                            [error] => 
                        )

                    [38] => Array
                        (
                            [scope] => Core
                            [class] => SPP\Tests\Core\SPPUXTest
                            [method] => testComponentMarkupGeneration
                            [status] => passed
                            [error] => 
                        )

                    [39] => Array
                        (
                            [scope] => Core
                            [class] => SPP\Tests\Core\SPPUXTest
                            [method] => testComponentWithSSRAndIsland
                            [status] => passed
                            [error] => 
                        )

                    [40] => Array
                        (
                            [scope] => Core
                            [class] => SPP\Tests\Core\SPPUXTest
                            [method] => testPaths
                            [status] => passed
                            [error] => 
                        )

                    [41] => Array
                        (
                            [scope] => Core
                            [class] => SPP\Tests\Core\SPPValidatorTest
                            [method] => testRequiredValidator
                            [status] => passed
                            [error] => 
                        )

                    [42] => Array
                        (
                            [scope] => Core
                            [class] => SPP\Tests\Core\SPPValidatorTest
                            [method] => testEmailValidator
                            [status] => passed
                            [error] => 
                        )

                    [43] => Array
                        (
                            [scope] => Core
                            [class] => SPP\Tests\Core\SPPValidatorTest
                            [method] => testMinLengthValidator
                            [status] => passed
                            [error] => 
                        )

                    [44] => Array
                        (
                            [scope] => Core
                            [class] => SPP\Tests\Core\SPPViewTest
                            [method] => testViewTagGeneration
                            [status] => passed
                            [error] => 
                        )

                    [45] => Array
                        (
                            [scope] => Core
                            [class] => SPP\Tests\Core\SPPViewTest
                            [method] => testUlGeneration
                            [status] => passed
                            [error] => 
                        )

                    [46] => Array
                        (
                            [scope] => Core
                            [class] => SPP\Tests\Core\SPPViewTest
                            [method] => testTableGeneration
                            [status] => passed
                            [error] => 
                        )

                    [47] => Array
                        (
                            [scope] => Core
                            [class] => SPP\Tests\Core\SPPViewCompilerTest
                            [method] => testCompilerTranslatesSppTrans
                            [status] => passed
                            [error] => 
                        )

                )

        )

)

Suite Summary:
Passed: 4 / 10

----------------------------------------
[2026-09-04 15:15:15] Evolutionary Scan executed for 'default':

LOADED MODULES FOR MIGRATION:
Array
(
    [0] => sppapi
    [1] => sppdb
    [2] => dbconfig
    [3] => sppauth
    [4] => spplogger
    [5] => sppview
    [6] => drishyam
    [7] => parikshak
    [8] => sppai
    [9] => lekhni
    [10] => sppxdb
    [11] => sppdeploy
    [12] => sppdoc
    [13] => spprouter
)

Migrating: 2026_06_02_000000_consolidate_identity_tables...
  Done.
Migrating: 2026_06_11_000000_sppauth_v2_architecture...
  Done.
Migrating: 2026_06_12_000000_create_spprouter_tables...
  Done.
Migrating: Migration_1_1_0...
  Done.
All migrations completed successfully.

TABLES IN DB AFTER MIGRATION:
Array
(
    [0] => Array
        (
            [name] => spp_migrations
        )

    [1] => Array
        (
            [name] => sqlite_sequence
        )

    [2] => Array
        (
            [name] => spp_users
        )

    [3] => Array
        (
            [name] => spp_roles
        )

    [4] => Array
        (
            [name] => spp_user_roles
        )

    [5] => Array
        (
            [name] => spp_login_attempts
        )

    [6] => Array
        (
            [name] => spp_personal_access_tokens
        )

    [7] => Array
        (
            [name] => spp_oauth_providers
        )

    [8] => Array
        (
            [name] => spp_sppauth_audit_log
        )

    [9] => Array
        (
            [name] => spp_magic_links
        )

    [10] => Array
        (
            [name] => spp_webauthn_credentials
        )

    [11] => Array
        (
            [name] => spp_oauth_clients
        )

    [12] => Array
        (
            [name] => spp_oauth_tokens
        )

    [13] => Array
        (
            [name] => spprouter_pages
        )

    [14] => Array
        (
            [name] => spprouter_defaults
        )

    [15] => Array
        (
            [name] => spprouter_specials
        )

)
Running test suite for app: default
Array
(
    [app] => default
    [timestamp] => 2026-09-04 15:14:56
    [seed] => 2189
    [entities] => Array
        (
            [0] => Array
                (
                    [class] => App\Default\Entities\Blogpost
                    [name] => BlogPost
                    [status] => skipped
                    [scenarios] => Array
                        (
                        )

                    [errors] => Array
                        (
                            [0] => Class "" does not exist
                        )

                )

            [1] => Array
                (
                    [class] => App\Default\Entities\Dummyentity
                    [name] => DummyEntity
                    [status] => passed
                    [scenarios] => Array
                        (
                            [0] => Array
                                (
                                    [name] => ValidData
                                    [status] => passed
                                    [duration_ms] => 60.93
                                )

                            [1] => Array
                                (
                                    [name] => Field Length Invariants
                                    [status] => passed
                                )

                            [2] => Array
                                (
                                    [name] => Data Type Invariants
                                    [status] => passed
                                )

                            [3] => Array
                                (
                                    [name] => Schema Integrity Check
                                    [status] => passed
                                )

                            [4] => Array
                                (
                                    [name] => Toxic Payload Resilience
                                    [status] => passed
                                )

                            [5] => Array
                                (
                                    [name] => Audit Trail Verification
                                    [status] => passed
                                )

                            [6] => Array
                                (
                                    [name] => Global Unicode Resilience
                                    [status] => passed
                                )

                            [7] => Array
                                (
                                    [name] => Bulk Stress Simulation
                                    [status] => passed
                                    [ops_per_sec] => 48.3
                                )

                            [8] => Array
                                (
                                    [name] => Transactional Integrity
                                    [status] => passed
                                )

                            [9] => Array
                                (
                                    [name] => Multi-Tenant Ghost Isolation
                                    [status] => passed
                                )

                            [10] => Array
                                (
                                    [name] => Validation Metadata Invariants
                                    [status] => skipped
                                    [error] => No validation rules defined for this entity.
                                )

                        )

                    [errors] => Array
                        (
                        )

                    [coverage] => Array
                        (
                            [hooks_implemented] => Array
                                (
                                )

                            [coverage_pct] => 0
                        )

                )

            [2] => Array
                (
                    [class] => App\Default\Entities\Employee
                    [name] => Employee
                    [status] => skipped
                    [scenarios] => Array
                        (
                        )

                    [errors] => Array
                        (
                            [0] => Skipped: Entity has no attributes defined in metadata.
                        )

                )

            [3] => Array
                (
                    [class] => App\Default\Entities\Featuremodel
                    [name] => FeatureModel
                    [status] => skipped
                    [scenarios] => Array
                        (
                        )

                    [errors] => Array
                        (
                            [0] => Class "" does not exist
                        )

                )

            [4] => Array
                (
                    [class] => App\Default\Entities\Newentity1
                    [name] => NewEntity1
                    [status] => passed
                    [scenarios] => Array
                        (
                            [0] => Array
                                (
                                    [name] => ValidData
                                    [status] => passed
                                    [duration_ms] => 35.74
                                )

                            [1] => Array
                                (
                                    [name] => Field Length Invariants
                                    [status] => passed
                                )

                            [2] => Array
                                (
                                    [name] => Data Type Invariants
                                    [status] => passed
                                )

                            [3] => Array
                                (
                                    [name] => Schema Integrity Check
                                    [status] => passed
                                )

                            [4] => Array
                                (
                                    [name] => Toxic Payload Resilience
                                    [status] => passed
                                )

                            [5] => Array
                                (
                                    [name] => Audit Trail Verification
                                    [status] => passed
                                )

                            [6] => Array
                                (
                                    [name] => Global Unicode Resilience
                                    [status] => passed
                                )

                            [7] => Array
                                (
                                    [name] => Bulk Stress Simulation
                                    [status] => passed
                                    [ops_per_sec] => 49.3
                                )

                            [8] => Array
                                (
                                    [name] => Transactional Integrity
                                    [status] => passed
                                )

                            [9] => Array
                                (
                                    [name] => Multi-Tenant Ghost Isolation
                                    [status] => passed
                                )

                            [10] => Array
                                (
                                    [name] => Validation Metadata Invariants
                                    [status] => skipped
                                    [error] => No validation rules defined for this entity.
                                )

                        )

                    [errors] => Array
                        (
                        )

                    [coverage] => Array
                        (
                            [hooks_implemented] => Array
                                (
                                )

                            [coverage_pct] => 0
                        )

                )

            [5] => Array
                (
                    [class] => App\Default\Entities\Staff
                    [name] => Staff
                    [status] => passed
                    [scenarios] => Array
                        (
                            [0] => Array
                                (
                                    [name] => ValidData
                                    [status] => passed
                                    [duration_ms] => 37.42
                                )

                            [1] => Array
                                (
                                    [name] => Field Length Invariants
                                    [status] => passed
                                )

                            [2] => Array
                                (
                                    [name] => Data Type Invariants
                                    [status] => passed
                                )

                            [3] => Array
                                (
                                    [name] => Schema Integrity Check
                                    [status] => passed
                                )

                            [4] => Array
                                (
                                    [name] => Toxic Payload Resilience
                                    [status] => passed
                                )

                            [5] => Array
                                (
                                    [name] => Audit Trail Verification
                                    [status] => passed
                                )

                            [6] => Array
                                (
                                    [name] => Global Unicode Resilience
                                    [status] => passed
                                )

                            [7] => Array
                                (
                                    [name] => Bulk Stress Simulation
                                    [status] => passed
                                    [ops_per_sec] => 51.2
                                )

                            [8] => Array
                                (
                                    [name] => Transactional Integrity
                                    [status] => passed
                                )

                            [9] => Array
                                (
                                    [name] => Multi-Tenant Ghost Isolation
                                    [status] => passed
                                )

                            [10] => Array
                                (
                                    [name] => Validation Metadata Invariants
                                    [status] => skipped
                                    [error] => No validation rules defined for this entity.
                                )

                        )

                    [errors] => Array
                        (
                        )

                    [coverage] => Array
                        (
                            [hooks_implemented] => Array
                                (
                                )

                            [coverage_pct] => 0
                        )

                )

            [6] => Array
                (
                    [class] => App\Default\Entities\Teacher
                    [name] => Teacher
                    [status] => passed
                    [scenarios] => Array
                        (
                            [0] => Array
                                (
                                    [name] => ValidData
                                    [status] => passed
                                    [duration_ms] => 32.91
                                )

                            [1] => Array
                                (
                                    [name] => Field Length Invariants
                                    [status] => passed
                                )

                            [2] => Array
                                (
                                    [name] => Data Type Invariants
                                    [status] => passed
                                )

                            [3] => Array
                                (
                                    [name] => Schema Integrity Check
                                    [status] => passed
                                )

                            [4] => Array
                                (
                                    [name] => Toxic Payload Resilience
                                    [status] => passed
                                )

                            [5] => Array
                                (
                                    [name] => Audit Trail Verification
                                    [status] => passed
                                )

                            [6] => Array
                                (
                                    [name] => Global Unicode Resilience
                                    [status] => passed
                                )

                            [7] => Array
                                (
                                    [name] => Bulk Stress Simulation
                                    [status] => passed
                                    [ops_per_sec] => 50.2
                                )

                            [8] => Array
                                (
                                    [name] => Transactional Integrity
                                    [status] => passed
                                )

                            [9] => Array
                                (
                                    [name] => Multi-Tenant Ghost Isolation
                                    [status] => passed
                                )

                            [10] => Array
                                (
                                    [name] => Validation Metadata Invariants
                                    [status] => skipped
                                    [error] => No validation rules defined for this entity.
                                )

                        )

                    [errors] => Array
                        (
                        )

                    [coverage] => Array
                        (
                            [hooks_implemented] => Array
                                (
                                )

                            [coverage_pct] => 0
                        )

                )

            [7] => Array
                (
                    [class] => App\Default\Entities\Testeditentity
                    [name] => TestEditEntity
                    [status] => skipped
                    [scenarios] => Array
                        (
                        )

                    [errors] => Array
                        (
                            [0] => Skipped: Entity has no attributes defined in metadata.
                        )

                )

            [8] => Array
                (
                    [class] => App\Default\Entities\Testentity
                    [name] => TestEntity
                    [status] => passed
                    [scenarios] => Array
                        (
                            [0] => Array
                                (
                                    [name] => ValidData
                                    [status] => passed
                                    [duration_ms] => 187.43
                                )

                            [1] => Array
                                (
                                    [name] => Field Length Invariants
                                    [status] => passed
                                )

                            [2] => Array
                                (
                                    [name] => Data Type Invariants
                                    [status] => passed
                                )

                            [3] => Array
                                (
                                    [name] => Schema Integrity Check
                                    [status] => passed
                                )

                            [4] => Array
                                (
                                    [name] => Toxic Payload Resilience
                                    [status] => passed
                                )

                            [5] => Array
                                (
                                    [name] => Audit Trail Verification
                                    [status] => passed
                                )

                            [6] => Array
                                (
                                    [name] => Global Unicode Resilience
                                    [status] => passed
                                )

                            [7] => Array
                                (
                                    [name] => Bulk Stress Simulation
                                    [status] => passed
                                    [ops_per_sec] => 10.7
                                )

                            [8] => Array
                                (
                                    [name] => Transactional Integrity
                                    [status] => passed
                                )

                            [9] => Array
                                (
                                    [name] => Multi-Tenant Ghost Isolation
                                    [status] => passed
                                )

                            [10] => Array
                                (
                                    [name] => Validation Metadata Invariants
                                    [status] => skipped
                                    [error] => No validation rules defined for this entity.
                                )

                        )

                    [errors] => Array
                        (
                        )

                    [coverage] => Array
                        (
                            [hooks_implemented] => Array
                                (
                                )

                            [coverage_pct] => 0
                        )

                )

            [9] => Array
                (
                    [class] => App\Default\Entities\Testuser
                    [name] => TestUser
                    [status] => skipped
                    [scenarios] => Array
                        (
                        )

                    [errors] => Array
                        (
                            [0] => Class "" does not exist
                        )

                )

        )

    [dependency_graph] => Array
        (
            [nodes] => Array
                (
                )

            [links] => Array
                (
                )

        )

    [summary] => Array
        (
            [total] => 10
            [passed] => 5
            [failed] => 0
            [skipped] => 5
        )

    [unit_tests] => Array
        (
            [summary] => Array
                (
                    [total] => 48
                    [passed] => 44
                    [failed] => 4
                )

            [tests] => Array
                (
                    [0] => Array
                        (
                            [scope] => Core
                            [class] => SPP\Tests\Core\Commands\CompileRegistryCommandTest
                            [method] => testCommandInitialization
                            [status] => passed
                            [error] => 
                        )

                    [1] => Array
                        (
                            [scope] => Core
                            [class] => SPP\Tests\Core\Commands\CompileRegistryCommandTest
                            [method] => testCommandExecution
                            [status] => passed
                            [error] => 
                        )

                    [2] => Array
                        (
                            [scope] => Core
                            [class] => SPP\Tests\Core\Commands\SysStatusCommandTest
                            [method] => testCommandInitialization
                            [status] => passed
                            [error] => 
                        )

                    [3] => Array
                        (
                            [scope] => Core
                            [class] => SPP\Tests\Core\Commands\SysStatusCommandTest
                            [method] => testCommandExecution
                            [status] => passed
                            [error] => 
                        )

                    [4] => Array
                        (
                            [scope] => Core
                            [class] => SPP\Tests\Core\DataProviderTest
                            [method] => testAddition with data set
                            [status] => passed
                            [error] => 
                        )

                    [5] => Array
                        (
                            [scope] => Core
                            [class] => SPP\Tests\Core\DataProviderTest
                            [method] => testAddition with data set
                            [status] => passed
                            [error] => 
                        )

                    [6] => Array
                        (
                            [scope] => Core
                            [class] => SPP\Tests\Core\DataProviderTest
                            [method] => testAddition with data set
                            [status] => passed
                            [error] => 
                        )

                    [7] => Array
                        (
                            [scope] => Core
                            [class] => SPP\Tests\Core\DBLoggerTest
                            [method] => testDBLoggerProviderWritesSuccessfully
                            [status] => passed
                            [error] => 
                        )

                    [8] => Array
                        (
                            [scope] => Core
                            [class] => SPP\Tests\Core\DBLoggerTest
                            [method] => testEventBusTriggersDBLogger
                            [status] => passed
                            [error] => 
                        )

                    [9] => Array
                        (
                            [scope] => Core
                            [class] => SPP\Tests\Core\MockeryTest
                            [method] => testMockeryCanMockObjects
                            [status] => passed
                            [error] => 
                        )

                    [10] => Array
                        (
                            [scope] => Core
                            [class] => SPP\Tests\Core\ModuleTaxonomyTest
                            [method] => testModuleTypeParsing
                            [status] => passed
                            [error] => 
                        )

                    [11] => Array
                        (
                            [scope] => Core
                            [class] => SPP\Tests\Core\ModuleTaxonomyTest
                            [method] => testIsCompulsoryEvaluatesTrueForCoreAndCompulsory
                            [status] => passed
                            [error] => 
                        )

                    [12] => Array
                        (
                            [scope] => Core
                            [class] => SPP\Tests\Core\ModuleTaxonomyTest
                            [method] => testIsCompulsoryEvaluatesFalseForNonCore
                            [status] => passed
                            [error] => 
                        )

                    [13] => Array
                        (
                            [scope] => Core
                            [class] => SPP\Tests\Core\ModuleTaxonomyTest
                            [method] => testIsCompulsoryEvaluatesFalseForNonCompulsory
                            [status] => passed
                            [error] => 
                        )

                    [14] => Array
                        (
                            [scope] => Core
                            [class] => test.PestStyleTest.php
                            [method] => addition works with functional API
                            [status] => passed
                            [error] => 
                        )

                    [15] => Array
                        (
                            [scope] => Core
                            [class] => test.PestStyleTest.php
                            [method] => it can access $this via closure binding
                            [status] => passed
                            [error] => 
                        )

                    [16] => Array
                        (
                            [scope] => Core
                            [class] => test.PestStyleTest.php
                            [method] => subtraction works with functional API
                            [status] => passed
                            [error] => 
                        )

                    [17] => Array
                        (
                            [scope] => Core
                            [class] => SPP\Tests\Core\PsrLoggerAdapterTest
                            [method] => testInstantiation
                            [status] => passed
                            [error] => 
                        )

                    [18] => Array
                        (
                            [scope] => Core
                            [class] => SPP\Tests\Core\PsrLoggerAdapterTest
                            [method] => testLoggingLevels
                            [status] => passed
                            [error] => 
                        )

                    [19] => Array
                        (
                            [scope] => Core
                            [class] => SPP\Tests\Core\PsrLoggerAdapterTest
                            [method] => testInvalidLevelThrowsException
                            [status] => passed
                            [error] => 
                        )

                    [20] => Array
                        (
                            [scope] => Core
                            [class] => SPP\Tests\Core\SPPAuthTest
                            [method] => testDefaultGuardIsWeb
                            [status] => passed
                            [error] => 
                        )

                    [21] => Array
                        (
                            [scope] => Core
                            [class] => SPP\Tests\Core\SPPAuthTest
                            [method] => testLoginAndCheck
                            [status] => passed
                            [error] => 
                        )

                    [22] => Array
                        (
                            [scope] => Core
                            [class] => SPP\Tests\Core\SPPAuthTest
                            [method] => testLogout
                            [status] => passed
                            [error] => 
                        )

                    [23] => Array
                        (
                            [scope] => Core
                            [class] => SPP\Tests\Core\SPPAuthTest
                            [method] => testGetCurrentUser
                            [status] => passed
                            [error] => 
                        )

                    [24] => Array
                        (
                            [scope] => Core
                            [class] => SPP\Tests\Core\SPPConfigTest
                            [method] => testGetEnvValue
                            [status] => passed
                            [error] => 
                        )

                    [25] => Array
                        (
                            [scope] => Core
                            [class] => SPP\Tests\Core\SPPConfigTest
                            [method] => testDefaultValue
                            [status] => passed
                            [error] => 
                        )

                    [26] => Array
                        (
                            [scope] => Core
                            [class] => SPP\Tests\Core\SPPConfigTest
                            [method] => testSetAndGetAppCache
                            [status] => passed
                            [error] => 
                        )

                    [27] => Array
                        (
                            [scope] => Core
                            [class] => SPP\Tests\Core\SPPDBTest
                            [method] => testSelectAll
                            [status] => passed
                            [error] => 
                        )

                    [28] => Array
                        (
                            [scope] => Core
                            [class] => SPP\Tests\Core\SPPDBTest
                            [method] => testSelectSpecificColumns
                            [status] => passed
                            [error] => 
                        )

                    [29] => Array
                        (
                            [scope] => Core
                            [class] => SPP\Tests\Core\SPPDBTest
                            [method] => testWhereClause
                            [status] => failed
                            [error] => SQL should contain WHERE clause
                        )

                    [30] => Array
                        (
                            [scope] => Core
                            [class] => SPP\Tests\Core\SPPDBTest
                            [method] => testMultipleWhereClauses
                            [status] => failed
                            [error] => SQL should contain multiple WHERE clauses
                        )

                    [31] => Array
                        (
                            [scope] => Core
                            [class] => SPP\Tests\Core\SPPDBTest
                            [method] => testOrWhereClause
                            [status] => failed
                            [error] => SQL should contain OR WHERE clause
                        )

                    [32] => Array
                        (
                            [scope] => Core
                            [class] => SPP\Tests\Core\SPPDBTest
                            [method] => testOrderByAndLimit
                            [status] => failed
                            [error] => SQL should contain ORDER BY
                        )

                    [33] => Array
                        (
                            [scope] => Core
                            [class] => SPP\Tests\Core\SPPExtTest
                            [method] => testExtLifecycleDoesNotBootDB
                            [status] => passed
                            [error] => 
                        )

                    [34] => Array
                        (
                            [scope] => Core
                            [class] => SPP\Tests\Core\SPPMigrateTest
                            [method] => testMakeCommand
                            [status] => passed
                            [error] => 
                        )

                    [35] => Array
                        (
                            [scope] => Core
                            [class] => SPP\Tests\Core\SPPMigrateTest
                            [method] => testRunCommand
                            [status] => passed
                            [error] => 
                        )

                    [36] => Array
                        (
                            [scope] => Core
                            [class] => SPP\Tests\Core\SPPRouterTest
                            [method] => testGetPageThrowsExceptionForNonExistentRoute
                            [status] => passed
                            [error] => 
                        )

                    [37] => Array
                        (
                            [scope] => Core
                            [class] => SPP\Tests\Core\SPPRouterTest
                            [method] => testGetDefaultReturnsNullIfNoConfig
                            [status] => passed
                            [error] => 
                        )

                    [38] => Array
                        (
                            [scope] => Core
                            [class] => SPP\Tests\Core\SPPUXTest
                            [method] => testComponentMarkupGeneration
                            [status] => passed
                            [error] => 
                        )

                    [39] => Array
                        (
                            [scope] => Core
                            [class] => SPP\Tests\Core\SPPUXTest
                            [method] => testComponentWithSSRAndIsland
                            [status] => passed
                            [error] => 
                        )

                    [40] => Array
                        (
                            [scope] => Core
                            [class] => SPP\Tests\Core\SPPUXTest
                            [method] => testPaths
                            [status] => passed
                            [error] => 
                        )

                    [41] => Array
                        (
                            [scope] => Core
                            [class] => SPP\Tests\Core\SPPValidatorTest
                            [method] => testRequiredValidator
                            [status] => passed
                            [error] => 
                        )

                    [42] => Array
                        (
                            [scope] => Core
                            [class] => SPP\Tests\Core\SPPValidatorTest
                            [method] => testEmailValidator
                            [status] => passed
                            [error] => 
                        )

                    [43] => Array
                        (
                            [scope] => Core
                            [class] => SPP\Tests\Core\SPPValidatorTest
                            [method] => testMinLengthValidator
                            [status] => passed
                            [error] => 
                        )

                    [44] => Array
                        (
                            [scope] => Core
                            [class] => SPP\Tests\Core\SPPViewTest
                            [method] => testViewTagGeneration
                            [status] => passed
                            [error] => 
                        )

                    [45] => Array
                        (
                            [scope] => Core
                            [class] => SPP\Tests\Core\SPPViewTest
                            [method] => testUlGeneration
                            [status] => passed
                            [error] => 
                        )

                    [46] => Array
                        (
                            [scope] => Core
                            [class] => SPP\Tests\Core\SPPViewTest
                            [method] => testTableGeneration
                            [status] => passed
                            [error] => 
                        )

                    [47] => Array
                        (
                            [scope] => Core
                            [class] => SPP\Tests\Core\SPPViewCompilerTest
                            [method] => testCompilerTranslatesSppTrans
                            [status] => passed
                            [error] => 
                        )

                )

        )

)

Suite Summary:
Passed: 5 / 10

----------------------------------------
[2026-09-04 15:15:52] Evolutionary Scan executed for 'default':

LOADED MODULES FOR MIGRATION:
Array
(
    [0] => sppapi
    [1] => sppdb
    [2] => dbconfig
    [3] => sppauth
    [4] => spplogger
    [5] => sppview
    [6] => drishyam
    [7] => parikshak
    [8] => sppai
    [9] => lekhni
    [10] => sppxdb
    [11] => sppdeploy
    [12] => sppdoc
    [13] => spprouter
)

Migrating: 2026_06_02_000000_consolidate_identity_tables...
  Done.
Migrating: 2026_06_11_000000_sppauth_v2_architecture...
  Done.
Migrating: 2026_06_12_000000_create_spprouter_tables...
  Done.
Migrating: Migration_1_1_0...
  Done.
All migrations completed successfully.

TABLES IN DB AFTER MIGRATION:
Array
(
    [0] => Array
        (
            [name] => spp_migrations
        )

    [1] => Array
        (
            [name] => sqlite_sequence
        )

    [2] => Array
        (
            [name] => spp_users
        )

    [3] => Array
        (
            [name] => spp_roles
        )

    [4] => Array
        (
            [name] => spp_user_roles
        )

    [5] => Array
        (
            [name] => spp_login_attempts
        )

    [6] => Array
        (
            [name] => spp_personal_access_tokens
        )

    [7] => Array
        (
            [name] => spp_oauth_providers
        )

    [8] => Array
        (
            [name] => spp_sppauth_audit_log
        )

    [9] => Array
        (
            [name] => spp_magic_links
        )

    [10] => Array
        (
            [name] => spp_webauthn_credentials
        )

    [11] => Array
        (
            [name] => spp_oauth_clients
        )

    [12] => Array
        (
            [name] => spp_oauth_tokens
        )

    [13] => Array
        (
            [name] => spprouter_pages
        )

    [14] => Array
        (
            [name] => spprouter_defaults
        )

    [15] => Array
        (
            [name] => spprouter_specials
        )

)
Running test suite for app: default
Array
(
    [app] => default
    [timestamp] => 2026-09-04 15:15:29
    [seed] => 7406
    [entities] => Array
        (
            [0] => Array
                (
                    [class] => App\Default\Entities\Blogpost
                    [name] => BlogPost
                    [status] => skipped
                    [scenarios] => Array
                        (
                        )

                    [errors] => Array
                        (
                            [0] => Class "" does not exist
                        )

                )

            [1] => Array
                (
                    [class] => App\Default\Entities\Dummyentity
                    [name] => DummyEntity
                    [status] => passed
                    [scenarios] => Array
                        (
                            [0] => Array
                                (
                                    [name] => ValidData
                                    [status] => passed
                                    [duration_ms] => 47.48
                                )

                            [1] => Array
                                (
                                    [name] => Field Length Invariants
                                    [status] => passed
                                )

                            [2] => Array
                                (
                                    [name] => Data Type Invariants
                                    [status] => passed
                                )

                            [3] => Array
                                (
                                    [name] => Schema Integrity Check
                                    [status] => passed
                                )

                            [4] => Array
                                (
                                    [name] => Toxic Payload Resilience
                                    [status] => passed
                                )

                            [5] => Array
                                (
                                    [name] => Audit Trail Verification
                                    [status] => passed
                                )

                            [6] => Array
                                (
                                    [name] => Global Unicode Resilience
                                    [status] => passed
                                )

                            [7] => Array
                                (
                                    [name] => Bulk Stress Simulation
                                    [status] => passed
                                    [ops_per_sec] => 54.5
                                )

                            [8] => Array
                                (
                                    [name] => Transactional Integrity
                                    [status] => passed
                                )

                            [9] => Array
                                (
                                    [name] => Multi-Tenant Ghost Isolation
                                    [status] => passed
                                )

                            [10] => Array
                                (
                                    [name] => Validation Metadata Invariants
                                    [status] => skipped
                                    [error] => No validation rules defined for this entity.
                                )

                        )

                    [errors] => Array
                        (
                        )

                    [coverage] => Array
                        (
                            [hooks_implemented] => Array
                                (
                                )

                            [coverage_pct] => 0
                        )

                )

            [2] => Array
                (
                    [class] => App\Default\Entities\Employee
                    [name] => Employee
                    [status] => skipped
                    [scenarios] => Array
                        (
                        )

                    [errors] => Array
                        (
                            [0] => Skipped: Entity has no attributes defined in metadata.
                        )

                )

            [3] => Array
                (
                    [class] => App\Default\Entities\Featuremodel
                    [name] => FeatureModel
                    [status] => skipped
                    [scenarios] => Array
                        (
                        )

                    [errors] => Array
                        (
                            [0] => Class "" does not exist
                        )

                )

            [4] => Array
                (
                    [class] => App\Default\Entities\Newentity1
                    [name] => NewEntity1
                    [status] => passed
                    [scenarios] => Array
                        (
                            [0] => Array
                                (
                                    [name] => ValidData
                                    [status] => passed
                                    [duration_ms] => 42.07
                                )

                            [1] => Array
                                (
                                    [name] => Field Length Invariants
                                    [status] => passed
                                )

                            [2] => Array
                                (
                                    [name] => Data Type Invariants
                                    [status] => passed
                                )

                            [3] => Array
                                (
                                    [name] => Schema Integrity Check
                                    [status] => passed
                                )

                            [4] => Array
                                (
                                    [name] => Toxic Payload Resilience
                                    [status] => passed
                                )

                            [5] => Array
                                (
                                    [name] => Audit Trail Verification
                                    [status] => passed
                                )

                            [6] => Array
                                (
                                    [name] => Global Unicode Resilience
                                    [status] => passed
                                )

                            [7] => Array
                                (
                                    [name] => Bulk Stress Simulation
                                    [status] => passed
                                    [ops_per_sec] => 30.4
                                )

                            [8] => Array
                                (
                                    [name] => Transactional Integrity
                                    [status] => passed
                                )

                            [9] => Array
                                (
                                    [name] => Multi-Tenant Ghost Isolation
                                    [status] => passed
                                )

                            [10] => Array
                                (
                                    [name] => Validation Metadata Invariants
                                    [status] => skipped
                                    [error] => No validation rules defined for this entity.
                                )

                        )

                    [errors] => Array
                        (
                        )

                    [coverage] => Array
                        (
                            [hooks_implemented] => Array
                                (
                                )

                            [coverage_pct] => 0
                        )

                )

            [5] => Array
                (
                    [class] => App\Default\Entities\Staff
                    [name] => Staff
                    [status] => skipped
                    [scenarios] => Array
                        (
                        )

                    [errors] => Array
                        (
                            [0] => file_put_contents(C:\projects\apache\school1/src/default/tests/auto/StaffAutoTest.php): Failed to open stream: Permission denied
                        )

                )

            [6] => Array
                (
                    [class] => App\Default\Entities\Teacher
                    [name] => Teacher
                    [status] => skipped
                    [scenarios] => Array
                        (
                        )

                    [errors] => Array
                        (
                            [0] => file_put_contents(C:\projects\apache\school1/src/default/tests/auto/TeacherAutoTest.php): Failed to open stream: Permission denied
                        )

                )

            [7] => Array
                (
                    [class] => App\Default\Entities\Testeditentity
                    [name] => TestEditEntity
                    [status] => skipped
                    [scenarios] => Array
                        (
                        )

                    [errors] => Array
                        (
                            [0] => Skipped: Entity has no attributes defined in metadata.
                        )

                )

            [8] => Array
                (
                    [class] => App\Default\Entities\Testentity
                    [name] => TestEntity
                    [status] => passed
                    [scenarios] => Array
                        (
                            [0] => Array
                                (
                                    [name] => ValidData
                                    [status] => passed
                                    [duration_ms] => 441.7
                                )

                            [1] => Array
                                (
                                    [name] => Field Length Invariants
                                    [status] => passed
                                )

                            [2] => Array
                                (
                                    [name] => Data Type Invariants
                                    [status] => passed
                                )

                            [3] => Array
                                (
                                    [name] => Schema Integrity Check
                                    [status] => passed
                                )

                            [4] => Array
                                (
                                    [name] => Toxic Payload Resilience
                                    [status] => passed
                                )

                            [5] => Array
                                (
                                    [name] => Audit Trail Verification
                                    [status] => passed
                                )

                            [6] => Array
                                (
                                    [name] => Global Unicode Resilience
                                    [status] => passed
                                )

                            [7] => Array
                                (
                                    [name] => Bulk Stress Simulation
                                    [status] => passed
                                    [ops_per_sec] => 6.3
                                )

                            [8] => Array
                                (
                                    [name] => Transactional Integrity
                                    [status] => passed
                                )

                            [9] => Array
                                (
                                    [name] => Multi-Tenant Ghost Isolation
                                    [status] => passed
                                )

                            [10] => Array
                                (
                                    [name] => Validation Metadata Invariants
                                    [status] => skipped
                                    [error] => No validation rules defined for this entity.
                                )

                        )

                    [errors] => Array
                        (
                        )

                    [coverage] => Array
                        (
                            [hooks_implemented] => Array
                                (
                                )

                            [coverage_pct] => 0
                        )

                )

            [9] => Array
                (
                    [class] => App\Default\Entities\Testuser
                    [name] => TestUser
                    [status] => skipped
                    [scenarios] => Array
                        (
                        )

                    [errors] => Array
                        (
                            [0] => Class "" does not exist
                        )

                )

        )

    [dependency_graph] => Array
        (
            [nodes] => Array
                (
                )

            [links] => Array
                (
                )

        )

    [summary] => Array
        (
            [total] => 10
            [passed] => 3
            [failed] => 0
            [skipped] => 7
        )

    [unit_tests] => Array
        (
            [summary] => Array
                (
                    [total] => 48
                    [passed] => 44
                    [failed] => 4
                )

            [tests] => Array
                (
                    [0] => Array
                        (
                            [scope] => Core
                            [class] => SPP\Tests\Core\Commands\CompileRegistryCommandTest
                            [method] => testCommandInitialization
                            [status] => passed
                            [error] => 
                        )

                    [1] => Array
                        (
                            [scope] => Core
                            [class] => SPP\Tests\Core\Commands\CompileRegistryCommandTest
                            [method] => testCommandExecution
                            [status] => passed
                            [error] => 
                        )

                    [2] => Array
                        (
                            [scope] => Core
                            [class] => SPP\Tests\Core\Commands\SysStatusCommandTest
                            [method] => testCommandInitialization
                            [status] => passed
                            [error] => 
                        )

                    [3] => Array
                        (
                            [scope] => Core
                            [class] => SPP\Tests\Core\Commands\SysStatusCommandTest
                            [method] => testCommandExecution
                            [status] => passed
                            [error] => 
                        )

                    [4] => Array
                        (
                            [scope] => Core
                            [class] => SPP\Tests\Core\DataProviderTest
                            [method] => testAddition with data set
                            [status] => passed
                            [error] => 
                        )

                    [5] => Array
                        (
                            [scope] => Core
                            [class] => SPP\Tests\Core\DataProviderTest
                            [method] => testAddition with data set
                            [status] => passed
                            [error] => 
                        )

                    [6] => Array
                        (
                            [scope] => Core
                            [class] => SPP\Tests\Core\DataProviderTest
                            [method] => testAddition with data set
                            [status] => passed
                            [error] => 
                        )

                    [7] => Array
                        (
                            [scope] => Core
                            [class] => SPP\Tests\Core\DBLoggerTest
                            [method] => testDBLoggerProviderWritesSuccessfully
                            [status] => passed
                            [error] => 
                        )

                    [8] => Array
                        (
                            [scope] => Core
                            [class] => SPP\Tests\Core\DBLoggerTest
                            [method] => testEventBusTriggersDBLogger
                            [status] => passed
                            [error] => 
                        )

                    [9] => Array
                        (
                            [scope] => Core
                            [class] => SPP\Tests\Core\MockeryTest
                            [method] => testMockeryCanMockObjects
                            [status] => passed
                            [error] => 
                        )

                    [10] => Array
                        (
                            [scope] => Core
                            [class] => SPP\Tests\Core\ModuleTaxonomyTest
                            [method] => testModuleTypeParsing
                            [status] => passed
                            [error] => 
                        )

                    [11] => Array
                        (
                            [scope] => Core
                            [class] => SPP\Tests\Core\ModuleTaxonomyTest
                            [method] => testIsCompulsoryEvaluatesTrueForCoreAndCompulsory
                            [status] => passed
                            [error] => 
                        )

                    [12] => Array
                        (
                            [scope] => Core
                            [class] => SPP\Tests\Core\ModuleTaxonomyTest
                            [method] => testIsCompulsoryEvaluatesFalseForNonCore
                            [status] => passed
                            [error] => 
                        )

                    [13] => Array
                        (
                            [scope] => Core
                            [class] => SPP\Tests\Core\ModuleTaxonomyTest
                            [method] => testIsCompulsoryEvaluatesFalseForNonCompulsory
                            [status] => passed
                            [error] => 
                        )

                    [14] => Array
                        (
                            [scope] => Core
                            [class] => test.PestStyleTest.php
                            [method] => addition works with functional API
                            [status] => passed
                            [error] => 
                        )

                    [15] => Array
                        (
                            [scope] => Core
                            [class] => test.PestStyleTest.php
                            [method] => it can access $this via closure binding
                            [status] => passed
                            [error] => 
                        )

                    [16] => Array
                        (
                            [scope] => Core
                            [class] => test.PestStyleTest.php
                            [method] => subtraction works with functional API
                            [status] => passed
                            [error] => 
                        )

                    [17] => Array
                        (
                            [scope] => Core
                            [class] => SPP\Tests\Core\PsrLoggerAdapterTest
                            [method] => testInstantiation
                            [status] => passed
                            [error] => 
                        )

                    [18] => Array
                        (
                            [scope] => Core
                            [class] => SPP\Tests\Core\PsrLoggerAdapterTest
                            [method] => testLoggingLevels
                            [status] => passed
                            [error] => 
                        )

                    [19] => Array
                        (
                            [scope] => Core
                            [class] => SPP\Tests\Core\PsrLoggerAdapterTest
                            [method] => testInvalidLevelThrowsException
                            [status] => passed
                            [error] => 
                        )

                    [20] => Array
                        (
                            [scope] => Core
                            [class] => SPP\Tests\Core\SPPAuthTest
                            [method] => testDefaultGuardIsWeb
                            [status] => passed
                            [error] => 
                        )

                    [21] => Array
                        (
                            [scope] => Core
                            [class] => SPP\Tests\Core\SPPAuthTest
                            [method] => testLoginAndCheck
                            [status] => passed
                            [error] => 
                        )

                    [22] => Array
                        (
                            [scope] => Core
                            [class] => SPP\Tests\Core\SPPAuthTest
                            [method] => testLogout
                            [status] => passed
                            [error] => 
                        )

                    [23] => Array
                        (
                            [scope] => Core
                            [class] => SPP\Tests\Core\SPPAuthTest
                            [method] => testGetCurrentUser
                            [status] => passed
                            [error] => 
                        )

                    [24] => Array
                        (
                            [scope] => Core
                            [class] => SPP\Tests\Core\SPPConfigTest
                            [method] => testGetEnvValue
                            [status] => passed
                            [error] => 
                        )

                    [25] => Array
                        (
                            [scope] => Core
                            [class] => SPP\Tests\Core\SPPConfigTest
                            [method] => testDefaultValue
                            [status] => passed
                            [error] => 
                        )

                    [26] => Array
                        (
                            [scope] => Core
                            [class] => SPP\Tests\Core\SPPConfigTest
                            [method] => testSetAndGetAppCache
                            [status] => passed
                            [error] => 
                        )

                    [27] => Array
                        (
                            [scope] => Core
                            [class] => SPP\Tests\Core\SPPDBTest
                            [method] => testSelectAll
                            [status] => passed
                            [error] => 
                        )

                    [28] => Array
                        (
                            [scope] => Core
                            [class] => SPP\Tests\Core\SPPDBTest
                            [method] => testSelectSpecificColumns
                            [status] => passed
                            [error] => 
                        )

                    [29] => Array
                        (
                            [scope] => Core
                            [class] => SPP\Tests\Core\SPPDBTest
                            [method] => testWhereClause
                            [status] => failed
                            [error] => SQL should contain WHERE clause
                        )

                    [30] => Array
                        (
                            [scope] => Core
                            [class] => SPP\Tests\Core\SPPDBTest
                            [method] => testMultipleWhereClauses
                            [status] => failed
                            [error] => SQL should contain multiple WHERE clauses
                        )

                    [31] => Array
                        (
                            [scope] => Core
                            [class] => SPP\Tests\Core\SPPDBTest
                            [method] => testOrWhereClause
                            [status] => failed
                            [error] => SQL should contain OR WHERE clause
                        )

                    [32] => Array
                        (
                            [scope] => Core
                            [class] => SPP\Tests\Core\SPPDBTest
                            [method] => testOrderByAndLimit
                            [status] => failed
                            [error] => SQL should contain ORDER BY
                        )

                    [33] => Array
                        (
                            [scope] => Core
                            [class] => SPP\Tests\Core\SPPExtTest
                            [method] => testExtLifecycleDoesNotBootDB
                            [status] => passed
                            [error] => 
                        )

                    [34] => Array
                        (
                            [scope] => Core
                            [class] => SPP\Tests\Core\SPPMigrateTest
                            [method] => testMakeCommand
                            [status] => passed
                            [error] => 
                        )

                    [35] => Array
                        (
                            [scope] => Core
                            [class] => SPP\Tests\Core\SPPMigrateTest
                            [method] => testRunCommand
                            [status] => passed
                            [error] => 
                        )

                    [36] => Array
                        (
                            [scope] => Core
                            [class] => SPP\Tests\Core\SPPRouterTest
                            [method] => testGetPageThrowsExceptionForNonExistentRoute
                            [status] => passed
                            [error] => 
                        )

                    [37] => Array
                        (
                            [scope] => Core
                            [class] => SPP\Tests\Core\SPPRouterTest
                            [method] => testGetDefaultReturnsNullIfNoConfig
                            [status] => passed
                            [error] => 
                        )

                    [38] => Array
                        (
                            [scope] => Core
                            [class] => SPP\Tests\Core\SPPUXTest
                            [method] => testComponentMarkupGeneration
                            [status] => passed
                            [error] => 
                        )

                    [39] => Array
                        (
                            [scope] => Core
                            [class] => SPP\Tests\Core\SPPUXTest
                            [method] => testComponentWithSSRAndIsland
                            [status] => passed
                            [error] => 
                        )

                    [40] => Array
                        (
                            [scope] => Core
                            [class] => SPP\Tests\Core\SPPUXTest
                            [method] => testPaths
                            [status] => passed
                            [error] => 
                        )

                    [41] => Array
                        (
                            [scope] => Core
                            [class] => SPP\Tests\Core\SPPValidatorTest
                            [method] => testRequiredValidator
                            [status] => passed
                            [error] => 
                        )

                    [42] => Array
                        (
                            [scope] => Core
                            [class] => SPP\Tests\Core\SPPValidatorTest
                            [method] => testEmailValidator
                            [status] => passed
                            [error] => 
                        )

                    [43] => Array
                        (
                            [scope] => Core
                            [class] => SPP\Tests\Core\SPPValidatorTest
                            [method] => testMinLengthValidator
                            [status] => passed
                            [error] => 
                        )

                    [44] => Array
                        (
                            [scope] => Core
                            [class] => SPP\Tests\Core\SPPViewTest
                            [method] => testViewTagGeneration
                            [status] => passed
                            [error] => 
                        )

                    [45] => Array
                        (
                            [scope] => Core
                            [class] => SPP\Tests\Core\SPPViewTest
                            [method] => testUlGeneration
                            [status] => passed
                            [error] => 
                        )

                    [46] => Array
                        (
                            [scope] => Core
                            [class] => SPP\Tests\Core\SPPViewTest
                            [method] => testTableGeneration
                            [status] => passed
                            [error] => 
                        )

                    [47] => Array
                        (
                            [scope] => Core
                            [class] => SPP\Tests\Core\SPPViewCompilerTest
                            [method] => testCompilerTranslatesSppTrans
                            [status] => passed
                            [error] => 
                        )

                )

        )

)

Suite Summary:
Passed: 3 / 10

----------------------------------------
[2026-09-04 15:51:09] Evolutionary Scan executed for 'default':

LOADED MODULES FOR MIGRATION:
Array
(
    [0] => sppapi
    [1] => sppdb
    [2] => dbconfig
    [3] => sppauth
    [4] => spplogger
    [5] => sppview
    [6] => drishyam
    [7] => parikshak
    [8] => sppai
    [9] => lekhni
    [10] => sppxdb
    [11] => sppdeploy
    [12] => sppdoc
    [13] => spprouter
)

Migrating: 2026_06_02_000000_consolidate_identity_tables...
  Done.
Migrating: 2026_06_11_000000_sppauth_v2_architecture...
  Done.
Migrating: 2026_06_12_000000_create_spprouter_tables...
  Done.
Migrating: Migration_1_1_0...
  Done.
All migrations completed successfully.

TABLES IN DB AFTER MIGRATION:
Array
(
    [0] => Array
        (
            [name] => spp_migrations
        )

    [1] => Array
        (
            [name] => sqlite_sequence
        )

    [2] => Array
        (
            [name] => spp_users
        )

    [3] => Array
        (
            [name] => spp_roles
        )

    [4] => Array
        (
            [name] => spp_user_roles
        )

    [5] => Array
        (
            [name] => spp_login_attempts
        )

    [6] => Array
        (
            [name] => spp_personal_access_tokens
        )

    [7] => Array
        (
            [name] => spp_oauth_providers
        )

    [8] => Array
        (
            [name] => spp_sppauth_audit_log
        )

    [9] => Array
        (
            [name] => spp_magic_links
        )

    [10] => Array
        (
            [name] => spp_webauthn_credentials
        )

    [11] => Array
        (
            [name] => spp_oauth_clients
        )

    [12] => Array
        (
            [name] => spp_oauth_tokens
        )

    [13] => Array
        (
            [name] => spprouter_pages
        )

    [14] => Array
        (
            [name] => spprouter_defaults
        )

    [15] => Array
        (
            [name] => spprouter_specials
        )

)
Running test suite for app: default
Array
(
    [app] => default
    [timestamp] => 2026-09-04 15:50:45
    [seed] => 5165
    [entities] => Array
        (
            [0] => Array
                (
                    [class] => App\Default\Entities\Blogpost
                    [name] => BlogPost
                    [status] => skipped
                    [scenarios] => Array
                        (
                        )

                    [errors] => Array
                        (
                            [0] => Class "" does not exist
                        )

                )

            [1] => Array
                (
                    [class] => App\Default\Entities\Dummyentity
                    [name] => DummyEntity
                    [status] => passed
                    [scenarios] => Array
                        (
                            [0] => Array
                                (
                                    [name] => ValidData
                                    [status] => passed
                                    [duration_ms] => 53.32
                                )

                            [1] => Array
                                (
                                    [name] => Field Length Invariants
                                    [status] => passed
                                )

                            [2] => Array
                                (
                                    [name] => Data Type Invariants
                                    [status] => passed
                                )

                            [3] => Array
                                (
                                    [name] => Schema Integrity Check
                                    [status] => passed
                                )

                            [4] => Array
                                (
                                    [name] => Toxic Payload Resilience
                                    [status] => passed
                                )

                            [5] => Array
                                (
                                    [name] => Audit Trail Verification
                                    [status] => passed
                                )

                            [6] => Array
                                (
                                    [name] => Global Unicode Resilience
                                    [status] => passed
                                )

                            [7] => Array
                                (
                                    [name] => Bulk Stress Simulation
                                    [status] => passed
                                    [ops_per_sec] => 52.8
                                )

                            [8] => Array
                                (
                                    [name] => Transactional Integrity
                                    [status] => passed
                                )

                            [9] => Array
                                (
                                    [name] => Multi-Tenant Ghost Isolation
                                    [status] => passed
                                )

                            [10] => Array
                                (
                                    [name] => Validation Metadata Invariants
                                    [status] => skipped
                                    [error] => No validation rules defined for this entity.
                                )

                        )

                    [errors] => Array
                        (
                        )

                    [coverage] => Array
                        (
                            [hooks_implemented] => Array
                                (
                                )

                            [coverage_pct] => 0
                        )

                )

            [2] => Array
                (
                    [class] => App\Default\Entities\Employee
                    [name] => Employee
                    [status] => skipped
                    [scenarios] => Array
                        (
                        )

                    [errors] => Array
                        (
                            [0] => Skipped: Entity has no attributes defined in metadata.
                        )

                )

            [3] => Array
                (
                    [class] => App\Default\Entities\Featuremodel
                    [name] => FeatureModel
                    [status] => skipped
                    [scenarios] => Array
                        (
                        )

                    [errors] => Array
                        (
                            [0] => Class "" does not exist
                        )

                )

            [4] => Array
                (
                    [class] => App\Default\Entities\Newentity1
                    [name] => NewEntity1
                    [status] => passed
                    [scenarios] => Array
                        (
                            [0] => Array
                                (
                                    [name] => ValidData
                                    [status] => passed
                                    [duration_ms] => 98.27
                                )

                            [1] => Array
                                (
                                    [name] => Field Length Invariants
                                    [status] => passed
                                )

                            [2] => Array
                                (
                                    [name] => Data Type Invariants
                                    [status] => passed
                                )

                            [3] => Array
                                (
                                    [name] => Schema Integrity Check
                                    [status] => passed
                                )

                            [4] => Array
                                (
                                    [name] => Toxic Payload Resilience
                                    [status] => passed
                                )

                            [5] => Array
                                (
                                    [name] => Audit Trail Verification
                                    [status] => passed
                                )

                            [6] => Array
                                (
                                    [name] => Global Unicode Resilience
                                    [status] => passed
                                )

                            [7] => Array
                                (
                                    [name] => Bulk Stress Simulation
                                    [status] => passed
                                    [ops_per_sec] => 53.1
                                )

                            [8] => Array
                                (
                                    [name] => Transactional Integrity
                                    [status] => passed
                                )

                            [9] => Array
                                (
                                    [name] => Multi-Tenant Ghost Isolation
                                    [status] => passed
                                )

                            [10] => Array
                                (
                                    [name] => Validation Metadata Invariants
                                    [status] => skipped
                                    [error] => No validation rules defined for this entity.
                                )

                        )

                    [errors] => Array
                        (
                        )

                    [coverage] => Array
                        (
                            [hooks_implemented] => Array
                                (
                                )

                            [coverage_pct] => 0
                        )

                )

            [5] => Array
                (
                    [class] => App\Default\Entities\Staff
                    [name] => Staff
                    [status] => passed
                    [scenarios] => Array
                        (
                            [0] => Array
                                (
                                    [name] => ValidData
                                    [status] => passed
                                    [duration_ms] => 39.58
                                )

                            [1] => Array
                                (
                                    [name] => Field Length Invariants
                                    [status] => passed
                                )

                            [2] => Array
                                (
                                    [name] => Data Type Invariants
                                    [status] => passed
                                )

                            [3] => Array
                                (
                                    [name] => Schema Integrity Check
                                    [status] => passed
                                )

                            [4] => Array
                                (
                                    [name] => Toxic Payload Resilience
                                    [status] => passed
                                )

                            [5] => Array
                                (
                                    [name] => Audit Trail Verification
                                    [status] => passed
                                )

                            [6] => Array
                                (
                                    [name] => Global Unicode Resilience
                                    [status] => passed
                                )

                            [7] => Array
                                (
                                    [name] => Bulk Stress Simulation
                                    [status] => passed
                                    [ops_per_sec] => 38.3
                                )

                            [8] => Array
                                (
                                    [name] => Transactional Integrity
                                    [status] => passed
                                )

                            [9] => Array
                                (
                                    [name] => Multi-Tenant Ghost Isolation
                                    [status] => passed
                                )

                            [10] => Array
                                (
                                    [name] => Validation Metadata Invariants
                                    [status] => skipped
                                    [error] => No validation rules defined for this entity.
                                )

                        )

                    [errors] => Array
                        (
                        )

                    [coverage] => Array
                        (
                            [hooks_implemented] => Array
                                (
                                )

                            [coverage_pct] => 0
                        )

                )

            [6] => Array
                (
                    [class] => App\Default\Entities\Teacher
                    [name] => Teacher
                    [status] => passed
                    [scenarios] => Array
                        (
                            [0] => Array
                                (
                                    [name] => ValidData
                                    [status] => passed
                                    [duration_ms] => 58.54
                                )

                            [1] => Array
                                (
                                    [name] => Field Length Invariants
                                    [status] => passed
                                )

                            [2] => Array
                                (
                                    [name] => Data Type Invariants
                                    [status] => passed
                                )

                            [3] => Array
                                (
                                    [name] => Schema Integrity Check
                                    [status] => passed
                                )

                            [4] => Array
                                (
                                    [name] => Toxic Payload Resilience
                                    [status] => passed
                                )

                            [5] => Array
                                (
                                    [name] => Audit Trail Verification
                                    [status] => passed
                                )

                            [6] => Array
                                (
                                    [name] => Global Unicode Resilience
                                    [status] => passed
                                )

                            [7] => Array
                                (
                                    [name] => Bulk Stress Simulation
                                    [status] => passed
                                    [ops_per_sec] => 36.4
                                )

                            [8] => Array
                                (
                                    [name] => Transactional Integrity
                                    [status] => passed
                                )

                            [9] => Array
                                (
                                    [name] => Multi-Tenant Ghost Isolation
                                    [status] => passed
                                )

                            [10] => Array
                                (
                                    [name] => Validation Metadata Invariants
                                    [status] => skipped
                                    [error] => No validation rules defined for this entity.
                                )

                        )

                    [errors] => Array
                        (
                        )

                    [coverage] => Array
                        (
                            [hooks_implemented] => Array
                                (
                                )

                            [coverage_pct] => 0
                        )

                )

            [7] => Array
                (
                    [class] => App\Default\Entities\Testeditentity
                    [name] => TestEditEntity
                    [status] => skipped
                    [scenarios] => Array
                        (
                        )

                    [errors] => Array
                        (
                            [0] => Skipped: Entity has no attributes defined in metadata.
                        )

                )

            [8] => Array
                (
                    [class] => App\Default\Entities\Testentity
                    [name] => TestEntity
                    [status] => passed
                    [scenarios] => Array
                        (
                            [0] => Array
                                (
                                    [name] => ValidData
                                    [status] => passed
                                    [duration_ms] => 234.21
                                )

                            [1] => Array
                                (
                                    [name] => Field Length Invariants
                                    [status] => passed
                                )

                            [2] => Array
                                (
                                    [name] => Data Type Invariants
                                    [status] => passed
                                )

                            [3] => Array
                                (
                                    [name] => Schema Integrity Check
                                    [status] => passed
                                )

                            [4] => Array
                                (
                                    [name] => Toxic Payload Resilience
                                    [status] => passed
                                )

                            [5] => Array
                                (
                                    [name] => Audit Trail Verification
                                    [status] => passed
                                )

                            [6] => Array
                                (
                                    [name] => Global Unicode Resilience
                                    [status] => passed
                                )

                            [7] => Array
                                (
                                    [name] => Bulk Stress Simulation
                                    [status] => passed
                                    [ops_per_sec] => 7.9
                                )

                            [8] => Array
                                (
                                    [name] => Transactional Integrity
                                    [status] => passed
                                )

                            [9] => Array
                                (
                                    [name] => Multi-Tenant Ghost Isolation
                                    [status] => passed
                                )

                            [10] => Array
                                (
                                    [name] => Validation Metadata Invariants
                                    [status] => skipped
                                    [error] => No validation rules defined for this entity.
                                )

                        )

                    [errors] => Array
                        (
                        )

                    [coverage] => Array
                        (
                            [hooks_implemented] => Array
                                (
                                )

                            [coverage_pct] => 0
                        )

                )

            [9] => Array
                (
                    [class] => App\Default\Entities\Testuser
                    [name] => TestUser
                    [status] => skipped
                    [scenarios] => Array
                        (
                        )

                    [errors] => Array
                        (
                            [0] => Class "" does not exist
                        )

                )

        )

    [dependency_graph] => Array
        (
            [nodes] => Array
                (
                )

            [links] => Array
                (
                )

        )

    [summary] => Array
        (
            [total] => 10
            [passed] => 5
            [failed] => 0
            [skipped] => 5
        )

    [unit_tests] => Array
        (
            [summary] => Array
                (
                    [total] => 48
                    [passed] => 44
                    [failed] => 4
                )

            [tests] => Array
                (
                    [0] => Array
                        (
                            [scope] => Core
                            [class] => SPP\Tests\Core\Commands\CompileRegistryCommandTest
                            [method] => testCommandInitialization
                            [status] => passed
                            [error] => 
                        )

                    [1] => Array
                        (
                            [scope] => Core
                            [class] => SPP\Tests\Core\Commands\CompileRegistryCommandTest
                            [method] => testCommandExecution
                            [status] => passed
                            [error] => 
                        )

                    [2] => Array
                        (
                            [scope] => Core
                            [class] => SPP\Tests\Core\Commands\SysStatusCommandTest
                            [method] => testCommandInitialization
                            [status] => passed
                            [error] => 
                        )

                    [3] => Array
                        (
                            [scope] => Core
                            [class] => SPP\Tests\Core\Commands\SysStatusCommandTest
                            [method] => testCommandExecution
                            [status] => passed
                            [error] => 
                        )

                    [4] => Array
                        (
                            [scope] => Core
                            [class] => SPP\Tests\Core\DataProviderTest
                            [method] => testAddition with data set
                            [status] => passed
                            [error] => 
                        )

                    [5] => Array
                        (
                            [scope] => Core
                            [class] => SPP\Tests\Core\DataProviderTest
                            [method] => testAddition with data set
                            [status] => passed
                            [error] => 
                        )

                    [6] => Array
                        (
                            [scope] => Core
                            [class] => SPP\Tests\Core\DataProviderTest
                            [method] => testAddition with data set
                            [status] => passed
                            [error] => 
                        )

                    [7] => Array
                        (
                            [scope] => Core
                            [class] => SPP\Tests\Core\DBLoggerTest
                            [method] => testDBLoggerProviderWritesSuccessfully
                            [status] => passed
                            [error] => 
                        )

                    [8] => Array
                        (
                            [scope] => Core
                            [class] => SPP\Tests\Core\DBLoggerTest
                            [method] => testEventBusTriggersDBLogger
                            [status] => passed
                            [error] => 
                        )

                    [9] => Array
                        (
                            [scope] => Core
                            [class] => SPP\Tests\Core\MockeryTest
                            [method] => testMockeryCanMockObjects
                            [status] => passed
                            [error] => 
                        )

                    [10] => Array
                        (
                            [scope] => Core
                            [class] => SPP\Tests\Core\ModuleTaxonomyTest
                            [method] => testModuleTypeParsing
                            [status] => passed
                            [error] => 
                        )

                    [11] => Array
                        (
                            [scope] => Core
                            [class] => SPP\Tests\Core\ModuleTaxonomyTest
                            [method] => testIsCompulsoryEvaluatesTrueForCoreAndCompulsory
                            [status] => passed
                            [error] => 
                        )

                    [12] => Array
                        (
                            [scope] => Core
                            [class] => SPP\Tests\Core\ModuleTaxonomyTest
                            [method] => testIsCompulsoryEvaluatesFalseForNonCore
                            [status] => passed
                            [error] => 
                        )

                    [13] => Array
                        (
                            [scope] => Core
                            [class] => SPP\Tests\Core\ModuleTaxonomyTest
                            [method] => testIsCompulsoryEvaluatesFalseForNonCompulsory
                            [status] => passed
                            [error] => 
                        )

                    [14] => Array
                        (
                            [scope] => Core
                            [class] => test.PestStyleTest.php
                            [method] => addition works with functional API
                            [status] => passed
                            [error] => 
                        )

                    [15] => Array
                        (
                            [scope] => Core
                            [class] => test.PestStyleTest.php
                            [method] => it can access $this via closure binding
                            [status] => passed
                            [error] => 
                        )

                    [16] => Array
                        (
                            [scope] => Core
                            [class] => test.PestStyleTest.php
                            [method] => subtraction works with functional API
                            [status] => passed
                            [error] => 
                        )

                    [17] => Array
                        (
                            [scope] => Core
                            [class] => SPP\Tests\Core\PsrLoggerAdapterTest
                            [method] => testInstantiation
                            [status] => passed
                            [error] => 
                        )

                    [18] => Array
                        (
                            [scope] => Core
                            [class] => SPP\Tests\Core\PsrLoggerAdapterTest
                            [method] => testLoggingLevels
                            [status] => passed
                            [error] => 
                        )

                    [19] => Array
                        (
                            [scope] => Core
                            [class] => SPP\Tests\Core\PsrLoggerAdapterTest
                            [method] => testInvalidLevelThrowsException
                            [status] => passed
                            [error] => 
                        )

                    [20] => Array
                        (
                            [scope] => Core
                            [class] => SPP\Tests\Core\SPPAuthTest
                            [method] => testDefaultGuardIsWeb
                            [status] => passed
                            [error] => 
                        )

                    [21] => Array
                        (
                            [scope] => Core
                            [class] => SPP\Tests\Core\SPPAuthTest
                            [method] => testLoginAndCheck
                            [status] => passed
                            [error] => 
                        )

                    [22] => Array
                        (
                            [scope] => Core
                            [class] => SPP\Tests\Core\SPPAuthTest
                            [method] => testLogout
                            [status] => passed
                            [error] => 
                        )

                    [23] => Array
                        (
                            [scope] => Core
                            [class] => SPP\Tests\Core\SPPAuthTest
                            [method] => testGetCurrentUser
                            [status] => passed
                            [error] => 
                        )

                    [24] => Array
                        (
                            [scope] => Core
                            [class] => SPP\Tests\Core\SPPConfigTest
                            [method] => testGetEnvValue
                            [status] => passed
                            [error] => 
                        )

                    [25] => Array
                        (
                            [scope] => Core
                            [class] => SPP\Tests\Core\SPPConfigTest
                            [method] => testDefaultValue
                            [status] => passed
                            [error] => 
                        )

                    [26] => Array
                        (
                            [scope] => Core
                            [class] => SPP\Tests\Core\SPPConfigTest
                            [method] => testSetAndGetAppCache
                            [status] => passed
                            [error] => 
                        )

                    [27] => Array
                        (
                            [scope] => Core
                            [class] => SPP\Tests\Core\SPPDBTest
                            [method] => testSelectAll
                            [status] => passed
                            [error] => 
                        )

                    [28] => Array
                        (
                            [scope] => Core
                            [class] => SPP\Tests\Core\SPPDBTest
                            [method] => testSelectSpecificColumns
                            [status] => passed
                            [error] => 
                        )

                    [29] => Array
                        (
                            [scope] => Core
                            [class] => SPP\Tests\Core\SPPDBTest
                            [method] => testWhereClause
                            [status] => failed
                            [error] => SQL should contain WHERE clause
                        )

                    [30] => Array
                        (
                            [scope] => Core
                            [class] => SPP\Tests\Core\SPPDBTest
                            [method] => testMultipleWhereClauses
                            [status] => failed
                            [error] => SQL should contain multiple WHERE clauses
                        )

                    [31] => Array
                        (
                            [scope] => Core
                            [class] => SPP\Tests\Core\SPPDBTest
                            [method] => testOrWhereClause
                            [status] => failed
                            [error] => SQL should contain OR WHERE clause
                        )

                    [32] => Array
                        (
                            [scope] => Core
                            [class] => SPP\Tests\Core\SPPDBTest
                            [method] => testOrderByAndLimit
                            [status] => failed
                            [error] => SQL should contain ORDER BY
                        )

                    [33] => Array
                        (
                            [scope] => Core
                            [class] => SPP\Tests\Core\SPPExtTest
                            [method] => testExtLifecycleDoesNotBootDB
                            [status] => passed
                            [error] => 
                        )

                    [34] => Array
                        (
                            [scope] => Core
                            [class] => SPP\Tests\Core\SPPMigrateTest
                            [method] => testMakeCommand
                            [status] => passed
                            [error] => 
                        )

                    [35] => Array
                        (
                            [scope] => Core
                            [class] => SPP\Tests\Core\SPPMigrateTest
                            [method] => testRunCommand
                            [status] => passed
                            [error] => 
                        )

                    [36] => Array
                        (
                            [scope] => Core
                            [class] => SPP\Tests\Core\SPPRouterTest
                            [method] => testGetPageThrowsExceptionForNonExistentRoute
                            [status] => passed
                            [error] => 
                        )

                    [37] => Array
                        (
                            [scope] => Core
                            [class] => SPP\Tests\Core\SPPRouterTest
                            [method] => testGetDefaultReturnsNullIfNoConfig
                            [status] => passed
                            [error] => 
                        )

                    [38] => Array
                        (
                            [scope] => Core
                            [class] => SPP\Tests\Core\SPPUXTest
                            [method] => testComponentMarkupGeneration
                            [status] => passed
                            [error] => 
                        )

                    [39] => Array
                        (
                            [scope] => Core
                            [class] => SPP\Tests\Core\SPPUXTest
                            [method] => testComponentWithSSRAndIsland
                            [status] => passed
                            [error] => 
                        )

                    [40] => Array
                        (
                            [scope] => Core
                            [class] => SPP\Tests\Core\SPPUXTest
                            [method] => testPaths
                            [status] => passed
                            [error] => 
                        )

                    [41] => Array
                        (
                            [scope] => Core
                            [class] => SPP\Tests\Core\SPPValidatorTest
                            [method] => testRequiredValidator
                            [status] => passed
                            [error] => 
                        )

                    [42] => Array
                        (
                            [scope] => Core
                            [class] => SPP\Tests\Core\SPPValidatorTest
                            [method] => testEmailValidator
                            [status] => passed
                            [error] => 
                        )

                    [43] => Array
                        (
                            [scope] => Core
                            [class] => SPP\Tests\Core\SPPValidatorTest
                            [method] => testMinLengthValidator
                            [status] => passed
                            [error] => 
                        )

                    [44] => Array
                        (
                            [scope] => Core
                            [class] => SPP\Tests\Core\SPPViewTest
                            [method] => testViewTagGeneration
                            [status] => passed
                            [error] => 
                        )

                    [45] => Array
                        (
                            [scope] => Core
                            [class] => SPP\Tests\Core\SPPViewTest
                            [method] => testUlGeneration
                            [status] => passed
                            [error] => 
                        )

                    [46] => Array
                        (
                            [scope] => Core
                            [class] => SPP\Tests\Core\SPPViewTest
                            [method] => testTableGeneration
                            [status] => passed
                            [error] => 
                        )

                    [47] => Array
                        (
                            [scope] => Core
                            [class] => SPP\Tests\Core\SPPViewCompilerTest
                            [method] => testCompilerTranslatesSppTrans
                            [status] => passed
                            [error] => 
                        )

                )

        )

)

Suite Summary:
Passed: 5 / 10

----------------------------------------
[2026-09-04 15:51:41] Evolutionary Scan executed for 'default':

LOADED MODULES FOR MIGRATION:
Array
(
    [0] => sppapi
    [1] => sppdb
    [2] => dbconfig
    [3] => sppauth
    [4] => spplogger
    [5] => sppview
    [6] => drishyam
    [7] => parikshak
    [8] => sppai
    [9] => lekhni
    [10] => sppxdb
    [11] => sppdeploy
    [12] => sppdoc
    [13] => spprouter
)

Migrating: 2026_06_02_000000_consolidate_identity_tables...
  Done.
Migrating: 2026_06_11_000000_sppauth_v2_architecture...
  Done.
Migrating: 2026_06_12_000000_create_spprouter_tables...
  Done.
Migrating: Migration_1_1_0...
  Done.
All migrations completed successfully.

TABLES IN DB AFTER MIGRATION:
Array
(
    [0] => Array
        (
            [name] => spp_migrations
        )

    [1] => Array
        (
            [name] => sqlite_sequence
        )

    [2] => Array
        (
            [name] => spp_users
        )

    [3] => Array
        (
            [name] => spp_roles
        )

    [4] => Array
        (
            [name] => spp_user_roles
        )

    [5] => Array
        (
            [name] => spp_login_attempts
        )

    [6] => Array
        (
            [name] => spp_personal_access_tokens
        )

    [7] => Array
        (
            [name] => spp_oauth_providers
        )

    [8] => Array
        (
            [name] => spp_sppauth_audit_log
        )

    [9] => Array
        (
            [name] => spp_magic_links
        )

    [10] => Array
        (
            [name] => spp_webauthn_credentials
        )

    [11] => Array
        (
            [name] => spp_oauth_clients
        )

    [12] => Array
        (
            [name] => spp_oauth_tokens
        )

    [13] => Array
        (
            [name] => spprouter_pages
        )

    [14] => Array
        (
            [name] => spprouter_defaults
        )

    [15] => Array
        (
            [name] => spprouter_specials
        )

)
Running test suite for app: default
Array
(
    [app] => default
    [timestamp] => 2026-09-04 15:51:23
    [seed] => 4666
    [entities] => Array
        (
            [0] => Array
                (
                    [class] => App\Default\Entities\Blogpost
                    [name] => BlogPost
                    [status] => skipped
                    [scenarios] => Array
                        (
                        )

                    [errors] => Array
                        (
                            [0] => Class "" does not exist
                        )

                )

            [1] => Array
                (
                    [class] => App\Default\Entities\Dummyentity
                    [name] => DummyEntity
                    [status] => passed
                    [scenarios] => Array
                        (
                            [0] => Array
                                (
                                    [name] => ValidData
                                    [status] => passed
                                    [duration_ms] => 51.51
                                )

                            [1] => Array
                                (
                                    [name] => Field Length Invariants
                                    [status] => passed
                                )

                            [2] => Array
                                (
                                    [name] => Data Type Invariants
                                    [status] => passed
                                )

                            [3] => Array
                                (
                                    [name] => Schema Integrity Check
                                    [status] => passed
                                )

                            [4] => Array
                                (
                                    [name] => Toxic Payload Resilience
                                    [status] => passed
                                )

                            [5] => Array
                                (
                                    [name] => Audit Trail Verification
                                    [status] => passed
                                )

                            [6] => Array
                                (
                                    [name] => Global Unicode Resilience
                                    [status] => passed
                                )

                            [7] => Array
                                (
                                    [name] => Bulk Stress Simulation
                                    [status] => passed
                                    [ops_per_sec] => 55.5
                                )

                            [8] => Array
                                (
                                    [name] => Transactional Integrity
                                    [status] => passed
                                )

                            [9] => Array
                                (
                                    [name] => Multi-Tenant Ghost Isolation
                                    [status] => passed
                                )

                            [10] => Array
                                (
                                    [name] => Validation Metadata Invariants
                                    [status] => skipped
                                    [error] => No validation rules defined for this entity.
                                )

                        )

                    [errors] => Array
                        (
                        )

                    [coverage] => Array
                        (
                            [hooks_implemented] => Array
                                (
                                )

                            [coverage_pct] => 0
                        )

                )

            [2] => Array
                (
                    [class] => App\Default\Entities\Employee
                    [name] => Employee
                    [status] => skipped
                    [scenarios] => Array
                        (
                        )

                    [errors] => Array
                        (
                            [0] => Skipped: Entity has no attributes defined in metadata.
                        )

                )

            [3] => Array
                (
                    [class] => App\Default\Entities\Featuremodel
                    [name] => FeatureModel
                    [status] => skipped
                    [scenarios] => Array
                        (
                        )

                    [errors] => Array
                        (
                            [0] => Class "" does not exist
                        )

                )

            [4] => Array
                (
                    [class] => App\Default\Entities\Newentity1
                    [name] => NewEntity1
                    [status] => passed
                    [scenarios] => Array
                        (
                            [0] => Array
                                (
                                    [name] => ValidData
                                    [status] => passed
                                    [duration_ms] => 39.56
                                )

                            [1] => Array
                                (
                                    [name] => Field Length Invariants
                                    [status] => passed
                                )

                            [2] => Array
                                (
                                    [name] => Data Type Invariants
                                    [status] => passed
                                )

                            [3] => Array
                                (
                                    [name] => Schema Integrity Check
                                    [status] => passed
                                )

                            [4] => Array
                                (
                                    [name] => Toxic Payload Resilience
                                    [status] => passed
                                )

                            [5] => Array
                                (
                                    [name] => Audit Trail Verification
                                    [status] => passed
                                )

                            [6] => Array
                                (
                                    [name] => Global Unicode Resilience
                                    [status] => passed
                                )

                            [7] => Array
                                (
                                    [name] => Bulk Stress Simulation
                                    [status] => passed
                                    [ops_per_sec] => 42.8
                                )

                            [8] => Array
                                (
                                    [name] => Transactional Integrity
                                    [status] => passed
                                )

                            [9] => Array
                                (
                                    [name] => Multi-Tenant Ghost Isolation
                                    [status] => passed
                                )

                            [10] => Array
                                (
                                    [name] => Validation Metadata Invariants
                                    [status] => skipped
                                    [error] => No validation rules defined for this entity.
                                )

                        )

                    [errors] => Array
                        (
                        )

                    [coverage] => Array
                        (
                            [hooks_implemented] => Array
                                (
                                )

                            [coverage_pct] => 0
                        )

                )

            [5] => Array
                (
                    [class] => App\Default\Entities\Staff
                    [name] => Staff
                    [status] => passed
                    [scenarios] => Array
                        (
                            [0] => Array
                                (
                                    [name] => ValidData
                                    [status] => passed
                                    [duration_ms] => 46.1
                                )

                            [1] => Array
                                (
                                    [name] => Field Length Invariants
                                    [status] => passed
                                )

                            [2] => Array
                                (
                                    [name] => Data Type Invariants
                                    [status] => passed
                                )

                            [3] => Array
                                (
                                    [name] => Schema Integrity Check
                                    [status] => passed
                                )

                            [4] => Array
                                (
                                    [name] => Toxic Payload Resilience
                                    [status] => passed
                                )

                            [5] => Array
                                (
                                    [name] => Audit Trail Verification
                                    [status] => passed
                                )

                            [6] => Array
                                (
                                    [name] => Global Unicode Resilience
                                    [status] => passed
                                )

                            [7] => Array
                                (
                                    [name] => Bulk Stress Simulation
                                    [status] => passed
                                    [ops_per_sec] => 43.1
                                )

                            [8] => Array
                                (
                                    [name] => Transactional Integrity
                                    [status] => passed
                                )

                            [9] => Array
                                (
                                    [name] => Multi-Tenant Ghost Isolation
                                    [status] => passed
                                )

                            [10] => Array
                                (
                                    [name] => Validation Metadata Invariants
                                    [status] => skipped
                                    [error] => No validation rules defined for this entity.
                                )

                        )

                    [errors] => Array
                        (
                        )

                    [coverage] => Array
                        (
                            [hooks_implemented] => Array
                                (
                                )

                            [coverage_pct] => 0
                        )

                )

            [6] => Array
                (
                    [class] => App\Default\Entities\Teacher
                    [name] => Teacher
                    [status] => skipped
                    [scenarios] => Array
                        (
                        )

                    [errors] => Array
                        (
                            [0] => file_put_contents(C:\projects\apache\school1/src/default/tests/auto/TeacherAutoTest.php): Failed to open stream: Permission denied
                        )

                )

            [7] => Array
                (
                    [class] => App\Default\Entities\Testeditentity
                    [name] => TestEditEntity
                    [status] => skipped
                    [scenarios] => Array
                        (
                        )

                    [errors] => Array
                        (
                            [0] => Skipped: Entity has no attributes defined in metadata.
                        )

                )

            [8] => Array
                (
                    [class] => App\Default\Entities\Testentity
                    [name] => TestEntity
                    [status] => failed
                    [scenarios] => Array
                        (
                            [0] => Array
                                (
                                    [name] => ValidData
                                    [status] => failed
                                    [error] => Value mismatch on 'created_at': Expected '2026-09-04 15:51:30', got '2026-09-04 15:51:31'
                                    [diagnostics] => Array
                                        (
                                        )

                                )

                            [1] => Array
                                (
                                    [name] => Field Length Invariants
                                    [status] => passed
                                )

                            [2] => Array
                                (
                                    [name] => Data Type Invariants
                                    [status] => passed
                                )

                            [3] => Array
                                (
                                    [name] => Schema Integrity Check
                                    [status] => passed
                                )

                            [4] => Array
                                (
                                    [name] => Toxic Payload Resilience
                                    [status] => passed
                                )

                            [5] => Array
                                (
                                    [name] => Audit Trail Verification
                                    [status] => passed
                                )

                            [6] => Array
                                (
                                    [name] => Global Unicode Resilience
                                    [status] => passed
                                )

                            [7] => Array
                                (
                                    [name] => Bulk Stress Simulation
                                    [status] => passed
                                    [ops_per_sec] => 10.3
                                )

                            [8] => Array
                                (
                                    [name] => Transactional Integrity
                                    [status] => passed
                                )

                            [9] => Array
                                (
                                    [name] => Multi-Tenant Ghost Isolation
                                    [status] => passed
                                )

                            [10] => Array
                                (
                                    [name] => Validation Metadata Invariants
                                    [status] => skipped
                                    [error] => No validation rules defined for this entity.
                                )

                        )

                    [errors] => Array
                        (
                            [0] => Value mismatch on 'created_at': Expected '2026-09-04 15:51:30', got '2026-09-04 15:51:31'
                        )

                    [coverage] => Array
                        (
                            [hooks_implemented] => Array
                                (
                                )

                            [coverage_pct] => 0
                        )

                )

            [9] => Array
                (
                    [class] => App\Default\Entities\Testuser
                    [name] => TestUser
                    [status] => skipped
                    [scenarios] => Array
                        (
                        )

                    [errors] => Array
                        (
                            [0] => Class "" does not exist
                        )

                )

        )

    [dependency_graph] => Array
        (
            [nodes] => Array
                (
                )

            [links] => Array
                (
                )

        )

    [summary] => Array
        (
            [total] => 10
            [passed] => 3
            [failed] => 1
            [skipped] => 6
        )

    [unit_tests] => Array
        (
            [summary] => Array
                (
                    [total] => 48
                    [passed] => 44
                    [failed] => 4
                )

            [tests] => Array
                (
                    [0] => Array
                        (
                            [scope] => Core
                            [class] => SPP\Tests\Core\Commands\CompileRegistryCommandTest
                            [method] => testCommandInitialization
                            [status] => passed
                            [error] => 
                        )

                    [1] => Array
                        (
                            [scope] => Core
                            [class] => SPP\Tests\Core\Commands\CompileRegistryCommandTest
                            [method] => testCommandExecution
                            [status] => passed
                            [error] => 
                        )

                    [2] => Array
                        (
                            [scope] => Core
                            [class] => SPP\Tests\Core\Commands\SysStatusCommandTest
                            [method] => testCommandInitialization
                            [status] => passed
                            [error] => 
                        )

                    [3] => Array
                        (
                            [scope] => Core
                            [class] => SPP\Tests\Core\Commands\SysStatusCommandTest
                            [method] => testCommandExecution
                            [status] => passed
                            [error] => 
                        )

                    [4] => Array
                        (
                            [scope] => Core
                            [class] => SPP\Tests\Core\DataProviderTest
                            [method] => testAddition with data set
                            [status] => passed
                            [error] => 
                        )

                    [5] => Array
                        (
                            [scope] => Core
                            [class] => SPP\Tests\Core\DataProviderTest
                            [method] => testAddition with data set
                            [status] => passed
                            [error] => 
                        )

                    [6] => Array
                        (
                            [scope] => Core
                            [class] => SPP\Tests\Core\DataProviderTest
                            [method] => testAddition with data set
                            [status] => passed
                            [error] => 
                        )

                    [7] => Array
                        (
                            [scope] => Core
                            [class] => SPP\Tests\Core\DBLoggerTest
                            [method] => testDBLoggerProviderWritesSuccessfully
                            [status] => passed
                            [error] => 
                        )

                    [8] => Array
                        (
                            [scope] => Core
                            [class] => SPP\Tests\Core\DBLoggerTest
                            [method] => testEventBusTriggersDBLogger
                            [status] => passed
                            [error] => 
                        )

                    [9] => Array
                        (
                            [scope] => Core
                            [class] => SPP\Tests\Core\MockeryTest
                            [method] => testMockeryCanMockObjects
                            [status] => passed
                            [error] => 
                        )

                    [10] => Array
                        (
                            [scope] => Core
                            [class] => SPP\Tests\Core\ModuleTaxonomyTest
                            [method] => testModuleTypeParsing
                            [status] => passed
                            [error] => 
                        )

                    [11] => Array
                        (
                            [scope] => Core
                            [class] => SPP\Tests\Core\ModuleTaxonomyTest
                            [method] => testIsCompulsoryEvaluatesTrueForCoreAndCompulsory
                            [status] => passed
                            [error] => 
                        )

                    [12] => Array
                        (
                            [scope] => Core
                            [class] => SPP\Tests\Core\ModuleTaxonomyTest
                            [method] => testIsCompulsoryEvaluatesFalseForNonCore
                            [status] => passed
                            [error] => 
                        )

                    [13] => Array
                        (
                            [scope] => Core
                            [class] => SPP\Tests\Core\ModuleTaxonomyTest
                            [method] => testIsCompulsoryEvaluatesFalseForNonCompulsory
                            [status] => passed
                            [error] => 
                        )

                    [14] => Array
                        (
                            [scope] => Core
                            [class] => test.PestStyleTest.php
                            [method] => addition works with functional API
                            [status] => passed
                            [error] => 
                        )

                    [15] => Array
                        (
                            [scope] => Core
                            [class] => test.PestStyleTest.php
                            [method] => it can access $this via closure binding
                            [status] => passed
                            [error] => 
                        )

                    [16] => Array
                        (
                            [scope] => Core
                            [class] => test.PestStyleTest.php
                            [method] => subtraction works with functional API
                            [status] => passed
                            [error] => 
                        )

                    [17] => Array
                        (
                            [scope] => Core
                            [class] => SPP\Tests\Core\PsrLoggerAdapterTest
                            [method] => testInstantiation
                            [status] => passed
                            [error] => 
                        )

                    [18] => Array
                        (
                            [scope] => Core
                            [class] => SPP\Tests\Core\PsrLoggerAdapterTest
                            [method] => testLoggingLevels
                            [status] => passed
                            [error] => 
                        )

                    [19] => Array
                        (
                            [scope] => Core
                            [class] => SPP\Tests\Core\PsrLoggerAdapterTest
                            [method] => testInvalidLevelThrowsException
                            [status] => passed
                            [error] => 
                        )

                    [20] => Array
                        (
                            [scope] => Core
                            [class] => SPP\Tests\Core\SPPAuthTest
                            [method] => testDefaultGuardIsWeb
                            [status] => passed
                            [error] => 
                        )

                    [21] => Array
                        (
                            [scope] => Core
                            [class] => SPP\Tests\Core\SPPAuthTest
                            [method] => testLoginAndCheck
                            [status] => passed
                            [error] => 
                        )

                    [22] => Array
                        (
                            [scope] => Core
                            [class] => SPP\Tests\Core\SPPAuthTest
                            [method] => testLogout
                            [status] => passed
                            [error] => 
                        )

                    [23] => Array
                        (
                            [scope] => Core
                            [class] => SPP\Tests\Core\SPPAuthTest
                            [method] => testGetCurrentUser
                            [status] => passed
                            [error] => 
                        )

                    [24] => Array
                        (
                            [scope] => Core
                            [class] => SPP\Tests\Core\SPPConfigTest
                            [method] => testGetEnvValue
                            [status] => passed
                            [error] => 
                        )

                    [25] => Array
                        (
                            [scope] => Core
                            [class] => SPP\Tests\Core\SPPConfigTest
                            [method] => testDefaultValue
                            [status] => passed
                            [error] => 
                        )

                    [26] => Array
                        (
                            [scope] => Core
                            [class] => SPP\Tests\Core\SPPConfigTest
                            [method] => testSetAndGetAppCache
                            [status] => passed
                            [error] => 
                        )

                    [27] => Array
                        (
                            [scope] => Core
                            [class] => SPP\Tests\Core\SPPDBTest
                            [method] => testSelectAll
                            [status] => passed
                            [error] => 
                        )

                    [28] => Array
                        (
                            [scope] => Core
                            [class] => SPP\Tests\Core\SPPDBTest
                            [method] => testSelectSpecificColumns
                            [status] => passed
                            [error] => 
                        )

                    [29] => Array
                        (
                            [scope] => Core
                            [class] => SPP\Tests\Core\SPPDBTest
                            [method] => testWhereClause
                            [status] => failed
                            [error] => SQL should contain WHERE clause
                        )

                    [30] => Array
                        (
                            [scope] => Core
                            [class] => SPP\Tests\Core\SPPDBTest
                            [method] => testMultipleWhereClauses
                            [status] => failed
                            [error] => SQL should contain multiple WHERE clauses
                        )

                    [31] => Array
                        (
                            [scope] => Core
                            [class] => SPP\Tests\Core\SPPDBTest
                            [method] => testOrWhereClause
                            [status] => failed
                            [error] => SQL should contain OR WHERE clause
                        )

                    [32] => Array
                        (
                            [scope] => Core
                            [class] => SPP\Tests\Core\SPPDBTest
                            [method] => testOrderByAndLimit
                            [status] => failed
                            [error] => SQL should contain ORDER BY
                        )

                    [33] => Array
                        (
                            [scope] => Core
                            [class] => SPP\Tests\Core\SPPExtTest
                            [method] => testExtLifecycleDoesNotBootDB
                            [status] => passed
                            [error] => 
                        )

                    [34] => Array
                        (
                            [scope] => Core
                            [class] => SPP\Tests\Core\SPPMigrateTest
                            [method] => testMakeCommand
                            [status] => passed
                            [error] => 
                        )

                    [35] => Array
                        (
                            [scope] => Core
                            [class] => SPP\Tests\Core\SPPMigrateTest
                            [method] => testRunCommand
                            [status] => passed
                            [error] => 
                        )

                    [36] => Array
                        (
                            [scope] => Core
                            [class] => SPP\Tests\Core\SPPRouterTest
                            [method] => testGetPageThrowsExceptionForNonExistentRoute
                            [status] => passed
                            [error] => 
                        )

                    [37] => Array
                        (
                            [scope] => Core
                            [class] => SPP\Tests\Core\SPPRouterTest
                            [method] => testGetDefaultReturnsNullIfNoConfig
                            [status] => passed
                            [error] => 
                        )

                    [38] => Array
                        (
                            [scope] => Core
                            [class] => SPP\Tests\Core\SPPUXTest
                            [method] => testComponentMarkupGeneration
                            [status] => passed
                            [error] => 
                        )

                    [39] => Array
                        (
                            [scope] => Core
                            [class] => SPP\Tests\Core\SPPUXTest
                            [method] => testComponentWithSSRAndIsland
                            [status] => passed
                            [error] => 
                        )

                    [40] => Array
                        (
                            [scope] => Core
                            [class] => SPP\Tests\Core\SPPUXTest
                            [method] => testPaths
                            [status] => passed
                            [error] => 
                        )

                    [41] => Array
                        (
                            [scope] => Core
                            [class] => SPP\Tests\Core\SPPValidatorTest
                            [method] => testRequiredValidator
                            [status] => passed
                            [error] => 
                        )

                    [42] => Array
                        (
                            [scope] => Core
                            [class] => SPP\Tests\Core\SPPValidatorTest
                            [method] => testEmailValidator
                            [status] => passed
                            [error] => 
                        )

                    [43] => Array
                        (
                            [scope] => Core
                            [class] => SPP\Tests\Core\SPPValidatorTest
                            [method] => testMinLengthValidator
                            [status] => passed
                            [error] => 
                        )

                    [44] => Array
                        (
                            [scope] => Core
                            [class] => SPP\Tests\Core\SPPViewTest
                            [method] => testViewTagGeneration
                            [status] => passed
                            [error] => 
                        )

                    [45] => Array
                        (
                            [scope] => Core
                            [class] => SPP\Tests\Core\SPPViewTest
                            [method] => testUlGeneration
                            [status] => passed
                            [error] => 
                        )

                    [46] => Array
                        (
                            [scope] => Core
                            [class] => SPP\Tests\Core\SPPViewTest
                            [method] => testTableGeneration
                            [status] => passed
                            [error] => 
                        )

                    [47] => Array
                        (
                            [scope] => Core
                            [class] => SPP\Tests\Core\SPPViewCompilerTest
                            [method] => testCompilerTranslatesSppTrans
                            [status] => passed
                            [error] => 
                        )

                )

        )

)

Suite Summary:
Passed: 3 / 10

----------------------------------------
