[2026-04-28 11:38:14] Context Resolved: default | URI: /school1/ | Matched Pattern Len: 8
[2026-04-28 11:38:14] Context Switch: default -> default
[2026-04-28 11:38:14] Context Switch: default -> default
[2026-04-28 11:38:20] Context Switch: default -> default
[2026-04-28 11:38:30] Context Resolved: sppadmin | URI: /school1/sppadmin/ | Matched Pattern Len: 17
[2026-04-28 11:38:30] Context Switch: sppadmin -> sppadmin
[2026-04-28 11:38:30] Context Switch: sppadmin -> sppadmin
[2026-04-28 11:38:35] Context Switch: sppadmin -> sppadmin
[2026-04-28 11:38:37] Context Resolved: sppadmin | URI: /school1/sppadmin/api.php?action=check_auth&appname=default&_ts=1777376316980 | Matched Pattern Len: 17
[2026-04-28 11:38:37] Context Switch: sppadmin -> sppadmin
[2026-04-28 11:38:37] Context Switch: sppadmin -> sppadmin
[2026-04-28 11:38:42] Context Switch: sppadmin -> sppadmin
[2026-04-28 11:38:51] Context Resolved: autodemo | URI: /school1/autodemo | Matched Pattern Len: 17
[2026-04-28 11:38:51] Context Switch: autodemo -> autodemo
[2026-04-28 11:38:51] Context Switch: autodemo -> autodemo
[2026-04-28 11:38:58] Context Switch: autodemo -> autodemo
[2026-04-28 11:39:21] Context Resolved: lekhak | URI: /school1/lekhak | Matched Pattern Len: 15
[2026-04-28 11:39:21] Context Switch: lekhak -> lekhak
[2026-04-28 11:39:21] Context Switch: lekhak -> lekhak
[2026-04-28 11:39:31] Context Switch: lekhak -> lekhak
[2026-04-28 11:39:46] Context Resolved: autodemo | URI: /school1/autodemo | Matched Pattern Len: 17
[2026-04-28 11:39:46] Context Switch: autodemo -> autodemo
[2026-04-28 11:39:46] Context Switch: autodemo -> autodemo
[2026-04-28 11:39:50] Context Switch: autodemo -> autodemo
[2026-04-28 11:40:45] Context Resolved: autodemo | URI: /school1/autodemo | Matched Pattern Len: 17
[2026-04-28 11:40:45] Context Switch: autodemo -> autodemo
[2026-04-28 11:40:45] Context Switch: autodemo -> autodemo
[2026-04-28 11:40:47] Context Switch: autodemo -> autodemo
[2026-04-28 13:41:26] Context Resolved: default | URI: / | Matched Pattern Len: 1
[2026-04-28 13:41:26] Context Switch: default -> default
[2026-04-28 13:41:26] Context Switch: default -> default
[2026-04-28 13:41:26] Context Switch: default -> default
[2026-04-28 13:41:28] Context Resolved: default | URI: /school1/sppadmin/ | Matched Pattern Len: 1
[2026-04-28 13:41:28] Context Resolved: default | URI: /school1/autodemo/ | Matched Pattern Len: 1
[2026-04-28 13:41:39] Context Resolved: default | URI: / | Matched Pattern Len: -1
[2026-04-28 13:41:39] Context Switch: default -> default
[2026-04-28 13:41:39] Context Switch: default -> default
[2026-04-28 13:41:40] Context Switch: default -> default
[2026-04-28 13:41:41] Context Resolved: sppadmin | URI: /school1/sppadmin/ | Matched Pattern Len: 17
[2026-04-28 13:41:41] Context Switch: sppadmin -> sppadmin
[2026-04-28 13:41:41] Context Switch: sppadmin -> sppadmin
[2026-04-28 13:41:41] Context Switch: sppadmin -> sppadmin
[2026-04-28 13:41:41] Context Resolved: autodemo | URI: /school1/autodemo/ | Matched Pattern Len: 17
[2026-04-28 13:41:41] Context Switch: autodemo -> autodemo
[2026-04-28 13:41:41] Context Switch: autodemo -> autodemo
[2026-04-28 13:41:41] Context Switch: autodemo -> autodemo
[2026-04-28 13:41:58] Context Resolved: default | URI: / | Matched Pattern Len: -1
[2026-04-28 13:41:58] Context Switch: default -> default
[2026-04-28 13:41:58] Context Switch: default -> default
[2026-04-28 13:41:58] Context Switch: default -> default
[2026-04-28 13:41:59] Context Resolved: sppadmin | URI: /school1/sppadmin/ | Matched Pattern Len: 17
[2026-04-28 13:41:59] Context Switch: sppadmin -> sppadmin
[2026-04-28 13:41:59] Context Switch: sppadmin -> sppadmin
[2026-04-28 13:41:59] Context Switch: sppadmin -> sppadmin
[2026-04-28 13:41:59] Context Resolved: autodemo | URI: /school1/autodemo/ | Matched Pattern Len: 17
[2026-04-28 13:41:59] Context Switch: autodemo -> autodemo
[2026-04-28 13:41:59] Context Switch: autodemo -> autodemo
[2026-04-28 13:41:59] Context Switch: autodemo -> autodemo
[2026-04-28 11:44:23] Context Resolved: sppadmin | URI: /school1/sppadmin/ | Matched Pattern Len: 17
[2026-04-28 11:44:23] Context Switch: sppadmin -> sppadmin
[2026-04-28 11:44:23] Context Switch: sppadmin -> sppadmin
[2026-04-28 11:44:24] Context Switch: sppadmin -> sppadmin
[2026-04-28 11:44:25] Context Resolved: sppadmin | URI: /school1/sppadmin/api.php?action=check_auth&appname=default&_ts=1777376665506 | Matched Pattern Len: 17
[2026-04-28 11:44:25] Context Switch: sppadmin -> sppadmin
[2026-04-28 11:44:25] Context Switch: sppadmin -> sppadmin
[2026-04-28 11:44:27] Context Switch: sppadmin -> sppadmin
[2026-04-28 11:44:35] Context Resolved: sppadmin | URI: /school1/sppadmin/api.php | Matched Pattern Len: 17
[2026-04-28 11:44:35] Context Switch: sppadmin -> sppadmin
[2026-04-28 11:44:35] Context Switch: sppadmin -> sppadmin
[2026-04-28 11:44:38] Context Switch: sppadmin -> sppadmin
[2026-04-28 11:44:39] Context Resolved: sppadmin | URI: /school1/sppadmin/api.php?action=get_profile&appname=default&csrf_token=ac706949b639259590331abd71fad2beb671beba47321aa633a55035a8b3f10e&_ts=1777376679166 | Matched Pattern Len: 17
[2026-04-28 11:44:39] Context Resolved: sppadmin | URI: /school1/sppadmin/api.php?action=list_apps&appname=default&csrf_token=ac706949b639259590331abd71fad2beb671beba47321aa633a55035a8b3f10e&_ts=1777376679163 | Matched Pattern Len: 17
[2026-04-28 11:44:39] Context Switch: sppadmin -> sppadmin
[2026-04-28 11:44:39] Context Switch: sppadmin -> sppadmin
[2026-04-28 11:44:39] Context Switch: sppadmin -> sppadmin
[2026-04-28 11:44:39] Context Switch: sppadmin -> sppadmin
[2026-04-28 11:44:39] Context Resolved: default | URI: /school1/src/default/comp/lekhak.js?v=1777376679164 | Matched Pattern Len: 8
[2026-04-28 11:44:39] Context Switch: default -> default
[2026-04-28 11:44:39] Context Switch: default -> default
[2026-04-28 11:44:40] Context Switch: sppadmin -> sppadmin
[2026-04-28 11:44:40] Context Switch: sppadmin -> sppadmin
[2026-04-28 11:44:41] Context Switch: sppadmin -> __sppadmin__
[2026-04-28 11:44:41] Context Switch: __sppadmin__ -> __sppadmin__
[2026-04-28 11:44:41] Context Switch: default -> default
[2026-04-28 11:45:24] Context Resolved: sppadmin | URI: /school1/sppadmin/api.php?action=list_entities&appname=lekhak&csrf_token=ac706949b639259590331abd71fad2beb671beba47321aa633a55035a8b3f10e&_ts=1777376724375 | Matched Pattern Len: 17
[2026-04-28 11:45:24] Context Switch: sppadmin -> sppadmin
[2026-04-28 11:45:24] Context Switch: sppadmin -> sppadmin
[2026-04-28 11:45:26] Context Switch: sppadmin -> sppadmin
[2026-04-28 11:45:27] Context Switch: sppadmin -> __sppadmin__
[2026-04-28 11:45:27] Context Switch: __sppadmin__ -> __sppadmin__
[2026-04-28 11:45:27] Context Switch: __sppadmin__ -> lekhak
[2026-04-28 11:45:27] Context Switch: lekhak -> lekhak
[2026-04-28 11:45:27] Context Switch: lekhak -> __sppadmin__
[2026-04-28 11:45:32] Context Resolved: sppadmin | URI: /school1/sppadmin/api.php | Matched Pattern Len: 17
[2026-04-28 11:45:32] Context Switch: sppadmin -> sppadmin
[2026-04-28 11:45:32] Context Switch: sppadmin -> sppadmin
[2026-04-28 11:45:33] Context Switch: sppadmin -> sppadmin
[2026-04-28 11:45:34] Context Switch: sppadmin -> __sppadmin__
[2026-04-28 11:45:34] Context Switch: __sppadmin__ -> __sppadmin__
[2026-04-28 11:45:45] Context Resolved: sppadmin | URI: /school1/sppadmin/api.php?action=list_apps&appname=lekhak&csrf_token=ac706949b639259590331abd71fad2beb671beba47321aa633a55035a8b3f10e&_ts=1777376745171 | Matched Pattern Len: 17
[2026-04-28 11:45:45] Context Switch: sppadmin -> sppadmin
[2026-04-28 11:45:45] Context Switch: sppadmin -> sppadmin
[2026-04-28 11:45:47] Context Switch: sppadmin -> sppadmin
[2026-04-28 11:45:48] Context Switch: sppadmin -> __sppadmin__
[2026-04-28 11:45:48] Context Switch: __sppadmin__ -> __sppadmin__
[2026-04-28 11:46:19] Context Resolved: sppadmin | URI: /school1/sppadmin/api.php?action=list_modules&appname=lekhak&csrf_token=ac706949b639259590331abd71fad2beb671beba47321aa633a55035a8b3f10e&_ts=1777376779209 | Matched Pattern Len: 17
[2026-04-28 11:46:19] Context Switch: sppadmin -> sppadmin
[2026-04-28 11:46:19] Context Switch: sppadmin -> sppadmin
[2026-04-28 11:46:21] Context Switch: sppadmin -> sppadmin
[2026-04-28 11:46:22] Context Switch: sppadmin -> __sppadmin__
[2026-04-28 11:46:22] Context Switch: __sppadmin__ -> __sppadmin__
[2026-04-28 11:46:25] Context Resolved: sppadmin | URI: /school1/sppadmin/api.php?action=get_module_config_raw&modname=sppdb&appname=lekhak&csrf_token=ac706949b639259590331abd71fad2beb671beba47321aa633a55035a8b3f10e&_ts=1777376785571 | Matched Pattern Len: 17
[2026-04-28 11:46:26] Context Switch: sppadmin -> sppadmin
[2026-04-28 11:46:26] Context Switch: sppadmin -> sppadmin
[2026-04-28 11:46:26] Context Resolved: sppadmin | URI: /school1/sppadmin/api.php?action=get_module_config&modname=sppdb&appname=lekhak&csrf_token=ac706949b639259590331abd71fad2beb671beba47321aa633a55035a8b3f10e&_ts=1777376785571 | Matched Pattern Len: 17
[2026-04-28 11:46:26] Context Switch: sppadmin -> sppadmin
[2026-04-28 11:46:26] Context Switch: sppadmin -> sppadmin
[2026-04-28 11:46:27] Context Switch: sppadmin -> sppadmin
[2026-04-28 11:46:28] Context Switch: sppadmin -> __sppadmin__
[2026-04-28 11:46:28] Context Switch: __sppadmin__ -> __sppadmin__
[2026-04-28 11:46:28] Context Switch: sppadmin -> sppadmin
[2026-04-28 11:46:29] Context Switch: sppadmin -> __sppadmin__
[2026-04-28 11:46:29] Context Switch: __sppadmin__ -> __sppadmin__
[2026-04-28 11:46:41] Context Resolved: sppadmin | URI: /school1/sppadmin/api.php | Matched Pattern Len: 17
[2026-04-28 11:46:41] Context Switch: sppadmin -> sppadmin
[2026-04-28 11:46:41] Context Switch: sppadmin -> sppadmin
[2026-04-28 11:46:43] Context Switch: sppadmin -> sppadmin
[2026-04-28 11:46:43] Context Switch: sppadmin -> __sppadmin__
[2026-04-28 11:46:43] Context Switch: __sppadmin__ -> __sppadmin__
[2026-04-28 11:46:47] Context Resolved: sppadmin | URI: /school1/sppadmin/api.php?action=get_module_config&modname=sppdb&appname=lekhak&csrf_token=ac706949b639259590331abd71fad2beb671beba47321aa633a55035a8b3f10e&_ts=1777376807618 | Matched Pattern Len: 17
[2026-04-28 11:46:47] Context Switch: sppadmin -> sppadmin
[2026-04-28 11:46:47] Context Switch: sppadmin -> sppadmin
[2026-04-28 11:46:47] Context Resolved: sppadmin | URI: /school1/sppadmin/api.php?action=get_module_config_raw&modname=sppdb&appname=lekhak&csrf_token=ac706949b639259590331abd71fad2beb671beba47321aa633a55035a8b3f10e&_ts=1777376807619 | Matched Pattern Len: 17
[2026-04-28 11:46:47] Context Switch: sppadmin -> sppadmin
[2026-04-28 11:46:47] Context Switch: sppadmin -> sppadmin
[2026-04-28 11:46:49] Context Switch: sppadmin -> sppadmin
[2026-04-28 11:46:50] Context Switch: sppadmin -> __sppadmin__
[2026-04-28 11:46:50] Context Switch: __sppadmin__ -> __sppadmin__
[2026-04-28 11:46:51] Context Switch: sppadmin -> sppadmin
[2026-04-28 11:46:52] Context Switch: sppadmin -> __sppadmin__
[2026-04-28 11:46:52] Context Switch: __sppadmin__ -> __sppadmin__
[2026-04-28 14:42:47] Context Resolved: default | URI: / | Matched Pattern Len: -1
[2026-04-28 14:42:47] Context Switch: default -> default
[2026-04-28 14:42:47] Context Switch: default -> default
[2026-04-28 14:42:47] Context Switch: default -> default
[2026-04-28 14:42:49] Context Switch: default -> sppadmin
[2026-04-28 14:42:49] Context Switch: sppadmin -> sppadmin
[2026-04-28 14:42:49] Context Switch: sppadmin -> sppadmin
[2026-04-28 14:43:02] Context Resolved: default | URI: / | Matched Pattern Len: -1
[2026-04-28 14:43:02] Context Switch: default -> default
[2026-04-28 14:43:02] Context Switch: default -> default
[2026-04-28 14:43:02] Context Switch: default -> default
[2026-04-28 14:43:03] Context Switch: default -> autodemo
[2026-04-28 14:43:03] Context Switch: autodemo -> autodemo
[2026-04-28 14:43:03] Context Switch: autodemo -> autodemo
[2026-04-28 13:41:53] Context Resolved: sppadmin | URI: /school1/sppadmin/api.php?action=logout&appname=lekhak&csrf_token=ac706949b639259590331abd71fad2beb671beba47321aa633a55035a8b3f10e&_ts=1777383712810 | Matched Pattern Len: 17
[2026-04-28 13:41:53] Context Switch: sppadmin -> sppadmin
[2026-04-28 13:41:53] Context Switch: sppadmin -> sppadmin
[2026-04-28 13:41:59] Context Switch: sppadmin -> sppadmin
[2026-04-28 13:42:04] Context Resolved: sppadmin | URI: /school1/sppadmin/api.php | Matched Pattern Len: 17
[2026-04-28 13:42:04] Context Switch: sppadmin -> sppadmin
[2026-04-28 13:42:04] Context Switch: sppadmin -> sppadmin
[2026-04-28 13:42:11] Context Switch: sppadmin -> sppadmin
[2026-04-28 13:42:12] Context Resolved: sppadmin | URI: /school1/sppadmin/api.php?action=list_modules&appname=lekhak&csrf_token=ac706949b639259590331abd71fad2beb671beba47321aa633a55035a8b3f10e&_ts=1777383732783 | Matched Pattern Len: 17
[2026-04-28 13:42:12] Context Resolved: sppadmin | URI: /school1/sppadmin/api.php?action=get_profile&appname=lekhak&csrf_token=ac706949b639259590331abd71fad2beb671beba47321aa633a55035a8b3f10e&_ts=1777383732704 | Matched Pattern Len: 17
[2026-04-28 13:42:12] Context Resolved: sppadmin | URI: /school1/sppadmin/api.php?action=list_apps&appname=lekhak&csrf_token=ac706949b639259590331abd71fad2beb671beba47321aa633a55035a8b3f10e&_ts=1777383732702 | Matched Pattern Len: 17
[2026-04-28 13:42:12] Context Switch: sppadmin -> sppadmin
[2026-04-28 13:42:12] Context Switch: sppadmin -> sppadmin
[2026-04-28 13:42:12] Context Switch: sppadmin -> sppadmin
[2026-04-28 13:42:12] Context Switch: sppadmin -> sppadmin
[2026-04-28 13:42:12] Context Switch: sppadmin -> sppadmin
[2026-04-28 13:42:12] Context Switch: sppadmin -> sppadmin
[2026-04-28 13:42:15] Context Switch: sppadmin -> sppadmin
[2026-04-28 13:42:15] Context Switch: sppadmin -> sppadmin
[2026-04-28 13:42:15] Context Switch: sppadmin -> __sppadmin__
[2026-04-28 13:42:15] Context Switch: __sppadmin__ -> __sppadmin__
[2026-04-28 13:42:16] Context Switch: sppadmin -> sppadmin
[2026-04-28 13:42:17] Context Switch: sppadmin -> __sppadmin__
[2026-04-28 13:42:17] Context Switch: __sppadmin__ -> __sppadmin__
[2026-04-28 13:42:26] Context Resolved: sppadmin | URI: /school1/sppadmin/api.php?action=get_module_config_raw&modname=sppdb&appname=lekhak&csrf_token=ac706949b639259590331abd71fad2beb671beba47321aa633a55035a8b3f10e&_ts=1777383746136 | Matched Pattern Len: 17
[2026-04-28 13:42:26] Context Switch: sppadmin -> sppadmin
[2026-04-28 13:42:26] Context Resolved: sppadmin | URI: /school1/sppadmin/api.php?action=get_module_config&modname=sppdb&appname=lekhak&csrf_token=ac706949b639259590331abd71fad2beb671beba47321aa633a55035a8b3f10e&_ts=1777383746135 | Matched Pattern Len: 17
[2026-04-28 13:42:26] Context Switch: sppadmin -> sppadmin
[2026-04-28 13:42:26] Context Switch: sppadmin -> sppadmin
[2026-04-28 13:42:26] Context Switch: sppadmin -> sppadmin
[2026-04-28 13:42:29] Context Switch: sppadmin -> sppadmin
[2026-04-28 13:42:30] Context Switch: sppadmin -> __sppadmin__
[2026-04-28 13:42:30] Context Switch: __sppadmin__ -> __sppadmin__
[2026-04-28 13:42:30] Context Switch: __sppadmin__ -> lekhak
[2026-04-28 13:42:30] Context Switch: lekhak -> lekhak
[2026-04-28 13:42:30] Context Switch: sppadmin -> sppadmin
[2026-04-28 13:42:30] Context Switch: lekhak -> lekhak
[2026-04-28 13:42:32] Context Switch: sppadmin -> __sppadmin__
[2026-04-28 13:42:32] Context Switch: __sppadmin__ -> __sppadmin__
[2026-04-28 13:42:32] Context Switch: __sppadmin__ -> lekhak
[2026-04-28 13:42:32] Context Switch: lekhak -> lekhak
[2026-04-28 13:42:36] Context Switch: lekhak -> lekhak
[2026-04-28 13:43:41] Context Resolved: sppadmin | URI: /school1/sppadmin/api.php | Matched Pattern Len: 17
[2026-04-28 13:43:42] Context Switch: sppadmin -> sppadmin
[2026-04-28 13:43:42] Context Switch: sppadmin -> sppadmin
[2026-04-28 13:43:51] Context Switch: sppadmin -> sppadmin
[2026-04-28 13:43:53] Context Switch: sppadmin -> __sppadmin__
[2026-04-28 13:43:53] Context Switch: __sppadmin__ -> __sppadmin__
[2026-04-28 13:43:59] Context Resolved: sppadmin | URI: /school1/sppadmin/api.php?action=get_module_config_raw&modname=sppdb&appname=lekhak&csrf_token=ac706949b639259590331abd71fad2beb671beba47321aa633a55035a8b3f10e&_ts=1777383838417 | Matched Pattern Len: 17
[2026-04-28 13:43:59] Context Resolved: sppadmin | URI: /school1/sppadmin/api.php?action=get_module_config&modname=sppdb&appname=lekhak&csrf_token=ac706949b639259590331abd71fad2beb671beba47321aa633a55035a8b3f10e&_ts=1777383838417 | Matched Pattern Len: 17
[2026-04-28 13:43:59] Context Switch: sppadmin -> sppadmin
[2026-04-28 13:43:59] Context Switch: sppadmin -> sppadmin
[2026-04-28 13:43:59] Context Switch: sppadmin -> sppadmin
[2026-04-28 13:43:59] Context Switch: sppadmin -> sppadmin
[2026-04-28 13:44:03] Context Switch: sppadmin -> sppadmin
[2026-04-28 13:44:03] Context Switch: sppadmin -> sppadmin
[2026-04-28 13:44:04] Context Switch: sppadmin -> __sppadmin__
[2026-04-28 13:44:04] Context Switch: sppadmin -> __sppadmin__
[2026-04-28 13:44:04] Context Switch: __sppadmin__ -> __sppadmin__
[2026-04-28 13:44:04] Context Switch: __sppadmin__ -> __sppadmin__
[2026-04-28 13:44:04] Context Switch: __sppadmin__ -> lekhak
[2026-04-28 13:44:04] Context Switch: lekhak -> lekhak
[2026-04-28 13:44:04] Context Switch: __sppadmin__ -> lekhak
[2026-04-28 13:44:04] Context Switch: lekhak -> lekhak
[2026-04-28 13:44:05] Context Switch: lekhak -> lekhak
[2026-04-28 13:44:05] Context Switch: lekhak -> lekhak
[2026-04-28 15:48:47] Context Resolved: default | URI: / | Matched Pattern Len: 1
[2026-04-28 15:48:47] Context Switch: default -> default
[2026-04-28 15:48:47] Context Switch: default -> default
[2026-04-28 15:48:47] Context Switch: default -> default
[2026-04-28 15:48:48] Context Switch: default -> sppadmin
[2026-04-28 15:48:48] Context Switch: sppadmin -> sppadmin
[2026-04-28 15:48:49] Context Switch: sppadmin -> sppadmin
[2026-04-28 15:50:25] Context Resolved: default | URI: / | Matched Pattern Len: 1
[2026-04-28 15:50:25] Context Switch: default -> default
[2026-04-28 15:50:25] Context Switch: default -> default
[2026-04-28 15:50:25] Context Switch: default -> default
[2026-04-28 15:50:26] Context Switch: default -> sppadmin
[2026-04-28 15:50:26] Context Switch: sppadmin -> sppadmin
[2026-04-28 15:50:26] Context Switch: sppadmin -> sppadmin
[2026-04-28 15:50:47] Context Resolved: default | URI: / | Matched Pattern Len: 1
[2026-04-28 15:50:47] Context Switch: default -> default
[2026-04-28 15:50:47] Context Switch: default -> default
[2026-04-28 15:50:47] Context Switch: default -> default
[2026-04-28 15:51:07] Context Resolved: default | URI: / | Matched Pattern Len: 1
[2026-04-28 15:51:07] Context Switch: default -> default
[2026-04-28 15:51:07] Context Switch: default -> default
[2026-04-28 15:51:07] Context Switch: default -> default
[2026-04-28 15:51:09] Context Switch: default -> sppadmin
[2026-04-28 15:51:09] Context Switch: sppadmin -> sppadmin
[2026-04-28 15:51:09] Context Switch: sppadmin -> sppadmin
[2026-04-28 15:51:43] Context Resolved: default | URI: / | Matched Pattern Len: 1
[2026-04-28 15:51:43] Context Switch: default -> default
[2026-04-28 15:51:43] Context Switch: default -> default
[2026-04-28 15:51:43] Context Switch: default -> default
[2026-04-28 15:51:44] Context Switch: default -> sppadmin
[2026-04-28 15:51:44] Context Switch: sppadmin -> sppadmin
[2026-04-28 15:51:44] Context Switch: sppadmin -> sppadmin
[2026-04-28 15:52:05] Context Resolved: default | URI: / | Matched Pattern Len: 1
[2026-04-28 15:52:05] Context Switch: default -> default
[2026-04-28 15:52:05] Context Switch: default -> default
[2026-04-28 15:52:05] Context Switch: default -> default
[2026-04-28 15:52:06] Context Switch: default -> sppadmin
[2026-04-28 15:52:06] Context Switch: sppadmin -> sppadmin
[2026-04-28 15:52:06] Context Switch: sppadmin -> sppadmin
[2026-04-28 13:53:00] Context Resolved: default | URI: /school1/diag_paths.php | Matched Pattern Len: 8
[2026-04-28 13:53:00] Context Switch: default -> default
[2026-04-28 13:53:00] Context Switch: default -> default
[2026-04-28 13:53:04] Context Switch: default -> default
[2026-04-28 13:53:48] Context Resolved: default | URI: /school1/diag_sppadmin.php | Matched Pattern Len: 8
[2026-04-28 13:53:48] Context Switch: default -> default
[2026-04-28 13:53:48] Context Switch: default -> default
[2026-04-28 13:53:54] Context Switch: default -> default
[2026-04-28 13:53:55] Context Switch: default -> sppadmin
[2026-04-28 13:53:55] Context Switch: sppadmin -> sppadmin
[2026-04-28 13:54:01] Context Switch: sppadmin -> sppadmin
[2026-04-28 13:54:50] Context Resolved: default | URI: /school1/diag_ds.php | Matched Pattern Len: 8
[2026-04-28 13:54:50] Context Switch: default -> default
[2026-04-28 13:54:50] Context Switch: default -> default
[2026-04-28 13:54:54] Context Switch: default -> default
[2026-04-28 13:54:55] Context Switch: default -> sppadmin
[2026-04-28 13:54:55] Context Switch: sppadmin -> sppadmin
[2026-04-28 13:54:59] Context Switch: sppadmin -> sppadmin
[2026-04-28 13:57:07] Context Resolved: default | URI: /school1/diag_gs_web.php | Matched Pattern Len: 8
[2026-04-28 13:57:07] Context Switch: default -> default
[2026-04-28 13:57:07] Context Switch: default -> default
[2026-04-28 13:57:10] Context Switch: default -> default
[2026-04-28 14:06:10] Context Resolved: default | URI: /school1/diag_sppadmin.php | Matched Pattern Len: 8
[2026-04-28 14:06:10] Context Switch: default -> default
[2026-04-28 14:06:10] Context Switch: default -> default
[2026-04-28 14:06:14] Context Switch: default -> default
[2026-04-28 14:06:15] Context Switch: default -> sppadmin
[2026-04-28 14:06:15] Context Switch: sppadmin -> sppadmin
[2026-04-28 14:06:20] Context Switch: sppadmin -> sppadmin
[2026-04-28 14:07:34] Context Resolved: default | URI: /school1/diag_sppadmin.php | Matched Pattern Len: 8
[2026-04-28 14:07:34] Context Switch: default -> default
[2026-04-28 14:07:34] Context Switch: default -> default
[2026-04-28 14:07:41] Context Switch: default -> default
[2026-04-28 14:07:42] Context Switch: default -> sppadmin
[2026-04-28 14:07:42] Context Switch: sppadmin -> sppadmin
[2026-04-28 14:07:46] Context Switch: sppadmin -> sppadmin
[2026-04-28 14:08:21] Context Resolved: default | URI: /school1/diag_debug_config.php | Matched Pattern Len: 8
[2026-04-28 14:08:21] Context Switch: default -> default
[2026-04-28 14:08:21] Context Switch: default -> default
[2026-04-28 14:08:23] Context Switch: default -> default
[2026-04-28 14:08:24] Context Switch: default -> sppadmin
[2026-04-28 14:08:24] Context Switch: sppadmin -> sppadmin
[2026-04-28 14:08:25] Context Switch: sppadmin -> sppadmin
[2026-04-28 14:09:25] Context Resolved: default | URI: /school1/diag_debug_config.php | Matched Pattern Len: 8
[2026-04-28 14:09:25] Context Switch: default -> default
[2026-04-28 14:09:25] Context Switch: default -> default
[2026-04-28 14:09:28] Context Switch: default -> default
[2026-04-28 14:09:29] Context Switch: default -> sppadmin
[2026-04-28 14:09:29] Context Switch: sppadmin -> sppadmin
[2026-04-28 14:09:32] Context Switch: sppadmin -> sppadmin
[2026-04-28 14:17:05] Context Resolved: sppadmin | URI: /school1/sppadmin/api.php | Matched Pattern Len: 17
[2026-04-28 14:17:05] Context Switch: sppadmin -> sppadmin
[2026-04-28 14:17:05] Context Switch: sppadmin -> sppadmin
[2026-04-28 14:17:06] Context Switch: sppadmin -> sppadmin
[2026-04-28 14:17:07] Context Resolved: sppadmin | URI: /school1/sppadmin/api.php?action=list_apps&appname=default&csrf_token=ac706949b639259590331abd71fad2beb671beba47321aa633a55035a8b3f10e&_ts=1777385826920 | Matched Pattern Len: 17
[2026-04-28 14:17:07] Context Switch: sppadmin -> sppadmin
[2026-04-28 14:17:07] Context Switch: sppadmin -> sppadmin
[2026-04-28 14:17:07] Context Resolved: sppadmin | URI: /school1/sppadmin/api.php?action=get_profile&appname=default&csrf_token=ac706949b639259590331abd71fad2beb671beba47321aa633a55035a8b3f10e&_ts=1777385826922 | Matched Pattern Len: 17
[2026-04-28 14:17:07] Context Switch: sppadmin -> sppadmin
[2026-04-28 14:17:07] Context Switch: sppadmin -> sppadmin
[2026-04-28 14:17:07] Context Resolved: sppadmin | URI: /school1/sppadmin/api.php?action=list_apps&appname=default&csrf_token=ac706949b639259590331abd71fad2beb671beba47321aa633a55035a8b3f10e&_ts=1777385826981 | Matched Pattern Len: 17
[2026-04-28 14:17:07] Context Resolved: sppadmin | URI: /school1/sppadmin/api.php?action=get_bridge_info&appname=default&csrf_token=ac706949b639259590331abd71fad2beb671beba47321aa633a55035a8b3f10e&_ts=1777385826981 | Matched Pattern Len: 17
[2026-04-28 14:17:07] Context Switch: sppadmin -> sppadmin
[2026-04-28 14:17:07] Context Resolved: sppadmin | URI: /school1/sppadmin/api.php?action=get_system_info&appname=default&csrf_token=ac706949b639259590331abd71fad2beb671beba47321aa633a55035a8b3f10e&_ts=1777385826980 | Matched Pattern Len: 17
[2026-04-28 14:17:07] Context Switch: sppadmin -> sppadmin
[2026-04-28 14:17:07] Context Switch: sppadmin -> sppadmin
[2026-04-28 14:17:07] Context Switch: sppadmin -> sppadmin
[2026-04-28 14:17:07] Context Switch: sppadmin -> sppadmin
[2026-04-28 14:17:07] Context Switch: sppadmin -> sppadmin
[2026-04-28 14:17:08] Context Switch: sppadmin -> sppadmin
[2026-04-28 14:17:08] Context Switch: sppadmin -> sppadmin
[2026-04-28 14:17:08] Context Switch: sppadmin -> sppadmin
[2026-04-28 14:17:08] Context Switch: sppadmin -> sppadmin
[2026-04-28 14:17:08] Context Switch: sppadmin -> __sppadmin__
[2026-04-28 14:17:08] Context Switch: __sppadmin__ -> __sppadmin__
[2026-04-28 14:17:08] Context Switch: sppadmin -> __sppadmin__
[2026-04-28 14:17:08] Context Switch: __sppadmin__ -> __sppadmin__
[2026-04-28 14:17:08] Context Switch: sppadmin -> __sppadmin__
[2026-04-28 14:17:08] Context Switch: __sppadmin__ -> __sppadmin__
[2026-04-28 14:17:08] Context Switch: __sppadmin__ -> default
[2026-04-28 14:17:08] Context Switch: sppadmin -> sppadmin
[2026-04-28 14:17:08] Context Switch: default -> default
[2026-04-28 14:17:09] Context Switch: default -> __sppadmin__
[2026-04-28 14:17:09] Context Switch: __sppadmin__ -> default
[2026-04-28 14:17:09] Context Switch: sppadmin -> __sppadmin__
[2026-04-28 14:17:09] Context Switch: __sppadmin__ -> __sppadmin__
[2026-04-28 14:17:09] Context Switch: __sppadmin__ -> default
[2026-04-28 14:17:09] Context Switch: default -> default
[2026-04-28 14:17:09] Context Switch: default -> __sppadmin__
[2026-04-28 14:17:10] Context Switch: default -> __sppadmin__
[2026-04-28 14:17:10] Context Switch: __sppadmin__ -> default
[2026-04-28 14:17:10] Context Switch: default -> __sppadmin__
[2026-04-28 14:17:10] Context Resolved: sppadmin | URI: /school1/sppadmin/api.php?action=get_global_settings&appname=default&csrf_token=ac706949b639259590331abd71fad2beb671beba47321aa633a55035a8b3f10e&_ts=1777385830531 | Matched Pattern Len: 17
[2026-04-28 14:17:10] Context Switch: sppadmin -> sppadmin
[2026-04-28 14:17:10] Context Switch: sppadmin -> sppadmin
[2026-04-28 14:17:12] Context Switch: sppadmin -> sppadmin
[2026-04-28 14:17:13] Context Switch: sppadmin -> __sppadmin__
[2026-04-28 14:17:13] Context Switch: __sppadmin__ -> __sppadmin__
[2026-04-28 14:17:23] Context Resolved: sppadmin | URI: /school1/sppadmin/api.php?action=list_modules&appname=default&csrf_token=ac706949b639259590331abd71fad2beb671beba47321aa633a55035a8b3f10e&_ts=1777385843136 | Matched Pattern Len: 17
[2026-04-28 14:17:23] Context Switch: sppadmin -> sppadmin
[2026-04-28 14:17:23] Context Switch: sppadmin -> sppadmin
[2026-04-28 14:17:25] Context Switch: sppadmin -> sppadmin
[2026-04-28 14:17:25] Context Switch: sppadmin -> __sppadmin__
[2026-04-28 14:17:25] Context Switch: __sppadmin__ -> __sppadmin__
[2026-04-28 14:17:30] Context Resolved: sppadmin | URI: /school1/sppadmin/api.php?action=get_module_config_raw&modname=sppdb&appname=default&csrf_token=ac706949b639259590331abd71fad2beb671beba47321aa633a55035a8b3f10e&_ts=1777385850289 | Matched Pattern Len: 17
[2026-04-28 14:17:30] Context Switch: sppadmin -> sppadmin
[2026-04-28 14:17:30] Context Switch: sppadmin -> sppadmin
[2026-04-28 14:17:30] Context Resolved: sppadmin | URI: /school1/sppadmin/api.php?action=get_module_config&modname=sppdb&appname=default&csrf_token=ac706949b639259590331abd71fad2beb671beba47321aa633a55035a8b3f10e&_ts=1777385850288 | Matched Pattern Len: 17
[2026-04-28 14:17:31] Context Switch: sppadmin -> sppadmin
[2026-04-28 14:17:31] Context Switch: sppadmin -> sppadmin
[2026-04-28 14:17:32] Context Switch: sppadmin -> sppadmin
[2026-04-28 14:17:32] Context Switch: sppadmin -> __sppadmin__
[2026-04-28 14:17:32] Context Switch: __sppadmin__ -> __sppadmin__
[2026-04-28 14:17:32] Context Switch: __sppadmin__ -> default
[2026-04-28 14:17:32] Context Switch: default -> default
[2026-04-28 14:17:33] Context Switch: sppadmin -> sppadmin
[2026-04-28 14:17:33] Context Switch: default -> default
[2026-04-28 14:17:33] Context Switch: sppadmin -> __sppadmin__
[2026-04-28 14:17:33] Context Switch: __sppadmin__ -> __sppadmin__
[2026-04-28 14:17:33] Context Switch: __sppadmin__ -> default
[2026-04-28 14:17:33] Context Switch: default -> default
[2026-04-28 14:17:35] Context Switch: default -> default
[2026-04-28 14:17:46] Context Resolved: sppadmin | URI: /school1/sppadmin/api.php?action=list_modules&appname=lekhak&csrf_token=ac706949b639259590331abd71fad2beb671beba47321aa633a55035a8b3f10e&_ts=1777385866524 | Matched Pattern Len: 17
[2026-04-28 14:17:46] Context Switch: sppadmin -> sppadmin
[2026-04-28 14:17:46] Context Switch: sppadmin -> sppadmin
[2026-04-28 14:17:49] Context Switch: sppadmin -> sppadmin
[2026-04-28 14:17:49] Context Switch: sppadmin -> __sppadmin__
[2026-04-28 14:17:49] Context Switch: __sppadmin__ -> __sppadmin__
[2026-04-28 14:17:54] Context Resolved: sppadmin | URI: /school1/sppadmin/api.php?action=get_module_config_raw&modname=sppdb&appname=lekhak&csrf_token=ac706949b639259590331abd71fad2beb671beba47321aa633a55035a8b3f10e&_ts=1777385874200 | Matched Pattern Len: 17
[2026-04-28 14:17:54] Context Resolved: sppadmin | URI: /school1/sppadmin/api.php?action=get_module_config&modname=sppdb&appname=lekhak&csrf_token=ac706949b639259590331abd71fad2beb671beba47321aa633a55035a8b3f10e&_ts=1777385874200 | Matched Pattern Len: 17
[2026-04-28 14:17:54] Context Switch: sppadmin -> sppadmin
[2026-04-28 14:17:54] Context Switch: sppadmin -> sppadmin
[2026-04-28 14:17:54] Context Switch: sppadmin -> sppadmin
[2026-04-28 14:17:54] Context Switch: sppadmin -> sppadmin
[2026-04-28 14:17:56] Context Switch: sppadmin -> sppadmin
[2026-04-28 14:17:56] Context Switch: sppadmin -> sppadmin
[2026-04-28 14:17:56] Context Switch: sppadmin -> __sppadmin__
[2026-04-28 14:17:56] Context Switch: sppadmin -> __sppadmin__
[2026-04-28 14:17:56] Context Switch: __sppadmin__ -> __sppadmin__
[2026-04-28 14:17:56] Context Switch: __sppadmin__ -> __sppadmin__
[2026-04-28 14:17:56] Context Switch: __sppadmin__ -> lekhak
[2026-04-28 14:17:56] Context Switch: lekhak -> lekhak
[2026-04-28 14:17:56] Context Switch: __sppadmin__ -> lekhak
[2026-04-28 14:17:56] Context Switch: lekhak -> lekhak
[2026-04-28 14:17:57] Context Switch: lekhak -> lekhak
[2026-04-28 14:17:57] Context Switch: lekhak -> lekhak
[2026-04-28 14:25:16] Context Resolved: default | URI: /school1/diag_debug_config.php | Matched Pattern Len: 8
[2026-04-28 14:25:16] Context Switch: default -> default
[2026-04-28 14:25:16] Context Switch: default -> default
[2026-04-28 14:25:18] Context Switch: default -> default
[2026-04-28 14:25:54] Context Resolved: spp_docs | URI: /school1/spp/diag_debug_config.php | Matched Pattern Len: 12
[2026-04-28 14:25:54] Context Switch: spp_docs -> spp_docs
[2026-04-28 14:25:54] Context Switch: spp_docs -> spp_docs
[2026-04-28 14:25:57] Context Switch: spp_docs -> spp_docs
[2026-04-28 14:26:09] Context Resolved: default | URI: /school1/ | Matched Pattern Len: 8
[2026-04-28 14:26:09] Context Switch: default -> default
[2026-04-28 14:26:09] Context Switch: default -> default
[2026-04-28 14:26:13] Context Switch: default -> default
[2026-04-28 14:26:30] Context Resolved: default | URI: /school1/scratch/diag_debug_config.php | Matched Pattern Len: 8
[2026-04-28 14:26:30] Context Switch: default -> default
[2026-04-28 14:26:30] Context Switch: default -> default
[2026-04-28 14:26:38] Context Switch: default -> default
[2026-04-28 14:26:54] Context Resolved: sppadmin | URI: /school1/sppadmin/ | Matched Pattern Len: 17
[2026-04-28 14:26:54] Context Switch: sppadmin -> sppadmin
[2026-04-28 14:26:54] Context Switch: sppadmin -> sppadmin
[2026-04-28 14:27:01] Context Switch: sppadmin -> sppadmin
[2026-04-28 14:27:03] Context Resolved: sppadmin | URI: /school1/sppadmin/api.php?action=check_auth&appname=lekhak&_ts=1777386423656 | Matched Pattern Len: 17
[2026-04-28 14:27:03] Context Switch: sppadmin -> sppadmin
[2026-04-28 14:27:04] Context Switch: sppadmin -> sppadmin
[2026-04-28 14:27:18] Context Switch: sppadmin -> sppadmin
[2026-04-28 14:27:22] Context Resolved: default | URI: /school1/diag_debug_config.php | Matched Pattern Len: 8
[2026-04-28 14:27:23] Context Switch: default -> default
[2026-04-28 14:27:23] Context Switch: default -> default
[2026-04-28 14:27:35] Context Switch: default -> default
[2026-04-28 14:27:57] Context Resolved: default | URI: /school1/diag_debug_config.php | Matched Pattern Len: 8
[2026-04-28 14:27:57] Context Switch: default -> default
[2026-04-28 14:27:57] Context Switch: default -> default
[2026-04-28 14:28:03] Context Switch: default -> default
[2026-04-28 14:28:14] Context Resolved: spp_docs | URI: /school1/spp/etc/apps/sppadmin/modsconf/sppauth/config.yml | Matched Pattern Len: 12
[2026-04-28 14:28:14] Context Switch: spp_docs -> spp_docs
[2026-04-28 14:28:14] Context Switch: spp_docs -> spp_docs
[2026-04-28 14:28:18] Context Switch: spp_docs -> spp_docs
[2026-04-28 14:28:57] Context Resolved: sppadmin | URI: /school1/sppadmin/ | Matched Pattern Len: 17
[2026-04-28 14:28:57] Context Switch: sppadmin -> sppadmin
[2026-04-28 14:28:57] Context Switch: sppadmin -> sppadmin
[2026-04-28 14:29:05] Context Switch: sppadmin -> sppadmin
[2026-04-28 14:29:08] Context Resolved: sppadmin | URI: /school1/sppadmin/api.php?action=check_auth&appname=lekhak&_ts=1777386547760 | Matched Pattern Len: 17
[2026-04-28 14:29:08] Context Switch: sppadmin -> sppadmin
[2026-04-28 14:29:08] Context Switch: sppadmin -> sppadmin
[2026-04-28 14:29:15] Context Resolved: spp_docs | URI: /school1/spp/sppinit.php | Matched Pattern Len: 12
[2026-04-28 14:29:15] Context Switch: spp_docs -> spp_docs
[2026-04-28 14:29:15] Context Switch: spp_docs -> spp_docs
[2026-04-28 14:29:20] Context Switch: sppadmin -> sppadmin
[2026-04-28 14:29:20] Context Switch: spp_docs -> spp_docs
[2026-04-28 14:29:29] Context Resolved: default | URI: /school1/etc/diag_debug_config.php | Matched Pattern Len: 8
[2026-04-28 14:29:29] Context Switch: default -> default
[2026-04-28 14:29:29] Context Switch: default -> default
[2026-04-28 14:29:33] Context Switch: default -> default
[2026-04-28 14:29:50] Context Resolved: default | URI: /school1/diag_debug_config.php | Matched Pattern Len: 8
[2026-04-28 14:29:50] Context Switch: default -> default
[2026-04-28 14:29:50] Context Switch: default -> default
[2026-04-28 14:29:59] Context Switch: default -> default
[2026-04-28 14:30:17] Context Resolved: default | URI: /school1/diag_debug_config | Matched Pattern Len: 8
[2026-04-28 14:30:18] Context Switch: default -> default
[2026-04-28 14:30:18] Context Switch: default -> default
[2026-04-28 14:30:27] Context Switch: default -> default
[2026-04-28 14:31:18] Context Resolved: default | URI: /school1/diag_debug_config.php | Matched Pattern Len: 8
[2026-04-28 14:31:18] Context Switch: default -> default
[2026-04-28 14:31:18] Context Switch: default -> default
[2026-04-28 14:31:23] Context Switch: default -> default
[2026-04-28 14:31:24] Context Switch: default -> sppadmin
[2026-04-28 14:31:24] Context Switch: sppadmin -> sppadmin
[2026-04-28 14:31:28] Context Switch: sppadmin -> sppadmin
[2026-04-28 14:33:56] Context Resolved: sppadmin | URI: /school1/sppadmin/ | Matched Pattern Len: 17
[2026-04-28 14:33:57] Context Switch: sppadmin -> sppadmin
[2026-04-28 14:33:57] Context Switch: sppadmin -> sppadmin
[2026-04-28 14:33:58] Context Switch: sppadmin -> sppadmin
[2026-04-28 14:33:58] Context Resolved: sppadmin | URI: /school1/sppadmin/api.php?action=check_auth&appname=lekhak&_ts=1777386838808 | Matched Pattern Len: 17
[2026-04-28 14:33:58] Context Switch: sppadmin -> sppadmin
[2026-04-28 14:33:58] Context Switch: sppadmin -> sppadmin
[2026-04-28 14:34:00] Context Switch: sppadmin -> sppadmin
[2026-04-28 14:34:06] Context Resolved: sppadmin | URI: /school1/sppadmin/api.php | Matched Pattern Len: 17
[2026-04-28 14:34:06] Context Switch: sppadmin -> sppadmin
[2026-04-28 14:34:06] Context Switch: sppadmin -> sppadmin
[2026-04-28 14:34:08] Context Switch: sppadmin -> sppadmin
[2026-04-28 14:34:13] Context Resolved: sppadmin | URI: /school1/sppadmin/api.php | Matched Pattern Len: 17
[2026-04-28 14:34:13] Context Switch: sppadmin -> sppadmin
[2026-04-28 14:34:13] Context Switch: sppadmin -> sppadmin
[2026-04-28 14:34:16] Context Switch: sppadmin -> sppadmin
[2026-04-28 14:34:17] Context Resolved: sppadmin | URI: /school1/sppadmin/api.php?action=get_profile&appname=lekhak&csrf_token=e485c049011cab80f5fe057e1579f99cba147bf83af652d31149258449bba9d9&_ts=1777386856695 | Matched Pattern Len: 17
[2026-04-28 14:34:17] Context Resolved: sppadmin | URI: /school1/sppadmin/api.php?action=list_apps&appname=lekhak&csrf_token=e485c049011cab80f5fe057e1579f99cba147bf83af652d31149258449bba9d9&_ts=1777386856693 | Matched Pattern Len: 17
[2026-04-28 14:34:17] Context Resolved: sppadmin | URI: /school1/sppadmin/api.php?action=list_modules&appname=lekhak&csrf_token=e485c049011cab80f5fe057e1579f99cba147bf83af652d31149258449bba9d9&_ts=1777386856733 | Matched Pattern Len: 17
[2026-04-28 14:34:17] Context Switch: sppadmin -> sppadmin
[2026-04-28 14:34:17] Context Switch: sppadmin -> sppadmin
[2026-04-28 14:34:17] Context Switch: sppadmin -> sppadmin
[2026-04-28 14:34:17] Context Switch: sppadmin -> sppadmin
[2026-04-28 14:34:17] Context Switch: sppadmin -> sppadmin
[2026-04-28 14:34:17] Context Switch: sppadmin -> sppadmin
[2026-04-28 14:34:18] Context Switch: sppadmin -> sppadmin
[2026-04-28 14:34:18] Context Switch: sppadmin -> sppadmin
[2026-04-28 14:34:18] Context Switch: sppadmin -> sppadmin
[2026-04-28 14:34:19] Context Switch: sppadmin -> __sppadmin__
[2026-04-28 14:34:19] Context Switch: __sppadmin__ -> __sppadmin__
[2026-04-28 14:34:19] Context Switch: sppadmin -> __sppadmin__
[2026-04-28 14:34:19] Context Switch: __sppadmin__ -> __sppadmin__
[2026-04-28 14:34:24] Context Resolved: sppadmin | URI: /school1/sppadmin/api.php?action=get_module_config_raw&modname=sppdb&appname=lekhak&csrf_token=e485c049011cab80f5fe057e1579f99cba147bf83af652d31149258449bba9d9&_ts=1777386863658 | Matched Pattern Len: 17
[2026-04-28 14:34:24] Context Resolved: sppadmin | URI: /school1/sppadmin/api.php?action=get_module_config&modname=sppdb&appname=lekhak&csrf_token=e485c049011cab80f5fe057e1579f99cba147bf83af652d31149258449bba9d9&_ts=1777386863658 | Matched Pattern Len: 17
[2026-04-28 14:34:24] Context Switch: sppadmin -> sppadmin
[2026-04-28 14:34:24] Context Switch: sppadmin -> sppadmin
[2026-04-28 14:34:24] Context Switch: sppadmin -> sppadmin
[2026-04-28 14:34:24] Context Switch: sppadmin -> sppadmin
[2026-04-28 14:34:26] Context Switch: sppadmin -> sppadmin
[2026-04-28 14:34:26] Context Switch: sppadmin -> sppadmin
[2026-04-28 14:34:27] Context Switch: sppadmin -> __sppadmin__
[2026-04-28 14:34:27] Context Switch: sppadmin -> __sppadmin__
[2026-04-28 14:34:27] Context Switch: __sppadmin__ -> __sppadmin__
[2026-04-28 14:34:27] Context Switch: __sppadmin__ -> __sppadmin__
[2026-04-28 14:34:36] Context Resolved: sppadmin | URI: /school1/sppadmin/api.php | Matched Pattern Len: 17
[2026-04-28 14:34:36] Context Switch: sppadmin -> sppadmin
[2026-04-28 14:34:36] Context Switch: sppadmin -> sppadmin
[2026-04-28 14:34:45] Context Switch: sppadmin -> sppadmin
[2026-04-28 14:34:47] Context Switch: sppadmin -> __sppadmin__
[2026-04-28 14:34:47] Context Switch: __sppadmin__ -> __sppadmin__
[2026-04-28 14:34:53] Context Resolved: sppadmin | URI: /school1/sppadmin/api.php?action=get_module_config_raw&modname=sppdb&appname=lekhak&csrf_token=e485c049011cab80f5fe057e1579f99cba147bf83af652d31149258449bba9d9&_ts=1777386892550 | Matched Pattern Len: 17
[2026-04-28 14:34:53] Context Switch: sppadmin -> sppadmin
[2026-04-28 14:34:53] Context Resolved: sppadmin | URI: /school1/sppadmin/api.php?action=get_module_config&modname=sppdb&appname=lekhak&csrf_token=e485c049011cab80f5fe057e1579f99cba147bf83af652d31149258449bba9d9&_ts=1777386892550 | Matched Pattern Len: 17
[2026-04-28 14:34:53] Context Switch: sppadmin -> sppadmin
[2026-04-28 14:34:53] Context Switch: sppadmin -> sppadmin
[2026-04-28 14:34:53] Context Switch: sppadmin -> sppadmin
[2026-04-28 14:34:55] Context Switch: sppadmin -> sppadmin
[2026-04-28 14:34:56] Context Switch: sppadmin -> __sppadmin__
[2026-04-28 14:34:56] Context Switch: __sppadmin__ -> __sppadmin__
[2026-04-28 14:34:56] Context Switch: sppadmin -> sppadmin
[2026-04-28 14:34:57] Context Switch: sppadmin -> __sppadmin__
[2026-04-28 14:34:57] Context Switch: __sppadmin__ -> __sppadmin__
[2026-04-28 16:38:50] Context Resolved: default | URI: / | Matched Pattern Len: 1
[2026-04-28 16:38:50] Context Switch: default -> default
[2026-04-28 16:38:50] Context Switch: default -> default
[2026-04-28 16:38:50] Context Switch: default -> default
[2026-04-28 16:43:31] Context Resolved: default | URI: / | Matched Pattern Len: 1
[2026-04-28 16:43:31] Context Switch: default -> default
[2026-04-28 16:43:31] Context Switch: default -> default
[2026-04-28 16:43:32] Context Switch: default -> default
[2026-04-28 23:32:33] Context Resolved: sppadmin | URI: /school1/sppadmin/ | Matched Pattern Len: 17
[2026-04-28 23:32:33] Context Switch: sppadmin -> sppadmin
[2026-04-28 23:32:33] Context Switch: sppadmin -> sppadmin
[2026-04-28 23:32:35] Context Switch: sppadmin -> sppadmin
[2026-04-28 23:32:36] Context Resolved: sppadmin | URI: /school1/sppadmin/api.php?action=check_auth&appname=lekhak&_ts=1777419157025 | Matched Pattern Len: 17
[2026-04-28 23:32:36] Context Switch: sppadmin -> sppadmin
[2026-04-28 23:32:36] Context Switch: sppadmin -> sppadmin
[2026-04-28 23:32:39] Context Switch: sppadmin -> sppadmin
[2026-04-28 23:32:50] Context Resolved: sppadmin | URI: /school1/sppadmin/api.php | Matched Pattern Len: 17
[2026-04-28 23:32:50] Context Switch: sppadmin -> sppadmin
[2026-04-28 23:32:50] Context Switch: sppadmin -> sppadmin
[2026-04-28 23:32:54] Context Switch: sppadmin -> sppadmin
[2026-04-28 23:32:55] Context Resolved: sppadmin | URI: /school1/sppadmin/api.php?action=list_modules&appname=lekhak&csrf_token=b8cce70288fbf5aa654dcdc41cdc05b94caa1e068cea106172a2b14d755f265d&_ts=1777419175849 | Matched Pattern Len: 17
[2026-04-28 23:32:55] Context Resolved: sppadmin | URI: /school1/sppadmin/api.php?action=get_profile&appname=lekhak&csrf_token=b8cce70288fbf5aa654dcdc41cdc05b94caa1e068cea106172a2b14d755f265d&_ts=1777419175811 | Matched Pattern Len: 17
[2026-04-28 23:32:55] Context Resolved: sppadmin | URI: /school1/sppadmin/api.php?action=list_apps&appname=lekhak&csrf_token=b8cce70288fbf5aa654dcdc41cdc05b94caa1e068cea106172a2b14d755f265d&_ts=1777419175809 | Matched Pattern Len: 17
[2026-04-28 23:32:55] Context Switch: sppadmin -> sppadmin
[2026-04-28 23:32:55] Context Switch: sppadmin -> sppadmin
[2026-04-28 23:32:55] Context Switch: sppadmin -> sppadmin
[2026-04-28 23:32:55] Context Switch: sppadmin -> sppadmin
[2026-04-28 23:32:55] Context Switch: sppadmin -> sppadmin
[2026-04-28 23:32:55] Context Switch: sppadmin -> sppadmin
[2026-04-28 23:32:56] Context Switch: sppadmin -> sppadmin
[2026-04-28 23:32:57] Context Switch: sppadmin -> sppadmin
[2026-04-28 23:32:57] Context Switch: sppadmin -> sppadmin
[2026-04-28 23:32:57] Context Switch: sppadmin -> __sppadmin__
[2026-04-28 23:32:57] Context Switch: __sppadmin__ -> __sppadmin__
[2026-04-28 23:32:57] Context Switch: sppadmin -> __sppadmin__
[2026-04-28 23:32:57] Context Switch: __sppadmin__ -> __sppadmin__
[2026-04-28 23:33:03] Context Resolved: sppadmin | URI: /school1/sppadmin/api.php?action=get_module_config&modname=sppdb&appname=lekhak&csrf_token=b8cce70288fbf5aa654dcdc41cdc05b94caa1e068cea106172a2b14d755f265d&_ts=1777419183636 | Matched Pattern Len: 17
[2026-04-28 23:33:03] Context Resolved: sppadmin | URI: /school1/sppadmin/api.php?action=get_module_config_raw&modname=sppdb&appname=lekhak&csrf_token=b8cce70288fbf5aa654dcdc41cdc05b94caa1e068cea106172a2b14d755f265d&_ts=1777419183637 | Matched Pattern Len: 17
[2026-04-28 23:33:03] Context Switch: sppadmin -> sppadmin
[2026-04-28 23:33:03] Context Switch: sppadmin -> sppadmin
[2026-04-28 23:33:03] Context Switch: sppadmin -> sppadmin
[2026-04-28 23:33:03] Context Switch: sppadmin -> sppadmin
[2026-04-28 23:33:04] Context Switch: sppadmin -> sppadmin
[2026-04-28 23:33:04] Context Switch: sppadmin -> sppadmin
[2026-04-28 23:33:05] Context Switch: sppadmin -> __sppadmin__
[2026-04-28 23:33:05] Context Switch: __sppadmin__ -> __sppadmin__
[2026-04-28 23:33:05] Context Switch: sppadmin -> __sppadmin__
[2026-04-28 23:33:05] Context Switch: __sppadmin__ -> __sppadmin__
[2026-04-28 23:33:18] Context Resolved: sppadmin | URI: /school1/sppadmin/api.php | Matched Pattern Len: 17
[2026-04-28 23:33:18] Context Switch: sppadmin -> sppadmin
[2026-04-28 23:33:18] Context Switch: sppadmin -> sppadmin
[2026-04-28 23:33:20] Context Switch: sppadmin -> sppadmin
[2026-04-28 23:33:21] Context Switch: sppadmin -> __sppadmin__
[2026-04-28 23:33:21] Context Switch: __sppadmin__ -> __sppadmin__
[2026-04-28 23:33:30] Context Resolved: sppadmin | URI: /school1/sppadmin/api.php?action=get_module_config&modname=sppdb&appname=lekhak&csrf_token=b8cce70288fbf5aa654dcdc41cdc05b94caa1e068cea106172a2b14d755f265d&_ts=1777419205702 | Matched Pattern Len: 17
[2026-04-28 23:33:30] Context Resolved: sppadmin | URI: /school1/sppadmin/api.php?action=get_module_config_raw&modname=sppdb&appname=lekhak&csrf_token=b8cce70288fbf5aa654dcdc41cdc05b94caa1e068cea106172a2b14d755f265d&_ts=1777419205702 | Matched Pattern Len: 17
[2026-04-28 23:33:30] Context Switch: sppadmin -> sppadmin
[2026-04-28 23:33:30] Context Switch: sppadmin -> sppadmin
[2026-04-28 23:33:30] Context Switch: sppadmin -> sppadmin
[2026-04-28 23:33:30] Context Switch: sppadmin -> sppadmin
[2026-04-28 23:33:31] Context Switch: sppadmin -> sppadmin
[2026-04-28 23:33:31] Context Switch: sppadmin -> sppadmin
[2026-04-28 23:33:32] Context Switch: sppadmin -> __sppadmin__
[2026-04-28 23:33:32] Context Switch: sppadmin -> __sppadmin__
[2026-04-28 23:33:32] Context Switch: __sppadmin__ -> __sppadmin__
[2026-04-28 23:33:32] Context Switch: __sppadmin__ -> __sppadmin__
[2026-04-28 23:33:48] Context Resolved: sppadmin | URI: /school1/sppadmin/api.php | Matched Pattern Len: 17
[2026-04-28 23:33:48] Context Switch: sppadmin -> sppadmin
[2026-04-28 23:33:48] Context Switch: sppadmin -> sppadmin
[2026-04-28 23:33:56] Context Switch: sppadmin -> sppadmin
[2026-04-28 23:33:59] Context Switch: sppadmin -> __sppadmin__
[2026-04-28 23:33:59] Context Switch: __sppadmin__ -> __sppadmin__
[2026-04-28 23:34:09] Context Resolved: sppadmin | URI: /school1/sppadmin/api.php?action=get_module_config_raw&modname=sppdb&appname=lekhak&csrf_token=b8cce70288fbf5aa654dcdc41cdc05b94caa1e068cea106172a2b14d755f265d&_ts=1777419248556 | Matched Pattern Len: 17
[2026-04-28 23:34:09] Context Switch: sppadmin -> sppadmin
[2026-04-28 23:34:09] Context Resolved: sppadmin | URI: /school1/sppadmin/api.php?action=get_module_config&modname=sppdb&appname=lekhak&csrf_token=b8cce70288fbf5aa654dcdc41cdc05b94caa1e068cea106172a2b14d755f265d&_ts=1777419248556 | Matched Pattern Len: 17
[2026-04-28 23:34:09] Context Switch: sppadmin -> sppadmin
[2026-04-28 23:34:09] Context Switch: sppadmin -> sppadmin
[2026-04-28 23:34:09] Context Switch: sppadmin -> sppadmin
[2026-04-28 23:34:12] Context Switch: sppadmin -> sppadmin
[2026-04-28 23:34:13] Context Switch: sppadmin -> __sppadmin__
[2026-04-28 23:34:13] Context Switch: __sppadmin__ -> __sppadmin__
[2026-04-28 23:34:15] Context Switch: sppadmin -> sppadmin
[2026-04-28 23:34:17] Context Switch: sppadmin -> __sppadmin__
[2026-04-28 23:34:17] Context Switch: __sppadmin__ -> __sppadmin__
[2026-04-29 01:39:53] Context Resolved: default | URI: / | Matched Pattern Len: 1
[2026-04-29 01:39:53] Context Switch: default -> default
[2026-04-29 01:39:53] Context Switch: default -> default
[2026-04-29 01:39:54] Context Switch: default -> default
[2026-04-29 10:46:14] Context Resolved: sppadmin | URI: /school1/sppadmin/api.php?action=list_apps&appname=lekhak&csrf_token=b8cce70288fbf5aa654dcdc41cdc05b94caa1e068cea106172a2b14d755f265d&_ts=1777459573959 | Matched Pattern Len: 17
[2026-04-29 10:46:14] Context Resolved: sppadmin | URI: /school1/sppadmin/api.php?action=get_system_info&appname=lekhak&csrf_token=b8cce70288fbf5aa654dcdc41cdc05b94caa1e068cea106172a2b14d755f265d&_ts=1777459573959 | Matched Pattern Len: 17
[2026-04-29 10:46:14] Context Switch: sppadmin -> sppadmin
[2026-04-29 10:46:14] Context Switch: sppadmin -> sppadmin
[2026-04-29 10:46:14] Context Resolved: sppadmin | URI: /school1/sppadmin/api.php?action=get_bridge_info&appname=lekhak&csrf_token=b8cce70288fbf5aa654dcdc41cdc05b94caa1e068cea106172a2b14d755f265d&_ts=1777459573959 | Matched Pattern Len: 17
[2026-04-29 10:46:14] Context Switch: sppadmin -> sppadmin
[2026-04-29 10:46:14] Context Switch: sppadmin -> sppadmin
[2026-04-29 10:46:14] Context Switch: sppadmin -> sppadmin
[2026-04-29 10:46:14] Context Switch: sppadmin -> sppadmin
[2026-04-29 10:46:16] Context Switch: sppadmin -> sppadmin
[2026-04-29 10:46:17] Context Switch: sppadmin -> sppadmin
[2026-04-29 10:46:17] Context Switch: sppadmin -> sppadmin
[2026-04-29 10:46:19] Context Resolved: sppadmin | URI: /school1/sppadmin/api.php?action=get_global_settings&appname=lekhak&csrf_token=b8cce70288fbf5aa654dcdc41cdc05b94caa1e068cea106172a2b14d755f265d&_ts=1777459578142 | Matched Pattern Len: 17
[2026-04-29 10:46:19] Context Switch: sppadmin -> sppadmin
[2026-04-29 10:46:19] Context Switch: sppadmin -> sppadmin
[2026-04-29 10:46:23] Context Switch: sppadmin -> sppadmin
[2026-04-29 10:46:47] Context Resolved: sppadmin | URI: /school1/sppadmin/ | Matched Pattern Len: 17
[2026-04-29 10:46:47] Context Switch: sppadmin -> sppadmin
[2026-04-29 10:46:47] Context Switch: sppadmin -> sppadmin
[2026-04-29 10:46:47] Context Resolved: sppadmin | URI: /school1/sppadmin/api.php?action=list_modules&appname=lekhak&csrf_token=b8cce70288fbf5aa654dcdc41cdc05b94caa1e068cea106172a2b14d755f265d&_ts=1777459607579 | Matched Pattern Len: 17
[2026-04-29 10:46:47] Context Switch: sppadmin -> sppadmin
[2026-04-29 10:46:47] Context Switch: sppadmin -> sppadmin
[2026-04-29 10:46:48] Context Switch: sppadmin -> sppadmin
[2026-04-29 10:46:48] Context Switch: sppadmin -> sppadmin
[2026-04-29 10:46:49] Context Resolved: sppadmin | URI: /school1/sppadmin/api.php?action=check_auth&appname=lekhak&_ts=1777459609528 | Matched Pattern Len: 17
[2026-04-29 10:46:49] Context Switch: sppadmin -> sppadmin
[2026-04-29 10:46:49] Context Switch: sppadmin -> sppadmin
[2026-04-29 10:46:53] Context Switch: sppadmin -> sppadmin
[2026-04-29 10:46:58] Context Resolved: sppadmin | URI: /school1/sppadmin/ | Matched Pattern Len: 17
[2026-04-29 10:46:58] Context Switch: sppadmin -> sppadmin
[2026-04-29 10:46:58] Context Switch: sppadmin -> sppadmin
[2026-04-29 10:47:01] Context Switch: sppadmin -> sppadmin
[2026-04-29 10:47:02] Context Resolved: sppadmin | URI: /school1/sppadmin/api.php?action=check_auth&appname=lekhak&_ts=1777459621774 | Matched Pattern Len: 17
[2026-04-29 10:47:02] Context Switch: sppadmin -> sppadmin
[2026-04-29 10:47:02] Context Switch: sppadmin -> sppadmin
[2026-04-29 10:47:05] Context Switch: sppadmin -> sppadmin
[2026-04-29 10:47:11] Context Resolved: sppadmin | URI: /school1/sppadmin/api.php | Matched Pattern Len: 17
[2026-04-29 10:47:11] Context Switch: sppadmin -> sppadmin
[2026-04-29 10:47:11] Context Switch: sppadmin -> sppadmin
[2026-04-29 10:47:13] Context Switch: sppadmin -> sppadmin
[2026-04-29 10:47:15] Context Resolved: sppadmin | URI: /school1/sppadmin/api.php?action=list_apps&appname=lekhak&csrf_token=765dcbb164d2f507f0934d3c9c27cb3138e2422a4627aaf45390664cde5f3a71&_ts=1777459634725 | Matched Pattern Len: 17
[2026-04-29 10:47:15] Context Resolved: sppadmin | URI: /school1/sppadmin/api.php?action=get_profile&appname=lekhak&csrf_token=765dcbb164d2f507f0934d3c9c27cb3138e2422a4627aaf45390664cde5f3a71&_ts=1777459634727 | Matched Pattern Len: 17
[2026-04-29 10:47:15] Context Resolved: sppadmin | URI: /school1/sppadmin/api.php?action=get_system_info&appname=lekhak&csrf_token=765dcbb164d2f507f0934d3c9c27cb3138e2422a4627aaf45390664cde5f3a71&_ts=1777459634768 | Matched Pattern Len: 17
[2026-04-29 10:47:15] Context Resolved: sppadmin | URI: /school1/sppadmin/api.php?action=get_bridge_info&appname=lekhak&csrf_token=765dcbb164d2f507f0934d3c9c27cb3138e2422a4627aaf45390664cde5f3a71&_ts=1777459634768 | Matched Pattern Len: 17
[2026-04-29 10:47:15] Context Switch: sppadmin -> sppadmin
[2026-04-29 10:47:15] Context Switch: sppadmin -> sppadmin
[2026-04-29 10:47:15] Context Switch: sppadmin -> sppadmin
[2026-04-29 10:47:15] Context Switch: sppadmin -> sppadmin
[2026-04-29 10:47:15] Context Switch: sppadmin -> sppadmin
[2026-04-29 10:47:15] Context Switch: sppadmin -> sppadmin
[2026-04-29 10:47:15] Context Switch: sppadmin -> sppadmin
[2026-04-29 10:47:15] Context Switch: sppadmin -> sppadmin
[2026-04-29 10:47:15] Context Resolved: sppadmin | URI: /school1/sppadmin/api.php?action=list_apps&appname=lekhak&csrf_token=765dcbb164d2f507f0934d3c9c27cb3138e2422a4627aaf45390664cde5f3a71&_ts=1777459634768 | Matched Pattern Len: 17
[2026-04-29 10:47:15] Context Switch: sppadmin -> sppadmin
[2026-04-29 10:47:15] Context Switch: sppadmin -> sppadmin
[2026-04-29 10:47:15] Context Switch: sppadmin -> sppadmin
[2026-04-29 10:47:15] Context Switch: sppadmin -> sppadmin
[2026-04-29 10:47:16] Context Switch: sppadmin -> __sppadmin__
[2026-04-29 10:47:16] Context Switch: __sppadmin__ -> __sppadmin__
[2026-04-29 10:47:16] Context Switch: sppadmin -> sppadmin
[2026-04-29 10:47:16] Context Switch: sppadmin -> sppadmin
[2026-04-29 10:47:17] Context Switch: sppadmin -> __sppadmin__
[2026-04-29 10:47:17] Context Switch: __sppadmin__ -> __sppadmin__
[2026-04-29 10:47:17] Context Switch: __sppadmin__ -> lekhak
[2026-04-29 10:47:17] Context Switch: lekhak -> lekhak
[2026-04-29 10:47:17] Context Switch: sppadmin -> __sppadmin__
[2026-04-29 10:47:17] Context Switch: __sppadmin__ -> __sppadmin__
[2026-04-29 10:47:17] Context Switch: __sppadmin__ -> lekhak
[2026-04-29 10:47:17] Context Switch: lekhak -> lekhak
[2026-04-29 10:47:17] Context Switch: lekhak -> __sppadmin__
[2026-04-29 10:47:17] Context Switch: __sppadmin__ -> lekhak
[2026-04-29 10:47:17] Context Switch: lekhak -> __sppadmin__
[2026-04-29 10:47:18] Context Switch: lekhak -> __sppadmin__
[2026-04-29 10:47:18] Context Switch: __sppadmin__ -> lekhak
[2026-04-29 10:47:18] Context Switch: lekhak -> __sppadmin__
[2026-04-29 10:47:18] Context Switch: sppadmin -> sppadmin
[2026-04-29 10:47:19] Context Switch: sppadmin -> __sppadmin__
[2026-04-29 10:47:19] Context Switch: __sppadmin__ -> __sppadmin__
[2026-04-29 10:47:20] Context Resolved: sppadmin | URI: /school1/sppadmin/api.php?action=get_global_settings&appname=lekhak&csrf_token=765dcbb164d2f507f0934d3c9c27cb3138e2422a4627aaf45390664cde5f3a71&_ts=1777459639863 | Matched Pattern Len: 17
[2026-04-29 10:47:20] Context Switch: sppadmin -> sppadmin
[2026-04-29 10:47:20] Context Switch: sppadmin -> sppadmin
[2026-04-29 10:47:26] Context Switch: sppadmin -> sppadmin
[2026-04-29 10:47:27] Context Switch: sppadmin -> __sppadmin__
[2026-04-29 10:47:27] Context Switch: __sppadmin__ -> __sppadmin__
[2026-04-29 10:47:36] Context Resolved: sppadmin | URI: /school1/sppadmin/api.php | Matched Pattern Len: 17
[2026-04-29 10:47:36] Context Switch: sppadmin -> sppadmin
[2026-04-29 10:47:36] Context Switch: sppadmin -> sppadmin
[2026-04-29 10:47:39] Context Switch: sppadmin -> sppadmin
[2026-04-29 10:47:39] Context Switch: sppadmin -> __sppadmin__
[2026-04-29 10:47:39] Context Switch: __sppadmin__ -> __sppadmin__
[2026-04-29 10:48:20] Context Resolved: sppadmin | URI: /school1/sppadmin/api.php?action=list_apps&appname=lekhak&csrf_token=765dcbb164d2f507f0934d3c9c27cb3138e2422a4627aaf45390664cde5f3a71&_ts=1777459699502 | Matched Pattern Len: 17
[2026-04-29 10:48:20] Context Switch: sppadmin -> sppadmin
[2026-04-29 10:48:20] Context Switch: sppadmin -> sppadmin
[2026-04-29 10:48:21] Context Switch: sppadmin -> sppadmin
[2026-04-29 10:48:22] Context Switch: sppadmin -> __sppadmin__
[2026-04-29 10:48:22] Context Switch: __sppadmin__ -> __sppadmin__
[2026-04-29 10:53:54] Context Resolved: sppadmin | URI: /school1/sppadmin/api.php?action=list_apps&appname=lekhak&csrf_token=765dcbb164d2f507f0934d3c9c27cb3138e2422a4627aaf45390664cde5f3a71&_ts=1777460034539 | Matched Pattern Len: 17
[2026-04-29 10:53:54] Context Resolved: sppadmin | URI: /school1/sppadmin/api.php?action=get_system_info&appname=lekhak&csrf_token=765dcbb164d2f507f0934d3c9c27cb3138e2422a4627aaf45390664cde5f3a71&_ts=1777460034538 | Matched Pattern Len: 17
[2026-04-29 10:53:54] Context Resolved: sppadmin | URI: /school1/sppadmin/api.php?action=get_bridge_info&appname=lekhak&csrf_token=765dcbb164d2f507f0934d3c9c27cb3138e2422a4627aaf45390664cde5f3a71&_ts=1777460034539 | Matched Pattern Len: 17
[2026-04-29 10:53:54] Context Switch: sppadmin -> sppadmin
[2026-04-29 10:53:54] Context Switch: sppadmin -> sppadmin
[2026-04-29 10:53:54] Context Switch: sppadmin -> sppadmin
[2026-04-29 10:53:54] Context Switch: sppadmin -> sppadmin
[2026-04-29 10:53:54] Context Switch: sppadmin -> sppadmin
[2026-04-29 10:53:54] Context Switch: sppadmin -> sppadmin
[2026-04-29 10:53:55] Context Switch: sppadmin -> sppadmin
[2026-04-29 10:53:55] Context Switch: sppadmin -> sppadmin
[2026-04-29 10:53:55] Context Switch: sppadmin -> sppadmin
[2026-04-29 10:53:55] Context Switch: sppadmin -> __sppadmin__
[2026-04-29 10:53:55] Context Switch: __sppadmin__ -> __sppadmin__
[2026-04-29 10:53:55] Context Switch: sppadmin -> __sppadmin__
[2026-04-29 10:53:56] Context Switch: __sppadmin__ -> __sppadmin__
[2026-04-29 10:53:56] Context Switch: __sppadmin__ -> lekhak
[2026-04-29 10:53:56] Context Switch: sppadmin -> __sppadmin__
[2026-04-29 10:53:56] Context Switch: lekhak -> lekhak
[2026-04-29 10:53:56] Context Switch: __sppadmin__ -> __sppadmin__
[2026-04-29 10:53:56] Context Switch: __sppadmin__ -> lekhak
[2026-04-29 10:53:56] Context Switch: lekhak -> lekhak
[2026-04-29 10:53:56] Context Switch: lekhak -> __sppadmin__
[2026-04-29 10:53:56] Context Switch: __sppadmin__ -> lekhak
[2026-04-29 10:53:56] Context Switch: lekhak -> __sppadmin__
[2026-04-29 10:53:56] Context Switch: lekhak -> __sppadmin__
[2026-04-29 10:53:56] Context Switch: __sppadmin__ -> lekhak
[2026-04-29 10:53:56] Context Switch: lekhak -> __sppadmin__
[2026-04-29 10:53:57] Context Resolved: sppadmin | URI: /school1/sppadmin/api.php?action=get_global_settings&appname=lekhak&csrf_token=765dcbb164d2f507f0934d3c9c27cb3138e2422a4627aaf45390664cde5f3a71&_ts=1777460037520 | Matched Pattern Len: 17
[2026-04-29 10:53:57] Context Switch: sppadmin -> sppadmin
[2026-04-29 10:53:57] Context Switch: sppadmin -> sppadmin
[2026-04-29 10:53:59] Context Switch: sppadmin -> sppadmin
[2026-04-29 10:53:59] Context Switch: sppadmin -> __sppadmin__
[2026-04-29 10:53:59] Context Switch: __sppadmin__ -> __sppadmin__
[2026-04-29 10:54:02] Context Resolved: sppadmin | URI: /school1/sppadmin/api.php?action=list_modules&appname=lekhak&csrf_token=765dcbb164d2f507f0934d3c9c27cb3138e2422a4627aaf45390664cde5f3a71&_ts=1777460042409 | Matched Pattern Len: 17
[2026-04-29 10:54:02] Context Switch: sppadmin -> sppadmin
[2026-04-29 10:54:02] Context Switch: sppadmin -> sppadmin
[2026-04-29 10:54:03] Context Switch: sppadmin -> sppadmin
[2026-04-29 10:54:04] Context Switch: sppadmin -> __sppadmin__
[2026-04-29 10:54:04] Context Switch: __sppadmin__ -> __sppadmin__
[2026-04-29 10:54:22] Context Resolved: sppadmin | URI: /school1/sppadmin/api.php?action=get_module_config&modname=sppdb&appname=lekhak&csrf_token=765dcbb164d2f507f0934d3c9c27cb3138e2422a4627aaf45390664cde5f3a71&_ts=1777460061549 | Matched Pattern Len: 17
[2026-04-29 10:54:22] Context Resolved: sppadmin | URI: /school1/sppadmin/api.php?action=get_module_config_raw&modname=sppdb&appname=lekhak&csrf_token=765dcbb164d2f507f0934d3c9c27cb3138e2422a4627aaf45390664cde5f3a71&_ts=1777460061549 | Matched Pattern Len: 17
[2026-04-29 10:54:22] Context Switch: sppadmin -> sppadmin
[2026-04-29 10:54:22] Context Switch: sppadmin -> sppadmin
[2026-04-29 10:54:22] Context Switch: sppadmin -> sppadmin
[2026-04-29 10:54:22] Context Switch: sppadmin -> sppadmin
[2026-04-29 10:54:22] Context Switch: sppadmin -> sppadmin
[2026-04-29 10:54:22] Context Switch: sppadmin -> sppadmin
[2026-04-29 10:54:23] Context Switch: sppadmin -> __sppadmin__
[2026-04-29 10:54:23] Context Switch: sppadmin -> __sppadmin__
[2026-04-29 10:54:23] Context Switch: __sppadmin__ -> __sppadmin__
[2026-04-29 10:54:23] Context Switch: __sppadmin__ -> __sppadmin__
[2026-04-29 10:54:31] Context Resolved: sppadmin | URI: /school1/sppadmin/api.php | Matched Pattern Len: 17
[2026-04-29 10:54:31] Context Switch: sppadmin -> sppadmin
[2026-04-29 10:54:31] Context Switch: sppadmin -> sppadmin
[2026-04-29 10:54:33] Context Switch: sppadmin -> sppadmin
[2026-04-29 10:54:33] Context Switch: sppadmin -> __sppadmin__
[2026-04-29 10:54:33] Context Switch: __sppadmin__ -> __sppadmin__
[2026-04-29 10:54:38] Context Resolved: sppadmin | URI: /school1/sppadmin/api.php?action=get_module_config&modname=sppdb&appname=lekhak&csrf_token=765dcbb164d2f507f0934d3c9c27cb3138e2422a4627aaf45390664cde5f3a71&_ts=1777460078842 | Matched Pattern Len: 17
[2026-04-29 10:54:38] Context Resolved: sppadmin | URI: /school1/sppadmin/api.php?action=get_module_config_raw&modname=sppdb&appname=lekhak&csrf_token=765dcbb164d2f507f0934d3c9c27cb3138e2422a4627aaf45390664cde5f3a71&_ts=1777460078843 | Matched Pattern Len: 17
[2026-04-29 10:54:38] Context Switch: sppadmin -> sppadmin
[2026-04-29 10:54:38] Context Switch: sppadmin -> sppadmin
[2026-04-29 10:54:38] Context Switch: sppadmin -> sppadmin
[2026-04-29 10:54:38] Context Switch: sppadmin -> sppadmin
[2026-04-29 10:54:40] Context Switch: sppadmin -> sppadmin
[2026-04-29 10:54:40] Context Switch: sppadmin -> sppadmin
[2026-04-29 10:54:40] Context Switch: sppadmin -> __sppadmin__
[2026-04-29 10:54:40] Context Switch: sppadmin -> __sppadmin__
[2026-04-29 10:54:40] Context Switch: __sppadmin__ -> __sppadmin__
[2026-04-29 10:54:40] Context Switch: __sppadmin__ -> __sppadmin__
[2026-04-29 10:54:52] Context Resolved: sppadmin | URI: /school1/sppadmin/api.php | Matched Pattern Len: 17
[2026-04-29 10:54:52] Context Switch: sppadmin -> sppadmin
[2026-04-29 10:54:52] Context Switch: sppadmin -> sppadmin
[2026-04-29 10:54:55] Context Switch: sppadmin -> sppadmin
[2026-04-29 10:54:56] Context Switch: sppadmin -> __sppadmin__
[2026-04-29 10:54:56] Context Switch: __sppadmin__ -> __sppadmin__
[2026-04-29 10:58:57] Context Resolved: sppadmin | URI: /school1/sppadmin/ | Matched Pattern Len: 17
[2026-04-29 10:58:57] Context Switch: sppadmin -> sppadmin
[2026-04-29 10:58:57] Context Switch: sppadmin -> sppadmin
[2026-04-29 10:58:59] Context Switch: sppadmin -> sppadmin
[2026-04-29 10:59:01] Context Resolved: sppadmin | URI: /school1/sppadmin/api.php?action=check_auth&appname=lekhak&_ts=1777460341210 | Matched Pattern Len: 17
[2026-04-29 10:59:01] Context Switch: sppadmin -> sppadmin
[2026-04-29 10:59:01] Context Switch: sppadmin -> sppadmin
[2026-04-29 10:59:02] Context Switch: sppadmin -> sppadmin
[2026-04-29 10:59:10] Context Resolved: sppadmin | URI: /school1/sppadmin/api.php | Matched Pattern Len: 17
[2026-04-29 10:59:10] Context Switch: sppadmin -> sppadmin
[2026-04-29 10:59:10] Context Switch: sppadmin -> sppadmin
[2026-04-29 10:59:11] Context Switch: sppadmin -> sppadmin
[2026-04-29 10:59:11] Context Resolved: sppadmin | URI: /school1/sppadmin/api.php?action=list_apps&appname=lekhak&csrf_token=765dcbb164d2f507f0934d3c9c27cb3138e2422a4627aaf45390664cde5f3a71&_ts=1777460351067 | Matched Pattern Len: 17
[2026-04-29 10:59:11] Context Resolved: sppadmin | URI: /school1/sppadmin/api.php?action=get_profile&appname=lekhak&csrf_token=765dcbb164d2f507f0934d3c9c27cb3138e2422a4627aaf45390664cde5f3a71&_ts=1777460351069 | Matched Pattern Len: 17
[2026-04-29 10:59:11] Context Switch: sppadmin -> sppadmin
[2026-04-29 10:59:11] Context Switch: sppadmin -> sppadmin
[2026-04-29 10:59:11] Context Switch: sppadmin -> sppadmin
[2026-04-29 10:59:11] Context Switch: sppadmin -> sppadmin
[2026-04-29 10:59:11] Context Resolved: sppadmin | URI: /school1/sppadmin/api.php?action=list_modules&appname=lekhak&csrf_token=765dcbb164d2f507f0934d3c9c27cb3138e2422a4627aaf45390664cde5f3a71&_ts=1777460351098 | Matched Pattern Len: 17
[2026-04-29 10:59:12] Context Switch: sppadmin -> sppadmin
[2026-04-29 10:59:12] Context Switch: sppadmin -> sppadmin
[2026-04-29 10:59:12] Context Switch: sppadmin -> sppadmin
[2026-04-29 10:59:12] Context Switch: sppadmin -> sppadmin
[2026-04-29 10:59:12] Context Switch: sppadmin -> __sppadmin__
[2026-04-29 10:59:12] Context Switch: __sppadmin__ -> __sppadmin__
[2026-04-29 10:59:13] Context Switch: sppadmin -> sppadmin
[2026-04-29 10:59:14] Context Switch: sppadmin -> __sppadmin__
[2026-04-29 10:59:14] Context Switch: __sppadmin__ -> __sppadmin__
[2026-04-29 10:59:20] Context Resolved: sppadmin | URI: /school1/sppadmin/api.php?action=get_module_config_raw&modname=sppdb&appname=lekhak&csrf_token=765dcbb164d2f507f0934d3c9c27cb3138e2422a4627aaf45390664cde5f3a71&_ts=1777460359900 | Matched Pattern Len: 17
[2026-04-29 10:59:20] Context Switch: sppadmin -> sppadmin
[2026-04-29 10:59:20] Context Switch: sppadmin -> sppadmin
[2026-04-29 10:59:20] Context Resolved: sppadmin | URI: /school1/sppadmin/api.php?action=get_module_config&modname=sppdb&appname=lekhak&csrf_token=765dcbb164d2f507f0934d3c9c27cb3138e2422a4627aaf45390664cde5f3a71&_ts=1777460359900 | Matched Pattern Len: 17
[2026-04-29 10:59:20] Context Switch: sppadmin -> sppadmin
[2026-04-29 10:59:20] Context Switch: sppadmin -> sppadmin
[2026-04-29 10:59:21] Context Switch: sppadmin -> sppadmin
[2026-04-29 10:59:22] Context Switch: sppadmin -> __sppadmin__
[2026-04-29 10:59:22] Context Switch: __sppadmin__ -> __sppadmin__
[2026-04-29 10:59:23] Context Switch: sppadmin -> sppadmin
[2026-04-29 10:59:24] Context Switch: sppadmin -> __sppadmin__
[2026-04-29 10:59:24] Context Switch: __sppadmin__ -> __sppadmin__
[2026-04-29 11:00:54] Context Resolved: sppadmin | URI: /school1/sppadmin/api.php?action=get_module_config&modname=sppdb&appname=lekhak&csrf_token=765dcbb164d2f507f0934d3c9c27cb3138e2422a4627aaf45390664cde5f3a71&_ts=1777460453052 | Matched Pattern Len: 17
[2026-04-29 11:00:54] Context Switch: sppadmin -> sppadmin
[2026-04-29 11:00:54] Context Switch: sppadmin -> sppadmin
[2026-04-29 11:00:54] Context Resolved: sppadmin | URI: /school1/sppadmin/api.php?action=get_module_config_raw&modname=sppdb&appname=lekhak&csrf_token=765dcbb164d2f507f0934d3c9c27cb3138e2422a4627aaf45390664cde5f3a71&_ts=1777460453052 | Matched Pattern Len: 17
[2026-04-29 11:00:54] Context Switch: sppadmin -> sppadmin
[2026-04-29 11:00:54] Context Switch: sppadmin -> sppadmin
[2026-04-29 11:00:55] Context Switch: sppadmin -> sppadmin
[2026-04-29 11:00:57] Context Switch: sppadmin -> __sppadmin__
[2026-04-29 11:00:57] Context Switch: __sppadmin__ -> __sppadmin__
[2026-04-29 11:00:57] Context Switch: sppadmin -> sppadmin
[2026-04-29 11:00:58] Context Switch: sppadmin -> __sppadmin__
[2026-04-29 11:00:58] Context Switch: __sppadmin__ -> __sppadmin__
[2026-04-29 11:09:29] Context Resolved: sppadmin | URI: /school1/sppadmin/ | Matched Pattern Len: 17
[2026-04-29 11:09:29] Context Switch: sppadmin -> sppadmin
[2026-04-29 11:09:29] Context Switch: sppadmin -> sppadmin
[2026-04-29 11:09:33] Context Switch: sppadmin -> sppadmin
[2026-04-29 11:09:34] Context Resolved: sppadmin | URI: /school1/sppadmin/api.php?action=check_auth&appname=lekhak&_ts=1777460974009 | Matched Pattern Len: 17
[2026-04-29 11:09:34] Context Switch: sppadmin -> sppadmin
[2026-04-29 11:09:34] Context Switch: sppadmin -> sppadmin
[2026-04-29 11:09:35] Context Switch: sppadmin -> sppadmin
[2026-04-29 11:09:41] Context Resolved: sppadmin | URI: /school1/sppadmin/api.php | Matched Pattern Len: 17
[2026-04-29 11:09:41] Context Switch: sppadmin -> sppadmin
[2026-04-29 11:09:41] Context Switch: sppadmin -> sppadmin
[2026-04-29 11:09:42] Context Switch: sppadmin -> sppadmin
[2026-04-29 11:09:43] Context Resolved: sppadmin | URI: /school1/sppadmin/api.php?action=list_apps&appname=lekhak&csrf_token=765dcbb164d2f507f0934d3c9c27cb3138e2422a4627aaf45390664cde5f3a71&_ts=1777460983256 | Matched Pattern Len: 17
[2026-04-29 11:09:43] Context Resolved: sppadmin | URI: /school1/sppadmin/api.php?action=get_profile&appname=lekhak&csrf_token=765dcbb164d2f507f0934d3c9c27cb3138e2422a4627aaf45390664cde5f3a71&_ts=1777460983258 | Matched Pattern Len: 17
[2026-04-29 11:09:43] Context Switch: sppadmin -> sppadmin
[2026-04-29 11:09:43] Context Switch: sppadmin -> sppadmin
[2026-04-29 11:09:43] Context Switch: sppadmin -> sppadmin
[2026-04-29 11:09:43] Context Switch: sppadmin -> sppadmin
[2026-04-29 11:09:43] Context Resolved: sppadmin | URI: /school1/sppadmin/api.php?action=list_modules&appname=lekhak&csrf_token=765dcbb164d2f507f0934d3c9c27cb3138e2422a4627aaf45390664cde5f3a71&_ts=1777460983312 | Matched Pattern Len: 17
[2026-04-29 11:09:43] Context Switch: sppadmin -> sppadmin
[2026-04-29 11:09:43] Context Switch: sppadmin -> sppadmin
[2026-04-29 11:09:43] Context Switch: sppadmin -> sppadmin
[2026-04-29 11:09:44] Context Switch: sppadmin -> sppadmin
[2026-04-29 11:09:44] Context Switch: sppadmin -> __sppadmin__
[2026-04-29 11:09:44] Context Switch: __sppadmin__ -> __sppadmin__
[2026-04-29 11:09:45] Context Switch: sppadmin -> sppadmin
[2026-04-29 11:09:45] Context Switch: sppadmin -> __sppadmin__
[2026-04-29 11:09:45] Context Switch: __sppadmin__ -> __sppadmin__
[2026-04-29 11:09:50] Context Resolved: sppadmin | URI: /school1/sppadmin/api.php?action=get_module_config_raw&modname=sppdb&appname=lekhak&csrf_token=765dcbb164d2f507f0934d3c9c27cb3138e2422a4627aaf45390664cde5f3a71&_ts=1777460990825 | Matched Pattern Len: 17
[2026-04-29 11:09:50] Context Resolved: sppadmin | URI: /school1/sppadmin/api.php?action=get_module_config&modname=sppdb&appname=lekhak&csrf_token=765dcbb164d2f507f0934d3c9c27cb3138e2422a4627aaf45390664cde5f3a71&_ts=1777460990825 | Matched Pattern Len: 17
[2026-04-29 11:09:50] Context Switch: sppadmin -> sppadmin
[2026-04-29 11:09:50] Context Switch: sppadmin -> sppadmin
[2026-04-29 11:09:50] Context Switch: sppadmin -> sppadmin
[2026-04-29 11:09:50] Context Switch: sppadmin -> sppadmin
[2026-04-29 11:09:52] Context Switch: sppadmin -> sppadmin
[2026-04-29 11:09:52] Context Switch: sppadmin -> sppadmin
[2026-04-29 11:09:53] Context Switch: sppadmin -> __sppadmin__
[2026-04-29 11:09:53] Context Switch: sppadmin -> __sppadmin__
[2026-04-29 11:09:53] Context Switch: __sppadmin__ -> __sppadmin__
[2026-04-29 11:09:53] Context Switch: __sppadmin__ -> __sppadmin__
[2026-04-29 11:10:21] Context Resolved: sppadmin | URI: /school1/sppadmin/api.php | Matched Pattern Len: 17
[2026-04-29 11:10:21] Context Switch: sppadmin -> sppadmin
[2026-04-29 11:10:21] Context Switch: sppadmin -> sppadmin
[2026-04-29 11:10:24] Context Switch: sppadmin -> sppadmin
[2026-04-29 11:10:24] Context Switch: sppadmin -> __sppadmin__
[2026-04-29 11:10:24] Context Switch: __sppadmin__ -> __sppadmin__
[2026-04-29 11:10:31] Context Resolved: sppadmin | URI: /school1/sppadmin/api.php?action=get_module_config_raw&modname=sppdb&appname=lekhak&csrf_token=765dcbb164d2f507f0934d3c9c27cb3138e2422a4627aaf45390664cde5f3a71&_ts=1777461030381 | Matched Pattern Len: 17
[2026-04-29 11:10:31] Context Switch: sppadmin -> sppadmin
[2026-04-29 11:10:31] Context Switch: sppadmin -> sppadmin
[2026-04-29 11:10:31] Context Resolved: sppadmin | URI: /school1/sppadmin/api.php?action=get_module_config&modname=sppdb&appname=lekhak&csrf_token=765dcbb164d2f507f0934d3c9c27cb3138e2422a4627aaf45390664cde5f3a71&_ts=1777461030381 | Matched Pattern Len: 17
[2026-04-29 11:10:31] Context Switch: sppadmin -> sppadmin
[2026-04-29 11:10:31] Context Switch: sppadmin -> sppadmin
[2026-04-29 11:10:32] Context Switch: sppadmin -> sppadmin
[2026-04-29 11:10:33] Context Switch: sppadmin -> __sppadmin__
[2026-04-29 11:10:33] Context Switch: __sppadmin__ -> __sppadmin__
[2026-04-29 11:10:34] Context Switch: sppadmin -> sppadmin
[2026-04-29 11:10:35] Context Switch: sppadmin -> __sppadmin__
[2026-04-29 11:10:35] Context Switch: __sppadmin__ -> __sppadmin__
[2026-04-29 11:10:43] Context Resolved: sppadmin | URI: /school1/sppadmin/api.php | Matched Pattern Len: 17
[2026-04-29 11:10:43] Context Switch: sppadmin -> sppadmin
[2026-04-29 11:10:43] Context Switch: sppadmin -> sppadmin
[2026-04-29 11:10:46] Context Switch: sppadmin -> sppadmin
[2026-04-29 11:10:47] Context Switch: sppadmin -> __sppadmin__
[2026-04-29 11:10:47] Context Switch: __sppadmin__ -> __sppadmin__
[2026-04-29 11:17:22] Context Resolved: lekhak | URI: /school1/lekhak/workbench | Matched Pattern Len: 15
[2026-04-29 11:17:22] Context Switch: lekhak -> lekhak
[2026-04-29 11:17:22] Context Switch: lekhak -> lekhak
[2026-04-29 11:17:22] Context Switch: lekhak -> lekhak
[2026-04-29 11:17:25] Context Resolved: spp_docs | URI: /school1/spp/1.0/tutorial/intro | Matched Pattern Len: 12
[2026-04-29 11:17:25] Context Switch: spp_docs -> spp_docs
[2026-04-29 11:17:25] Context Switch: spp_docs -> spp_docs
[2026-04-29 11:17:26] Context Switch: spp_docs -> spp_docs
[2026-04-29 13:27:45] Context Resolved: default | URI: / | Matched Pattern Len: 1
[2026-04-29 13:27:46] Context Switch: default -> default
[2026-04-29 13:27:46] Context Switch: default -> default
[2026-04-29 13:27:46] Context Switch: default -> default
[2026-04-29 13:28:00] Context Resolved: default | URI: / | Matched Pattern Len: 1
[2026-04-29 13:28:00] Context Switch: default -> default
[2026-04-29 13:28:00] Context Switch: default -> default
[2026-04-29 13:28:00] Context Switch: default -> default
[2026-04-29 13:28:01] Context Switch: default -> __sppadmin__
[2026-04-29 13:28:01] Context Switch: __sppadmin__ -> __sppadmin__
[2026-04-29 13:28:13] Context Resolved: default | URI: / | Matched Pattern Len: 1
[2026-04-29 13:28:13] Context Switch: default -> default
[2026-04-29 13:28:13] Context Switch: default -> default
[2026-04-29 13:28:13] Context Switch: default -> default
[2026-04-29 13:28:14] Context Switch: default -> __sppadmin__
[2026-04-29 13:28:14] Context Switch: __sppadmin__ -> __sppadmin__
[2026-04-29 13:28:34] Context Resolved: default | URI: / | Matched Pattern Len: 1
[2026-04-29 13:28:34] Context Switch: default -> default
[2026-04-29 13:28:34] Context Switch: default -> default
[2026-04-29 13:28:34] Context Switch: default -> default
[2026-04-29 13:28:36] Context Switch: default -> __sppadmin__
[2026-04-29 13:28:36] Context Switch: __sppadmin__ -> __sppadmin__
[2026-04-29 13:29:01] Context Resolved: default | URI: / | Matched Pattern Len: 1
[2026-04-29 13:29:01] Context Switch: default -> default
[2026-04-29 13:29:01] Context Switch: default -> default
[2026-04-29 13:29:01] Context Switch: default -> default
[2026-04-29 13:29:02] Context Switch: default -> __sppadmin__
[2026-04-29 13:29:02] Context Switch: __sppadmin__ -> __sppadmin__
[2026-04-29 13:29:15] Context Resolved: default | URI: / | Matched Pattern Len: 1
[2026-04-29 13:29:15] Context Switch: default -> default
[2026-04-29 13:29:15] Context Switch: default -> default
[2026-04-29 13:29:15] Context Switch: default -> default
[2026-04-29 13:30:14] Context Resolved: default | URI: / | Matched Pattern Len: 1
[2026-04-29 13:30:14] Context Switch: default -> default
[2026-04-29 13:30:14] Context Switch: default -> default
[2026-04-29 13:30:14] Context Switch: default -> default
[2026-04-29 13:30:24] Context Resolved: default | URI: / | Matched Pattern Len: 1
[2026-04-29 13:30:24] Context Switch: default -> default
[2026-04-29 13:30:24] Context Switch: default -> default
[2026-04-29 13:30:24] Context Switch: default -> default
[2026-04-29 13:33:01] Context Resolved: default | URI: / | Matched Pattern Len: 1
[2026-04-29 13:33:01] Context Switch: default -> default
[2026-04-29 13:33:01] Context Switch: default -> default
[2026-04-29 13:33:01] Context Switch: default -> default
[2026-04-29 13:33:02] Context Switch: default -> lekhak
[2026-04-29 13:33:02] Context Switch: lekhak -> lekhak
[2026-04-29 13:33:02] Context Switch: lekhak -> lekhak
[2026-04-29 13:33:02] Context Switch: lekhak -> lekhak
[2026-04-29 13:33:44] Context Resolved: default | URI: / | Matched Pattern Len: 1
[2026-04-29 13:33:44] Context Switch: default -> default
[2026-04-29 13:33:44] Context Switch: default -> default
[2026-04-29 13:33:44] Context Switch: default -> default
[2026-04-29 13:33:45] Context Switch: default -> lekhak
[2026-04-29 13:33:45] Context Switch: lekhak -> lekhak
[2026-04-29 13:33:45] Context Switch: lekhak -> lekhak
[2026-04-29 13:33:45] Context Switch: lekhak -> lekhak
[2026-04-29 13:34:03] Context Resolved: default | URI: / | Matched Pattern Len: 1
[2026-04-29 13:34:03] Context Switch: default -> default
[2026-04-29 13:34:03] Context Switch: default -> default
[2026-04-29 13:34:03] Context Switch: default -> default
[2026-04-29 13:34:04] Context Switch: default -> lekhak
[2026-04-29 13:34:04] Context Switch: lekhak -> lekhak
[2026-04-29 13:34:04] Context Switch: lekhak -> lekhak
[2026-04-29 13:34:04] Context Switch: lekhak -> lekhak
[2026-04-29 11:40:59] Context Resolved: sppadmin | URI: /school1/sppadmin/ | Matched Pattern Len: 17
[2026-04-29 11:40:59] Context Switch: sppadmin -> sppadmin
[2026-04-29 11:40:59] Context Switch: sppadmin -> sppadmin
[2026-04-29 11:41:00] Context Switch: sppadmin -> sppadmin
[2026-04-29 11:41:01] Context Resolved: sppadmin | URI: /school1/sppadmin/api.php?action=check_auth&appname=lekhak&_ts=1777462861671 | Matched Pattern Len: 17
[2026-04-29 11:41:01] Context Switch: sppadmin -> sppadmin
[2026-04-29 11:41:01] Context Switch: sppadmin -> sppadmin
[2026-04-29 11:41:02] Context Switch: sppadmin -> sppadmin
[2026-04-29 11:41:09] Context Resolved: sppadmin | URI: /school1/sppadmin/api.php | Matched Pattern Len: 17
[2026-04-29 11:41:09] Context Switch: sppadmin -> sppadmin
[2026-04-29 11:41:09] Context Switch: sppadmin -> sppadmin
[2026-04-29 11:41:11] Context Switch: sppadmin -> sppadmin
[2026-04-29 11:41:12] Context Resolved: sppadmin | URI: /school1/sppadmin/api.php?action=list_apps&appname=lekhak&csrf_token=051d86eb1ae91a9c8185b806d993b1fc7797593cbb23694f8d699f3e2942ce27&_ts=1777462871880 | Matched Pattern Len: 17
[2026-04-29 11:41:12] Context Resolved: sppadmin | URI: /school1/sppadmin/api.php?action=get_profile&appname=lekhak&csrf_token=051d86eb1ae91a9c8185b806d993b1fc7797593cbb23694f8d699f3e2942ce27&_ts=1777462871882 | Matched Pattern Len: 17
[2026-04-29 11:41:12] Context Switch: sppadmin -> sppadmin
[2026-04-29 11:41:12] Context Switch: sppadmin -> sppadmin
[2026-04-29 11:41:12] Context Switch: sppadmin -> sppadmin
[2026-04-29 11:41:12] Context Switch: sppadmin -> sppadmin
[2026-04-29 11:41:12] Context Resolved: sppadmin | URI: /school1/sppadmin/api.php?action=list_modules&appname=lekhak&csrf_token=051d86eb1ae91a9c8185b806d993b1fc7797593cbb23694f8d699f3e2942ce27&_ts=1777462871951 | Matched Pattern Len: 17
[2026-04-29 11:41:12] Context Switch: sppadmin -> sppadmin
[2026-04-29 11:41:12] Context Switch: sppadmin -> sppadmin
[2026-04-29 11:41:12] Context Switch: sppadmin -> sppadmin
[2026-04-29 11:41:12] Context Switch: sppadmin -> sppadmin
[2026-04-29 11:41:13] Context Switch: sppadmin -> __sppadmin__
[2026-04-29 11:41:13] Context Switch: __sppadmin__ -> __sppadmin__
[2026-04-29 11:41:13] Context Switch: sppadmin -> sppadmin
[2026-04-29 11:41:13] Context Switch: sppadmin -> __sppadmin__
[2026-04-29 11:41:13] Context Switch: __sppadmin__ -> __sppadmin__
[2026-04-29 11:41:23] Context Resolved: sppadmin | URI: /school1/sppadmin/api.php?action=list_entities&appname=lekhak&csrf_token=051d86eb1ae91a9c8185b806d993b1fc7797593cbb23694f8d699f3e2942ce27&_ts=1777462883558 | Matched Pattern Len: 17
[2026-04-29 11:41:23] Context Switch: sppadmin -> sppadmin
[2026-04-29 11:41:23] Context Switch: sppadmin -> sppadmin
[2026-04-29 11:41:24] Context Switch: sppadmin -> sppadmin
[2026-04-29 11:41:25] Context Switch: sppadmin -> __sppadmin__
[2026-04-29 11:41:25] Context Switch: __sppadmin__ -> __sppadmin__
[2026-04-29 11:41:25] Context Switch: __sppadmin__ -> lekhak
[2026-04-29 11:41:25] Context Switch: lekhak -> lekhak
[2026-04-29 11:41:25] Context Switch: lekhak -> __sppadmin__
[2026-04-29 11:42:14] Context Resolved: lekhak | URI: /school1/lekhak | Matched Pattern Len: 15
[2026-04-29 11:42:14] Context Switch: lekhak -> lekhak
[2026-04-29 11:42:14] Context Switch: lekhak -> lekhak
[2026-04-29 11:42:14] Context Switch: lekhak -> lekhak
[2026-04-29 11:43:16] Context Resolved: sppadmin | URI: /school1/sppadmin/api.php?action=list_apps&appname=lekhak&csrf_token=051d86eb1ae91a9c8185b806d993b1fc7797593cbb23694f8d699f3e2942ce27&_ts=1777462996402 | Matched Pattern Len: 17
[2026-04-29 11:43:16] Context Resolved: sppadmin | URI: /school1/sppadmin/api.php?action=get_bridge_info&appname=lekhak&csrf_token=051d86eb1ae91a9c8185b806d993b1fc7797593cbb23694f8d699f3e2942ce27&_ts=1777462996402 | Matched Pattern Len: 17
[2026-04-29 11:43:16] Context Resolved: sppadmin | URI: /school1/sppadmin/api.php?action=get_system_info&appname=lekhak&csrf_token=051d86eb1ae91a9c8185b806d993b1fc7797593cbb23694f8d699f3e2942ce27&_ts=1777462996402 | Matched Pattern Len: 17
[2026-04-29 11:43:16] Context Switch: sppadmin -> sppadmin
[2026-04-29 11:43:16] Context Switch: sppadmin -> sppadmin
[2026-04-29 11:43:16] Context Switch: sppadmin -> sppadmin
[2026-04-29 11:43:16] Context Switch: sppadmin -> sppadmin
[2026-04-29 11:43:16] Context Switch: sppadmin -> sppadmin
[2026-04-29 11:43:16] Context Switch: sppadmin -> sppadmin
[2026-04-29 11:43:17] Context Switch: sppadmin -> sppadmin
[2026-04-29 11:43:17] Context Switch: sppadmin -> sppadmin
[2026-04-29 11:43:18] Context Switch: sppadmin -> __sppadmin__
[2026-04-29 11:43:18] Context Switch: sppadmin -> __sppadmin__
[2026-04-29 11:43:18] Context Switch: __sppadmin__ -> __sppadmin__
[2026-04-29 11:43:18] Context Switch: __sppadmin__ -> __sppadmin__
[2026-04-29 11:43:18] Context Switch: __sppadmin__ -> lekhak
[2026-04-29 11:43:18] Context Switch: lekhak -> lekhak
[2026-04-29 11:43:18] Context Switch: sppadmin -> sppadmin
[2026-04-29 11:43:18] Context Switch: lekhak -> __sppadmin__
[2026-04-29 11:43:18] Context Switch: __sppadmin__ -> lekhak
[2026-04-29 11:43:18] Context Switch: sppadmin -> __sppadmin__
[2026-04-29 11:43:18] Context Switch: __sppadmin__ -> __sppadmin__
[2026-04-29 11:43:18] Context Switch: __sppadmin__ -> lekhak
[2026-04-29 11:43:18] Context Switch: lekhak -> lekhak
[2026-04-29 11:43:19] Context Switch: lekhak -> __sppadmin__
[2026-04-29 11:43:19] Context Switch: lekhak -> __sppadmin__
[2026-04-29 11:43:19] Context Switch: __sppadmin__ -> lekhak
[2026-04-29 11:43:19] Context Switch: lekhak -> __sppadmin__
[2026-04-29 11:43:20] Context Resolved: sppadmin | URI: /school1/sppadmin/api.php?action=get_global_settings&appname=lekhak&csrf_token=051d86eb1ae91a9c8185b806d993b1fc7797593cbb23694f8d699f3e2942ce27&_ts=1777463000339 | Matched Pattern Len: 17
[2026-04-29 11:43:20] Context Switch: sppadmin -> sppadmin
[2026-04-29 11:43:20] Context Switch: sppadmin -> sppadmin
[2026-04-29 11:43:24] Context Switch: sppadmin -> sppadmin
[2026-04-29 11:43:24] Context Switch: sppadmin -> __sppadmin__
[2026-04-29 11:43:24] Context Switch: __sppadmin__ -> __sppadmin__
[2026-04-29 11:47:30] Context Resolved: lekhak | URI: /school1/lekhak | Matched Pattern Len: 15
[2026-04-29 11:47:30] Context Switch: lekhak -> lekhak
[2026-04-29 11:47:30] Context Switch: lekhak -> lekhak
[2026-04-29 11:47:30] Context Switch: lekhak -> lekhak
[2026-04-29 11:52:14] Context Resolved: lekhak | URI: /school1/lekhak | Matched Pattern Len: 15
[2026-04-29 11:52:14] Context Switch: lekhak -> lekhak
[2026-04-29 11:52:14] Context Switch: lekhak -> lekhak
[2026-04-29 11:52:15] Context Switch: lekhak -> lekhak
[2026-04-29 11:52:25] Context Resolved: sppadmin | URI: /school1/sppadmin/ | Matched Pattern Len: 17
[2026-04-29 11:52:25] Context Switch: sppadmin -> sppadmin
[2026-04-29 11:52:25] Context Switch: sppadmin -> sppadmin
[2026-04-29 11:52:26] Context Switch: sppadmin -> sppadmin
[2026-04-29 11:52:37] Context Resolved: sppadmin | URI: /school1/sppadmin/? | Matched Pattern Len: 17
[2026-04-29 11:52:37] Context Switch: sppadmin -> sppadmin
[2026-04-29 11:52:37] Context Switch: sppadmin -> sppadmin
[2026-04-29 11:52:39] Context Switch: sppadmin -> sppadmin
[2026-04-29 11:54:01] Context Resolved: sppadmin | URI: /school1/sppadmin/? | Matched Pattern Len: 17
[2026-04-29 11:54:01] Context Switch: sppadmin -> sppadmin
[2026-04-29 11:54:01] Context Switch: sppadmin -> sppadmin
[2026-04-29 11:54:02] Context Switch: sppadmin -> sppadmin
[2026-04-29 11:54:56] Context Resolved: sppadmin | URI: /school1/sppadmin/ | Matched Pattern Len: 17
[2026-04-29 11:54:56] Context Switch: sppadmin -> sppadmin
[2026-04-29 11:54:56] Context Switch: sppadmin -> sppadmin
[2026-04-29 11:54:57] Context Switch: sppadmin -> sppadmin
[2026-04-29 11:55:34] Context Resolved: sppadmin | URI: /school1/sppadmin/? | Matched Pattern Len: 17
[2026-04-29 11:55:34] Context Switch: sppadmin -> sppadmin
[2026-04-29 11:55:34] Context Switch: sppadmin -> sppadmin
[2026-04-29 11:55:39] Context Switch: sppadmin -> sppadmin
[2026-04-29 11:56:23] Context Resolved: sppadmin | URI: /school1/sppadmin/ | Matched Pattern Len: 17
[2026-04-29 11:56:23] Context Switch: sppadmin -> sppadmin
[2026-04-29 11:56:23] Context Switch: sppadmin -> sppadmin
[2026-04-29 11:56:28] Context Switch: sppadmin -> sppadmin
[2026-04-29 12:04:31] Context Resolved: sppadmin | URI: /school1/sppadmin/? | Matched Pattern Len: 17
[2026-04-29 12:04:31] Context Switch: sppadmin -> sppadmin
[2026-04-29 12:04:31] Context Switch: sppadmin -> sppadmin
[2026-04-29 12:04:32] Context Switch: sppadmin -> sppadmin
[2026-04-29 12:04:32] Context Resolved: sppadmin | URI: /school1/sppadmin/api.php?action=check_auth&appname=lekhak&_ts=1777464272609 | Matched Pattern Len: 17
[2026-04-29 12:04:32] Context Switch: sppadmin -> sppadmin
[2026-04-29 12:04:32] Context Switch: sppadmin -> sppadmin
[2026-04-29 12:04:33] Context Switch: sppadmin -> sppadmin
[2026-04-29 12:04:40] Context Resolved: sppadmin | URI: /school1/sppadmin/api.php | Matched Pattern Len: 17
[2026-04-29 12:04:40] Context Switch: sppadmin -> sppadmin
[2026-04-29 12:04:40] Context Switch: sppadmin -> sppadmin
[2026-04-29 12:04:41] Context Switch: sppadmin -> sppadmin
[2026-04-29 12:04:42] Context Resolved: sppadmin | URI: /school1/sppadmin/api.php?action=list_apps&appname=lekhak&csrf_token=051d86eb1ae91a9c8185b806d993b1fc7797593cbb23694f8d699f3e2942ce27&_ts=1777464282473 | Matched Pattern Len: 17
[2026-04-29 12:04:42] Context Switch: sppadmin -> sppadmin
[2026-04-29 12:04:42] Context Resolved: sppadmin | URI: /school1/sppadmin/api.php?action=get_profile&appname=lekhak&csrf_token=051d86eb1ae91a9c8185b806d993b1fc7797593cbb23694f8d699f3e2942ce27&_ts=1777464282474 | Matched Pattern Len: 17
[2026-04-29 12:04:42] Context Switch: sppadmin -> sppadmin
[2026-04-29 12:04:42] Context Switch: sppadmin -> sppadmin
[2026-04-29 12:04:42] Context Switch: sppadmin -> sppadmin
[2026-04-29 12:04:43] Context Switch: sppadmin -> sppadmin
[2026-04-29 12:04:43] Context Switch: sppadmin -> __sppadmin__
[2026-04-29 12:04:43] Context Switch: __sppadmin__ -> __sppadmin__
[2026-04-29 12:04:44] Context Switch: sppadmin -> sppadmin
[2026-04-29 12:05:00] Context Resolved: sppadmin | URI: /school1/sppadmin/api.php?action=list_entities&appname=lekhak&csrf_token=051d86eb1ae91a9c8185b806d993b1fc7797593cbb23694f8d699f3e2942ce27&_ts=1777464300794 | Matched Pattern Len: 17
[2026-04-29 12:05:00] Context Switch: sppadmin -> sppadmin
[2026-04-29 12:05:00] Context Switch: sppadmin -> sppadmin
[2026-04-29 12:05:01] Context Switch: sppadmin -> sppadmin
[2026-04-29 12:05:02] Context Switch: sppadmin -> __sppadmin__
[2026-04-29 12:05:02] Context Switch: __sppadmin__ -> __sppadmin__
[2026-04-29 12:05:02] Context Switch: __sppadmin__ -> lekhak
[2026-04-29 12:05:02] Context Switch: lekhak -> lekhak
[2026-04-29 12:05:02] Context Switch: lekhak -> __sppadmin__
[2026-04-29 12:05:11] Context Resolved: sppadmin | URI: /school1/sppadmin/api.php?action=list_entities&appname=lekhak&csrf_token=051d86eb1ae91a9c8185b806d993b1fc7797593cbb23694f8d699f3e2942ce27&_ts=1777464311288 | Matched Pattern Len: 17
[2026-04-29 12:05:11] Context Switch: sppadmin -> sppadmin
[2026-04-29 12:05:11] Context Switch: sppadmin -> sppadmin
[2026-04-29 12:05:12] Context Switch: sppadmin -> sppadmin
[2026-04-29 12:05:12] Context Switch: sppadmin -> __sppadmin__
[2026-04-29 12:05:12] Context Switch: __sppadmin__ -> __sppadmin__
[2026-04-29 12:05:12] Context Switch: __sppadmin__ -> lekhak
[2026-04-29 12:05:12] Context Switch: lekhak -> lekhak
[2026-04-29 12:05:13] Context Switch: lekhak -> __sppadmin__
[2026-04-29 12:08:45] Context Resolved: sppadmin | URI: /school1/sppadmin/? | Matched Pattern Len: 17
[2026-04-29 12:08:45] Context Switch: sppadmin -> sppadmin
[2026-04-29 12:08:45] Context Switch: sppadmin -> sppadmin
[2026-04-29 12:08:46] Context Switch: sppadmin -> sppadmin
[2026-04-29 12:08:47] Context Resolved: sppadmin | URI: /school1/sppadmin/api.php?action=check_auth&appname=lekhak&_ts=1777464527319 | Matched Pattern Len: 17
[2026-04-29 12:08:47] Context Switch: sppadmin -> sppadmin
[2026-04-29 12:08:47] Context Switch: sppadmin -> sppadmin
[2026-04-29 12:08:48] Context Switch: sppadmin -> sppadmin
[2026-04-29 12:08:55] Context Resolved: sppadmin | URI: /school1/sppadmin/api.php | Matched Pattern Len: 17
[2026-04-29 12:08:55] Context Switch: sppadmin -> sppadmin
[2026-04-29 12:08:55] Context Switch: sppadmin -> sppadmin
[2026-04-29 12:08:56] Context Switch: sppadmin -> sppadmin
[2026-04-29 12:08:56] Context Resolved: sppadmin | URI: /school1/sppadmin/api.php?action=list_apps&appname=lekhak&csrf_token=051d86eb1ae91a9c8185b806d993b1fc7797593cbb23694f8d699f3e2942ce27&_ts=1777464536724 | Matched Pattern Len: 17
[2026-04-29 12:08:56] Context Switch: sppadmin -> sppadmin
[2026-04-29 12:08:56] Context Switch: sppadmin -> sppadmin
[2026-04-29 12:08:56] Context Resolved: sppadmin | URI: /school1/sppadmin/api.php?action=get_profile&appname=lekhak&csrf_token=051d86eb1ae91a9c8185b806d993b1fc7797593cbb23694f8d699f3e2942ce27&_ts=1777464536725 | Matched Pattern Len: 17
[2026-04-29 12:08:56] Context Switch: sppadmin -> sppadmin
[2026-04-29 12:08:56] Context Switch: sppadmin -> sppadmin
[2026-04-29 12:08:57] Context Switch: sppadmin -> sppadmin
[2026-04-29 12:08:57] Context Switch: sppadmin -> __sppadmin__
[2026-04-29 12:08:57] Context Switch: __sppadmin__ -> __sppadmin__
[2026-04-29 12:08:58] Context Switch: sppadmin -> sppadmin
[2026-04-29 12:11:33] Context Resolved: sppadmin | URI: /school1/sppadmin/? | Matched Pattern Len: 17
[2026-04-29 12:11:33] Context Switch: sppadmin -> sppadmin
[2026-04-29 12:11:33] Context Switch: sppadmin -> sppadmin
[2026-04-29 12:11:35] Context Switch: sppadmin -> sppadmin
[2026-04-29 12:11:36] Context Resolved: sppadmin | URI: /school1/sppadmin/api.php?action=check_auth&appname=lekhak&_ts=1777464696550 | Matched Pattern Len: 17
[2026-04-29 12:11:36] Context Switch: sppadmin -> sppadmin
[2026-04-29 12:11:36] Context Switch: sppadmin -> sppadmin
[2026-04-29 12:11:37] Context Switch: sppadmin -> sppadmin
[2026-04-29 12:11:45] Context Resolved: sppadmin | URI: /school1/sppadmin/api.php | Matched Pattern Len: 17
[2026-04-29 12:11:45] Context Switch: sppadmin -> sppadmin
[2026-04-29 12:11:45] Context Switch: sppadmin -> sppadmin
[2026-04-29 12:11:47] Context Switch: sppadmin -> sppadmin
[2026-04-29 12:11:48] Context Resolved: sppadmin | URI: /school1/sppadmin/api.php?action=get_profile&appname=lekhak&csrf_token=051d86eb1ae91a9c8185b806d993b1fc7797593cbb23694f8d699f3e2942ce27&_ts=1777464708502 | Matched Pattern Len: 17
[2026-04-29 12:11:48] Context Resolved: sppadmin | URI: /school1/sppadmin/api.php?action=list_apps&appname=lekhak&csrf_token=051d86eb1ae91a9c8185b806d993b1fc7797593cbb23694f8d699f3e2942ce27&_ts=1777464708502 | Matched Pattern Len: 17
[2026-04-29 12:11:48] Context Switch: sppadmin -> sppadmin
[2026-04-29 12:11:48] Context Switch: sppadmin -> sppadmin
[2026-04-29 12:11:48] Context Switch: sppadmin -> sppadmin
[2026-04-29 12:11:48] Context Switch: sppadmin -> sppadmin
[2026-04-29 12:11:49] Context Switch: sppadmin -> sppadmin
[2026-04-29 12:11:50] Context Switch: sppadmin -> sppadmin
[2026-04-29 12:11:50] Context Switch: sppadmin -> __sppadmin__
[2026-04-29 12:11:50] Context Switch: __sppadmin__ -> __sppadmin__
[2026-04-29 12:19:21] Context Resolved: sppadmin | URI: /school1/sppadmin/? | Matched Pattern Len: 17
[2026-04-29 12:19:21] Context Switch: sppadmin -> sppadmin
[2026-04-29 12:19:21] Context Switch: sppadmin -> sppadmin
[2026-04-29 12:19:22] Context Switch: sppadmin -> sppadmin
[2026-04-29 12:19:24] Context Resolved: sppadmin | URI: /school1/sppadmin/api.php?action=check_auth&appname=lekhak&_ts=1777465164103 | Matched Pattern Len: 17
[2026-04-29 12:19:24] Context Switch: sppadmin -> sppadmin
[2026-04-29 12:19:24] Context Switch: sppadmin -> sppadmin
[2026-04-29 12:19:25] Context Switch: sppadmin -> sppadmin
[2026-04-29 12:19:36] Context Resolved: sppadmin | URI: /school1/sppadmin/api.php | Matched Pattern Len: 17
[2026-04-29 12:19:36] Context Switch: sppadmin -> sppadmin
[2026-04-29 12:19:36] Context Switch: sppadmin -> sppadmin
[2026-04-29 12:19:37] Context Switch: sppadmin -> sppadmin
[2026-04-29 12:19:38] Context Resolved: sppadmin | URI: /school1/sppadmin/api.php?action=list_apps&appname=lekhak&csrf_token=051d86eb1ae91a9c8185b806d993b1fc7797593cbb23694f8d699f3e2942ce27&_ts=1777465178335 | Matched Pattern Len: 17
[2026-04-29 12:19:38] Context Resolved: sppadmin | URI: /school1/sppadmin/api.php?action=get_profile&appname=lekhak&csrf_token=051d86eb1ae91a9c8185b806d993b1fc7797593cbb23694f8d699f3e2942ce27&_ts=1777465178336 | Matched Pattern Len: 17
[2026-04-29 12:19:38] Context Switch: sppadmin -> sppadmin
[2026-04-29 12:19:38] Context Switch: sppadmin -> sppadmin
[2026-04-29 12:19:38] Context Switch: sppadmin -> sppadmin
[2026-04-29 12:19:38] Context Switch: sppadmin -> sppadmin
[2026-04-29 12:19:39] Context Switch: sppadmin -> sppadmin
[2026-04-29 12:19:39] Context Switch: sppadmin -> sppadmin
[2026-04-29 12:19:39] Context Switch: sppadmin -> __sppadmin__
[2026-04-29 12:19:39] Context Switch: __sppadmin__ -> __sppadmin__
[2026-04-29 12:20:00] Context Resolved: sppadmin | URI: /school1/sppadmin/api.php | Matched Pattern Len: 17
[2026-04-29 12:20:00] Context Switch: sppadmin -> sppadmin
[2026-04-29 12:20:00] Context Switch: sppadmin -> sppadmin
[2026-04-29 12:20:01] Context Switch: sppadmin -> sppadmin
[2026-04-29 12:20:02] Context Switch: sppadmin -> __sppadmin__
[2026-04-29 12:20:02] Context Switch: __sppadmin__ -> __sppadmin__
[2026-04-29 12:20:02] Context Switch: __sppadmin__ -> lekhak
[2026-04-29 12:20:02] Context Switch: lekhak -> lekhak
[2026-04-29 12:20:11] Context Resolved: sppadmin | URI: /school1/sppadmin/api.php | Matched Pattern Len: 17
[2026-04-29 12:20:11] Context Switch: sppadmin -> sppadmin
[2026-04-29 12:20:11] Context Switch: sppadmin -> sppadmin
[2026-04-29 12:20:12] Context Switch: sppadmin -> sppadmin
[2026-04-29 12:20:12] Context Switch: sppadmin -> __sppadmin__
[2026-04-29 12:20:12] Context Switch: __sppadmin__ -> __sppadmin__
[2026-04-29 12:20:12] Context Switch: __sppadmin__ -> lekhak
[2026-04-29 12:20:12] Context Switch: lekhak -> lekhak
[2026-04-29 12:20:53] Context Resolved: sppadmin | URI: /school1/sppadmin/api.php | Matched Pattern Len: 17
[2026-04-29 12:20:53] Context Switch: sppadmin -> sppadmin
[2026-04-29 12:20:53] Context Switch: sppadmin -> sppadmin
[2026-04-29 12:20:55] Context Switch: sppadmin -> sppadmin
[2026-04-29 12:20:56] Context Switch: sppadmin -> __sppadmin__
[2026-04-29 12:20:56] Context Switch: __sppadmin__ -> __sppadmin__
[2026-04-29 12:20:56] Context Switch: __sppadmin__ -> lekhak
[2026-04-29 12:20:56] Context Switch: lekhak -> lekhak
[2026-04-29 12:21:03] Context Resolved: sppadmin | URI: /school1/sppadmin/api.php | Matched Pattern Len: 17
[2026-04-29 12:21:03] Context Switch: sppadmin -> sppadmin
[2026-04-29 12:21:03] Context Switch: sppadmin -> sppadmin
[2026-04-29 12:21:04] Context Switch: sppadmin -> sppadmin
[2026-04-29 12:21:04] Context Switch: sppadmin -> __sppadmin__
[2026-04-29 12:21:04] Context Switch: __sppadmin__ -> __sppadmin__
[2026-04-29 12:21:04] Context Switch: __sppadmin__ -> lekhak
[2026-04-29 12:21:04] Context Switch: lekhak -> lekhak
[2026-04-29 12:21:11] Context Resolved: sppadmin | URI: /school1/sppadmin/api.php | Matched Pattern Len: 17
[2026-04-29 12:21:11] Context Switch: sppadmin -> sppadmin
[2026-04-29 12:21:11] Context Switch: sppadmin -> sppadmin
[2026-04-29 12:21:12] Context Switch: sppadmin -> sppadmin
[2026-04-29 12:21:13] Context Switch: sppadmin -> __sppadmin__
[2026-04-29 12:21:13] Context Switch: __sppadmin__ -> __sppadmin__
[2026-04-29 12:21:13] Context Switch: __sppadmin__ -> lekhak
[2026-04-29 12:21:13] Context Switch: lekhak -> lekhak
[2026-04-29 14:22:14] Context Resolved: default | URI: / | Matched Pattern Len: 1
[2026-04-29 14:22:14] Context Switch: default -> default
[2026-04-29 14:22:14] Context Switch: default -> default
[2026-04-29 14:22:14] Context Switch: default -> default
[2026-04-29 14:25:58] Context Resolved: default | URI: / | Matched Pattern Len: 1
[2026-04-29 14:25:58] Context Switch: default -> default
[2026-04-29 14:25:58] Context Switch: default -> default
[2026-04-29 14:25:58] Context Switch: default -> default
[2026-04-29 14:26:07] Context Resolved: default | URI: / | Matched Pattern Len: 1
[2026-04-29 14:26:07] Context Switch: default -> default
[2026-04-29 14:26:07] Context Switch: default -> default
[2026-04-29 14:26:07] Context Switch: default -> default
[2026-04-29 14:26:23] Context Resolved: default | URI: / | Matched Pattern Len: 1
[2026-04-29 14:26:23] Context Switch: default -> default
[2026-04-29 14:26:23] Context Switch: default -> default
[2026-04-29 14:26:23] Context Switch: default -> default
[2026-04-29 14:26:44] Context Resolved: default | URI: / | Matched Pattern Len: 1
[2026-04-29 14:26:44] Context Switch: default -> default
[2026-04-29 14:26:44] Context Switch: default -> default
[2026-04-29 14:26:44] Context Switch: default -> default
[2026-04-29 14:26:45] Context Switch: default -> lekhak
[2026-04-29 14:26:45] Context Switch: lekhak -> lekhak
[2026-04-29 14:27:18] Context Resolved: default | URI: / | Matched Pattern Len: 1
[2026-04-29 14:27:18] Context Switch: default -> default
[2026-04-29 14:27:18] Context Switch: default -> default
[2026-04-29 14:27:18] Context Switch: default -> default
[2026-04-29 14:27:19] Context Switch: default -> lekhak
[2026-04-29 14:27:19] Context Switch: lekhak -> lekhak
[2026-04-29 14:27:35] Context Resolved: default | URI: / | Matched Pattern Len: 1
[2026-04-29 14:27:35] Context Switch: default -> default
[2026-04-29 14:27:35] Context Switch: default -> default
[2026-04-29 14:27:35] Context Switch: default -> default
[2026-04-29 14:27:36] Context Switch: default -> lekhak
[2026-04-29 14:27:36] Context Switch: lekhak -> lekhak
[2026-04-29 14:27:58] Context Resolved: default | URI: / | Matched Pattern Len: 1
[2026-04-29 14:27:58] Context Switch: default -> default
[2026-04-29 14:27:58] Context Switch: default -> default
[2026-04-29 14:27:58] Context Switch: default -> default
[2026-04-29 14:27:59] Context Switch: default -> lekhak
[2026-04-29 14:27:59] Context Switch: lekhak -> lekhak
[2026-04-29 14:28:16] Context Resolved: default | URI: / | Matched Pattern Len: 1
[2026-04-29 14:28:16] Context Switch: default -> default
[2026-04-29 14:28:16] Context Switch: default -> default
[2026-04-29 14:28:16] Context Switch: default -> default
[2026-04-29 14:28:17] Context Switch: default -> lekhak
[2026-04-29 14:28:17] Context Switch: lekhak -> lekhak
[2026-04-29 14:28:54] Context Resolved: default | URI: / | Matched Pattern Len: 1
[2026-04-29 14:28:54] Context Switch: default -> default
[2026-04-29 14:28:54] Context Switch: default -> default
[2026-04-29 14:28:54] Context Switch: default -> default
[2026-04-29 14:28:56] Context Switch: default -> lekhak
[2026-04-29 14:28:56] Context Switch: lekhak -> lekhak
[2026-04-29 14:29:10] Context Resolved: default | URI: / | Matched Pattern Len: 1
[2026-04-29 14:29:10] Context Switch: default -> default
[2026-04-29 14:29:10] Context Switch: default -> default
[2026-04-29 14:29:10] Context Switch: default -> default
[2026-04-29 14:29:11] Context Switch: default -> lekhak
[2026-04-29 14:29:11] Context Switch: lekhak -> lekhak
[2026-04-29 14:29:39] Context Resolved: default | URI: / | Matched Pattern Len: 1
[2026-04-29 14:29:39] Context Switch: default -> default
[2026-04-29 14:29:39] Context Switch: default -> default
[2026-04-29 14:29:39] Context Switch: default -> default
[2026-04-29 14:29:40] Context Switch: default -> lekhak
[2026-04-29 14:29:40] Context Switch: lekhak -> lekhak
[2026-04-29 14:29:58] Context Resolved: default | URI: / | Matched Pattern Len: 1
[2026-04-29 14:29:58] Context Switch: default -> default
[2026-04-29 14:29:58] Context Switch: default -> default
[2026-04-29 14:29:59] Context Switch: default -> default
[2026-04-29 14:30:00] Context Switch: default -> lekhak
[2026-04-29 14:30:00] Context Switch: lekhak -> lekhak
[2026-04-29 14:30:09] Context Resolved: default | URI: / | Matched Pattern Len: 1
[2026-04-29 14:30:09] Context Switch: default -> default
[2026-04-29 14:30:09] Context Switch: default -> default
[2026-04-29 14:30:09] Context Switch: default -> default
[2026-04-29 14:30:10] Context Switch: default -> lekhak
[2026-04-29 14:30:10] Context Switch: lekhak -> lekhak
[2026-04-29 12:44:28] Context Resolved: sppadmin | URI: /school1/sppadmin/api.php | Matched Pattern Len: 17
[2026-04-29 12:44:28] Context Switch: sppadmin -> sppadmin
[2026-04-29 12:44:28] Context Switch: sppadmin -> sppadmin
[2026-04-29 12:44:29] Context Switch: sppadmin -> sppadmin
[2026-04-29 12:44:30] Context Switch: sppadmin -> __sppadmin__
[2026-04-29 12:44:30] Context Switch: __sppadmin__ -> __sppadmin__
[2026-04-29 12:44:30] Context Switch: __sppadmin__ -> lekhak
[2026-04-29 12:44:30] Context Switch: lekhak -> lekhak
[2026-04-29 12:44:37] Context Resolved: sppadmin | URI: /school1/sppadmin/? | Matched Pattern Len: 17
[2026-04-29 12:44:37] Context Switch: sppadmin -> sppadmin
[2026-04-29 12:44:37] Context Switch: sppadmin -> sppadmin
[2026-04-29 12:44:39] Context Switch: sppadmin -> sppadmin
[2026-04-29 12:44:40] Context Resolved: sppadmin | URI: /school1/sppadmin/api.php?action=check_auth&appname=lekhak&_ts=1777466680230 | Matched Pattern Len: 17
[2026-04-29 12:44:40] Context Switch: sppadmin -> sppadmin
[2026-04-29 12:44:40] Context Switch: sppadmin -> sppadmin
[2026-04-29 12:44:45] Context Switch: sppadmin -> sppadmin
[2026-04-29 12:44:53] Context Resolved: sppadmin | URI: /school1/sppadmin/api.php | Matched Pattern Len: 17
[2026-04-29 12:44:53] Context Switch: sppadmin -> sppadmin
[2026-04-29 12:44:53] Context Switch: sppadmin -> sppadmin
[2026-04-29 12:44:55] Context Switch: sppadmin -> sppadmin
[2026-04-29 12:44:56] Context Resolved: sppadmin | URI: /school1/sppadmin/api.php?action=list_apps&appname=lekhak&csrf_token=051d86eb1ae91a9c8185b806d993b1fc7797593cbb23694f8d699f3e2942ce27&_ts=1777466696129 | Matched Pattern Len: 17
[2026-04-29 12:44:56] Context Resolved: sppadmin | URI: /school1/sppadmin/api.php?action=get_profile&appname=lekhak&csrf_token=051d86eb1ae91a9c8185b806d993b1fc7797593cbb23694f8d699f3e2942ce27&_ts=1777466696131 | Matched Pattern Len: 17
[2026-04-29 12:44:56] Context Switch: sppadmin -> sppadmin
[2026-04-29 12:44:56] Context Switch: sppadmin -> sppadmin
[2026-04-29 12:44:56] Context Switch: sppadmin -> sppadmin
[2026-04-29 12:44:56] Context Switch: sppadmin -> sppadmin
[2026-04-29 12:44:57] Context Switch: sppadmin -> sppadmin
[2026-04-29 12:44:57] Context Switch: sppadmin -> sppadmin
[2026-04-29 12:44:57] Context Switch: sppadmin -> __sppadmin__
[2026-04-29 12:44:57] Context Switch: __sppadmin__ -> __sppadmin__
[2026-04-29 12:45:56] Context Resolved: sppadmin | URI: /school1/sppadmin/api.php | Matched Pattern Len: 17
[2026-04-29 12:45:56] Context Switch: sppadmin -> sppadmin
[2026-04-29 12:45:56] Context Switch: sppadmin -> sppadmin
[2026-04-29 12:45:57] Context Switch: sppadmin -> sppadmin
[2026-04-29 12:45:58] Context Switch: sppadmin -> __sppadmin__
[2026-04-29 12:45:58] Context Switch: __sppadmin__ -> __sppadmin__
[2026-04-29 12:45:58] Context Switch: __sppadmin__ -> lekhak
[2026-04-29 12:45:58] Context Switch: lekhak -> lekhak
[2026-04-29 12:46:04] Context Resolved: sppadmin | URI: /school1/sppadmin/api.php | Matched Pattern Len: 17
[2026-04-29 12:46:04] Context Switch: sppadmin -> sppadmin
[2026-04-29 12:46:04] Context Switch: sppadmin -> sppadmin
[2026-04-29 12:46:05] Context Switch: sppadmin -> sppadmin
[2026-04-29 12:46:06] Context Switch: sppadmin -> __sppadmin__
[2026-04-29 12:46:06] Context Switch: __sppadmin__ -> __sppadmin__
[2026-04-29 12:46:06] Context Switch: __sppadmin__ -> lekhak
[2026-04-29 12:46:06] Context Switch: lekhak -> lekhak
[2026-04-29 12:46:14] Context Resolved: sppadmin | URI: /school1/sppadmin/api.php | Matched Pattern Len: 17
[2026-04-29 12:46:14] Context Switch: sppadmin -> sppadmin
[2026-04-29 12:46:14] Context Switch: sppadmin -> sppadmin
[2026-04-29 12:46:16] Context Switch: sppadmin -> sppadmin
[2026-04-29 12:46:16] Context Switch: sppadmin -> __sppadmin__
[2026-04-29 12:46:16] Context Switch: __sppadmin__ -> __sppadmin__
[2026-04-29 12:46:16] Context Switch: __sppadmin__ -> lekhak
[2026-04-29 12:46:16] Context Switch: lekhak -> lekhak
[2026-04-29 14:51:47] Context Resolved: default | URI: / | Matched Pattern Len: 1
[2026-04-29 14:51:47] Context Switch: default -> default
[2026-04-29 14:51:47] Context Switch: default -> default
[2026-04-29 14:51:47] Context Switch: default -> default
[2026-04-29 14:51:48] Context Switch: default -> lekhak
[2026-04-29 14:51:48] Context Switch: lekhak -> lekhak
[2026-04-29 14:51:50] Context Switch: lekhak -> default
[2026-04-29 14:51:57] Context Resolved: default | URI: / | Matched Pattern Len: 1
[2026-04-29 14:51:57] Context Switch: default -> default
[2026-04-29 14:51:57] Context Switch: default -> default
[2026-04-29 14:51:57] Context Switch: default -> default
[2026-04-29 14:51:59] Context Switch: default -> lekhak
[2026-04-29 14:51:59] Context Switch: lekhak -> lekhak
[2026-04-29 14:52:06] Context Resolved: default | URI: / | Matched Pattern Len: 1
[2026-04-29 14:52:06] Context Switch: default -> default
[2026-04-29 14:52:06] Context Switch: default -> default
[2026-04-29 14:52:06] Context Switch: default -> default
[2026-04-29 14:52:07] Context Switch: default -> lekhak
[2026-04-29 14:52:07] Context Switch: lekhak -> lekhak
[2026-04-29 14:52:23] Context Resolved: default | URI: / | Matched Pattern Len: 1
[2026-04-29 14:52:23] Context Switch: default -> default
[2026-04-29 14:52:23] Context Switch: default -> default
[2026-04-29 14:52:23] Context Switch: default -> default
[2026-04-29 14:52:24] Context Switch: default -> lekhak
[2026-04-29 14:52:24] Context Switch: lekhak -> lekhak
[2026-04-29 14:52:33] Context Resolved: default | URI: / | Matched Pattern Len: 1
[2026-04-29 14:52:33] Context Switch: default -> default
[2026-04-29 14:52:33] Context Switch: default -> default
[2026-04-29 14:52:33] Context Switch: default -> default
[2026-04-29 14:52:34] Context Switch: default -> lekhak
[2026-04-29 14:52:34] Context Switch: lekhak -> lekhak
[2026-04-29 14:52:50] Context Resolved: default | URI: / | Matched Pattern Len: 1
[2026-04-29 14:52:50] Context Switch: default -> default
[2026-04-29 14:52:50] Context Switch: default -> default
[2026-04-29 14:52:50] Context Switch: default -> default
[2026-04-29 14:52:52] Context Switch: default -> lekhak
[2026-04-29 14:52:52] Context Switch: lekhak -> lekhak
[2026-04-29 14:52:59] Context Resolved: default | URI: / | Matched Pattern Len: 1
[2026-04-29 14:52:59] Context Switch: default -> default
[2026-04-29 14:52:59] Context Switch: default -> default
[2026-04-29 14:52:59] Context Switch: default -> default
[2026-04-29 14:53:01] Context Switch: default -> lekhak
[2026-04-29 14:53:01] Context Switch: lekhak -> lekhak
[2026-04-29 14:53:21] Context Resolved: default | URI: / | Matched Pattern Len: 1
[2026-04-29 14:53:21] Context Switch: default -> default
[2026-04-29 14:53:21] Context Switch: default -> default
[2026-04-29 14:53:21] Context Switch: default -> default
[2026-04-29 14:53:23] Context Switch: default -> lekhak
[2026-04-29 14:53:23] Context Switch: lekhak -> lekhak
[2026-04-29 13:08:57] Context Resolved: sppadmin | URI: /school1/sppadmin/api.php | Matched Pattern Len: 17
[2026-04-29 13:08:57] Context Switch: sppadmin -> sppadmin
[2026-04-29 13:08:57] Context Switch: sppadmin -> sppadmin
[2026-04-29 13:08:58] Context Switch: sppadmin -> default
[2026-04-29 13:08:58] Context Switch: default -> default
[2026-04-29 13:08:59] Context Switch: default -> default
[2026-04-29 13:09:01] Context Switch: default -> sppadmin
[2026-04-29 13:09:01] Context Switch: sppadmin -> __sppadmin__
[2026-04-29 13:09:01] Context Switch: __sppadmin__ -> __sppadmin__
[2026-04-29 13:09:01] Context Switch: __sppadmin__ -> lekhak
[2026-04-29 13:09:01] Context Switch: lekhak -> lekhak
[2026-04-29 13:09:08] Context Resolved: sppadmin | URI: /school1/sppadmin/? | Matched Pattern Len: 17
[2026-04-29 13:09:08] Context Switch: sppadmin -> sppadmin
[2026-04-29 13:09:08] Context Switch: sppadmin -> sppadmin
[2026-04-29 13:09:08] Context Switch: sppadmin -> default
[2026-04-29 13:09:08] Context Switch: default -> default
[2026-04-29 13:09:09] Context Switch: default -> default
[2026-04-29 13:09:11] Context Switch: default -> sppadmin
[2026-04-29 13:09:12] Context Resolved: sppadmin | URI: /school1/sppadmin/api.php?action=check_auth&appname=lekhak&_ts=1777468152115 | Matched Pattern Len: 17
[2026-04-29 13:09:12] Context Switch: sppadmin -> sppadmin
[2026-04-29 13:09:12] Context Switch: sppadmin -> sppadmin
[2026-04-29 13:09:12] Context Switch: sppadmin -> default
[2026-04-29 13:09:12] Context Switch: default -> default
[2026-04-29 13:09:14] Context Switch: default -> default
[2026-04-29 13:09:15] Context Switch: default -> sppadmin
[2026-04-29 13:09:22] Context Resolved: sppadmin | URI: /school1/sppadmin/api.php | Matched Pattern Len: 17
[2026-04-29 13:09:22] Context Switch: sppadmin -> sppadmin
[2026-04-29 13:09:22] Context Switch: sppadmin -> sppadmin
[2026-04-29 13:09:23] Context Switch: sppadmin -> default
[2026-04-29 13:09:23] Context Switch: default -> default
[2026-04-29 13:09:24] Context Switch: default -> default
[2026-04-29 13:09:26] Context Switch: default -> sppadmin
[2026-04-29 13:09:27] Context Resolved: sppadmin | URI: /school1/sppadmin/api.php?action=get_profile&appname=lekhak&csrf_token=051d86eb1ae91a9c8185b806d993b1fc7797593cbb23694f8d699f3e2942ce27&_ts=1777468167146 | Matched Pattern Len: 17
[2026-04-29 13:09:27] Context Resolved: sppadmin | URI: /school1/sppadmin/api.php?action=list_apps&appname=lekhak&csrf_token=051d86eb1ae91a9c8185b806d993b1fc7797593cbb23694f8d699f3e2942ce27&_ts=1777468167145 | Matched Pattern Len: 17
[2026-04-29 13:09:27] Context Switch: sppadmin -> sppadmin
[2026-04-29 13:09:27] Context Switch: sppadmin -> sppadmin
[2026-04-29 13:09:27] Context Switch: sppadmin -> sppadmin
[2026-04-29 13:09:27] Context Switch: sppadmin -> sppadmin
[2026-04-29 13:09:27] Context Switch: sppadmin -> default
[2026-04-29 13:09:27] Context Switch: sppadmin -> default
[2026-04-29 13:09:27] Context Switch: default -> default
[2026-04-29 13:09:27] Context Switch: default -> default
[2026-04-29 13:09:28] Context Switch: default -> default
[2026-04-29 13:09:28] Context Switch: default -> default
[2026-04-29 13:09:29] Context Switch: default -> sppadmin
[2026-04-29 13:09:29] Context Switch: default -> sppadmin
[2026-04-29 13:09:29] Context Switch: sppadmin -> __sppadmin__
[2026-04-29 13:09:29] Context Switch: __sppadmin__ -> __sppadmin__
[2026-04-29 13:18:06] Context Resolved: lekhak | URI: /school1/lekhak | Matched Pattern Len: 15
[2026-04-29 13:18:06] Context Switch: lekhak -> lekhak
[2026-04-29 13:18:06] Context Switch: lekhak -> lekhak
[2026-04-29 13:18:06] Context Switch: lekhak -> default
[2026-04-29 13:18:06] Context Switch: default -> default
[2026-04-29 13:18:07] Context Switch: default -> default
[2026-04-29 13:18:07] Context Switch: default -> lekhak
[2026-04-29 13:18:19] Context Resolved: lekhak | URI: /school1/lekhak/admin | Matched Pattern Len: 15
[2026-04-29 13:18:19] Context Switch: lekhak -> lekhak
[2026-04-29 13:18:19] Context Switch: lekhak -> lekhak
[2026-04-29 13:18:19] Context Switch: lekhak -> default
[2026-04-29 13:18:19] Context Switch: default -> default
[2026-04-29 13:18:21] Context Switch: default -> default
[2026-04-29 13:18:21] Context Switch: default -> lekhak
[2026-04-29 13:18:22] Context Resolved: lekhak | URI: /school1/lekhak/resources/admin/js/admin.js | Matched Pattern Len: 15
[2026-04-29 13:18:22] Context Switch: lekhak -> lekhak
[2026-04-29 13:18:22] Context Switch: lekhak -> lekhak
[2026-04-29 13:18:23] Context Switch: lekhak -> default
[2026-04-29 13:18:23] Context Switch: default -> default
[2026-04-29 13:18:24] Context Switch: default -> default
[2026-04-29 13:18:25] Context Switch: default -> lekhak
[2026-04-29 13:18:26] Context Resolved: default | URI: /school1/resources/admin-api.php?action=get_view&view=lekhak | Matched Pattern Len: 8
[2026-04-29 13:18:26] Context Switch: default -> default
[2026-04-29 13:18:26] Context Switch: default -> default
[2026-04-29 13:18:28] Context Switch: default -> default
[2026-04-29 13:18:49] Context Resolved: default | URI: /school1/resources/admin-api.php?action=get_view&view=content | Matched Pattern Len: 8
[2026-04-29 13:18:49] Context Switch: default -> default
[2026-04-29 13:18:49] Context Switch: default -> default
[2026-04-29 13:18:51] Context Switch: default -> default
[2026-04-29 13:18:58] Context Resolved: default | URI: /school1/resources/admin-api.php?action=get_view&view=canvas | Matched Pattern Len: 8
[2026-04-29 13:18:58] Context Switch: default -> default
[2026-04-29 13:18:58] Context Switch: default -> default
[2026-04-29 13:19:01] Context Switch: default -> default
[2026-04-29 13:19:05] Context Resolved: default | URI: /school1/resources/admin-api.php?action=get_view&view=translations | Matched Pattern Len: 8
[2026-04-29 13:19:05] Context Switch: default -> default
[2026-04-29 13:19:05] Context Switch: default -> default
[2026-04-29 13:19:07] Context Switch: default -> default
[2026-04-29 13:19:11] Context Resolved: default | URI: /school1/resources/admin-api.php?action=get_view&view=commerce | Matched Pattern Len: 8
[2026-04-29 13:19:11] Context Switch: default -> default
[2026-04-29 13:19:11] Context Switch: default -> default
[2026-04-29 13:19:14] Context Switch: default -> default
[2026-04-29 13:19:17] Context Resolved: default | URI: /school1/resources/admin-api.php?action=get_view&view=dashboard | Matched Pattern Len: 8
[2026-04-29 13:19:17] Context Switch: default -> default
[2026-04-29 13:19:17] Context Switch: default -> default
[2026-04-29 13:19:20] Context Switch: default -> default
[2026-04-29 13:19:23] Context Resolved: lekhak | URI: /school1/lekhak/resources/admin/js/editor.js | Matched Pattern Len: 15
[2026-04-29 13:19:23] Context Switch: lekhak -> lekhak
[2026-04-29 13:19:23] Context Switch: lekhak -> lekhak
[2026-04-29 13:19:24] Context Switch: lekhak -> default
[2026-04-29 13:19:24] Context Switch: default -> default
[2026-04-29 13:19:26] Context Switch: default -> default
[2026-04-29 13:19:27] Context Switch: default -> lekhak
[2026-04-29 15:19:44] Context Resolved: default | URI: / | Matched Pattern Len: 1
[2026-04-29 15:19:44] Context Switch: default -> default
[2026-04-29 15:19:44] Context Switch: default -> default
[2026-04-29 15:19:44] Context Switch: default -> default
[2026-04-29 15:19:46] Context Switch: default -> lekhak
[2026-04-29 15:19:46] Context Switch: lekhak -> lekhak
[2026-04-29 15:19:46] Context Switch: lekhak -> lekhak
[2026-04-29 15:19:46] Context Switch: lekhak -> lekhak
[2026-04-29 15:20:31] Context Resolved: default | URI: / | Matched Pattern Len: 1
[2026-04-29 15:20:31] Context Switch: default -> default
[2026-04-29 15:20:31] Context Switch: default -> default
[2026-04-29 15:20:31] Context Switch: default -> default
[2026-04-29 15:20:32] Context Switch: default -> lekhak
[2026-04-29 15:20:32] Context Switch: lekhak -> lekhak
[2026-04-29 15:20:32] Context Switch: lekhak -> lekhak
[2026-04-29 15:20:32] Context Switch: lekhak -> lekhak
[2026-04-29 15:20:55] Context Resolved: default | URI: / | Matched Pattern Len: 1
[2026-04-29 15:20:55] Context Switch: default -> default
[2026-04-29 15:20:55] Context Switch: default -> default
[2026-04-29 15:20:55] Context Switch: default -> default
[2026-04-29 15:20:56] Context Switch: default -> lekhak
[2026-04-29 15:20:56] Context Switch: lekhak -> lekhak
[2026-04-29 15:20:56] Context Switch: lekhak -> lekhak
[2026-04-29 15:20:56] Context Switch: lekhak -> lekhak
[2026-04-29 15:21:03] Context Resolved: default | URI: / | Matched Pattern Len: 1
[2026-04-29 15:21:04] Context Switch: default -> default
[2026-04-29 15:21:04] Context Switch: default -> default
[2026-04-29 15:21:04] Context Switch: default -> default
[2026-04-29 15:21:05] Context Switch: default -> lekhak
[2026-04-29 15:21:05] Context Switch: lekhak -> lekhak
[2026-04-29 15:21:05] Context Switch: lekhak -> lekhak
[2026-04-29 15:21:05] Context Switch: lekhak -> lekhak
[2026-04-29 15:21:26] Context Resolved: default | URI: / | Matched Pattern Len: 1
[2026-04-29 15:21:26] Context Switch: default -> default
[2026-04-29 15:21:26] Context Switch: default -> default
[2026-04-29 15:21:26] Context Switch: default -> default
[2026-04-29 15:21:27] Context Switch: default -> lekhak
[2026-04-29 15:21:27] Context Switch: lekhak -> lekhak
[2026-04-29 15:21:27] Context Switch: lekhak -> lekhak
[2026-04-29 15:21:27] Context Switch: lekhak -> lekhak
[2026-04-29 15:21:49] Context Resolved: default | URI: / | Matched Pattern Len: 1
[2026-04-29 15:21:49] Context Switch: default -> default
[2026-04-29 15:21:49] Context Switch: default -> default
[2026-04-29 15:21:49] Context Switch: default -> default
[2026-04-29 15:21:50] Context Switch: default -> lekhak
[2026-04-29 15:21:50] Context Switch: lekhak -> lekhak
[2026-04-29 15:21:50] Context Switch: lekhak -> lekhak
[2026-04-29 15:21:50] Context Switch: lekhak -> lekhak
[2026-04-29 15:22:15] Context Resolved: default | URI: / | Matched Pattern Len: 1
[2026-04-29 15:22:15] Context Switch: default -> default
[2026-04-29 15:22:15] Context Switch: default -> default
[2026-04-29 15:22:15] Context Switch: default -> default
[2026-04-29 15:22:16] Context Switch: default -> lekhak
[2026-04-29 15:22:16] Context Switch: lekhak -> lekhak
[2026-04-29 15:22:16] Context Switch: lekhak -> lekhak
[2026-04-29 13:22:20] Context Resolved: lekhak | URI: /school1/lekhak/admin | Matched Pattern Len: 15
[2026-04-29 13:22:20] Context Switch: lekhak -> lekhak
[2026-04-29 13:22:20] Context Switch: lekhak -> lekhak
[2026-04-29 13:22:21] Context Switch: lekhak -> default
[2026-04-29 13:22:21] Context Switch: default -> default
[2026-04-29 13:22:22] Context Switch: default -> default
[2026-04-29 13:22:23] Context Switch: default -> lekhak
[2026-04-29 13:22:32] Context Resolved: lekhak | URI: /school1/lekhak/ | Matched Pattern Len: 15
[2026-04-29 15:22:44] Context Resolved: default | URI: / | Matched Pattern Len: 1
[2026-04-29 15:22:44] Context Switch: default -> default
[2026-04-29 15:22:44] Context Switch: default -> default
[2026-04-29 15:22:44] Context Switch: default -> default
[2026-04-29 15:22:46] Context Switch: default -> lekhak
[2026-04-29 15:22:46] Context Switch: lekhak -> lekhak
[2026-04-29 15:22:46] Context Switch: lekhak -> lekhak
[2026-04-29 15:22:46] Context Switch: lekhak -> lekhak
[2026-04-29 15:23:07] Context Resolved: default | URI: / | Matched Pattern Len: 1
[2026-04-29 15:23:07] Context Switch: default -> default
[2026-04-29 15:23:07] Context Switch: default -> default
[2026-04-29 15:23:07] Context Switch: default -> default
[2026-04-29 15:23:08] Context Switch: default -> lekhak
[2026-04-29 15:23:08] Context Switch: lekhak -> lekhak
[2026-04-29 15:23:24] Context Resolved: default | URI: / | Matched Pattern Len: 1
[2026-04-29 15:23:24] Context Switch: default -> default
[2026-04-29 15:23:24] Context Switch: default -> default
[2026-04-29 15:23:24] Context Switch: default -> default
[2026-04-29 15:23:25] Context Switch: default -> lekhak
[2026-04-29 15:23:25] Context Switch: lekhak -> lekhak
[2026-04-29 15:23:25] Context Switch: lekhak -> lekhak
[2026-04-29 15:23:25] Context Switch: lekhak -> lekhak
[2026-04-29 15:23:42] Context Resolved: default | URI: / | Matched Pattern Len: 1
[2026-04-29 15:23:42] Context Switch: default -> default
[2026-04-29 15:23:42] Context Switch: default -> default
[2026-04-29 15:23:42] Context Switch: default -> default
[2026-04-29 15:23:44] Context Switch: default -> lekhak
[2026-04-29 15:23:44] Context Switch: lekhak -> lekhak
[2026-04-29 15:23:44] Context Switch: lekhak -> lekhak
[2026-04-29 15:23:44] Context Switch: lekhak -> lekhak
[2026-04-29 15:24:03] Context Resolved: default | URI: / | Matched Pattern Len: 1
[2026-04-29 15:24:03] Context Switch: default -> default
[2026-04-29 15:24:03] Context Switch: default -> default
[2026-04-29 15:24:03] Context Switch: default -> default
[2026-04-29 15:24:04] Context Switch: default -> lekhak
[2026-04-29 15:24:04] Context Switch: lekhak -> lekhak
[2026-04-29 15:24:04] Context Switch: lekhak -> lekhak
[2026-04-29 15:24:04] Context Switch: lekhak -> lekhak
[2026-04-29 15:24:22] Context Resolved: default | URI: / | Matched Pattern Len: 1
[2026-04-29 15:24:22] Context Switch: default -> default
[2026-04-29 15:24:22] Context Switch: default -> default
[2026-04-29 15:24:22] Context Switch: default -> default
[2026-04-29 15:24:24] Context Switch: default -> lekhak
[2026-04-29 15:24:24] Context Switch: lekhak -> lekhak
[2026-04-29 15:24:24] Context Switch: lekhak -> lekhak
[2026-04-29 15:24:45] Context Resolved: default | URI: / | Matched Pattern Len: 1
[2026-04-29 15:24:45] Context Switch: default -> default
[2026-04-29 15:24:45] Context Switch: default -> default
[2026-04-29 15:24:45] Context Switch: default -> default
[2026-04-29 15:24:47] Context Switch: default -> lekhak
[2026-04-29 15:24:47] Context Switch: lekhak -> lekhak
[2026-04-29 15:24:47] Context Switch: lekhak -> lekhak
[2026-04-29 15:24:47] Context Switch: lekhak -> lekhak
[2026-04-29 15:25:16] Context Resolved: default | URI: / | Matched Pattern Len: 1
[2026-04-29 15:25:16] Context Switch: default -> default
[2026-04-29 15:25:16] Context Switch: default -> default
[2026-04-29 15:25:16] Context Switch: default -> default
[2026-04-29 15:25:18] Context Switch: default -> lekhak
[2026-04-29 15:25:18] Context Switch: lekhak -> lekhak
[2026-04-29 15:25:18] Context Switch: lekhak -> lekhak
[2026-04-29 15:25:18] Context Switch: lekhak -> lekhak
[2026-04-29 15:25:49] Context Resolved: default | URI: / | Matched Pattern Len: 1
[2026-04-29 15:25:50] Context Switch: default -> default
[2026-04-29 15:25:50] Context Switch: default -> default
[2026-04-29 15:25:50] Context Switch: default -> default
[2026-04-29 15:25:51] Context Switch: default -> lekhak
[2026-04-29 15:25:51] Context Switch: lekhak -> lekhak
[2026-04-29 15:25:51] Context Switch: lekhak -> lekhak
[2026-04-29 15:25:51] Context Switch: lekhak -> lekhak
[2026-04-29 15:26:16] Context Resolved: default | URI: / | Matched Pattern Len: 1
[2026-04-29 15:26:16] Context Switch: default -> default
[2026-04-29 15:26:16] Context Switch: default -> default
[2026-04-29 15:26:16] Context Switch: default -> default
[2026-04-29 15:26:17] Context Switch: default -> lekhak
[2026-04-29 15:26:17] Context Switch: lekhak -> lekhak
[2026-04-29 15:26:17] Context Switch: lekhak -> lekhak
[2026-04-29 15:26:17] Context Switch: lekhak -> lekhak
[2026-04-29 15:26:42] Context Resolved: default | URI: / | Matched Pattern Len: 1
[2026-04-29 15:26:42] Context Switch: default -> default
[2026-04-29 15:26:42] Context Switch: default -> default
[2026-04-29 15:26:42] Context Switch: default -> default
[2026-04-29 15:26:43] Context Switch: default -> lekhak
[2026-04-29 15:26:43] Context Switch: lekhak -> lekhak
[2026-04-29 15:26:43] Context Switch: lekhak -> lekhak
[2026-04-29 15:26:43] Context Switch: lekhak -> lekhak
[2026-04-29 15:27:04] Context Resolved: default | URI: / | Matched Pattern Len: 1
[2026-04-29 15:27:04] Context Switch: default -> default
[2026-04-29 15:27:04] Context Switch: default -> default
[2026-04-29 15:27:04] Context Switch: default -> default
[2026-04-29 15:27:06] Context Switch: default -> lekhak
[2026-04-29 15:27:06] Context Switch: lekhak -> lekhak
[2026-04-29 15:27:06] Context Switch: lekhak -> lekhak
[2026-04-29 15:27:06] Context Switch: lekhak -> lekhak
[2026-04-29 15:27:30] Context Resolved: default | URI: / | Matched Pattern Len: 1
[2026-04-29 15:27:30] Context Switch: default -> default
[2026-04-29 15:27:30] Context Switch: default -> default
[2026-04-29 15:27:30] Context Switch: default -> default
[2026-04-29 15:27:31] Context Switch: default -> lekhak
[2026-04-29 15:27:31] Context Switch: lekhak -> lekhak
[2026-04-29 15:27:31] Context Switch: lekhak -> lekhak
[2026-04-29 15:27:31] Context Switch: lekhak -> lekhak
[2026-04-29 15:27:57] Context Resolved: default | URI: / | Matched Pattern Len: 1
[2026-04-29 15:27:57] Context Switch: default -> default
[2026-04-29 15:27:57] Context Switch: default -> default
[2026-04-29 15:27:57] Context Switch: default -> default
[2026-04-29 15:27:59] Context Switch: default -> lekhak
[2026-04-29 15:27:59] Context Switch: lekhak -> lekhak
[2026-04-29 15:27:59] Context Switch: lekhak -> lekhak
[2026-04-29 15:27:59] Context Switch: lekhak -> lekhak
[2026-04-29 15:28:16] Context Resolved: default | URI: / | Matched Pattern Len: 1
[2026-04-29 15:28:16] Context Switch: default -> default
[2026-04-29 15:28:16] Context Switch: default -> default
[2026-04-29 15:28:17] Context Switch: default -> default
[2026-04-29 15:28:18] Context Switch: default -> lekhak
[2026-04-29 15:28:18] Context Switch: lekhak -> lekhak
[2026-04-29 15:28:18] Context Switch: lekhak -> lekhak
[2026-04-29 15:28:18] Context Switch: lekhak -> lekhak
[2026-04-29 15:28:36] Context Resolved: default | URI: / | Matched Pattern Len: 1
[2026-04-29 15:28:36] Context Switch: default -> default
[2026-04-29 15:28:36] Context Switch: default -> default
[2026-04-29 15:28:36] Context Switch: default -> default
[2026-04-29 15:28:38] Context Switch: default -> lekhak
[2026-04-29 15:28:38] Context Switch: lekhak -> lekhak
[2026-04-29 15:28:38] Context Switch: lekhak -> lekhak
[2026-04-29 15:28:38] Context Switch: lekhak -> lekhak
[2026-04-29 15:29:01] Context Resolved: default | URI: / | Matched Pattern Len: 1
[2026-04-29 15:29:01] Context Switch: default -> default
[2026-04-29 15:29:01] Context Switch: default -> default
[2026-04-29 15:29:02] Context Switch: default -> default
[2026-04-29 15:29:03] Context Switch: default -> lekhak
[2026-04-29 15:29:03] Context Switch: lekhak -> lekhak
[2026-04-29 15:29:03] Context Switch: lekhak -> lekhak
[2026-04-29 15:29:03] Context Switch: lekhak -> lekhak
[2026-04-29 13:30:10] Context Resolved: lekhak | URI: /school1/lekhak/ | Matched Pattern Len: 15
[2026-04-29 13:30:10] Context Switch: lekhak -> lekhak
[2026-04-29 13:30:10] Context Switch: lekhak -> lekhak
[2026-04-29 13:30:11] Context Switch: lekhak -> default
[2026-04-29 13:30:11] Context Switch: default -> default
[2026-04-29 13:30:13] Context Switch: default -> default
[2026-04-29 13:30:15] Context Switch: default -> lekhak
[2026-04-29 13:30:24] Context Resolved: lekhak | URI: /school1/lekhak/admin | Matched Pattern Len: 15
[2026-04-29 13:30:24] Context Switch: lekhak -> lekhak
[2026-04-29 13:30:24] Context Switch: lekhak -> lekhak
[2026-04-29 13:30:25] Context Switch: lekhak -> default
[2026-04-29 13:30:25] Context Switch: default -> default
[2026-04-29 13:30:28] Context Switch: default -> default
[2026-04-29 13:30:29] Context Switch: default -> lekhak
[2026-04-29 13:30:31] Context Resolved: lekhak | URI: /school1/lekhak/resources/admin/js/admin.js | Matched Pattern Len: 15
[2026-04-29 13:30:31] Context Switch: lekhak -> lekhak
[2026-04-29 13:30:31] Context Switch: lekhak -> lekhak
[2026-04-29 13:30:32] Context Switch: lekhak -> default
[2026-04-29 13:30:32] Context Switch: default -> default
[2026-04-29 13:30:35] Context Switch: default -> default
[2026-04-29 13:30:36] Context Switch: default -> lekhak
[2026-04-29 13:30:38] Context Resolved: default | URI: /school1/admin-api?action=get_view&view=lekhak | Matched Pattern Len: 8
[2026-04-29 13:30:38] Context Switch: default -> default
[2026-04-29 13:30:38] Context Switch: default -> default
[2026-04-29 13:30:43] Context Switch: default -> default
[2026-04-29 13:35:19] Context Resolved: default | URI: /school1/admin-api?action=get_view&view=dashboard | Matched Pattern Len: 8
[2026-04-29 13:35:19] Context Switch: default -> default
[2026-04-29 13:35:19] Context Switch: default -> default
[2026-04-29 13:35:20] Context Switch: default -> default
[2026-04-29 13:35:29] Context Resolved: lekhak | URI: /school1/lekhak | Matched Pattern Len: 15
[2026-04-29 13:35:29] Context Switch: lekhak -> lekhak
[2026-04-29 13:35:29] Context Switch: lekhak -> lekhak
[2026-04-29 13:35:30] Context Switch: lekhak -> default
[2026-04-29 13:35:30] Context Switch: default -> default
[2026-04-29 13:35:31] Context Switch: default -> default
[2026-04-29 13:35:32] Context Switch: default -> lekhak
[2026-04-29 13:35:37] Context Resolved: lekhak | URI: /school1/lekhak/admin | Matched Pattern Len: 15
[2026-04-29 13:35:37] Context Switch: lekhak -> lekhak
[2026-04-29 13:35:37] Context Switch: lekhak -> lekhak
[2026-04-29 13:35:38] Context Switch: lekhak -> default
[2026-04-29 13:35:38] Context Switch: default -> default
[2026-04-29 13:35:39] Context Switch: default -> default
[2026-04-29 13:35:40] Context Switch: default -> lekhak
[2026-04-29 13:35:41] Context Resolved: lekhak | URI: /school1/lekhak/resources/admin/js/admin.js | Matched Pattern Len: 15
[2026-04-29 13:35:41] Context Switch: lekhak -> lekhak
[2026-04-29 13:35:41] Context Switch: lekhak -> lekhak
[2026-04-29 13:35:42] Context Switch: lekhak -> default
[2026-04-29 13:35:42] Context Switch: default -> default
[2026-04-29 13:35:44] Context Switch: default -> default
[2026-04-29 13:35:45] Context Switch: default -> lekhak
[2026-04-29 13:35:46] Context Resolved: default | URI: /school1/admin-api?action=get_view&view=lekhak | Matched Pattern Len: 8
[2026-04-29 13:35:46] Context Switch: default -> default
[2026-04-29 13:35:46] Context Switch: default -> default
[2026-04-29 13:35:48] Context Switch: default -> default
[2026-04-29 13:39:59] Context Resolved: lekhak | URI: /school1/lekhak/admin | Matched Pattern Len: 15
[2026-04-29 13:39:59] Context Switch: lekhak -> lekhak
[2026-04-29 13:39:59] Context Switch: lekhak -> lekhak
[2026-04-29 13:39:59] Context Switch: lekhak -> default
[2026-04-29 13:39:59] Context Switch: default -> default
[2026-04-29 13:40:00] Context Switch: default -> default
[2026-04-29 13:40:00] Context Switch: default -> lekhak
[2026-04-29 13:40:01] Context Resolved: lekhak | URI: /school1/lekhak/resources/admin/js/admin.js | Matched Pattern Len: 15
[2026-04-29 13:40:01] Context Switch: lekhak -> lekhak
[2026-04-29 13:40:01] Context Switch: lekhak -> lekhak
[2026-04-29 13:40:02] Context Switch: lekhak -> default
[2026-04-29 13:40:02] Context Switch: default -> default
[2026-04-29 13:40:02] Context Switch: default -> default
[2026-04-29 13:40:03] Context Switch: default -> lekhak
[2026-04-29 13:40:03] Context Resolved: default | URI: /school1/admin-api?action=get_view&view=lekhak | Matched Pattern Len: 8
[2026-04-29 13:40:03] Context Switch: default -> default
[2026-04-29 13:40:03] Context Switch: default -> default
[2026-04-29 13:40:04] Context Switch: default -> default
[2026-04-29 13:43:10] Context Resolved: lekhak | URI: /school1/lekhak/admin | Matched Pattern Len: 15
[2026-04-29 13:43:10] Context Switch: lekhak -> lekhak
[2026-04-29 13:43:10] Context Switch: lekhak -> lekhak
[2026-04-29 13:43:10] Context Switch: lekhak -> default
[2026-04-29 13:43:10] Context Switch: default -> default
[2026-04-29 13:43:12] Context Switch: default -> default
[2026-04-29 13:43:13] Context Switch: default -> lekhak
[2026-04-29 13:43:14] Context Resolved: lekhak | URI: /school1/lekhak/resources/admin/js/admin.js | Matched Pattern Len: 15
[2026-04-29 13:43:14] Context Switch: lekhak -> lekhak
[2026-04-29 13:43:14] Context Switch: lekhak -> lekhak
[2026-04-29 13:43:15] Context Switch: lekhak -> default
[2026-04-29 13:43:15] Context Switch: default -> default
[2026-04-29 13:43:16] Context Switch: default -> default
[2026-04-29 13:43:17] Context Switch: default -> lekhak
[2026-04-29 13:43:18] Context Resolved: default | URI: /school1/admin-api?action=get_view&view=lekhak | Matched Pattern Len: 8
[2026-04-29 13:43:18] Context Switch: default -> default
[2026-04-29 13:43:18] Context Switch: default -> default
[2026-04-29 13:43:20] Context Switch: default -> default
[2026-04-29 13:43:26] Context Resolved: lekhak | URI: /school1/lekhak/admin | Matched Pattern Len: 15
[2026-04-29 13:43:26] Context Switch: lekhak -> lekhak
[2026-04-29 13:43:26] Context Switch: lekhak -> lekhak
[2026-04-29 13:43:27] Context Switch: lekhak -> default
[2026-04-29 13:43:27] Context Switch: default -> default
[2026-04-29 13:43:31] Context Switch: default -> default
[2026-04-29 13:43:35] Context Switch: default -> lekhak
[2026-04-29 13:43:39] Context Resolved: lekhak | URI: /school1/lekhak/resources/admin/js/admin.js | Matched Pattern Len: 15
[2026-04-29 13:43:39] Context Switch: lekhak -> lekhak
[2026-04-29 13:43:39] Context Switch: lekhak -> lekhak
[2026-04-29 13:43:43] Context Switch: lekhak -> default
[2026-04-29 13:43:43] Context Switch: default -> default
[2026-04-29 13:43:50] Context Switch: default -> default
[2026-04-29 13:43:55] Context Switch: default -> lekhak
[2026-04-29 13:43:59] Context Resolved: default | URI: /school1/admin-api?action=get_view&view=lekhak | Matched Pattern Len: 8
[2026-04-29 13:43:59] Context Switch: default -> default
[2026-04-29 13:43:59] Context Switch: default -> default
[2026-04-29 13:44:09] Context Switch: default -> default
[2026-04-29 13:48:09] Context Resolved: lekhak | URI: /school1/lekhak/admin | Matched Pattern Len: 15
[2026-04-29 13:48:09] Context Switch: lekhak -> lekhak
[2026-04-29 13:48:09] Context Switch: lekhak -> lekhak
[2026-04-29 13:48:12] Context Switch: lekhak -> default
[2026-04-29 13:48:12] Context Switch: default -> default
[2026-04-29 13:48:19] Context Switch: default -> default
[2026-04-29 13:48:23] Context Switch: default -> lekhak
[2026-04-29 13:48:27] Context Resolved: lekhak | URI: /school1/lekhak/resources/admin/js/admin.js | Matched Pattern Len: 15
[2026-04-29 13:48:27] Context Switch: lekhak -> lekhak
[2026-04-29 13:48:27] Context Switch: lekhak -> lekhak
[2026-04-29 13:48:29] Context Switch: lekhak -> default
[2026-04-29 13:48:29] Context Switch: default -> default
[2026-04-29 13:48:35] Context Switch: default -> default
[2026-04-29 13:48:39] Context Switch: default -> lekhak
[2026-04-29 13:48:43] Context Resolved: default | URI: /school1/admin-api?action=get_view&view=lekhak | Matched Pattern Len: 8
[2026-04-29 13:48:43] Context Switch: default -> default
[2026-04-29 13:48:43] Context Switch: default -> default
[2026-04-29 13:48:52] Context Switch: default -> default
[2026-04-29 14:38:08] Context Resolved: lekhak | URI: /school1/lekhak/admin | Matched Pattern Len: 15
[2026-04-29 14:38:08] Context Switch: lekhak -> lekhak
[2026-04-29 14:38:08] Context Switch: lekhak -> lekhak
[2026-04-29 14:38:08] Context Switch: lekhak -> default
[2026-04-29 14:38:08] Context Switch: default -> default
[2026-04-29 14:38:10] Context Switch: default -> default
[2026-04-29 14:38:11] Context Switch: default -> lekhak
[2026-04-29 14:38:13] Context Resolved: lekhak | URI: /school1/lekhak/resources/admin/js/admin.js | Matched Pattern Len: 15
[2026-04-29 14:38:13] Context Switch: lekhak -> lekhak
[2026-04-29 14:38:13] Context Switch: lekhak -> lekhak
[2026-04-29 14:38:13] Context Switch: lekhak -> default
[2026-04-29 14:38:13] Context Switch: default -> default
[2026-04-29 14:38:15] Context Switch: default -> default
[2026-04-29 14:38:16] Context Switch: default -> lekhak
[2026-04-29 14:38:17] Context Resolved: default | URI: /school1/admin-api?action=get_view&view=lekhak | Matched Pattern Len: 8
[2026-04-29 14:38:17] Context Switch: default -> default
[2026-04-29 14:38:17] Context Switch: default -> default
[2026-04-29 14:38:19] Context Switch: default -> default
[2026-04-30 00:55:08] Context Resolved: default | URI: / | Matched Pattern Len: 1
[2026-04-30 00:55:08] Context Switch: default -> default
[2026-04-30 00:55:08] Context Switch: default -> default
[2026-04-30 00:55:08] Context Switch: default -> default
[2026-04-30 01:10:19] Context Resolved: default | URI: / | Matched Pattern Len: 1
[2026-04-30 01:10:19] Context Switch: default -> default
[2026-04-30 01:10:19] Context Switch: default -> default
[2026-04-30 01:10:21] Context Switch: default -> default
[2026-04-30 01:14:33] Context Resolved: default | URI: / | Matched Pattern Len: 1
[2026-04-30 01:14:33] Context Switch: default -> default
[2026-04-30 01:14:33] Context Switch: default -> default
[2026-04-30 01:14:33] Context Switch: default -> default
[2026-04-30 01:14:46] Context Resolved: default | URI: / | Matched Pattern Len: 1
[2026-04-30 01:14:46] Context Switch: default -> default
[2026-04-30 01:14:46] Context Switch: default -> default
[2026-04-30 01:14:46] Context Switch: default -> default
[2026-04-30 01:14:47] Context Switch: default -> lekhak
[2026-04-30 01:14:47] Context Switch: lekhak -> lekhak
[2026-04-30 01:14:47] Context Switch: lekhak -> lekhak
[2026-04-30 01:15:01] Context Resolved: lekhak | URI: /lekhak/ | Matched Pattern Len: 7
[2026-04-30 01:15:01] Context Switch: lekhak -> lekhak
[2026-04-30 01:15:01] Context Switch: lekhak -> lekhak
[2026-04-30 01:15:01] Context Switch: lekhak -> default
[2026-04-30 01:15:01] Context Switch: default -> default
[2026-04-30 01:15:01] Context Switch: default -> default
[2026-04-30 01:15:01] Context Switch: default -> lekhak
[2026-04-30 01:16:11] Context Resolved: lekhak | URI: /lekhak/ | Matched Pattern Len: 7
[2026-04-30 01:16:11] Context Switch: lekhak -> lekhak
[2026-04-30 01:16:11] Context Switch: lekhak -> lekhak
[2026-04-30 01:16:11] Context Switch: lekhak -> default
[2026-04-30 01:16:11] Context Switch: default -> default
[2026-04-30 01:16:11] Context Switch: default -> default
[2026-04-30 01:16:11] Context Switch: default -> lekhak
[2026-04-30 01:16:42] Context Resolved: lekhak | URI: /lekhak/ | Matched Pattern Len: 7
[2026-04-30 01:16:42] Context Switch: lekhak -> lekhak
[2026-04-30 01:16:42] Context Switch: lekhak -> lekhak
[2026-04-30 01:16:43] Context Switch: lekhak -> default
[2026-04-30 01:16:43] Context Switch: default -> default
[2026-04-30 01:16:43] Context Switch: default -> default
[2026-04-30 01:16:43] Context Switch: default -> lekhak
[2026-04-30 01:17:01] Context Resolved: lekhak | URI: /lekhak/ | Matched Pattern Len: 7
[2026-04-30 01:17:01] Context Switch: lekhak -> lekhak
[2026-04-30 01:17:01] Context Switch: lekhak -> lekhak
[2026-04-30 01:17:01] Context Switch: lekhak -> default
[2026-04-30 01:17:01] Context Switch: default -> default
[2026-04-30 01:17:01] Context Switch: default -> default
[2026-04-30 01:17:01] Context Switch: default -> lekhak
[2026-04-30 01:30:32] Context Resolved: default | URI: / | Matched Pattern Len: 1
[2026-04-30 01:30:32] Context Switch: default -> default
[2026-04-30 01:30:32] Context Switch: default -> default
[2026-04-30 01:30:32] Context Switch: default -> default
[2026-04-30 01:30:48] Context Resolved: default | URI: / | Matched Pattern Len: 1
[2026-04-30 01:30:48] Context Switch: default -> default
[2026-04-30 01:30:48] Context Switch: default -> default
[2026-04-30 01:30:48] Context Switch: default -> default
[2026-04-30 01:30:49] Context Switch: default -> lekhak
[2026-04-30 01:30:49] Context Switch: lekhak -> lekhak
[2026-04-30 01:31:05] Context Resolved: default | URI: / | Matched Pattern Len: 1
[2026-04-30 01:31:05] Context Switch: default -> default
[2026-04-30 01:31:05] Context Switch: default -> default
[2026-04-30 01:31:05] Context Switch: default -> default
[2026-04-30 01:31:06] Context Switch: default -> lekhak
[2026-04-30 01:31:06] Context Switch: lekhak -> lekhak
[2026-04-30 01:31:34] Context Resolved: default | URI: / | Matched Pattern Len: 1
[2026-04-30 01:31:34] Context Switch: default -> default
[2026-04-30 01:31:34] Context Switch: default -> default
[2026-04-30 01:31:34] Context Switch: default -> default
[2026-04-30 01:31:35] Context Switch: default -> lekhak
[2026-04-30 01:31:35] Context Switch: lekhak -> lekhak
[2026-04-30 02:14:05] Context Resolved: default | URI: / | Matched Pattern Len: 1
[2026-04-30 02:14:05] Context Switch: default -> default
[2026-04-30 02:14:05] Context Switch: default -> default
[2026-04-30 02:14:05] Context Switch: default -> default
[2026-04-30 02:14:06] Context Switch: default -> lekhak
[2026-04-30 02:14:06] Context Switch: lekhak -> lekhak
[2026-04-30 03:16:07] Context Resolved: default | URI: / | Matched Pattern Len: 1
[2026-04-30 03:16:07] Context Switch: default -> default
[2026-04-30 03:16:07] Context Switch: default -> default
[2026-04-30 03:16:07] Context Switch: default -> default
[2026-04-30 03:16:08] Context Switch: default -> lekhak
[2026-04-30 03:16:08] Context Switch: lekhak -> lekhak
[2026-04-30 03:23:50] Context Resolved: default | URI: / | Matched Pattern Len: 1
[2026-04-30 03:23:50] Context Switch: default -> default
[2026-04-30 03:23:50] Context Switch: default -> default
[2026-04-30 03:23:50] Context Switch: default -> default
[2026-04-30 03:23:51] Context Switch: default -> lekhak
[2026-04-30 03:23:51] Context Switch: lekhak -> lekhak
[2026-04-30 04:00:32] Context Resolved: default | URI: / | Matched Pattern Len: 1
[2026-04-30 04:00:32] Context Switch: default -> default
[2026-04-30 04:00:32] Context Switch: default -> default
[2026-04-30 04:00:33] Context Switch: default -> default
[2026-04-30 04:00:34] Context Switch: default -> lekhak
[2026-04-30 04:00:34] Context Switch: lekhak -> lekhak
[2026-04-30 04:00:56] Context Resolved: default | URI: / | Matched Pattern Len: 1
[2026-04-30 04:00:56] Context Switch: default -> default
[2026-04-30 04:00:56] Context Switch: default -> default
[2026-04-30 04:00:56] Context Switch: default -> default
[2026-04-30 04:00:57] Context Switch: default -> lekhak
[2026-04-30 04:00:57] Context Switch: lekhak -> lekhak
[2026-04-30 05:56:58] Context Resolved: default | URI: / | Matched Pattern Len: 1
[2026-04-30 05:56:58] Context Switch: default -> default
[2026-04-30 05:56:58] Context Switch: default -> default
[2026-04-30 05:56:58] Context Switch: default -> default
[2026-04-30 05:57:00] Context Switch: default -> lekhak
[2026-04-30 05:57:00] Context Switch: lekhak -> lekhak
[2026-04-30 05:57:17] Context Resolved: default | URI: / | Matched Pattern Len: 1
[2026-04-30 05:57:17] Context Switch: default -> default
[2026-04-30 05:57:17] Context Switch: default -> default
[2026-04-30 05:57:17] Context Switch: default -> default
[2026-04-30 05:57:19] Context Switch: default -> lekhak
[2026-04-30 05:57:19] Context Switch: lekhak -> lekhak
[2026-04-30 06:02:38] Context Resolved: default | URI: / | Matched Pattern Len: 1
[2026-04-30 06:02:38] Context Switch: default -> default
[2026-04-30 06:02:38] Context Switch: default -> default
[2026-04-30 06:02:39] Context Switch: default -> default
[2026-04-30 06:02:40] Context Switch: default -> lekhak
[2026-04-30 06:02:40] Context Switch: lekhak -> lekhak
[2026-04-30 06:06:48] Context Resolved: default | URI: / | Matched Pattern Len: 1
[2026-04-30 06:07:16] Context Resolved: default | URI: / | Matched Pattern Len: 1
[2026-04-30 06:07:16] Context Switch: default -> default
[2026-04-30 06:07:16] Context Switch: default -> default
[2026-04-30 06:07:16] Context Switch: default -> default
[2026-04-30 06:11:39] Context Resolved: default | URI: / | Matched Pattern Len: 1
[2026-04-30 06:11:39] Context Switch: default -> default
[2026-04-30 06:11:39] Context Switch: default -> default
[2026-04-30 06:11:39] Context Switch: default -> default
[2026-04-30 06:11:41] Context Switch: default -> lekhak
[2026-04-30 06:11:41] Context Switch: lekhak -> lekhak
[2026-04-30 06:11:41] Context Switch: lekhak -> lekhak
[2026-04-30 06:12:08] Context Resolved: default | URI: / | Matched Pattern Len: 1
[2026-04-30 06:12:08] Context Switch: default -> default
[2026-04-30 06:12:08] Context Switch: default -> default
[2026-04-30 06:12:08] Context Switch: default -> default
[2026-04-30 06:12:09] Context Switch: default -> lekhak
[2026-04-30 06:12:09] Context Switch: lekhak -> lekhak
[2026-04-30 06:12:09] Context Switch: lekhak -> lekhak
[2026-04-30 06:12:20] Context Resolved: default | URI: / | Matched Pattern Len: 1
[2026-04-30 06:12:20] Context Switch: default -> default
[2026-04-30 06:12:20] Context Switch: default -> default
[2026-04-30 06:12:20] Context Switch: default -> default
[2026-04-30 06:12:21] Context Switch: default -> lekhak
[2026-04-30 06:12:21] Context Switch: lekhak -> lekhak
[2026-04-30 06:12:21] Context Switch: lekhak -> lekhak
[2026-04-30 06:12:35] Context Resolved: default | URI: / | Matched Pattern Len: 1
[2026-04-30 06:12:35] Context Switch: default -> default
[2026-04-30 06:12:35] Context Switch: default -> default
[2026-04-30 06:12:35] Context Switch: default -> default
[2026-04-30 06:12:37] Context Switch: default -> lekhak
[2026-04-30 06:12:37] Context Switch: lekhak -> lekhak
[2026-04-30 06:12:37] Context Switch: lekhak -> lekhak
[2026-04-30 05:48:26] Context Resolved: sppadmin | URI: /school1/sppadmin/ | Matched Pattern Len: 17
[2026-04-30 05:48:26] Context Switch: sppadmin -> sppadmin
[2026-04-30 05:48:26] Context Switch: sppadmin -> sppadmin
[2026-04-30 05:48:30] Context Switch: sppadmin -> default
[2026-04-30 05:48:30] Context Switch: default -> default
[2026-04-30 05:48:32] Context Switch: default -> default
[2026-04-30 05:48:33] Context Switch: default -> sppadmin
[2026-04-30 05:48:36] Context Resolved: sppadmin | URI: /school1/sppadmin/api.php?action=check_auth&appname=lekhak&_ts=1777528116302 | Matched Pattern Len: 17
[2026-04-30 05:48:36] Context Switch: sppadmin -> sppadmin
[2026-04-30 05:48:36] Context Switch: sppadmin -> sppadmin
[2026-04-30 05:48:40] Context Switch: sppadmin -> default
[2026-04-30 05:48:40] Context Switch: default -> default
[2026-04-30 05:48:42] Context Switch: default -> default
[2026-04-30 05:48:44] Context Switch: default -> sppadmin
[2026-04-30 05:52:35] Context Resolved: sppadmin | URI: /school1/sppadmin/ | Matched Pattern Len: 17
[2026-04-30 05:52:35] Context Switch: sppadmin -> sppadmin
[2026-04-30 05:52:35] Context Switch: sppadmin -> sppadmin
[2026-04-30 05:52:39] Context Switch: sppadmin -> default
[2026-04-30 05:52:39] Context Switch: default -> default
[2026-04-30 05:52:41] Context Switch: default -> default
[2026-04-30 05:52:43] Context Switch: default -> sppadmin
[2026-04-30 05:52:46] Context Resolved: sppadmin | URI: /school1/sppadmin/api.php?action=check_auth&appname=lekhak&_ts=1777528366155 | Matched Pattern Len: 17
[2026-04-30 05:52:47] Context Switch: sppadmin -> sppadmin
[2026-04-30 05:52:47] Context Switch: sppadmin -> sppadmin
[2026-04-30 05:52:50] Context Switch: sppadmin -> default
[2026-04-30 05:52:50] Context Switch: default -> default
[2026-04-30 05:52:52] Context Switch: default -> default
[2026-04-30 05:52:54] Context Switch: default -> sppadmin
[2026-04-30 05:53:02] Context Resolved: sppadmin | URI: /school1/sppadmin/api.php | Matched Pattern Len: 17
[2026-04-30 05:53:02] Context Switch: sppadmin -> sppadmin
[2026-04-30 05:53:02] Context Switch: sppadmin -> sppadmin
[2026-04-30 05:53:06] Context Switch: sppadmin -> default
[2026-04-30 05:53:06] Context Switch: default -> default
[2026-04-30 05:53:08] Context Switch: default -> default
[2026-04-30 05:53:10] Context Switch: default -> sppadmin
[2026-04-30 05:53:12] Context Resolved: sppadmin | URI: /school1/sppadmin/api.php?action=get_profile&appname=lekhak&csrf_token=6896ab83bb997cce10a11ddd019c6fe141ce934e75a08618ebbcb5853117b5d2&_ts=1777528391697 | Matched Pattern Len: 17
[2026-04-30 05:53:12] Context Resolved: sppadmin | URI: /school1/sppadmin/api.php?action=list_apps&appname=lekhak&csrf_token=6896ab83bb997cce10a11ddd019c6fe141ce934e75a08618ebbcb5853117b5d2&_ts=1777528391696 | Matched Pattern Len: 17
[2026-04-30 05:53:12] Context Switch: sppadmin -> sppadmin
[2026-04-30 05:53:12] Context Switch: sppadmin -> sppadmin
[2026-04-30 05:53:12] Context Switch: sppadmin -> sppadmin
[2026-04-30 05:53:12] Context Switch: sppadmin -> sppadmin
[2026-04-30 05:53:14] Context Switch: sppadmin -> default
[2026-04-30 05:53:14] Context Switch: sppadmin -> default
[2026-04-30 05:53:14] Context Switch: default -> default
[2026-04-30 05:53:14] Context Switch: default -> default
[2026-04-30 05:53:15] Context Switch: default -> default
[2026-04-30 05:53:15] Context Switch: default -> default
[2026-04-30 05:53:16] Context Switch: default -> sppadmin
[2026-04-30 05:53:16] Context Switch: default -> sppadmin
[2026-04-30 05:53:16] Context Switch: sppadmin -> __sppadmin__
[2026-04-30 05:53:16] Context Switch: __sppadmin__ -> __sppadmin__
[2026-04-30 05:53:17] Context Resolved: sppadmin | URI: /school1/sppadmin/api.php?action=get_bridge_info&appname=lekhak&csrf_token=6896ab83bb997cce10a11ddd019c6fe141ce934e75a08618ebbcb5853117b5d2&_ts=1777528397026 | Matched Pattern Len: 17
[2026-04-30 05:53:17] Context Resolved: sppadmin | URI: /school1/sppadmin/api.php?action=get_system_info&appname=lekhak&csrf_token=6896ab83bb997cce10a11ddd019c6fe141ce934e75a08618ebbcb5853117b5d2&_ts=1777528397026 | Matched Pattern Len: 17
[2026-04-30 05:53:17] Context Resolved: sppadmin | URI: /school1/sppadmin/api.php?action=list_apps&appname=lekhak&csrf_token=6896ab83bb997cce10a11ddd019c6fe141ce934e75a08618ebbcb5853117b5d2&_ts=1777528397026 | Matched Pattern Len: 17
[2026-04-30 05:53:17] Context Switch: sppadmin -> sppadmin
[2026-04-30 05:53:17] Context Switch: sppadmin -> sppadmin
[2026-04-30 05:53:17] Context Switch: sppadmin -> sppadmin
[2026-04-30 05:53:17] Context Switch: sppadmin -> sppadmin
[2026-04-30 05:53:17] Context Switch: sppadmin -> sppadmin
[2026-04-30 05:53:17] Context Switch: sppadmin -> sppadmin
[2026-04-30 05:53:18] Context Switch: sppadmin -> default
[2026-04-30 05:53:18] Context Switch: sppadmin -> default
[2026-04-30 05:53:19] Context Switch: default -> default
[2026-04-30 05:53:19] Context Switch: default -> default
[2026-04-30 05:53:19] Context Switch: sppadmin -> default
[2026-04-30 05:53:19] Context Switch: default -> default
[2026-04-30 05:53:19] Context Switch: default -> default
[2026-04-30 05:53:19] Context Switch: default -> default
[2026-04-30 05:53:20] Context Switch: default -> sppadmin
[2026-04-30 05:53:20] Context Switch: default -> sppadmin
[2026-04-30 05:53:20] Context Switch: default -> default
[2026-04-30 05:53:20] Context Switch: sppadmin -> __sppadmin__
[2026-04-30 05:53:20] Context Switch: sppadmin -> __sppadmin__
[2026-04-30 05:53:20] Context Switch: __sppadmin__ -> __sppadmin__
[2026-04-30 05:53:20] Context Switch: __sppadmin__ -> __sppadmin__
[2026-04-30 05:53:20] Context Switch: __sppadmin__ -> lekhak
[2026-04-30 05:53:20] Context Switch: lekhak -> lekhak
[2026-04-30 05:53:21] Context Switch: lekhak -> __sppadmin__
[2026-04-30 05:53:22] Context Switch: default -> sppadmin
[2026-04-30 05:53:23] Context Switch: sppadmin -> __sppadmin__
[2026-04-30 05:53:23] Context Switch: __sppadmin__ -> __sppadmin__
[2026-04-30 05:53:23] Context Switch: __sppadmin__ -> lekhak
[2026-04-30 05:53:23] Context Switch: lekhak -> lekhak
[2026-04-30 05:53:24] Context Switch: lekhak -> __sppadmin__
[2026-04-30 05:53:24] Context Switch: __sppadmin__ -> lekhak
[2026-04-30 05:53:26] Context Switch: lekhak -> __sppadmin__
[2026-04-30 05:53:26] Context Switch: __sppadmin__ -> lekhak
[2026-04-30 05:53:26] Context Switch: lekhak -> __sppadmin__
[2026-04-30 05:53:27] Context Resolved: sppadmin | URI: /school1/sppadmin/api.php?action=get_global_settings&appname=lekhak&csrf_token=6896ab83bb997cce10a11ddd019c6fe141ce934e75a08618ebbcb5853117b5d2&_ts=1777528406963 | Matched Pattern Len: 17
[2026-04-30 05:53:27] Context Switch: sppadmin -> sppadmin
[2026-04-30 05:53:27] Context Switch: sppadmin -> sppadmin
[2026-04-30 05:53:31] Context Switch: sppadmin -> default
[2026-04-30 05:53:31] Context Switch: default -> default
[2026-04-30 05:53:33] Context Switch: default -> default
[2026-04-30 05:53:35] Context Switch: default -> sppadmin
[2026-04-30 05:53:36] Context Switch: sppadmin -> __sppadmin__
[2026-04-30 05:53:36] Context Switch: __sppadmin__ -> __sppadmin__
[2026-04-30 05:54:02] Context Resolved: sppadmin | URI: /school1/sppadmin/api.php?action=system_update_list&appname=lekhak&csrf_token=6896ab83bb997cce10a11ddd019c6fe141ce934e75a08618ebbcb5853117b5d2&_ts=1777528442250 | Matched Pattern Len: 17
[2026-04-30 05:54:03] Context Switch: sppadmin -> sppadmin
[2026-04-30 05:54:03] Context Switch: sppadmin -> sppadmin
[2026-04-30 05:54:05] Context Switch: sppadmin -> default
[2026-04-30 05:54:06] Context Switch: default -> default
[2026-04-30 05:54:07] Context Switch: default -> default
[2026-04-30 05:54:09] Context Switch: default -> sppadmin
[2026-04-30 05:54:10] Context Switch: sppadmin -> __sppadmin__
[2026-04-30 05:54:10] Context Switch: __sppadmin__ -> __sppadmin__
[2026-04-30 05:54:10] Context Switch: __sppadmin__ -> lekhak
[2026-04-30 05:54:10] Context Switch: lekhak -> lekhak
[2026-04-30 05:54:12] Context Switch: lekhak -> __sppadmin__
[2026-04-30 05:54:56] Context Resolved: sppadmin | URI: /school1/sppadmin/api.php?action=system_update_run&appname=lekhak&csrf_token=6896ab83bb997cce10a11ddd019c6fe141ce934e75a08618ebbcb5853117b5d2&_ts=1777528495834 | Matched Pattern Len: 17
[2026-04-30 05:54:56] Context Switch: sppadmin -> sppadmin
[2026-04-30 05:54:56] Context Switch: sppadmin -> sppadmin
[2026-04-30 05:55:00] Context Switch: sppadmin -> default
[2026-04-30 05:55:00] Context Switch: default -> default
[2026-04-30 05:55:02] Context Switch: default -> default
[2026-04-30 05:55:05] Context Switch: default -> sppadmin
[2026-04-30 05:55:07] Context Switch: sppadmin -> __sppadmin__
[2026-04-30 05:55:07] Context Switch: __sppadmin__ -> __sppadmin__
[2026-04-30 05:55:07] Context Switch: __sppadmin__ -> lekhak
[2026-04-30 05:55:08] Context Switch: lekhak -> lekhak
[2026-04-30 05:55:11] Context Switch: lekhak -> __sppadmin__
[2026-04-30 05:58:00] Context Resolved: sppadmin | URI: /school1/sppadmin/ | Matched Pattern Len: 17
[2026-04-30 05:58:00] Context Switch: sppadmin -> sppadmin
[2026-04-30 05:58:00] Context Switch: sppadmin -> sppadmin
[2026-04-30 05:58:05] Context Switch: sppadmin -> default
[2026-04-30 05:58:05] Context Switch: default -> default
[2026-04-30 05:58:07] Context Switch: default -> default
[2026-04-30 05:58:10] Context Switch: default -> sppadmin
[2026-04-30 05:58:13] Context Resolved: sppadmin | URI: /school1/sppadmin/api.php?action=check_auth&appname=lekhak&_ts=1777528693215 | Matched Pattern Len: 17
[2026-04-30 05:58:14] Context Switch: sppadmin -> sppadmin
[2026-04-30 05:58:14] Context Switch: sppadmin -> sppadmin
[2026-04-30 05:58:17] Context Switch: sppadmin -> default
[2026-04-30 05:58:17] Context Switch: default -> default
[2026-04-30 05:58:19] Context Switch: default -> default
[2026-04-30 05:58:20] Context Switch: default -> sppadmin
[2026-04-30 05:58:29] Context Resolved: sppadmin | URI: /school1/sppadmin/api.php | Matched Pattern Len: 17
[2026-04-30 05:58:29] Context Switch: sppadmin -> sppadmin
[2026-04-30 05:58:29] Context Switch: sppadmin -> sppadmin
[2026-04-30 05:58:32] Context Switch: sppadmin -> default
[2026-04-30 05:58:32] Context Switch: default -> default
[2026-04-30 05:58:34] Context Switch: default -> default
[2026-04-30 05:58:36] Context Switch: default -> sppadmin
[2026-04-30 05:58:38] Context Resolved: sppadmin | URI: /school1/sppadmin/api.php?action=get_profile&appname=lekhak&csrf_token=6896ab83bb997cce10a11ddd019c6fe141ce934e75a08618ebbcb5853117b5d2&_ts=1777528717359 | Matched Pattern Len: 17
[2026-04-30 05:58:38] Context Switch: sppadmin -> sppadmin
[2026-04-30 05:58:38] Context Switch: sppadmin -> sppadmin
[2026-04-30 05:58:38] Context Resolved: sppadmin | URI: /school1/sppadmin/api.php?action=list_apps&appname=lekhak&csrf_token=6896ab83bb997cce10a11ddd019c6fe141ce934e75a08618ebbcb5853117b5d2&_ts=1777528717358 | Matched Pattern Len: 17
[2026-04-30 05:58:38] Context Switch: sppadmin -> sppadmin
[2026-04-30 05:58:38] Context Switch: sppadmin -> sppadmin
[2026-04-30 05:58:39] Context Switch: sppadmin -> default
[2026-04-30 05:58:39] Context Switch: default -> default
[2026-04-30 05:58:40] Context Switch: sppadmin -> default
[2026-04-30 05:58:40] Context Switch: default -> default
[2026-04-30 05:58:40] Context Switch: default -> default
[2026-04-30 05:58:41] Context Switch: default -> sppadmin
[2026-04-30 05:58:41] Context Switch: default -> default
[2026-04-30 05:58:43] Context Switch: default -> sppadmin
[2026-04-30 05:58:44] Context Switch: sppadmin -> __sppadmin__
[2026-04-30 05:58:44] Context Switch: __sppadmin__ -> __sppadmin__
[2026-04-30 05:58:45] Context Resolved: sppadmin | URI: /school1/sppadmin/api.php?action=get_bridge_info&appname=lekhak&csrf_token=6896ab83bb997cce10a11ddd019c6fe141ce934e75a08618ebbcb5853117b5d2&_ts=1777528725188 | Matched Pattern Len: 17
[2026-04-30 05:58:45] Context Resolved: sppadmin | URI: /school1/sppadmin/api.php?action=list_apps&appname=lekhak&csrf_token=6896ab83bb997cce10a11ddd019c6fe141ce934e75a08618ebbcb5853117b5d2&_ts=1777528725188 | Matched Pattern Len: 17
[2026-04-30 05:58:45] Context Resolved: sppadmin | URI: /school1/sppadmin/api.php?action=get_system_info&appname=lekhak&csrf_token=6896ab83bb997cce10a11ddd019c6fe141ce934e75a08618ebbcb5853117b5d2&_ts=1777528725187 | Matched Pattern Len: 17
[2026-04-30 05:58:45] Context Switch: sppadmin -> sppadmin
[2026-04-30 05:58:45] Context Switch: sppadmin -> sppadmin
[2026-04-30 05:58:45] Context Switch: sppadmin -> sppadmin
[2026-04-30 05:58:45] Context Switch: sppadmin -> sppadmin
[2026-04-30 05:58:45] Context Switch: sppadmin -> sppadmin
[2026-04-30 05:58:45] Context Switch: sppadmin -> sppadmin
[2026-04-30 05:58:46] Context Switch: sppadmin -> default
[2026-04-30 05:58:46] Context Switch: default -> default
[2026-04-30 05:58:46] Context Switch: sppadmin -> default
[2026-04-30 05:58:46] Context Switch: sppadmin -> default
[2026-04-30 05:58:46] Context Switch: default -> default
[2026-04-30 05:58:46] Context Switch: default -> default
[2026-04-30 05:58:47] Context Switch: default -> default
[2026-04-30 05:58:47] Context Switch: default -> default
[2026-04-30 05:58:47] Context Switch: default -> default
[2026-04-30 05:58:47] Context Switch: default -> sppadmin
[2026-04-30 05:58:48] Context Switch: default -> sppadmin
[2026-04-30 05:58:48] Context Switch: default -> sppadmin
[2026-04-30 05:58:48] Context Switch: sppadmin -> __sppadmin__
[2026-04-30 05:58:48] Context Switch: __sppadmin__ -> __sppadmin__
[2026-04-30 05:58:48] Context Switch: __sppadmin__ -> lekhak
[2026-04-30 05:58:48] Context Switch: sppadmin -> __sppadmin__
[2026-04-30 05:58:48] Context Switch: sppadmin -> __sppadmin__
[2026-04-30 05:58:48] Context Switch: lekhak -> lekhak
[2026-04-30 05:58:48] Context Switch: __sppadmin__ -> __sppadmin__
[2026-04-30 05:58:48] Context Switch: __sppadmin__ -> __sppadmin__
[2026-04-30 05:58:48] Context Switch: __sppadmin__ -> lekhak
[2026-04-30 05:58:48] Context Switch: lekhak -> lekhak
[2026-04-30 05:58:48] Context Switch: lekhak -> __sppadmin__
[2026-04-30 05:58:49] Context Switch: lekhak -> __sppadmin__
[2026-04-30 05:58:49] Context Switch: __sppadmin__ -> lekhak
[2026-04-30 05:58:51] Context Switch: lekhak -> __sppadmin__
[2026-04-30 05:58:51] Context Switch: __sppadmin__ -> lekhak
[2026-04-30 05:58:51] Context Switch: lekhak -> __sppadmin__
[2026-04-30 05:58:52] Context Resolved: sppadmin | URI: /school1/sppadmin/api.php?action=get_global_settings&appname=lekhak&csrf_token=6896ab83bb997cce10a11ddd019c6fe141ce934e75a08618ebbcb5853117b5d2&_ts=1777528732189 | Matched Pattern Len: 17
[2026-04-30 05:58:53] Context Switch: sppadmin -> sppadmin
[2026-04-30 05:58:53] Context Switch: sppadmin -> sppadmin
[2026-04-30 05:58:57] Context Switch: sppadmin -> default
[2026-04-30 05:58:57] Context Switch: default -> default
[2026-04-30 05:58:59] Context Switch: default -> default
[2026-04-30 05:59:02] Context Switch: default -> sppadmin
[2026-04-30 05:59:03] Context Switch: sppadmin -> __sppadmin__
[2026-04-30 05:59:03] Context Switch: __sppadmin__ -> __sppadmin__
[2026-04-30 05:59:17] Context Resolved: sppadmin | URI: /school1/sppadmin/api.php?action=system_update_list&appname=lekhak&csrf_token=6896ab83bb997cce10a11ddd019c6fe141ce934e75a08618ebbcb5853117b5d2&_ts=1777528756863 | Matched Pattern Len: 17
[2026-04-30 05:59:17] Context Switch: sppadmin -> sppadmin
[2026-04-30 05:59:17] Context Switch: sppadmin -> sppadmin
[2026-04-30 05:59:20] Context Switch: sppadmin -> default
[2026-04-30 05:59:20] Context Switch: default -> default
[2026-04-30 05:59:21] Context Switch: default -> default
[2026-04-30 05:59:23] Context Switch: default -> sppadmin
[2026-04-30 05:59:24] Context Switch: sppadmin -> __sppadmin__
[2026-04-30 05:59:24] Context Switch: __sppadmin__ -> __sppadmin__
[2026-04-30 05:59:24] Context Switch: __sppadmin__ -> lekhak
[2026-04-30 05:59:24] Context Switch: lekhak -> lekhak
[2026-04-30 05:59:26] Context Switch: lekhak -> __sppadmin__
[2026-04-30 05:59:41] Context Resolved: sppadmin | URI: /school1/sppadmin/api.php?action=system_update_run&appname=lekhak&csrf_token=6896ab83bb997cce10a11ddd019c6fe141ce934e75a08618ebbcb5853117b5d2&_ts=1777528780789 | Matched Pattern Len: 17
[2026-04-30 05:59:42] Context Switch: sppadmin -> sppadmin
[2026-04-30 05:59:42] Context Switch: sppadmin -> sppadmin
[2026-04-30 05:59:45] Context Switch: sppadmin -> default
[2026-04-30 05:59:45] Context Switch: default -> default
[2026-04-30 05:59:47] Context Switch: default -> default
[2026-04-30 05:59:48] Context Switch: default -> sppadmin
[2026-04-30 05:59:50] Context Switch: sppadmin -> __sppadmin__
[2026-04-30 05:59:50] Context Switch: __sppadmin__ -> __sppadmin__
[2026-04-30 05:59:50] Context Switch: __sppadmin__ -> lekhak
[2026-04-30 05:59:50] Context Switch: lekhak -> lekhak
[2026-04-30 05:59:53] Context Switch: lekhak -> __sppadmin__
[2026-04-30 06:00:22] Context Resolved: sppadmin | URI: /school1/sppadmin/ | Matched Pattern Len: 17
[2026-04-30 06:00:22] Context Switch: sppadmin -> sppadmin
[2026-04-30 06:00:22] Context Switch: sppadmin -> sppadmin
[2026-04-30 06:00:24] Context Switch: sppadmin -> default
[2026-04-30 06:00:24] Context Switch: default -> default
[2026-04-30 06:00:26] Context Switch: default -> default
[2026-04-30 06:00:27] Context Switch: default -> sppadmin
[2026-04-30 06:00:30] Context Resolved: sppadmin | URI: /school1/sppadmin/api.php?action=check_auth&appname=lekhak&_ts=1777528829993 | Matched Pattern Len: 17
[2026-04-30 06:00:30] Context Switch: sppadmin -> sppadmin
[2026-04-30 06:00:30] Context Switch: sppadmin -> sppadmin
[2026-04-30 06:00:34] Context Switch: sppadmin -> default
[2026-04-30 06:00:34] Context Switch: default -> default
[2026-04-30 06:00:37] Context Switch: default -> default
[2026-04-30 06:00:39] Context Switch: default -> sppadmin
[2026-04-30 06:00:48] Context Resolved: sppadmin | URI: /school1/sppadmin/api.php | Matched Pattern Len: 17
[2026-04-30 06:00:48] Context Switch: sppadmin -> sppadmin
[2026-04-30 06:00:48] Context Switch: sppadmin -> sppadmin
[2026-04-30 06:00:50] Context Switch: sppadmin -> default
[2026-04-30 06:00:50] Context Switch: default -> default
[2026-04-30 06:00:52] Context Switch: default -> default
[2026-04-30 06:00:54] Context Switch: default -> sppadmin
[2026-04-30 06:00:55] Context Resolved: sppadmin | URI: /school1/sppadmin/api.php?action=get_profile&appname=lekhak&csrf_token=6896ab83bb997cce10a11ddd019c6fe141ce934e75a08618ebbcb5853117b5d2&_ts=1777528855083 | Matched Pattern Len: 17
[2026-04-30 06:00:55] Context Resolved: sppadmin | URI: /school1/sppadmin/api.php?action=list_apps&appname=lekhak&csrf_token=6896ab83bb997cce10a11ddd019c6fe141ce934e75a08618ebbcb5853117b5d2&_ts=1777528855082 | Matched Pattern Len: 17
[2026-04-30 06:00:55] Context Switch: sppadmin -> sppadmin
[2026-04-30 06:00:55] Context Switch: sppadmin -> sppadmin
[2026-04-30 06:00:55] Context Switch: sppadmin -> sppadmin
[2026-04-30 06:00:55] Context Switch: sppadmin -> sppadmin
[2026-04-30 06:00:56] Context Switch: sppadmin -> default
[2026-04-30 06:00:56] Context Switch: default -> default
[2026-04-30 06:00:57] Context Switch: default -> default
[2026-04-30 06:00:57] Context Switch: sppadmin -> default
[2026-04-30 06:00:57] Context Switch: default -> default
[2026-04-30 06:00:57] Context Switch: default -> sppadmin
[2026-04-30 06:00:58] Context Switch: default -> default
[2026-04-30 06:01:00] Context Switch: default -> sppadmin
[2026-04-30 06:01:02] Context Switch: sppadmin -> __sppadmin__
[2026-04-30 06:01:02] Context Switch: __sppadmin__ -> __sppadmin__
[2026-04-30 06:01:02] Context Resolved: sppadmin | URI: /school1/sppadmin/api.php?action=get_bridge_info&appname=lekhak&csrf_token=6896ab83bb997cce10a11ddd019c6fe141ce934e75a08618ebbcb5853117b5d2&_ts=1777528862662 | Matched Pattern Len: 17
[2026-04-30 06:01:02] Context Resolved: sppadmin | URI: /school1/sppadmin/api.php?action=list_apps&appname=lekhak&csrf_token=6896ab83bb997cce10a11ddd019c6fe141ce934e75a08618ebbcb5853117b5d2&_ts=1777528862662 | Matched Pattern Len: 17
[2026-04-30 06:01:02] Context Resolved: sppadmin | URI: /school1/sppadmin/api.php?action=get_system_info&appname=lekhak&csrf_token=6896ab83bb997cce10a11ddd019c6fe141ce934e75a08618ebbcb5853117b5d2&_ts=1777528862662 | Matched Pattern Len: 17
[2026-04-30 06:01:02] Context Switch: sppadmin -> sppadmin
[2026-04-30 06:01:03] Context Switch: sppadmin -> sppadmin
[2026-04-30 06:01:03] Context Switch: sppadmin -> sppadmin
[2026-04-30 06:01:03] Context Switch: sppadmin -> sppadmin
[2026-04-30 06:01:03] Context Switch: sppadmin -> sppadmin
[2026-04-30 06:01:03] Context Switch: sppadmin -> sppadmin
[2026-04-30 06:01:03] Context Switch: sppadmin -> default
[2026-04-30 06:01:03] Context Switch: default -> default
[2026-04-30 06:01:03] Context Switch: sppadmin -> default
[2026-04-30 06:01:03] Context Switch: sppadmin -> default
[2026-04-30 06:01:03] Context Switch: default -> default
[2026-04-30 06:01:03] Context Switch: default -> default
[2026-04-30 06:01:04] Context Switch: default -> default
[2026-04-30 06:01:04] Context Switch: default -> default
[2026-04-30 06:01:04] Context Switch: default -> default
[2026-04-30 06:01:04] Context Switch: default -> sppadmin
[2026-04-30 06:01:04] Context Switch: default -> sppadmin
[2026-04-30 06:01:04] Context Switch: default -> sppadmin
[2026-04-30 06:01:05] Context Switch: sppadmin -> __sppadmin__
[2026-04-30 06:01:05] Context Switch: __sppadmin__ -> __sppadmin__
[2026-04-30 06:01:05] Context Switch: __sppadmin__ -> lekhak
[2026-04-30 06:01:05] Context Switch: sppadmin -> __sppadmin__
[2026-04-30 06:01:05] Context Switch: sppadmin -> __sppadmin__
[2026-04-30 06:01:05] Context Switch: lekhak -> lekhak
[2026-04-30 06:01:05] Context Switch: __sppadmin__ -> __sppadmin__
[2026-04-30 06:01:05] Context Switch: __sppadmin__ -> __sppadmin__
[2026-04-30 06:01:05] Context Switch: __sppadmin__ -> lekhak
[2026-04-30 06:01:05] Context Switch: lekhak -> lekhak
[2026-04-30 06:01:05] Context Switch: lekhak -> __sppadmin__
[2026-04-30 06:01:06] Context Switch: lekhak -> __sppadmin__
[2026-04-30 06:01:06] Context Switch: __sppadmin__ -> lekhak
[2026-04-30 06:01:08] Context Switch: lekhak -> __sppadmin__
[2026-04-30 06:01:08] Context Switch: __sppadmin__ -> lekhak
[2026-04-30 06:01:08] Context Switch: lekhak -> __sppadmin__
[2026-04-30 06:01:09] Context Resolved: sppadmin | URI: /school1/sppadmin/api.php?action=get_global_settings&appname=lekhak&csrf_token=6896ab83bb997cce10a11ddd019c6fe141ce934e75a08618ebbcb5853117b5d2&_ts=1777528868913 | Matched Pattern Len: 17
[2026-04-30 06:01:09] Context Switch: sppadmin -> sppadmin
[2026-04-30 06:01:09] Context Switch: sppadmin -> sppadmin
[2026-04-30 06:01:13] Context Switch: sppadmin -> default
[2026-04-30 06:01:13] Context Switch: default -> default
[2026-04-30 06:01:14] Context Switch: default -> default
[2026-04-30 06:01:16] Context Switch: default -> sppadmin
[2026-04-30 06:01:17] Context Switch: sppadmin -> __sppadmin__
[2026-04-30 06:01:17] Context Switch: __sppadmin__ -> __sppadmin__
[2026-04-30 06:01:26] Context Resolved: sppadmin | URI: /school1/sppadmin/api.php?action=system_update_list&appname=lekhak&csrf_token=6896ab83bb997cce10a11ddd019c6fe141ce934e75a08618ebbcb5853117b5d2&_ts=1777528885748 | Matched Pattern Len: 17
[2026-04-30 06:01:26] Context Switch: sppadmin -> sppadmin
[2026-04-30 06:01:26] Context Switch: sppadmin -> sppadmin
[2026-04-30 06:01:29] Context Switch: sppadmin -> default
[2026-04-30 06:01:29] Context Switch: default -> default
[2026-04-30 06:01:31] Context Switch: default -> default
[2026-04-30 06:01:33] Context Switch: default -> sppadmin
[2026-04-30 06:01:34] Context Switch: sppadmin -> __sppadmin__
[2026-04-30 06:01:34] Context Switch: __sppadmin__ -> __sppadmin__
[2026-04-30 06:01:34] Context Switch: __sppadmin__ -> lekhak
[2026-04-30 06:01:34] Context Switch: lekhak -> lekhak
[2026-04-30 06:01:36] Context Switch: lekhak -> __sppadmin__
[2026-04-30 06:08:13] Context Resolved: sppadmin | URI: /school1/sppadmin/api.php?action=list_apps&appname=lekhak&csrf_token=6896ab83bb997cce10a11ddd019c6fe141ce934e75a08618ebbcb5853117b5d2&_ts=1777529293113 | Matched Pattern Len: 17
[2026-04-30 06:08:13] Context Switch: sppadmin -> sppadmin
[2026-04-30 06:08:13] Context Switch: sppadmin -> sppadmin
[2026-04-30 06:08:18] Context Switch: sppadmin -> default
[2026-04-30 06:08:18] Context Switch: default -> default
[2026-04-30 06:08:20] Context Switch: default -> default
[2026-04-30 06:08:21] Context Switch: default -> sppadmin
[2026-04-30 06:08:23] Context Switch: sppadmin -> __sppadmin__
[2026-04-30 06:08:24] Context Switch: __sppadmin__ -> __sppadmin__
[2026-04-30 06:08:39] Context Resolved: sppadmin | URI: /school1/sppadmin/api.php?action=list_modules&appname=lekhak&csrf_token=6896ab83bb997cce10a11ddd019c6fe141ce934e75a08618ebbcb5853117b5d2&_ts=1777529318230 | Matched Pattern Len: 17
[2026-04-30 06:08:39] Context Switch: sppadmin -> sppadmin
[2026-04-30 06:08:39] Context Switch: sppadmin -> sppadmin
[2026-04-30 06:08:43] Context Switch: sppadmin -> default
[2026-04-30 06:08:43] Context Switch: default -> default
[2026-04-30 06:08:45] Context Switch: default -> default
[2026-04-30 06:08:48] Context Switch: default -> sppadmin
[2026-04-30 06:08:49] Context Switch: sppadmin -> __sppadmin__
[2026-04-30 06:08:49] Context Switch: __sppadmin__ -> __sppadmin__
[2026-04-30 06:08:52] Context Switch: __sppadmin__ -> lekhak
[2026-04-30 06:08:52] Context Switch: lekhak -> lekhak
[2026-04-30 06:08:54] Context Switch: lekhak -> lekhak
[2026-04-30 06:09:02] Context Resolved: sppadmin | URI: /school1/sppadmin/api.php?action=get_module_config_raw&modname=sppdb&appname=lekhak&csrf_token=6896ab83bb997cce10a11ddd019c6fe141ce934e75a08618ebbcb5853117b5d2&_ts=1777529341561 | Matched Pattern Len: 17
[2026-04-30 06:09:02] Context Resolved: sppadmin | URI: /school1/sppadmin/api.php?action=get_module_config&modname=sppdb&appname=lekhak&csrf_token=6896ab83bb997cce10a11ddd019c6fe141ce934e75a08618ebbcb5853117b5d2&_ts=1777529341561 | Matched Pattern Len: 17
[2026-04-30 06:09:02] Context Switch: sppadmin -> sppadmin
[2026-04-30 06:09:02] Context Switch: sppadmin -> sppadmin
[2026-04-30 06:09:02] Context Switch: sppadmin -> sppadmin
[2026-04-30 06:09:02] Context Switch: sppadmin -> sppadmin
[2026-04-30 06:09:04] Context Switch: sppadmin -> default
[2026-04-30 06:09:04] Context Switch: default -> default
[2026-04-30 06:09:04] Context Switch: sppadmin -> default
[2026-04-30 06:09:04] Context Switch: default -> default
[2026-04-30 06:09:05] Context Switch: default -> default
[2026-04-30 06:09:06] Context Switch: default -> sppadmin
[2026-04-30 06:09:07] Context Switch: default -> default
[2026-04-30 06:09:07] Context Switch: sppadmin -> __sppadmin__
[2026-04-30 06:09:07] Context Switch: __sppadmin__ -> __sppadmin__
[2026-04-30 06:09:07] Context Switch: __sppadmin__ -> lekhak
[2026-04-30 06:09:07] Context Switch: lekhak -> lekhak
[2026-04-30 06:09:08] Context Switch: lekhak -> lekhak
[2026-04-30 06:09:09] Context Switch: default -> sppadmin
[2026-04-30 06:09:10] Context Switch: sppadmin -> __sppadmin__
[2026-04-30 06:09:10] Context Switch: __sppadmin__ -> __sppadmin__
[2026-04-30 06:09:10] Context Switch: __sppadmin__ -> lekhak
[2026-04-30 06:09:11] Context Switch: lekhak -> lekhak
[2026-04-30 06:09:13] Context Switch: lekhak -> lekhak
[2026-04-30 06:10:07] Context Resolved: sppadmin | URI: /school1/sppadmin/api.php | Matched Pattern Len: 17
[2026-04-30 06:10:07] Context Switch: sppadmin -> sppadmin
[2026-04-30 06:10:07] Context Switch: sppadmin -> sppadmin
[2026-04-30 06:10:12] Context Switch: sppadmin -> default
[2026-04-30 06:10:12] Context Switch: default -> default
[2026-04-30 06:10:15] Context Switch: default -> default
[2026-04-30 06:10:17] Context Switch: default -> sppadmin
[2026-04-30 06:10:18] Context Switch: sppadmin -> __sppadmin__
[2026-04-30 06:10:18] Context Switch: __sppadmin__ -> __sppadmin__
[2026-04-30 06:10:18] Context Switch: __sppadmin__ -> lekhak
[2026-04-30 06:10:18] Context Switch: lekhak -> lekhak
[2026-04-30 06:10:20] Context Switch: lekhak -> lekhak
[2026-04-30 06:11:14] Context Resolved: sppadmin | URI: /school1/sppadmin/api.php?action=get_system_info&appname=lekhak&csrf_token=6896ab83bb997cce10a11ddd019c6fe141ce934e75a08618ebbcb5853117b5d2&_ts=1777529474005 | Matched Pattern Len: 17
[2026-04-30 06:11:14] Context Resolved: sppadmin | URI: /school1/sppadmin/api.php?action=list_apps&appname=lekhak&csrf_token=6896ab83bb997cce10a11ddd019c6fe141ce934e75a08618ebbcb5853117b5d2&_ts=1777529474005 | Matched Pattern Len: 17
[2026-04-30 06:11:14] Context Resolved: sppadmin | URI: /school1/sppadmin/api.php?action=get_bridge_info&appname=lekhak&csrf_token=6896ab83bb997cce10a11ddd019c6fe141ce934e75a08618ebbcb5853117b5d2&_ts=1777529474005 | Matched Pattern Len: 17
[2026-04-30 06:11:14] Context Switch: sppadmin -> sppadmin
[2026-04-30 06:11:14] Context Switch: sppadmin -> sppadmin
[2026-04-30 06:11:14] Context Switch: sppadmin -> sppadmin
[2026-04-30 06:11:14] Context Switch: sppadmin -> sppadmin
[2026-04-30 06:11:14] Context Switch: sppadmin -> sppadmin
[2026-04-30 06:11:14] Context Switch: sppadmin -> sppadmin
[2026-04-30 06:11:15] Context Switch: sppadmin -> default
[2026-04-30 06:11:15] Context Switch: default -> default
[2026-04-30 06:11:16] Context Switch: sppadmin -> default
[2026-04-30 06:11:16] Context Switch: sppadmin -> default
[2026-04-30 06:11:16] Context Switch: default -> default
[2026-04-30 06:11:16] Context Switch: default -> default
[2026-04-30 06:11:16] Context Switch: default -> default
[2026-04-30 06:11:17] Context Switch: default -> default
[2026-04-30 06:11:17] Context Switch: default -> default
[2026-04-30 06:11:17] Context Switch: default -> sppadmin
[2026-04-30 06:11:17] Context Switch: default -> sppadmin
[2026-04-30 06:11:17] Context Switch: default -> sppadmin
[2026-04-30 06:11:18] Context Switch: sppadmin -> __sppadmin__
[2026-04-30 06:11:18] Context Switch: __sppadmin__ -> __sppadmin__
[2026-04-30 06:11:18] Context Switch: sppadmin -> __sppadmin__
[2026-04-30 06:11:18] Context Switch: sppadmin -> __sppadmin__
[2026-04-30 06:11:18] Context Switch: __sppadmin__ -> lekhak
[2026-04-30 06:11:18] Context Switch: lekhak -> lekhak
[2026-04-30 06:11:18] Context Switch: __sppadmin__ -> __sppadmin__
[2026-04-30 06:11:18] Context Switch: __sppadmin__ -> __sppadmin__
[2026-04-30 06:11:18] Context Switch: __sppadmin__ -> lekhak
[2026-04-30 06:11:18] Context Switch: lekhak -> lekhak
[2026-04-30 06:11:19] Context Switch: lekhak -> __sppadmin__
[2026-04-30 06:11:19] Context Switch: __sppadmin__ -> lekhak
[2026-04-30 06:11:19] Context Switch: lekhak -> __sppadmin__
[2026-04-30 06:11:20] Context Switch: lekhak -> __sppadmin__
[2026-04-30 06:11:20] Context Switch: __sppadmin__ -> lekhak
[2026-04-30 06:11:20] Context Switch: lekhak -> __sppadmin__
[2026-04-30 06:11:21] Context Resolved: sppadmin | URI: /school1/sppadmin/api.php?action=get_global_settings&appname=lekhak&csrf_token=6896ab83bb997cce10a11ddd019c6fe141ce934e75a08618ebbcb5853117b5d2&_ts=1777529480550 | Matched Pattern Len: 17
[2026-04-30 06:11:21] Context Switch: sppadmin -> sppadmin
[2026-04-30 06:11:21] Context Switch: sppadmin -> sppadmin
[2026-04-30 06:11:23] Context Switch: sppadmin -> default
[2026-04-30 06:11:23] Context Switch: default -> default
[2026-04-30 06:11:24] Context Switch: default -> default
[2026-04-30 06:11:26] Context Switch: default -> sppadmin
[2026-04-30 06:11:27] Context Switch: sppadmin -> __sppadmin__
[2026-04-30 06:11:27] Context Switch: __sppadmin__ -> __sppadmin__
[2026-04-30 06:11:33] Context Resolved: sppadmin | URI: /school1/sppadmin/api.php?action=system_update_list&appname=lekhak&csrf_token=6896ab83bb997cce10a11ddd019c6fe141ce934e75a08618ebbcb5853117b5d2&_ts=1777529492807 | Matched Pattern Len: 17
[2026-04-30 06:11:33] Context Switch: sppadmin -> sppadmin
[2026-04-30 06:11:33] Context Switch: sppadmin -> sppadmin
[2026-04-30 06:11:38] Context Switch: sppadmin -> default
[2026-04-30 06:11:38] Context Switch: default -> default
[2026-04-30 06:11:41] Context Switch: default -> default
[2026-04-30 06:11:43] Context Switch: default -> sppadmin
[2026-04-30 06:11:46] Context Switch: sppadmin -> __sppadmin__
[2026-04-30 06:11:46] Context Switch: __sppadmin__ -> __sppadmin__
[2026-04-30 06:11:46] Context Switch: __sppadmin__ -> lekhak
[2026-04-30 06:11:46] Context Switch: lekhak -> lekhak
[2026-04-30 06:11:49] Context Switch: lekhak -> __sppadmin__
[2026-04-30 06:11:57] Context Resolved: sppadmin | URI: /school1/sppadmin/api.php?action=system_update_run&appname=lekhak&csrf_token=6896ab83bb997cce10a11ddd019c6fe141ce934e75a08618ebbcb5853117b5d2&_ts=1777529516265 | Matched Pattern Len: 17
[2026-04-30 06:11:57] Context Switch: sppadmin -> sppadmin
[2026-04-30 06:11:57] Context Switch: sppadmin -> sppadmin
[2026-04-30 06:12:01] Context Switch: sppadmin -> default
[2026-04-30 06:12:01] Context Switch: default -> default
[2026-04-30 06:12:03] Context Switch: default -> default
[2026-04-30 06:12:05] Context Switch: default -> sppadmin
[2026-04-30 06:12:06] Context Switch: sppadmin -> __sppadmin__
[2026-04-30 06:12:06] Context Switch: __sppadmin__ -> __sppadmin__
[2026-04-30 06:12:06] Context Switch: __sppadmin__ -> lekhak
[2026-04-30 06:12:06] Context Switch: lekhak -> lekhak
[2026-04-30 06:12:19] Context Switch: lekhak -> __sppadmin__
[2026-04-30 06:12:32] Context Resolved: sppadmin | URI: /school1/sppadmin/ | Matched Pattern Len: 17
[2026-04-30 06:12:32] Context Switch: sppadmin -> sppadmin
[2026-04-30 06:12:32] Context Switch: sppadmin -> sppadmin
[2026-04-30 06:12:38] Context Switch: sppadmin -> default
[2026-04-30 06:12:38] Context Switch: default -> default
[2026-04-30 06:12:40] Context Switch: default -> default
[2026-04-30 06:12:42] Context Switch: default -> sppadmin
[2026-04-30 06:12:44] Context Resolved: sppadmin | URI: /school1/sppadmin/api.php?action=check_auth&appname=lekhak&_ts=1777529564770 | Matched Pattern Len: 17
[2026-04-30 06:12:45] Context Switch: sppadmin -> sppadmin
[2026-04-30 06:12:45] Context Switch: sppadmin -> sppadmin
[2026-04-30 06:12:46] Context Switch: sppadmin -> default
[2026-04-30 06:12:46] Context Switch: default -> default
[2026-04-30 06:12:47] Context Switch: default -> default
[2026-04-30 06:12:48] Context Switch: default -> sppadmin
[2026-04-30 06:13:40] Context Resolved: sppadmin | URI: /school1/sppadmin/api.php | Matched Pattern Len: 17
[2026-04-30 06:13:40] Context Switch: sppadmin -> sppadmin
[2026-04-30 06:13:40] Context Switch: sppadmin -> sppadmin
[2026-04-30 06:13:45] Context Switch: sppadmin -> default
[2026-04-30 06:13:45] Context Switch: default -> default
[2026-04-30 06:13:47] Context Switch: default -> default
[2026-04-30 06:13:50] Context Switch: default -> sppadmin
[2026-04-30 06:13:53] Context Resolved: sppadmin | URI: /school1/sppadmin/api.php?action=list_apps&appname=lekhak&csrf_token=6896ab83bb997cce10a11ddd019c6fe141ce934e75a08618ebbcb5853117b5d2&_ts=1777529633035 | Matched Pattern Len: 17
[2026-04-30 06:13:53] Context Resolved: sppadmin | URI: /school1/sppadmin/api.php?action=get_profile&appname=lekhak&csrf_token=6896ab83bb997cce10a11ddd019c6fe141ce934e75a08618ebbcb5853117b5d2&_ts=1777529633036 | Matched Pattern Len: 17
[2026-04-30 06:13:53] Context Switch: sppadmin -> sppadmin
[2026-04-30 06:13:53] Context Switch: sppadmin -> sppadmin
[2026-04-30 06:13:53] Context Switch: sppadmin -> sppadmin
[2026-04-30 06:13:53] Context Switch: sppadmin -> sppadmin
[2026-04-30 06:13:54] Context Switch: sppadmin -> default
[2026-04-30 06:13:54] Context Switch: sppadmin -> default
[2026-04-30 06:13:54] Context Switch: default -> default
[2026-04-30 06:13:54] Context Switch: default -> default
[2026-04-30 06:13:56] Context Switch: default -> default
[2026-04-30 06:13:56] Context Switch: default -> default
[2026-04-30 06:13:57] Context Switch: default -> sppadmin
[2026-04-30 06:13:57] Context Switch: default -> sppadmin
[2026-04-30 06:13:58] Context Switch: sppadmin -> __sppadmin__
[2026-04-30 06:13:58] Context Switch: __sppadmin__ -> __sppadmin__
[2026-04-30 06:13:59] Context Resolved: sppadmin | URI: /school1/sppadmin/api.php?action=list_apps&appname=lekhak&csrf_token=6896ab83bb997cce10a11ddd019c6fe141ce934e75a08618ebbcb5853117b5d2&_ts=1777529638889 | Matched Pattern Len: 17
[2026-04-30 06:13:59] Context Resolved: sppadmin | URI: /school1/sppadmin/api.php?action=get_bridge_info&appname=lekhak&csrf_token=6896ab83bb997cce10a11ddd019c6fe141ce934e75a08618ebbcb5853117b5d2&_ts=1777529638889 | Matched Pattern Len: 17
[2026-04-30 06:13:59] Context Resolved: sppadmin | URI: /school1/sppadmin/api.php?action=get_system_info&appname=lekhak&csrf_token=6896ab83bb997cce10a11ddd019c6fe141ce934e75a08618ebbcb5853117b5d2&_ts=1777529638888 | Matched Pattern Len: 17
[2026-04-30 06:13:59] Context Switch: sppadmin -> sppadmin
[2026-04-30 06:13:59] Context Switch: sppadmin -> sppadmin
[2026-04-30 06:13:59] Context Switch: sppadmin -> sppadmin
[2026-04-30 06:13:59] Context Switch: sppadmin -> sppadmin
[2026-04-30 06:13:59] Context Switch: sppadmin -> sppadmin
[2026-04-30 06:13:59] Context Switch: sppadmin -> sppadmin
[2026-04-30 06:14:00] Context Switch: sppadmin -> default
[2026-04-30 06:14:00] Context Switch: default -> default
[2026-04-30 06:14:01] Context Switch: sppadmin -> default
[2026-04-30 06:14:01] Context Switch: default -> default
[2026-04-30 06:14:01] Context Switch: sppadmin -> default
[2026-04-30 06:14:01] Context Switch: default -> default
[2026-04-30 06:14:01] Context Switch: default -> default
[2026-04-30 06:14:02] Context Switch: default -> default
[2026-04-30 06:14:02] Context Switch: default -> default
[2026-04-30 06:14:02] Context Switch: default -> sppadmin
[2026-04-30 06:14:02] Context Switch: default -> sppadmin
[2026-04-30 06:14:02] Context Switch: default -> sppadmin
[2026-04-30 06:14:03] Context Switch: sppadmin -> __sppadmin__
[2026-04-30 06:14:03] Context Switch: __sppadmin__ -> __sppadmin__
[2026-04-30 06:14:03] Context Switch: sppadmin -> __sppadmin__
[2026-04-30 06:14:03] Context Switch: sppadmin -> __sppadmin__
[2026-04-30 06:14:03] Context Switch: __sppadmin__ -> __sppadmin__
[2026-04-30 06:14:03] Context Switch: __sppadmin__ -> __sppadmin__
[2026-04-30 06:14:03] Context Switch: __sppadmin__ -> lekhak
[2026-04-30 06:14:03] Context Switch: __sppadmin__ -> lekhak
[2026-04-30 06:14:03] Context Switch: lekhak -> lekhak
[2026-04-30 06:14:03] Context Switch: lekhak -> lekhak
[2026-04-30 06:14:04] Context Switch: lekhak -> __sppadmin__
[2026-04-30 06:14:04] Context Switch: lekhak -> __sppadmin__
[2026-04-30 06:14:04] Context Switch: __sppadmin__ -> lekhak
[2026-04-30 06:14:05] Context Switch: lekhak -> __sppadmin__
[2026-04-30 06:14:05] Context Switch: __sppadmin__ -> lekhak
[2026-04-30 06:14:05] Context Switch: lekhak -> __sppadmin__
[2026-04-30 06:14:06] Context Resolved: sppadmin | URI: /school1/sppadmin/api.php?action=get_global_settings&appname=lekhak&csrf_token=6896ab83bb997cce10a11ddd019c6fe141ce934e75a08618ebbcb5853117b5d2&_ts=1777529645526 | Matched Pattern Len: 17
[2026-04-30 06:14:06] Context Switch: sppadmin -> sppadmin
[2026-04-30 06:14:06] Context Switch: sppadmin -> sppadmin
[2026-04-30 06:14:08] Context Switch: sppadmin -> default
[2026-04-30 06:14:08] Context Switch: default -> default
[2026-04-30 06:14:09] Context Switch: default -> default
[2026-04-30 06:14:10] Context Switch: default -> sppadmin
[2026-04-30 06:14:11] Context Switch: sppadmin -> __sppadmin__
[2026-04-30 06:14:11] Context Switch: __sppadmin__ -> __sppadmin__
[2026-04-30 06:17:10] Context Resolved: sppadmin | URI: /school1/sppadmin/api.php?action=list_apps&appname=lekhak&csrf_token=6896ab83bb997cce10a11ddd019c6fe141ce934e75a08618ebbcb5853117b5d2&_ts=1777529830169 | Matched Pattern Len: 17
[2026-04-30 06:17:10] Context Switch: sppadmin -> sppadmin
[2026-04-30 06:17:11] Context Switch: sppadmin -> sppadmin
[2026-04-30 06:17:16] Context Switch: sppadmin -> default
[2026-04-30 06:17:16] Context Switch: default -> default
[2026-04-30 06:17:18] Context Switch: default -> default
[2026-04-30 06:17:21] Context Switch: default -> sppadmin
[2026-04-30 06:17:23] Context Switch: sppadmin -> __sppadmin__
[2026-04-30 06:17:23] Context Switch: __sppadmin__ -> __sppadmin__
[2026-04-30 06:17:33] Context Resolved: sppadmin | URI: /school1/sppadmin/api.php?action=get_system_info&appname=lekhak&csrf_token=6896ab83bb997cce10a11ddd019c6fe141ce934e75a08618ebbcb5853117b5d2&_ts=1777529853588 | Matched Pattern Len: 17
[2026-04-30 06:17:33] Context Resolved: sppadmin | URI: /school1/sppadmin/api.php?action=list_apps&appname=lekhak&csrf_token=6896ab83bb997cce10a11ddd019c6fe141ce934e75a08618ebbcb5853117b5d2&_ts=1777529853589 | Matched Pattern Len: 17
[2026-04-30 06:17:33] Context Resolved: sppadmin | URI: /school1/sppadmin/api.php?action=get_bridge_info&appname=lekhak&csrf_token=6896ab83bb997cce10a11ddd019c6fe141ce934e75a08618ebbcb5853117b5d2&_ts=1777529853589 | Matched Pattern Len: 17
[2026-04-30 06:17:34] Context Switch: sppadmin -> sppadmin
[2026-04-30 06:17:34] Context Switch: sppadmin -> sppadmin
[2026-04-30 06:17:34] Context Switch: sppadmin -> sppadmin
[2026-04-30 06:17:34] Context Switch: sppadmin -> sppadmin
[2026-04-30 06:17:34] Context Switch: sppadmin -> sppadmin
[2026-04-30 06:17:34] Context Switch: sppadmin -> sppadmin
[2026-04-30 06:17:35] Context Switch: sppadmin -> default
[2026-04-30 06:17:35] Context Switch: sppadmin -> default
[2026-04-30 06:17:35] Context Switch: default -> default
[2026-04-30 06:17:35] Context Switch: default -> default
[2026-04-30 06:17:35] Context Switch: sppadmin -> default
[2026-04-30 06:17:35] Context Switch: default -> default
[2026-04-30 06:17:35] Context Switch: default -> default
[2026-04-30 06:17:35] Context Switch: default -> default
[2026-04-30 06:17:36] Context Switch: default -> sppadmin
[2026-04-30 06:17:36] Context Switch: default -> sppadmin
[2026-04-30 06:17:36] Context Switch: default -> default
[2026-04-30 06:17:37] Context Switch: sppadmin -> __sppadmin__
[2026-04-30 06:17:37] Context Switch: sppadmin -> __sppadmin__
[2026-04-30 06:17:37] Context Switch: __sppadmin__ -> __sppadmin__
[2026-04-30 06:17:37] Context Switch: __sppadmin__ -> __sppadmin__
[2026-04-30 06:17:37] Context Switch: __sppadmin__ -> lekhak
[2026-04-30 06:17:37] Context Switch: __sppadmin__ -> lekhak
[2026-04-30 06:17:37] Context Switch: lekhak -> lekhak
[2026-04-30 06:17:37] Context Switch: lekhak -> lekhak
[2026-04-30 06:17:37] Context Switch: lekhak -> __sppadmin__
[2026-04-30 06:17:37] Context Switch: lekhak -> __sppadmin__
[2026-04-30 06:17:37] Context Switch: __sppadmin__ -> lekhak
[2026-04-30 06:17:38] Context Switch: default -> sppadmin
[2026-04-30 06:17:39] Context Switch: lekhak -> __sppadmin__
[2026-04-30 06:17:39] Context Switch: __sppadmin__ -> lekhak
[2026-04-30 06:17:39] Context Switch: lekhak -> __sppadmin__
[2026-04-30 06:17:39] Context Switch: sppadmin -> __sppadmin__
[2026-04-30 06:17:39] Context Switch: __sppadmin__ -> __sppadmin__
[2026-04-30 06:17:40] Context Resolved: sppadmin | URI: /school1/sppadmin/api.php?action=get_global_settings&appname=lekhak&csrf_token=6896ab83bb997cce10a11ddd019c6fe141ce934e75a08618ebbcb5853117b5d2&_ts=1777529860343 | Matched Pattern Len: 17
[2026-04-30 06:17:41] Context Switch: sppadmin -> sppadmin
[2026-04-30 06:17:41] Context Switch: sppadmin -> sppadmin
[2026-04-30 06:17:45] Context Switch: sppadmin -> default
[2026-04-30 06:17:45] Context Switch: default -> default
[2026-04-30 06:17:48] Context Switch: default -> default
[2026-04-30 06:17:50] Context Switch: default -> sppadmin
[2026-04-30 06:17:52] Context Switch: sppadmin -> __sppadmin__
[2026-04-30 06:17:52] Context Switch: __sppadmin__ -> __sppadmin__
[2026-04-30 06:18:10] Context Resolved: sppadmin | URI: /school1/sppadmin/api.php?action=get_config_all&appname=lekhak&csrf_token=6896ab83bb997cce10a11ddd019c6fe141ce934e75a08618ebbcb5853117b5d2&_ts=1777529890218 | Matched Pattern Len: 17
[2026-04-30 06:18:10] Context Switch: sppadmin -> sppadmin
[2026-04-30 06:18:10] Context Switch: sppadmin -> sppadmin
[2026-04-30 06:18:14] Context Switch: sppadmin -> default
[2026-04-30 06:18:14] Context Switch: default -> default
[2026-04-30 06:18:16] Context Switch: default -> default
[2026-04-30 06:18:18] Context Switch: default -> sppadmin
[2026-04-30 06:18:20] Context Switch: sppadmin -> __sppadmin__
[2026-04-30 06:18:20] Context Switch: __sppadmin__ -> __sppadmin__
[2026-04-30 06:18:44] Context Resolved: sppadmin | URI: /school1/sppadmin/api.php?action=get_parikshak_trace&appname=lekhak&csrf_token=6896ab83bb997cce10a11ddd019c6fe141ce934e75a08618ebbcb5853117b5d2&_ts=1777529924104 | Matched Pattern Len: 17
[2026-04-30 06:18:44] Context Resolved: sppadmin | URI: /school1/sppadmin/api.php?action=get_event_trace&appname=lekhak&csrf_token=6896ab83bb997cce10a11ddd019c6fe141ce934e75a08618ebbcb5853117b5d2&_ts=1777529924104 | Matched Pattern Len: 17
[2026-04-30 06:18:44] Context Switch: sppadmin -> sppadmin
[2026-04-30 06:18:44] Context Switch: sppadmin -> sppadmin
[2026-04-30 06:18:44] Context Switch: sppadmin -> sppadmin
[2026-04-30 06:18:44] Context Switch: sppadmin -> sppadmin
[2026-04-30 06:18:46] Context Switch: sppadmin -> default
[2026-04-30 06:18:46] Context Switch: default -> default
[2026-04-30 06:18:46] Context Switch: sppadmin -> default
[2026-04-30 06:18:46] Context Switch: default -> default
[2026-04-30 06:18:46] Context Switch: default -> default
[2026-04-30 06:18:47] Context Switch: default -> sppadmin
[2026-04-30 06:18:48] Context Switch: default -> default
[2026-04-30 06:18:48] Context Switch: sppadmin -> __sppadmin__
[2026-04-30 06:18:49] Context Switch: __sppadmin__ -> __sppadmin__
[2026-04-30 06:18:50] Context Switch: default -> sppadmin
[2026-04-30 06:18:52] Context Switch: sppadmin -> __sppadmin__
[2026-04-30 06:18:52] Context Switch: __sppadmin__ -> __sppadmin__
[2026-04-30 06:19:45] Context Resolved: sppadmin | URI: /school1/sppadmin/api.php?action=get_di_bindings&appname=lekhak&csrf_token=6896ab83bb997cce10a11ddd019c6fe141ce934e75a08618ebbcb5853117b5d2&_ts=1777529984980 | Matched Pattern Len: 17
[2026-04-30 06:19:45] Context Switch: sppadmin -> sppadmin
[2026-04-30 06:19:45] Context Switch: sppadmin -> sppadmin
[2026-04-30 06:19:47] Context Switch: sppadmin -> default
[2026-04-30 06:19:47] Context Switch: default -> default
[2026-04-30 06:19:48] Context Switch: default -> default
[2026-04-30 06:19:51] Context Switch: default -> sppadmin
[2026-04-30 06:19:52] Context Switch: sppadmin -> __sppadmin__
[2026-04-30 06:19:52] Context Switch: __sppadmin__ -> __sppadmin__
[2026-04-30 06:19:52] Context Switch: __sppadmin__ -> lekhak
[2026-04-30 06:19:52] Context Switch: lekhak -> lekhak
[2026-04-30 06:19:53] Context Switch: lekhak -> lekhak
[2026-04-30 06:20:11] Context Resolved: sppadmin | URI: /school1/sppadmin/api.php?action=get_di_bindings&appname=lekhak&csrf_token=6896ab83bb997cce10a11ddd019c6fe141ce934e75a08618ebbcb5853117b5d2&_ts=1777530010747 | Matched Pattern Len: 17
[2026-04-30 06:20:11] Context Switch: sppadmin -> sppadmin
[2026-04-30 06:20:11] Context Switch: sppadmin -> sppadmin
[2026-04-30 06:20:14] Context Switch: sppadmin -> default
[2026-04-30 06:20:14] Context Switch: default -> default
[2026-04-30 06:20:16] Context Switch: default -> default
[2026-04-30 06:20:18] Context Switch: default -> sppadmin
[2026-04-30 06:20:19] Context Switch: sppadmin -> __sppadmin__
[2026-04-30 06:20:19] Context Switch: __sppadmin__ -> __sppadmin__
[2026-04-30 06:20:19] Context Switch: __sppadmin__ -> lekhak
[2026-04-30 06:20:19] Context Switch: lekhak -> lekhak
[2026-04-30 06:20:21] Context Switch: lekhak -> lekhak
[2026-04-30 06:22:57] Context Resolved: sppadmin | URI: /school1/sppadmin/api.php?action=get_di_bindings&appname=lekhak&csrf_token=6896ab83bb997cce10a11ddd019c6fe141ce934e75a08618ebbcb5853117b5d2&_ts=1777530176331 | Matched Pattern Len: 17
[2026-04-30 06:22:57] Context Switch: sppadmin -> sppadmin
[2026-04-30 06:22:57] Context Switch: sppadmin -> sppadmin
[2026-04-30 06:23:00] Context Switch: sppadmin -> default
[2026-04-30 06:23:00] Context Switch: default -> default
[2026-04-30 06:23:01] Context Switch: default -> default
[2026-04-30 06:23:03] Context Switch: default -> sppadmin
[2026-04-30 06:23:04] Context Switch: sppadmin -> __sppadmin__
[2026-04-30 06:23:04] Context Switch: __sppadmin__ -> __sppadmin__
[2026-04-30 06:23:04] Context Switch: __sppadmin__ -> lekhak
[2026-04-30 06:23:05] Context Switch: lekhak -> lekhak
[2026-04-30 06:23:06] Context Switch: lekhak -> lekhak
[2026-04-30 06:23:11] Context Resolved: sppadmin | URI: /school1/sppadmin/api.php?action=get_config_all&appname=lekhak&csrf_token=6896ab83bb997cce10a11ddd019c6fe141ce934e75a08618ebbcb5853117b5d2&_ts=1777530191428 | Matched Pattern Len: 17
[2026-04-30 06:23:11] Context Switch: sppadmin -> sppadmin
[2026-04-30 06:23:11] Context Switch: sppadmin -> sppadmin
[2026-04-30 06:23:14] Context Switch: sppadmin -> default
[2026-04-30 06:23:14] Context Switch: default -> default
[2026-04-30 06:23:17] Context Switch: default -> default
[2026-04-30 06:23:19] Context Switch: default -> sppadmin
[2026-04-30 06:23:20] Context Switch: sppadmin -> __sppadmin__
[2026-04-30 06:23:20] Context Switch: __sppadmin__ -> __sppadmin__
[2026-04-30 06:23:27] Context Resolved: sppadmin | URI: /school1/sppadmin/api.php?action=get_di_bindings&appname=lekhak&csrf_token=6896ab83bb997cce10a11ddd019c6fe141ce934e75a08618ebbcb5853117b5d2&_ts=1777530206774 | Matched Pattern Len: 17
[2026-04-30 06:23:27] Context Switch: sppadmin -> sppadmin
[2026-04-30 06:23:27] Context Switch: sppadmin -> sppadmin
[2026-04-30 06:23:31] Context Switch: sppadmin -> default
[2026-04-30 06:23:31] Context Switch: default -> default
[2026-04-30 06:23:33] Context Switch: default -> default
[2026-04-30 06:23:35] Context Switch: default -> sppadmin
[2026-04-30 06:23:37] Context Switch: sppadmin -> __sppadmin__
[2026-04-30 06:23:37] Context Switch: __sppadmin__ -> __sppadmin__
[2026-04-30 06:23:37] Context Switch: __sppadmin__ -> lekhak
[2026-04-30 06:23:37] Context Switch: lekhak -> lekhak
[2026-04-30 06:23:38] Context Switch: lekhak -> lekhak
[2026-04-30 08:32:34] Context Resolved: default | URI: / | Matched Pattern Len: 1
[2026-04-30 08:32:34] Context Switch: default -> default
[2026-04-30 08:32:34] Context Switch: default -> default
[2026-04-30 08:32:34] Context Switch: default -> default
[2026-04-30 08:33:04] Context Resolved: default | URI: / | Matched Pattern Len: 1
[2026-04-30 08:33:04] Context Switch: default -> default
[2026-04-30 08:33:04] Context Switch: default -> default
[2026-04-30 08:33:04] Context Switch: default -> default
[2026-04-30 08:33:33] Context Resolved: default | URI: / | Matched Pattern Len: 1
[2026-04-30 08:33:33] Context Switch: default -> default
[2026-04-30 08:33:33] Context Switch: default -> default
[2026-04-30 08:33:33] Context Switch: default -> default
[2026-04-30 08:40:05] Context Resolved: default | URI: / | Matched Pattern Len: 1
[2026-04-30 08:40:05] Context Switch: default -> default
[2026-04-30 08:40:05] Context Switch: default -> default
[2026-04-30 08:40:05] Context Switch: default -> default
[2026-04-30 08:40:28] Context Resolved: default | URI: / | Matched Pattern Len: 1
[2026-04-30 08:40:28] Context Switch: default -> default
[2026-04-30 08:40:28] Context Switch: default -> default
[2026-04-30 08:40:28] Context Switch: default -> default
[2026-04-30 08:43:12] Context Resolved: default | URI: / | Matched Pattern Len: 1
[2026-04-30 08:43:12] Context Switch: default -> default
[2026-04-30 08:43:12] Context Switch: default -> default
[2026-04-30 08:43:12] Context Switch: default -> default
[2026-04-30 08:45:32] Context Resolved: default | URI: / | Matched Pattern Len: 1
[2026-04-30 08:45:32] Context Switch: default -> default
[2026-04-30 08:45:32] Context Switch: default -> default
[2026-04-30 08:45:33] Context Switch: default -> default
[2026-04-30 08:45:50] Context Resolved: default | URI: / | Matched Pattern Len: 1
[2026-04-30 08:45:50] Context Switch: default -> default
[2026-04-30 08:45:50] Context Switch: default -> default
[2026-04-30 08:45:50] Context Switch: default -> default
[2026-04-30 08:46:09] Context Resolved: default | URI: / | Matched Pattern Len: 1
[2026-04-30 08:46:09] Context Switch: default -> default
[2026-04-30 08:46:09] Context Switch: default -> default
[2026-04-30 08:46:09] Context Switch: default -> default
[2026-04-30 08:47:02] Context Resolved: default | URI: / | Matched Pattern Len: 1
[2026-04-30 08:47:02] Context Switch: default -> default
[2026-04-30 08:47:02] Context Switch: default -> default
[2026-04-30 08:47:02] Context Switch: default -> default
[2026-04-30 08:47:17] Context Resolved: default | URI: / | Matched Pattern Len: 1
[2026-04-30 08:47:17] Context Switch: default -> default
[2026-04-30 08:47:17] Context Switch: default -> default
[2026-04-30 08:47:17] Context Switch: default -> default
[2026-04-30 08:48:03] Context Resolved: default | URI: / | Matched Pattern Len: 1
[2026-04-30 08:48:03] Context Switch: default -> default
[2026-04-30 08:48:03] Context Switch: default -> default
[2026-04-30 08:48:25] Context Resolved: default | URI: / | Matched Pattern Len: 1
[2026-04-30 08:48:25] Context Switch: default -> default
[2026-04-30 08:48:25] Context Switch: default -> default
[2026-04-30 08:48:38] Context Resolved: default | URI: / | Matched Pattern Len: 1
[2026-04-30 08:48:38] Context Switch: default -> default
[2026-04-30 08:48:38] Context Switch: default -> default
[2026-04-30 08:48:38] Context Switch: default -> default
[2026-04-30 08:48:53] Context Resolved: default | URI: / | Matched Pattern Len: 1
[2026-04-30 08:48:53] Context Switch: default -> default
[2026-04-30 08:48:53] Context Switch: default -> default
[2026-04-30 08:48:53] Context Switch: default -> default
[2026-04-30 08:49:39] Context Resolved: default | URI: / | Matched Pattern Len: 1
[2026-04-30 08:49:39] Context Switch: default -> default
[2026-04-30 08:49:39] Context Switch: default -> default
[2026-04-30 08:49:39] Context Switch: default -> default
[2026-04-30 08:50:10] Context Resolved: default | URI: / | Matched Pattern Len: 1
[2026-04-30 08:50:10] Context Switch: default -> default
[2026-04-30 08:50:10] Context Switch: default -> default
[2026-04-30 08:50:11] Context Switch: default -> default
[2026-04-30 08:52:06] Context Resolved: default | URI: / | Matched Pattern Len: 1
[2026-04-30 08:52:06] Context Switch: default -> default
[2026-04-30 08:52:06] Context Switch: default -> default
[2026-04-30 08:52:06] Context Switch: default -> default
[2026-04-30 08:52:21] Context Resolved: default | URI: / | Matched Pattern Len: 1
[2026-04-30 08:52:21] Context Switch: default -> default
[2026-04-30 08:52:21] Context Switch: default -> default
[2026-04-30 08:52:21] Context Switch: default -> default
[2026-04-30 08:52:36] Context Resolved: default | URI: / | Matched Pattern Len: 1
[2026-04-30 08:52:36] Context Switch: default -> default
[2026-04-30 08:52:36] Context Switch: default -> default
[2026-04-30 08:52:36] Context Switch: default -> default
[2026-04-30 09:36:06] Context Resolved: sppadmin | URI: /school1/sppadmin/api.php?action=get_system_info&appname=lekhak&csrf_token=6896ab83bb997cce10a11ddd019c6fe141ce934e75a08618ebbcb5853117b5d2&_ts=1777541766126 | Matched Pattern Len: 17
[2026-04-30 09:36:06] Context Resolved: sppadmin | URI: /school1/sppadmin/api.php?action=get_bridge_info&appname=lekhak&csrf_token=6896ab83bb997cce10a11ddd019c6fe141ce934e75a08618ebbcb5853117b5d2&_ts=1777541766126 | Matched Pattern Len: 17
[2026-04-30 09:36:06] Context Resolved: sppadmin | URI: /school1/sppadmin/api.php?action=list_apps&appname=lekhak&csrf_token=6896ab83bb997cce10a11ddd019c6fe141ce934e75a08618ebbcb5853117b5d2&_ts=1777541766126 | Matched Pattern Len: 17
[2026-04-30 09:36:06] Context Switch: sppadmin -> sppadmin
[2026-04-30 09:36:06] Context Switch: sppadmin -> sppadmin
[2026-04-30 09:36:06] Context Switch: sppadmin -> sppadmin
[2026-04-30 09:36:06] Context Switch: sppadmin -> sppadmin
[2026-04-30 09:36:06] Context Switch: sppadmin -> sppadmin
[2026-04-30 09:36:06] Context Switch: sppadmin -> sppadmin
[2026-04-30 09:36:07] Context Resolved: sppadmin | URI: /school1/sppadmin/api.php?action=get_global_settings&appname=lekhak&csrf_token=6896ab83bb997cce10a11ddd019c6fe141ce934e75a08618ebbcb5853117b5d2&_ts=1777541766536 | Matched Pattern Len: 17
[2026-04-30 09:36:07] Context Switch: sppadmin -> sppadmin
[2026-04-30 09:36:07] Context Switch: sppadmin -> sppadmin
[2026-04-30 09:36:11] Context Resolved: sppadmin | URI: /school1/sppadmin/ | Matched Pattern Len: 17
[2026-04-30 09:36:11] Context Switch: sppadmin -> sppadmin
[2026-04-30 09:36:11] Context Switch: sppadmin -> sppadmin
[2026-04-30 09:40:01] Context Resolved: sppadmin | URI: /school1/sppadmin/ | Matched Pattern Len: 17
[2026-04-30 09:40:01] Context Switch: sppadmin -> sppadmin
[2026-04-30 09:40:01] Context Switch: sppadmin -> sppadmin
[2026-04-30 09:40:02] Context Switch: sppadmin -> default
[2026-04-30 09:40:02] Context Switch: default -> default
[2026-04-30 09:40:03] Context Switch: default -> default
[2026-04-30 09:40:03] Context Switch: default -> sppadmin
[2026-04-30 09:40:05] Context Resolved: sppadmin | URI: /school1/sppadmin/api.php?action=check_auth&appname=lekhak&_ts=1777542004642 | Matched Pattern Len: 17
[2026-04-30 09:40:05] Context Switch: sppadmin -> sppadmin
[2026-04-30 09:40:05] Context Switch: sppadmin -> sppadmin
[2026-04-30 09:40:06] Context Switch: sppadmin -> default
[2026-04-30 09:40:06] Context Switch: default -> default
[2026-04-30 09:40:06] Context Switch: default -> default
[2026-04-30 09:40:07] Context Switch: default -> sppadmin
[2026-04-30 09:40:26] Context Resolved: sppadmin | URI: /school1/sppadmin/api.php | Matched Pattern Len: 17
[2026-04-30 09:40:26] Context Switch: sppadmin -> sppadmin
[2026-04-30 09:40:26] Context Switch: sppadmin -> sppadmin
[2026-04-30 09:40:27] Context Switch: sppadmin -> default
[2026-04-30 09:40:27] Context Switch: default -> default
[2026-04-30 09:40:29] Context Switch: default -> default
[2026-04-30 09:40:29] Context Switch: default -> sppadmin
[2026-04-30 09:40:30] Context Resolved: sppadmin | URI: /school1/sppadmin/api.php?action=list_apps&appname=lekhak&csrf_token=faef3cd741b5a0d423e24d98b033fd6a0a2813e6fb9db755e7bb7b9f22829c32&_ts=1777542029944 | Matched Pattern Len: 17
[2026-04-30 09:40:30] Context Resolved: sppadmin | URI: /school1/sppadmin/api.php?action=get_profile&appname=lekhak&csrf_token=faef3cd741b5a0d423e24d98b033fd6a0a2813e6fb9db755e7bb7b9f22829c32&_ts=1777542029945 | Matched Pattern Len: 17
[2026-04-30 09:40:30] Context Switch: sppadmin -> sppadmin
[2026-04-30 09:40:30] Context Switch: sppadmin -> sppadmin
[2026-04-30 09:40:30] Context Switch: sppadmin -> sppadmin
[2026-04-30 09:40:30] Context Switch: sppadmin -> sppadmin
[2026-04-30 09:40:31] Context Switch: sppadmin -> default
[2026-04-30 09:40:31] Context Switch: default -> default
[2026-04-30 09:40:31] Context Switch: sppadmin -> default
[2026-04-30 09:40:31] Context Switch: default -> default
[2026-04-30 09:40:31] Context Switch: default -> default
[2026-04-30 09:40:31] Context Switch: default -> default
[2026-04-30 09:40:31] Context Switch: default -> sppadmin
[2026-04-30 09:40:31] Context Switch: default -> sppadmin
[2026-04-30 09:40:31] Context Switch: sppadmin -> __sppadmin__
[2026-04-30 09:40:32] Context Switch: __sppadmin__ -> __sppadmin__
[2026-04-30 09:40:32] Context Resolved: sppadmin | URI: /school1/sppadmin/api.php?action=get_system_info&appname=lekhak&csrf_token=faef3cd741b5a0d423e24d98b033fd6a0a2813e6fb9db755e7bb7b9f22829c32&_ts=1777542031642 | Matched Pattern Len: 17
[2026-04-30 09:40:32] Context Resolved: sppadmin | URI: /school1/sppadmin/api.php?action=get_bridge_info&appname=lekhak&csrf_token=faef3cd741b5a0d423e24d98b033fd6a0a2813e6fb9db755e7bb7b9f22829c32&_ts=1777542031643 | Matched Pattern Len: 17
[2026-04-30 09:40:32] Context Resolved: sppadmin | URI: /school1/sppadmin/api.php?action=list_apps&appname=lekhak&csrf_token=faef3cd741b5a0d423e24d98b033fd6a0a2813e6fb9db755e7bb7b9f22829c32&_ts=1777542031643 | Matched Pattern Len: 17
[2026-04-30 09:40:32] Context Switch: sppadmin -> sppadmin
[2026-04-30 09:40:32] Context Switch: sppadmin -> sppadmin
[2026-04-30 09:40:32] Context Switch: sppadmin -> sppadmin
[2026-04-30 09:40:32] Context Switch: sppadmin -> sppadmin
[2026-04-30 09:40:32] Context Switch: sppadmin -> sppadmin
[2026-04-30 09:40:32] Context Switch: sppadmin -> sppadmin
[2026-04-30 09:40:32] Context Switch: sppadmin -> default
[2026-04-30 09:40:32] Context Switch: sppadmin -> default
[2026-04-30 09:40:32] Context Switch: default -> default
[2026-04-30 09:40:32] Context Switch: default -> default
[2026-04-30 09:40:32] Context Switch: sppadmin -> default
[2026-04-30 09:40:32] Context Switch: default -> default
[2026-04-30 09:40:33] Context Switch: default -> default
[2026-04-30 09:40:33] Context Switch: default -> default
[2026-04-30 09:40:33] Context Switch: default -> sppadmin
[2026-04-30 09:40:33] Context Switch: default -> sppadmin
[2026-04-30 09:40:33] Context Switch: default -> default
[2026-04-30 09:40:33] Context Switch: sppadmin -> __sppadmin__
[2026-04-30 09:40:33] Context Switch: sppadmin -> __sppadmin__
[2026-04-30 09:40:33] Context Switch: __sppadmin__ -> __sppadmin__
[2026-04-30 09:40:33] Context Switch: __sppadmin__ -> __sppadmin__
[2026-04-30 09:40:33] Context Switch: __sppadmin__ -> lekhak
[2026-04-30 09:40:33] Context Switch: __sppadmin__ -> lekhak
[2026-04-30 09:40:33] Context Switch: lekhak -> lekhak
[2026-04-30 09:40:33] Context Switch: lekhak -> lekhak
[2026-04-30 09:40:33] Context Switch: lekhak -> __sppadmin__
[2026-04-30 09:40:33] Context Switch: __sppadmin__ -> lekhak
[2026-04-30 09:40:34] Context Switch: lekhak -> __sppadmin__
[2026-04-30 09:40:34] Context Switch: default -> sppadmin
[2026-04-30 09:40:34] Context Switch: lekhak -> __sppadmin__
[2026-04-30 09:40:34] Context Switch: __sppadmin__ -> lekhak
[2026-04-30 09:40:34] Context Switch: lekhak -> __sppadmin__
[2026-04-30 09:40:34] Context Switch: sppadmin -> __sppadmin__
[2026-04-30 09:40:34] Context Switch: __sppadmin__ -> __sppadmin__
[2026-04-30 09:40:35] Context Resolved: sppadmin | URI: /school1/sppadmin/api.php?action=get_global_settings&appname=lekhak&csrf_token=faef3cd741b5a0d423e24d98b033fd6a0a2813e6fb9db755e7bb7b9f22829c32&_ts=1777542034369 | Matched Pattern Len: 17
[2026-04-30 09:40:35] Context Switch: sppadmin -> sppadmin
[2026-04-30 09:40:35] Context Switch: sppadmin -> sppadmin
[2026-04-30 09:40:35] Context Switch: sppadmin -> default
[2026-04-30 09:40:35] Context Switch: default -> default
[2026-04-30 09:40:36] Context Switch: default -> default
[2026-04-30 09:40:36] Context Switch: default -> sppadmin
[2026-04-30 09:40:37] Context Switch: sppadmin -> __sppadmin__
[2026-04-30 09:40:37] Context Switch: __sppadmin__ -> __sppadmin__
[2026-04-30 09:41:41] Context Resolved: sppadmin | URI: /school1/sppadmin/api.php?action=list_apps&appname=lekhak&csrf_token=faef3cd741b5a0d423e24d98b033fd6a0a2813e6fb9db755e7bb7b9f22829c32&_ts=1777542100503 | Matched Pattern Len: 17
[2026-04-30 09:41:41] Context Switch: sppadmin -> sppadmin
[2026-04-30 09:41:41] Context Switch: sppadmin -> sppadmin
[2026-04-30 09:41:42] Context Switch: sppadmin -> default
[2026-04-30 09:41:42] Context Switch: default -> default
[2026-04-30 09:41:42] Context Switch: default -> default
[2026-04-30 09:41:43] Context Switch: default -> sppadmin
[2026-04-30 09:41:44] Context Switch: sppadmin -> __sppadmin__
[2026-04-30 09:41:44] Context Switch: __sppadmin__ -> __sppadmin__
[2026-04-30 09:42:21] Context Resolved: sppadmin | URI: /school1/sppadmin/api.php?action=list_modules&appname=lekhak&csrf_token=faef3cd741b5a0d423e24d98b033fd6a0a2813e6fb9db755e7bb7b9f22829c32&_ts=1777542141622 | Matched Pattern Len: 17
[2026-04-30 09:42:22] Context Switch: sppadmin -> sppadmin
[2026-04-30 09:42:22] Context Switch: sppadmin -> sppadmin
[2026-04-30 09:42:22] Context Switch: sppadmin -> default
[2026-04-30 09:42:22] Context Switch: default -> default
[2026-04-30 09:42:23] Context Switch: default -> default
[2026-04-30 09:42:24] Context Switch: default -> sppadmin
[2026-04-30 09:42:24] Context Switch: sppadmin -> __sppadmin__
[2026-04-30 09:42:24] Context Switch: __sppadmin__ -> __sppadmin__
[2026-04-30 09:42:25] Context Switch: __sppadmin__ -> lekhak
[2026-04-30 09:42:25] Context Switch: lekhak -> lekhak
[2026-04-30 09:42:25] Context Switch: lekhak -> lekhak
[2026-04-30 09:43:21] Context Resolved: sppadmin | URI: /school1/sppadmin/api.php?action=get_module_config_raw&modname=sppdb&appname=lekhak&csrf_token=faef3cd741b5a0d423e24d98b033fd6a0a2813e6fb9db755e7bb7b9f22829c32&_ts=1777542200339 | Matched Pattern Len: 17
[2026-04-30 09:43:21] Context Resolved: sppadmin | URI: /school1/sppadmin/api.php?action=get_module_config&modname=sppdb&appname=lekhak&csrf_token=faef3cd741b5a0d423e24d98b033fd6a0a2813e6fb9db755e7bb7b9f22829c32&_ts=1777542200339 | Matched Pattern Len: 17
[2026-04-30 09:43:21] Context Switch: sppadmin -> sppadmin
[2026-04-30 09:43:21] Context Switch: sppadmin -> sppadmin
[2026-04-30 09:43:21] Context Switch: sppadmin -> sppadmin
[2026-04-30 09:43:21] Context Switch: sppadmin -> sppadmin
[2026-04-30 09:43:22] Context Switch: sppadmin -> default
[2026-04-30 09:43:22] Context Switch: sppadmin -> default
[2026-04-30 09:43:22] Context Switch: default -> default
[2026-04-30 09:43:22] Context Switch: default -> default
[2026-04-30 09:43:22] Context Switch: default -> default
[2026-04-30 09:43:22] Context Switch: default -> default
[2026-04-30 09:43:22] Context Switch: default -> sppadmin
[2026-04-30 09:43:22] Context Switch: default -> sppadmin
[2026-04-30 09:43:23] Context Switch: sppadmin -> __sppadmin__
[2026-04-30 09:43:23] Context Switch: sppadmin -> __sppadmin__
[2026-04-30 09:43:23] Context Switch: __sppadmin__ -> __sppadmin__
[2026-04-30 09:43:23] Context Switch: __sppadmin__ -> __sppadmin__
[2026-04-30 09:43:23] Context Switch: __sppadmin__ -> lekhak
[2026-04-30 09:43:23] Context Switch: __sppadmin__ -> lekhak
[2026-04-30 09:43:23] Context Switch: lekhak -> lekhak
[2026-04-30 09:43:23] Context Switch: lekhak -> lekhak
[2026-04-30 09:43:23] Context Switch: lekhak -> lekhak
[2026-04-30 09:43:23] Context Switch: lekhak -> lekhak
[2026-04-30 09:45:05] Context Resolved: sppadmin | URI: /school1/sppadmin/api.php?action=get_module_config_raw&modname=sppdb&appname=lekhak&csrf_token=faef3cd741b5a0d423e24d98b033fd6a0a2813e6fb9db755e7bb7b9f22829c32&_ts=1777542305235 | Matched Pattern Len: 17
[2026-04-30 09:45:05] Context Switch: sppadmin -> sppadmin
[2026-04-30 09:45:05] Context Resolved: sppadmin | URI: /school1/sppadmin/api.php?action=get_module_config&modname=sppdb&appname=lekhak&csrf_token=faef3cd741b5a0d423e24d98b033fd6a0a2813e6fb9db755e7bb7b9f22829c32&_ts=1777542305234 | Matched Pattern Len: 17
[2026-04-30 09:45:05] Context Switch: sppadmin -> sppadmin
[2026-04-30 09:45:05] Context Switch: sppadmin -> sppadmin
[2026-04-30 09:45:05] Context Switch: sppadmin -> sppadmin
[2026-04-30 09:45:06] Context Switch: sppadmin -> default
[2026-04-30 09:45:06] Context Switch: default -> default
[2026-04-30 09:45:06] Context Switch: default -> default
[2026-04-30 09:45:06] Context Switch: sppadmin -> default
[2026-04-30 09:45:06] Context Switch: default -> default
[2026-04-30 09:45:07] Context Switch: default -> sppadmin
[2026-04-30 09:45:07] Context Switch: default -> default
[2026-04-30 09:45:07] Context Switch: sppadmin -> __sppadmin__
[2026-04-30 09:45:07] Context Switch: __sppadmin__ -> __sppadmin__
[2026-04-30 09:45:07] Context Switch: __sppadmin__ -> lekhak
[2026-04-30 09:45:07] Context Switch: lekhak -> lekhak
[2026-04-30 09:45:08] Context Switch: lekhak -> lekhak
[2026-04-30 09:45:08] Context Switch: default -> sppadmin
[2026-04-30 09:45:09] Context Switch: sppadmin -> __sppadmin__
[2026-04-30 09:45:09] Context Switch: __sppadmin__ -> __sppadmin__
[2026-04-30 09:45:09] Context Switch: __sppadmin__ -> lekhak
[2026-04-30 09:45:09] Context Switch: lekhak -> lekhak
[2026-04-30 09:45:10] Context Switch: lekhak -> lekhak
[2026-04-30 09:47:21] Context Resolved: sppadmin | URI: /school1/sppadmin/api.php?action=get_module_config_raw&modname=sppdb&appname=lekhak&csrf_token=faef3cd741b5a0d423e24d98b033fd6a0a2813e6fb9db755e7bb7b9f22829c32&_ts=1777542441606 | Matched Pattern Len: 17
[2026-04-30 09:47:21] Context Resolved: sppadmin | URI: /school1/sppadmin/api.php?action=get_module_config&modname=sppdb&appname=lekhak&csrf_token=faef3cd741b5a0d423e24d98b033fd6a0a2813e6fb9db755e7bb7b9f22829c32&_ts=1777542441606 | Matched Pattern Len: 17
[2026-04-30 09:47:21] Context Switch: sppadmin -> sppadmin
[2026-04-30 09:47:21] Context Switch: sppadmin -> sppadmin
[2026-04-30 09:47:22] Context Switch: sppadmin -> sppadmin
[2026-04-30 09:47:22] Context Switch: sppadmin -> sppadmin
[2026-04-30 09:47:22] Context Switch: sppadmin -> default
[2026-04-30 09:47:22] Context Switch: sppadmin -> default
[2026-04-30 09:47:22] Context Switch: default -> default
[2026-04-30 09:47:22] Context Switch: default -> default
[2026-04-30 09:47:23] Context Switch: default -> default
[2026-04-30 09:47:23] Context Switch: default -> default
[2026-04-30 09:47:23] Context Switch: default -> sppadmin
[2026-04-30 09:47:23] Context Switch: default -> sppadmin
[2026-04-30 09:47:24] Context Switch: sppadmin -> __sppadmin__
[2026-04-30 09:47:24] Context Switch: sppadmin -> __sppadmin__
[2026-04-30 09:47:24] Context Switch: __sppadmin__ -> __sppadmin__
[2026-04-30 09:47:24] Context Switch: __sppadmin__ -> __sppadmin__
[2026-04-30 09:47:24] Context Switch: __sppadmin__ -> lekhak
[2026-04-30 09:47:24] Context Switch: __sppadmin__ -> lekhak
[2026-04-30 09:47:24] Context Switch: lekhak -> lekhak
[2026-04-30 09:47:24] Context Switch: lekhak -> lekhak
[2026-04-30 09:47:24] Context Switch: lekhak -> lekhak
[2026-04-30 09:47:24] Context Switch: lekhak -> lekhak
[2026-04-30 10:00:13] Context Resolved: sppadmin | URI: /school1/sppadmin/api.php?action=get_module_config_raw&modname=sppdb&appname=lekhak&csrf_token=faef3cd741b5a0d423e24d98b033fd6a0a2813e6fb9db755e7bb7b9f22829c32&_ts=1777543213652 | Matched Pattern Len: 17
[2026-04-30 10:00:13] Context Resolved: sppadmin | URI: /school1/sppadmin/api.php?action=get_module_config&modname=sppdb&appname=lekhak&csrf_token=faef3cd741b5a0d423e24d98b033fd6a0a2813e6fb9db755e7bb7b9f22829c32&_ts=1777543213652 | Matched Pattern Len: 17
[2026-04-30 10:00:13] Context Switch: sppadmin -> sppadmin
[2026-04-30 10:00:13] Context Switch: sppadmin -> sppadmin
[2026-04-30 10:00:13] Context Switch: sppadmin -> sppadmin
[2026-04-30 10:00:13] Context Switch: sppadmin -> sppadmin
[2026-04-30 10:00:14] Context Switch: sppadmin -> default
[2026-04-30 10:00:14] Context Switch: default -> default
[2026-04-30 10:00:14] Context Switch: sppadmin -> default
[2026-04-30 10:00:14] Context Switch: default -> default
[2026-04-30 10:00:15] Context Switch: default -> default
[2026-04-30 10:00:15] Context Switch: default -> default
[2026-04-30 10:00:16] Context Switch: default -> sppadmin
[2026-04-30 10:00:16] Context Switch: default -> sppadmin
[2026-04-30 10:00:17] Context Switch: sppadmin -> __sppadmin__
[2026-04-30 10:00:17] Context Switch: sppadmin -> __sppadmin__
[2026-04-30 10:00:17] Context Switch: __sppadmin__ -> __sppadmin__
[2026-04-30 10:00:17] Context Switch: __sppadmin__ -> __sppadmin__
[2026-04-30 10:00:17] Context Switch: __sppadmin__ -> lekhak
[2026-04-30 10:00:17] Context Switch: __sppadmin__ -> lekhak
[2026-04-30 10:00:17] Context Switch: lekhak -> lekhak
[2026-04-30 10:00:17] Context Switch: lekhak -> lekhak
[2026-04-30 10:00:17] Context Switch: lekhak -> lekhak
[2026-04-30 10:00:17] Context Switch: lekhak -> lekhak
[2026-04-30 10:19:45] Context Resolved: sppadmin | URI: /school1/sppadmin/api.php?action=get_module_config&modname=sppdb&appname=lekhak&csrf_token=faef3cd741b5a0d423e24d98b033fd6a0a2813e6fb9db755e7bb7b9f22829c32&_ts=1777544384587 | Matched Pattern Len: 17
[2026-04-30 10:19:45] Context Resolved: sppadmin | URI: /school1/sppadmin/api.php?action=get_module_config_raw&modname=sppdb&appname=lekhak&csrf_token=faef3cd741b5a0d423e24d98b033fd6a0a2813e6fb9db755e7bb7b9f22829c32&_ts=1777544384587 | Matched Pattern Len: 17
[2026-04-30 10:19:45] Context Switch: sppadmin -> sppadmin
[2026-04-30 10:19:45] Context Switch: sppadmin -> sppadmin
[2026-04-30 10:19:45] Context Switch: sppadmin -> sppadmin
[2026-04-30 10:19:45] Context Switch: sppadmin -> sppadmin
[2026-04-30 10:19:46] Context Switch: sppadmin -> default
[2026-04-30 10:19:46] Context Switch: sppadmin -> default
[2026-04-30 10:19:46] Context Switch: default -> default
[2026-04-30 10:19:46] Context Switch: default -> default
[2026-04-30 10:19:47] Context Switch: default -> default
[2026-04-30 10:19:47] Context Switch: default -> default
[2026-04-30 10:19:47] Context Switch: default -> sppadmin
[2026-04-30 10:19:47] Context Switch: default -> sppadmin
[2026-04-30 10:19:48] Context Switch: sppadmin -> __sppadmin__
[2026-04-30 10:19:48] Context Switch: sppadmin -> __sppadmin__
[2026-04-30 10:19:48] Context Switch: __sppadmin__ -> __sppadmin__
[2026-04-30 10:19:48] Context Switch: __sppadmin__ -> lekhak
[2026-04-30 10:19:48] Context Switch: lekhak -> lekhak
[2026-04-30 10:19:48] Context Switch: __sppadmin__ -> __sppadmin__
[2026-04-30 10:19:48] Context Switch: __sppadmin__ -> lekhak
[2026-04-30 10:19:48] Context Switch: lekhak -> lekhak
[2026-04-30 10:19:49] Context Switch: lekhak -> lekhak
[2026-04-30 10:19:49] Context Switch: lekhak -> lekhak
[2026-04-30 10:19:56] Context Resolved: sppadmin | URI: /school1/sppadmin/api.php | Matched Pattern Len: 17
[2026-04-30 10:19:56] Context Switch: sppadmin -> sppadmin
[2026-04-30 10:19:56] Context Switch: sppadmin -> sppadmin
[2026-04-30 10:20:00] Context Switch: sppadmin -> default
[2026-04-30 10:20:00] Context Switch: default -> default
[2026-04-30 10:20:01] Context Switch: default -> default
[2026-04-30 10:20:03] Context Switch: default -> sppadmin
[2026-04-30 10:20:04] Context Switch: sppadmin -> __sppadmin__
[2026-04-30 10:20:04] Context Switch: __sppadmin__ -> __sppadmin__
[2026-04-30 10:20:04] Context Switch: __sppadmin__ -> lekhak
[2026-04-30 10:20:05] Context Switch: lekhak -> lekhak
[2026-04-30 10:20:06] Context Switch: lekhak -> lekhak
[2026-04-30 10:20:17] Context Resolved: sppadmin | URI: /school1/sppadmin/api.php?action=get_module_config_raw&modname=sppdb&appname=lekhak&csrf_token=faef3cd741b5a0d423e24d98b033fd6a0a2813e6fb9db755e7bb7b9f22829c32&_ts=1777544416645 | Matched Pattern Len: 17
[2026-04-30 10:20:17] Context Resolved: sppadmin | URI: /school1/sppadmin/api.php?action=get_module_config&modname=sppdb&appname=lekhak&csrf_token=faef3cd741b5a0d423e24d98b033fd6a0a2813e6fb9db755e7bb7b9f22829c32&_ts=1777544416645 | Matched Pattern Len: 17
[2026-04-30 10:20:17] Context Switch: sppadmin -> sppadmin
[2026-04-30 10:20:17] Context Switch: sppadmin -> sppadmin
[2026-04-30 10:20:17] Context Switch: sppadmin -> sppadmin
[2026-04-30 10:20:17] Context Switch: sppadmin -> sppadmin
[2026-04-30 10:20:18] Context Switch: sppadmin -> default
[2026-04-30 10:20:18] Context Switch: default -> default
[2026-04-30 10:20:18] Context Switch: sppadmin -> default
[2026-04-30 10:20:18] Context Switch: default -> default
[2026-04-30 10:20:18] Context Switch: default -> default
[2026-04-30 10:20:19] Context Switch: default -> sppadmin
[2026-04-30 10:20:19] Context Switch: default -> default
[2026-04-30 10:20:19] Context Switch: sppadmin -> __sppadmin__
[2026-04-30 10:20:19] Context Switch: __sppadmin__ -> __sppadmin__
[2026-04-30 10:20:19] Context Switch: __sppadmin__ -> lekhak
[2026-04-30 10:20:19] Context Switch: lekhak -> lekhak
[2026-04-30 10:20:20] Context Switch: lekhak -> lekhak
[2026-04-30 10:20:20] Context Switch: default -> sppadmin
[2026-04-30 10:20:20] Context Switch: sppadmin -> __sppadmin__
[2026-04-30 10:20:20] Context Switch: __sppadmin__ -> __sppadmin__
[2026-04-30 10:20:20] Context Switch: __sppadmin__ -> lekhak
[2026-04-30 10:20:20] Context Switch: lekhak -> lekhak
[2026-04-30 10:20:21] Context Switch: lekhak -> lekhak
[2026-04-30 10:20:30] Context Resolved: sppadmin | URI: /school1/sppadmin/api.php | Matched Pattern Len: 17
[2026-04-30 10:20:30] Context Switch: sppadmin -> sppadmin
[2026-04-30 10:20:30] Context Switch: sppadmin -> sppadmin
[2026-04-30 10:20:32] Context Switch: sppadmin -> default
[2026-04-30 10:20:32] Context Switch: default -> default
[2026-04-30 10:20:33] Context Switch: default -> default
[2026-04-30 10:20:34] Context Switch: default -> sppadmin
[2026-04-30 10:20:35] Context Switch: sppadmin -> __sppadmin__
[2026-04-30 10:20:35] Context Switch: __sppadmin__ -> __sppadmin__
[2026-04-30 10:20:35] Context Switch: __sppadmin__ -> lekhak
[2026-04-30 10:20:35] Context Switch: lekhak -> lekhak
[2026-04-30 10:20:37] Context Switch: lekhak -> lekhak
[2026-04-30 10:21:34] Context Resolved: sppadmin | URI: /school1/sppadmin/api.php?action=list_entities&appname=lekhak&csrf_token=faef3cd741b5a0d423e24d98b033fd6a0a2813e6fb9db755e7bb7b9f22829c32&_ts=1777544494371 | Matched Pattern Len: 17
[2026-04-30 10:21:34] Context Switch: sppadmin -> sppadmin
[2026-04-30 10:21:34] Context Switch: sppadmin -> sppadmin
[2026-04-30 10:21:35] Context Switch: sppadmin -> default
[2026-04-30 10:21:35] Context Switch: default -> default
[2026-04-30 10:21:36] Context Switch: default -> default
[2026-04-30 10:21:37] Context Switch: default -> sppadmin
[2026-04-30 10:21:38] Context Switch: sppadmin -> __sppadmin__
[2026-04-30 10:21:38] Context Switch: __sppadmin__ -> __sppadmin__
[2026-04-30 10:21:38] Context Switch: __sppadmin__ -> lekhak
[2026-04-30 10:21:38] Context Switch: lekhak -> lekhak
[2026-04-30 10:21:38] Context Switch: lekhak -> __sppadmin__
[2026-04-30 10:23:26] Context Resolved: sppadmin | URI: /school1/sppadmin/api.php?action=list_forms&appname=lekhak&csrf_token=faef3cd741b5a0d423e24d98b033fd6a0a2813e6fb9db755e7bb7b9f22829c32&_ts=1777544606264 | Matched Pattern Len: 17
[2026-04-30 10:23:26] Context Switch: sppadmin -> sppadmin
[2026-04-30 10:23:26] Context Switch: sppadmin -> sppadmin
[2026-04-30 10:23:27] Context Switch: sppadmin -> default
[2026-04-30 10:23:27] Context Switch: default -> default
[2026-04-30 10:23:27] Context Switch: default -> default
[2026-04-30 10:23:28] Context Switch: default -> sppadmin
[2026-04-30 10:23:28] Context Switch: sppadmin -> __sppadmin__
[2026-04-30 10:23:29] Context Switch: __sppadmin__ -> __sppadmin__
[2026-04-30 10:23:29] Context Switch: __sppadmin__ -> lekhak
[2026-04-30 10:23:29] Context Switch: lekhak -> lekhak
[2026-04-30 10:23:29] Context Switch: lekhak -> __sppadmin__
[2026-04-30 10:23:33] Context Resolved: sppadmin | URI: /school1/sppadmin/api.php | Matched Pattern Len: 17
[2026-04-30 10:23:33] Context Switch: sppadmin -> sppadmin
[2026-04-30 10:23:33] Context Switch: sppadmin -> sppadmin
[2026-04-30 10:23:34] Context Switch: sppadmin -> default
[2026-04-30 10:23:34] Context Switch: default -> default
[2026-04-30 10:23:35] Context Switch: default -> default
[2026-04-30 10:23:36] Context Switch: default -> sppadmin
[2026-04-30 10:23:36] Context Switch: sppadmin -> __sppadmin__
[2026-04-30 10:23:36] Context Switch: __sppadmin__ -> __sppadmin__
[2026-04-30 10:23:51] Context Resolved: sppadmin | URI: /school1/sppadmin/api.php | Matched Pattern Len: 17
[2026-04-30 10:23:51] Context Switch: sppadmin -> sppadmin
[2026-04-30 10:23:51] Context Switch: sppadmin -> sppadmin
[2026-04-30 10:23:52] Context Switch: sppadmin -> default
[2026-04-30 10:23:52] Context Switch: default -> default
[2026-04-30 10:23:52] Context Switch: default -> default
[2026-04-30 10:23:53] Context Switch: default -> sppadmin
[2026-04-30 10:23:53] Context Switch: sppadmin -> __sppadmin__
[2026-04-30 10:23:53] Context Switch: __sppadmin__ -> __sppadmin__
[2026-04-30 10:24:23] Context Resolved: sppadmin | URI: /school1/sppadmin/api.php?action=get_iam_form&type=field_editor&appname=lekhak&csrf_token=faef3cd741b5a0d423e24d98b033fd6a0a2813e6fb9db755e7bb7b9f22829c32&_ts=1777544663793 | Matched Pattern Len: 17
[2026-04-30 10:24:23] Context Switch: sppadmin -> sppadmin
[2026-04-30 10:24:23] Context Switch: sppadmin -> sppadmin
[2026-04-30 10:24:25] Context Switch: sppadmin -> default
[2026-04-30 10:24:25] Context Switch: default -> default
[2026-04-30 10:24:26] Context Switch: default -> default
[2026-04-30 10:24:27] Context Switch: default -> sppadmin
[2026-04-30 10:24:27] Context Switch: sppadmin -> __sppadmin__
[2026-04-30 10:24:28] Context Switch: __sppadmin__ -> __sppadmin__
[2026-04-30 10:24:28] Context Switch: __sppadmin__ -> lekhak
[2026-04-30 10:24:28] Context Switch: lekhak -> lekhak
[2026-04-30 10:24:28] Context Switch: lekhak -> __sppadmin__
[2026-04-30 10:26:30] Context Resolved: sppadmin | URI: /school1/sppadmin/api.php?action=list_groups&appname=lekhak&csrf_token=faef3cd741b5a0d423e24d98b033fd6a0a2813e6fb9db755e7bb7b9f22829c32&_ts=1777544790135 | Matched Pattern Len: 17
[2026-04-30 10:26:30] Context Switch: sppadmin -> sppadmin
[2026-04-30 10:26:30] Context Switch: sppadmin -> sppadmin
[2026-04-30 10:26:32] Context Switch: sppadmin -> default
[2026-04-30 10:26:32] Context Switch: default -> default
[2026-04-30 10:26:32] Context Switch: default -> default
[2026-04-30 10:26:33] Context Switch: default -> sppadmin
[2026-04-30 10:26:33] Context Switch: sppadmin -> __sppadmin__
[2026-04-30 10:26:33] Context Switch: __sppadmin__ -> __sppadmin__
[2026-04-30 10:26:33] Context Switch: __sppadmin__ -> lekhak
[2026-04-30 10:26:34] Context Switch: lekhak -> lekhak
[2026-04-30 10:26:34] Context Switch: lekhak -> __sppadmin__
[2026-04-30 10:26:38] Context Resolved: sppadmin | URI: /school1/sppadmin/api.php?action=list_users&appname=lekhak&csrf_token=faef3cd741b5a0d423e24d98b033fd6a0a2813e6fb9db755e7bb7b9f22829c32&_ts=1777544798482 | Matched Pattern Len: 17
[2026-04-30 10:26:38] Context Switch: sppadmin -> sppadmin
[2026-04-30 10:26:38] Context Switch: sppadmin -> sppadmin
[2026-04-30 10:26:39] Context Switch: sppadmin -> default
[2026-04-30 10:26:39] Context Switch: default -> default
[2026-04-30 10:26:40] Context Switch: default -> default
[2026-04-30 10:26:40] Context Switch: default -> sppadmin
[2026-04-30 10:26:41] Context Switch: sppadmin -> __sppadmin__
[2026-04-30 10:26:41] Context Switch: __sppadmin__ -> __sppadmin__
[2026-04-30 10:26:41] Context Switch: __sppadmin__ -> lekhak
[2026-04-30 10:26:41] Context Switch: lekhak -> lekhak
[2026-04-30 10:26:41] Context Switch: lekhak -> __sppadmin__
[2026-04-30 10:26:45] Context Resolved: sppadmin | URI: /school1/sppadmin/api.php?action=list_pages&appname=lekhak&csrf_token=faef3cd741b5a0d423e24d98b033fd6a0a2813e6fb9db755e7bb7b9f22829c32&_ts=1777544804974 | Matched Pattern Len: 17
[2026-04-30 10:26:45] Context Switch: sppadmin -> sppadmin
[2026-04-30 10:26:45] Context Switch: sppadmin -> sppadmin
[2026-04-30 10:26:45] Context Switch: sppadmin -> default
[2026-04-30 10:26:45] Context Switch: default -> default
[2026-04-30 10:26:46] Context Switch: default -> default
[2026-04-30 10:26:46] Context Switch: default -> sppadmin
[2026-04-30 10:26:47] Context Switch: sppadmin -> __sppadmin__
[2026-04-30 10:26:47] Context Switch: __sppadmin__ -> __sppadmin__
[2026-04-30 10:26:47] Context Switch: __sppadmin__ -> lekhak
[2026-04-30 10:26:47] Context Switch: lekhak -> lekhak
[2026-04-30 10:26:47] Context Switch: lekhak -> __sppadmin__
[2026-04-30 10:27:09] Context Resolved: sppadmin | URI: /school1/sppadmin/api.php?action=get_config_all&appname=lekhak&csrf_token=faef3cd741b5a0d423e24d98b033fd6a0a2813e6fb9db755e7bb7b9f22829c32&_ts=1777544829563 | Matched Pattern Len: 17
[2026-04-30 10:27:09] Context Switch: sppadmin -> sppadmin
[2026-04-30 10:27:09] Context Switch: sppadmin -> sppadmin
[2026-04-30 10:27:10] Context Switch: sppadmin -> default
[2026-04-30 10:27:10] Context Switch: default -> default
[2026-04-30 10:27:11] Context Switch: default -> default
[2026-04-30 10:27:11] Context Switch: default -> sppadmin
[2026-04-30 10:27:12] Context Switch: sppadmin -> __sppadmin__
[2026-04-30 10:27:12] Context Switch: __sppadmin__ -> __sppadmin__
[2026-04-30 10:28:43] Context Resolved: default | URI: /school1/src/lekhak/comp/trace.js?v=1777544923052 | Matched Pattern Len: 8
[2026-04-30 10:28:43] Context Switch: default -> default
[2026-04-30 10:28:43] Context Switch: default -> default
[2026-04-30 10:28:45] Context Switch: default -> default
[2026-04-30 12:01:59] Context Resolved: sppadmin | URI: /school1/sppadmin/ | Matched Pattern Len: 17
[2026-04-30 12:01:59] Context Switch: sppadmin -> sppadmin
[2026-04-30 12:01:59] Context Switch: sppadmin -> sppadmin
[2026-04-30 12:02:01] Context Switch: sppadmin -> default
[2026-04-30 12:02:01] Context Switch: default -> default
[2026-04-30 12:02:02] Context Switch: default -> default
[2026-04-30 12:02:04] Context Switch: default -> sppadmin
[2026-04-30 12:02:07] Context Resolved: sppadmin | URI: /school1/sppadmin/api.php?action=check_auth&appname=lekhak&_ts=1777550525981 | Matched Pattern Len: 17
[2026-04-30 12:02:07] Context Switch: sppadmin -> sppadmin
[2026-04-30 12:02:07] Context Switch: sppadmin -> sppadmin
[2026-04-30 12:02:10] Context Switch: sppadmin -> default
[2026-04-30 12:02:10] Context Switch: default -> default
[2026-04-30 12:02:13] Context Switch: default -> default
[2026-04-30 12:02:15] Context Switch: default -> sppadmin
[2026-04-30 12:02:25] Context Resolved: sppadmin | URI: /school1/sppadmin/api.php | Matched Pattern Len: 17
[2026-04-30 12:02:25] Context Switch: sppadmin -> sppadmin
[2026-04-30 12:02:25] Context Switch: sppadmin -> sppadmin
[2026-04-30 12:02:30] Context Switch: sppadmin -> default
[2026-04-30 12:02:30] Context Switch: default -> default
[2026-04-30 12:02:32] Context Switch: default -> default
[2026-04-30 12:02:35] Context Switch: default -> sppadmin
[2026-04-30 12:02:37] Context Resolved: sppadmin | URI: /school1/sppadmin/api.php?action=list_apps&appname=lekhak&csrf_token=cee8161465989189c20d88451c2707f708c1d9dd6c19a1b060ae293f36142655&_ts=1777550556095 | Matched Pattern Len: 17
[2026-04-30 12:02:37] Context Resolved: sppadmin | URI: /school1/sppadmin/api.php?action=get_profile&appname=lekhak&csrf_token=cee8161465989189c20d88451c2707f708c1d9dd6c19a1b060ae293f36142655&_ts=1777550556096 | Matched Pattern Len: 17
[2026-04-30 12:02:37] Context Switch: sppadmin -> sppadmin
[2026-04-30 12:02:37] Context Switch: sppadmin -> sppadmin
[2026-04-30 12:02:37] Context Switch: sppadmin -> sppadmin
[2026-04-30 12:02:37] Context Switch: sppadmin -> sppadmin
[2026-04-30 12:02:39] Context Switch: sppadmin -> default
[2026-04-30 12:02:39] Context Switch: sppadmin -> default
[2026-04-30 12:02:39] Context Switch: default -> default
[2026-04-30 12:02:39] Context Switch: default -> default
[2026-04-30 12:02:40] Context Switch: default -> default
[2026-04-30 12:02:40] Context Switch: default -> default
[2026-04-30 12:02:41] Context Switch: default -> sppadmin
[2026-04-30 12:02:41] Context Switch: default -> sppadmin
[2026-04-30 12:02:41] Context Switch: sppadmin -> __sppadmin__
[2026-04-30 12:02:42] Context Switch: __sppadmin__ -> __sppadmin__
[2026-04-30 12:02:42] Context Resolved: sppadmin | URI: /school1/sppadmin/api.php?action=get_system_info&appname=lekhak&csrf_token=cee8161465989189c20d88451c2707f708c1d9dd6c19a1b060ae293f36142655&_ts=1777550561877 | Matched Pattern Len: 17
[2026-04-30 12:02:42] Context Resolved: sppadmin | URI: /school1/sppadmin/api.php?action=get_bridge_info&appname=lekhak&csrf_token=cee8161465989189c20d88451c2707f708c1d9dd6c19a1b060ae293f36142655&_ts=1777550561878 | Matched Pattern Len: 17
[2026-04-30 12:02:42] Context Resolved: sppadmin | URI: /school1/sppadmin/api.php?action=list_apps&appname=lekhak&csrf_token=cee8161465989189c20d88451c2707f708c1d9dd6c19a1b060ae293f36142655&_ts=1777550561878 | Matched Pattern Len: 17
[2026-04-30 12:02:42] Context Switch: sppadmin -> sppadmin
[2026-04-30 12:02:42] Context Switch: sppadmin -> sppadmin
[2026-04-30 12:02:42] Context Switch: sppadmin -> sppadmin
[2026-04-30 12:02:42] Context Switch: sppadmin -> sppadmin
[2026-04-30 12:02:42] Context Switch: sppadmin -> sppadmin
[2026-04-30 12:02:42] Context Switch: sppadmin -> sppadmin
[2026-04-30 12:02:43] Context Switch: sppadmin -> default
[2026-04-30 12:02:43] Context Switch: sppadmin -> default
[2026-04-30 12:02:43] Context Switch: default -> default
[2026-04-30 12:02:43] Context Switch: default -> default
[2026-04-30 12:02:44] Context Switch: sppadmin -> default
[2026-04-30 12:02:44] Context Switch: default -> default
[2026-04-30 12:02:44] Context Switch: default -> default
[2026-04-30 12:02:44] Context Switch: default -> default
[2026-04-30 12:02:45] Context Switch: default -> sppadmin
[2026-04-30 12:02:45] Context Switch: default -> sppadmin
[2026-04-30 12:02:45] Context Switch: sppadmin -> __sppadmin__
[2026-04-30 12:02:45] Context Switch: sppadmin -> __sppadmin__
[2026-04-30 12:02:45] Context Switch: default -> default
[2026-04-30 12:02:45] Context Switch: __sppadmin__ -> __sppadmin__
[2026-04-30 12:02:45] Context Switch: __sppadmin__ -> __sppadmin__
[2026-04-30 12:02:45] Context Switch: __sppadmin__ -> lekhak
[2026-04-30 12:02:45] Context Switch: __sppadmin__ -> lekhak
[2026-04-30 12:02:45] Context Switch: lekhak -> lekhak
[2026-04-30 12:02:45] Context Switch: lekhak -> lekhak
[2026-04-30 12:02:45] Context Switch: lekhak -> __sppadmin__
[2026-04-30 12:02:45] Context Switch: lekhak -> __sppadmin__
[2026-04-30 12:02:46] Context Switch: __sppadmin__ -> lekhak
[2026-04-30 12:02:46] Context Switch: default -> sppadmin
[2026-04-30 12:02:46] Context Switch: lekhak -> __sppadmin__
[2026-04-30 12:02:46] Context Switch: __sppadmin__ -> lekhak
[2026-04-30 12:02:46] Context Switch: lekhak -> __sppadmin__
[2026-04-30 12:02:47] Context Switch: sppadmin -> __sppadmin__
[2026-04-30 12:02:48] Context Switch: __sppadmin__ -> __sppadmin__
[2026-04-30 12:02:48] Context Resolved: sppadmin | URI: /school1/sppadmin/api.php?action=get_global_settings&appname=lekhak&csrf_token=cee8161465989189c20d88451c2707f708c1d9dd6c19a1b060ae293f36142655&_ts=1777550568268 | Matched Pattern Len: 17
[2026-04-30 12:02:48] Context Switch: sppadmin -> sppadmin
[2026-04-30 12:02:48] Context Switch: sppadmin -> sppadmin
[2026-04-30 12:02:52] Context Switch: sppadmin -> default
[2026-04-30 12:02:52] Context Switch: default -> default
[2026-04-30 12:02:55] Context Switch: default -> default
[2026-04-30 12:02:57] Context Switch: default -> sppadmin
[2026-04-30 12:02:58] Context Switch: sppadmin -> __sppadmin__
[2026-04-30 12:02:59] Context Switch: __sppadmin__ -> __sppadmin__
[2026-04-30 12:03:08] Context Resolved: sppadmin | URI: /school1/sppadmin/api.php?action=list_modules&appname=lekhak&csrf_token=cee8161465989189c20d88451c2707f708c1d9dd6c19a1b060ae293f36142655&_ts=1777550586706 | Matched Pattern Len: 17
[2026-04-30 12:03:08] Context Switch: sppadmin -> sppadmin
[2026-04-30 12:03:08] Context Switch: sppadmin -> sppadmin
[2026-04-30 12:03:11] Context Switch: sppadmin -> default
[2026-04-30 12:03:11] Context Switch: default -> default
[2026-04-30 12:03:14] Context Switch: default -> default
[2026-04-30 12:03:16] Context Switch: default -> sppadmin
[2026-04-30 12:03:17] Context Switch: sppadmin -> __sppadmin__
[2026-04-30 12:03:17] Context Switch: __sppadmin__ -> __sppadmin__
[2026-04-30 12:03:19] Context Switch: __sppadmin__ -> lekhak
[2026-04-30 12:03:19] Context Switch: lekhak -> lekhak
[2026-04-30 12:03:21] Context Switch: lekhak -> lekhak
[2026-04-30 12:03:28] Context Resolved: sppadmin | URI: /school1/sppadmin/api.php?action=get_module_config_raw&modname=sppdb&appname=lekhak&csrf_token=cee8161465989189c20d88451c2707f708c1d9dd6c19a1b060ae293f36142655&_ts=1777550607534 | Matched Pattern Len: 17
[2026-04-30 12:03:28] Context Resolved: sppadmin | URI: /school1/sppadmin/api.php?action=get_module_config&modname=sppdb&appname=lekhak&csrf_token=cee8161465989189c20d88451c2707f708c1d9dd6c19a1b060ae293f36142655&_ts=1777550607534 | Matched Pattern Len: 17
[2026-04-30 12:03:28] Context Switch: sppadmin -> sppadmin
[2026-04-30 12:03:28] Context Switch: sppadmin -> sppadmin
[2026-04-30 12:03:28] Context Switch: sppadmin -> sppadmin
[2026-04-30 12:03:28] Context Switch: sppadmin -> sppadmin
[2026-04-30 12:03:30] Context Switch: sppadmin -> default
[2026-04-30 12:03:30] Context Switch: sppadmin -> default
[2026-04-30 12:03:30] Context Switch: default -> default
[2026-04-30 12:03:30] Context Switch: default -> default
[2026-04-30 12:03:31] Context Switch: default -> default
[2026-04-30 12:03:31] Context Switch: default -> default
[2026-04-30 12:03:32] Context Switch: default -> sppadmin
[2026-04-30 12:03:32] Context Switch: default -> sppadmin
[2026-04-30 12:03:33] Context Switch: sppadmin -> __sppadmin__
[2026-04-30 12:03:33] Context Switch: sppadmin -> __sppadmin__
[2026-04-30 12:03:33] Context Switch: __sppadmin__ -> __sppadmin__
[2026-04-30 12:03:33] Context Switch: __sppadmin__ -> __sppadmin__
[2026-04-30 12:03:33] Context Switch: __sppadmin__ -> lekhak
[2026-04-30 12:03:33] Context Switch: __sppadmin__ -> lekhak
[2026-04-30 12:03:33] Context Switch: lekhak -> lekhak
[2026-04-30 12:03:33] Context Switch: lekhak -> lekhak
[2026-04-30 12:03:34] Context Switch: lekhak -> lekhak
[2026-04-30 12:03:34] Context Switch: lekhak -> lekhak
[2026-04-30 12:05:56] Context Resolved: sppadmin | URI: /school1/sppadmin/api.php?action=list_forms&appname=lekhak&csrf_token=cee8161465989189c20d88451c2707f708c1d9dd6c19a1b060ae293f36142655&_ts=1777550755362 | Matched Pattern Len: 17
[2026-04-30 12:05:56] Context Switch: sppadmin -> sppadmin
[2026-04-30 12:05:56] Context Switch: sppadmin -> sppadmin
[2026-04-30 12:06:00] Context Switch: sppadmin -> default
[2026-04-30 12:06:00] Context Switch: default -> default
[2026-04-30 12:06:02] Context Switch: default -> default
[2026-04-30 12:06:04] Context Switch: default -> sppadmin
[2026-04-30 12:06:05] Context Switch: sppadmin -> __sppadmin__
[2026-04-30 12:06:05] Context Switch: __sppadmin__ -> __sppadmin__
[2026-04-30 12:06:05] Context Switch: __sppadmin__ -> lekhak
[2026-04-30 12:06:06] Context Switch: lekhak -> lekhak
[2026-04-30 12:06:06] Context Switch: lekhak -> __sppadmin__
[2026-04-30 12:06:43] Context Resolved: sppadmin | URI: /school1/sppadmin/api.php?action=get_iam_form&type=field_editor&appname=lekhak&csrf_token=cee8161465989189c20d88451c2707f708c1d9dd6c19a1b060ae293f36142655&_ts=1777550802898 | Matched Pattern Len: 17
[2026-04-30 12:06:43] Context Switch: sppadmin -> sppadmin
[2026-04-30 12:06:43] Context Switch: sppadmin -> sppadmin
[2026-04-30 12:06:47] Context Switch: sppadmin -> default
[2026-04-30 12:06:47] Context Switch: default -> default
[2026-04-30 12:06:49] Context Switch: default -> default
[2026-04-30 12:06:52] Context Switch: default -> sppadmin
[2026-04-30 12:06:54] Context Switch: sppadmin -> __sppadmin__
[2026-04-30 12:06:54] Context Switch: __sppadmin__ -> __sppadmin__
[2026-04-30 12:06:54] Context Switch: __sppadmin__ -> lekhak
[2026-04-30 12:06:54] Context Switch: lekhak -> lekhak
[2026-04-30 12:06:54] Context Switch: lekhak -> __sppadmin__
[2026-04-30 12:07:08] Context Resolved: sppadmin | URI: /school1/sppadmin/api.php?action=get_iam_form&type=field_editor&appname=lekhak&csrf_token=cee8161465989189c20d88451c2707f708c1d9dd6c19a1b060ae293f36142655&_ts=1777550827902 | Matched Pattern Len: 17
[2026-04-30 12:07:09] Context Switch: sppadmin -> sppadmin
[2026-04-30 12:07:09] Context Switch: sppadmin -> sppadmin
[2026-04-30 12:07:13] Context Switch: sppadmin -> default
[2026-04-30 12:07:13] Context Switch: default -> default
[2026-04-30 12:07:15] Context Switch: default -> default
[2026-04-30 12:07:18] Context Switch: default -> sppadmin
[2026-04-30 12:07:20] Context Switch: sppadmin -> __sppadmin__
[2026-04-30 12:07:20] Context Switch: __sppadmin__ -> __sppadmin__
[2026-04-30 12:07:20] Context Switch: __sppadmin__ -> lekhak
[2026-04-30 12:07:20] Context Switch: lekhak -> lekhak
[2026-04-30 12:07:20] Context Switch: lekhak -> __sppadmin__
[2026-04-30 12:07:25] Context Resolved: sppadmin | URI: /school1/sppadmin/api.php?action=get_iam_form&type=field_editor&appname=lekhak&csrf_token=cee8161465989189c20d88451c2707f708c1d9dd6c19a1b060ae293f36142655&_ts=1777550844970 | Matched Pattern Len: 17
[2026-04-30 12:07:25] Context Switch: sppadmin -> sppadmin
[2026-04-30 12:07:25] Context Switch: sppadmin -> sppadmin
[2026-04-30 12:07:28] Context Switch: sppadmin -> default
[2026-04-30 12:07:28] Context Switch: default -> default
[2026-04-30 12:07:32] Context Switch: default -> default
[2026-04-30 12:07:34] Context Switch: default -> sppadmin
[2026-04-30 12:07:35] Context Switch: sppadmin -> __sppadmin__
[2026-04-30 12:07:35] Context Switch: __sppadmin__ -> __sppadmin__
[2026-04-30 12:07:35] Context Switch: __sppadmin__ -> lekhak
[2026-04-30 12:07:35] Context Switch: lekhak -> lekhak
[2026-04-30 12:07:35] Context Switch: lekhak -> __sppadmin__
[2026-04-30 12:07:44] Context Resolved: sppadmin | URI: /school1/sppadmin/api.php?action=get_iam_form&type=field_editor&appname=lekhak&csrf_token=cee8161465989189c20d88451c2707f708c1d9dd6c19a1b060ae293f36142655&_ts=1777550863532 | Matched Pattern Len: 17
[2026-04-30 12:07:44] Context Switch: sppadmin -> sppadmin
[2026-04-30 12:07:44] Context Switch: sppadmin -> sppadmin
[2026-04-30 12:07:46] Context Switch: sppadmin -> default
[2026-04-30 12:07:46] Context Switch: default -> default
[2026-04-30 12:07:47] Context Switch: default -> default
[2026-04-30 12:07:48] Context Switch: default -> sppadmin
[2026-04-30 12:07:49] Context Switch: sppadmin -> __sppadmin__
[2026-04-30 12:07:49] Context Switch: __sppadmin__ -> __sppadmin__
[2026-04-30 12:07:49] Context Switch: __sppadmin__ -> lekhak
[2026-04-30 12:07:50] Context Switch: lekhak -> lekhak
[2026-04-30 12:07:50] Context Switch: lekhak -> __sppadmin__
[2026-04-30 12:09:32] Context Resolved: sppadmin | URI: /school1/sppadmin/api.php?action=get_iam_form&type=field_editor&appname=lekhak&csrf_token=cee8161465989189c20d88451c2707f708c1d9dd6c19a1b060ae293f36142655&_ts=1777550971314 | Matched Pattern Len: 17
[2026-04-30 12:09:32] Context Switch: sppadmin -> sppadmin
[2026-04-30 12:09:32] Context Switch: sppadmin -> sppadmin
[2026-04-30 12:09:35] Context Switch: sppadmin -> default
[2026-04-30 12:09:35] Context Switch: default -> default
[2026-04-30 12:09:37] Context Switch: default -> default
[2026-04-30 12:09:40] Context Switch: default -> sppadmin
[2026-04-30 12:09:41] Context Switch: sppadmin -> __sppadmin__
[2026-04-30 12:09:41] Context Switch: __sppadmin__ -> __sppadmin__
[2026-04-30 12:09:41] Context Switch: __sppadmin__ -> lekhak
[2026-04-30 12:09:42] Context Switch: lekhak -> lekhak
[2026-04-30 12:09:42] Context Switch: lekhak -> __sppadmin__
[2026-04-30 12:13:43] Context Resolved: sppadmin | URI: /school1/sppadmin/api.php?action=get_iam_form&type=field_editor&appname=lekhak&csrf_token=cee8161465989189c20d88451c2707f708c1d9dd6c19a1b060ae293f36142655&_ts=1777551222417 | Matched Pattern Len: 17
[2026-04-30 12:13:43] Context Switch: sppadmin -> sppadmin
[2026-04-30 12:13:43] Context Switch: sppadmin -> sppadmin
[2026-04-30 12:13:48] Context Switch: sppadmin -> default
[2026-04-30 12:13:48] Context Switch: default -> default
[2026-04-30 12:13:50] Context Switch: default -> default
[2026-04-30 12:13:53] Context Switch: default -> sppadmin
[2026-04-30 12:13:55] Context Switch: sppadmin -> __sppadmin__
[2026-04-30 12:13:55] Context Switch: __sppadmin__ -> __sppadmin__
[2026-04-30 12:13:56] Context Switch: __sppadmin__ -> lekhak
[2026-04-30 12:13:56] Context Switch: lekhak -> lekhak
[2026-04-30 12:13:56] Context Switch: lekhak -> __sppadmin__
[2026-04-30 12:18:50] Context Resolved: sppadmin | URI: /school1/sppadmin/api.php?action=get_iam_form&type=field_editor&appname=lekhak&csrf_token=cee8161465989189c20d88451c2707f708c1d9dd6c19a1b060ae293f36142655&_ts=1777551529278 | Matched Pattern Len: 17
[2026-04-30 12:18:50] Context Switch: sppadmin -> sppadmin
[2026-04-30 12:18:50] Context Switch: sppadmin -> sppadmin
[2026-04-30 12:18:53] Context Switch: sppadmin -> default
[2026-04-30 12:18:54] Context Switch: default -> default
[2026-04-30 12:18:56] Context Switch: default -> default
[2026-04-30 12:18:59] Context Switch: default -> sppadmin
[2026-04-30 12:19:01] Context Switch: sppadmin -> __sppadmin__
[2026-04-30 12:19:01] Context Switch: __sppadmin__ -> __sppadmin__
[2026-04-30 12:19:01] Context Switch: __sppadmin__ -> lekhak
[2026-04-30 12:19:01] Context Switch: lekhak -> lekhak
[2026-04-30 12:19:01] Context Switch: lekhak -> __sppadmin__
[2026-04-30 12:20:39] Context Resolved: sppadmin | URI: /school1/sppadmin/ | Matched Pattern Len: 17
[2026-04-30 12:20:39] Context Switch: sppadmin -> sppadmin
[2026-04-30 12:20:39] Context Switch: sppadmin -> sppadmin
[2026-04-30 12:20:42] Context Switch: sppadmin -> default
[2026-04-30 12:20:42] Context Switch: default -> default
[2026-04-30 12:20:44] Context Switch: default -> default
[2026-04-30 12:20:46] Context Switch: default -> sppadmin
[2026-04-30 12:21:05] Context Resolved: sppadmin | URI: /school1/sppadmin/api.php?action=check_auth&appname=lekhak&_ts=1777551666030 | Matched Pattern Len: 17
[2026-04-30 12:21:05] Context Switch: sppadmin -> sppadmin
[2026-04-30 12:21:05] Context Switch: sppadmin -> sppadmin
[2026-04-30 12:21:09] Context Switch: sppadmin -> default
[2026-04-30 12:21:09] Context Switch: default -> default
[2026-04-30 12:21:11] Context Switch: default -> default
[2026-04-30 12:21:14] Context Switch: default -> sppadmin
[2026-04-30 12:21:25] Context Resolved: sppadmin | URI: /school1/sppadmin/api.php | Matched Pattern Len: 17
[2026-04-30 12:21:25] Context Switch: sppadmin -> sppadmin
[2026-04-30 12:21:25] Context Switch: sppadmin -> sppadmin
[2026-04-30 12:21:29] Context Switch: sppadmin -> default
[2026-04-30 12:21:29] Context Switch: default -> default
[2026-04-30 12:21:32] Context Switch: default -> default
[2026-04-30 12:21:35] Context Switch: default -> sppadmin
[2026-04-30 12:21:37] Context Resolved: sppadmin | URI: /school1/sppadmin/api.php?action=list_apps&appname=lekhak&csrf_token=cee8161465989189c20d88451c2707f708c1d9dd6c19a1b060ae293f36142655&_ts=1777551697872 | Matched Pattern Len: 17
[2026-04-30 12:21:37] Context Switch: sppadmin -> sppadmin
[2026-04-30 12:21:37] Context Resolved: sppadmin | URI: /school1/sppadmin/api.php?action=get_profile&appname=lekhak&csrf_token=cee8161465989189c20d88451c2707f708c1d9dd6c19a1b060ae293f36142655&_ts=1777551697873 | Matched Pattern Len: 17
[2026-04-30 12:21:37] Context Switch: sppadmin -> sppadmin
[2026-04-30 12:21:37] Context Switch: sppadmin -> sppadmin
[2026-04-30 12:21:37] Context Switch: sppadmin -> sppadmin
[2026-04-30 12:21:38] Context Switch: sppadmin -> default
[2026-04-30 12:21:38] Context Switch: default -> default
[2026-04-30 12:21:39] Context Switch: sppadmin -> default
[2026-04-30 12:21:39] Context Switch: default -> default
[2026-04-30 12:21:39] Context Switch: default -> default
[2026-04-30 12:21:41] Context Switch: default -> sppadmin
[2026-04-30 12:21:41] Context Switch: default -> default
[2026-04-30 12:21:42] Context Switch: sppadmin -> __sppadmin__
[2026-04-30 12:21:42] Context Switch: __sppadmin__ -> __sppadmin__
[2026-04-30 12:21:43] Context Switch: default -> sppadmin
[2026-04-30 12:21:43] Context Resolved: sppadmin | URI: /school1/sppadmin/api.php?action=list_forms&appname=lekhak&csrf_token=cee8161465989189c20d88451c2707f708c1d9dd6c19a1b060ae293f36142655&_ts=1777551703231 | Matched Pattern Len: 17
[2026-04-30 12:21:43] Context Switch: sppadmin -> sppadmin
[2026-04-30 12:21:43] Context Switch: sppadmin -> sppadmin
[2026-04-30 12:21:47] Context Switch: sppadmin -> default
[2026-04-30 12:21:47] Context Switch: default -> default
[2026-04-30 12:21:49] Context Switch: default -> default
[2026-04-30 12:21:51] Context Switch: default -> sppadmin
[2026-04-30 12:21:52] Context Switch: sppadmin -> __sppadmin__
[2026-04-30 12:21:52] Context Switch: __sppadmin__ -> __sppadmin__
[2026-04-30 12:21:52] Context Switch: __sppadmin__ -> lekhak
[2026-04-30 12:21:53] Context Switch: lekhak -> lekhak
[2026-04-30 12:21:53] Context Switch: lekhak -> __sppadmin__
[2026-04-30 12:22:10] Context Resolved: sppadmin | URI: /school1/sppadmin/api.php?action=get_iam_form&type=field_editor&appname=lekhak&csrf_token=cee8161465989189c20d88451c2707f708c1d9dd6c19a1b060ae293f36142655&_ts=1777551729279 | Matched Pattern Len: 17
[2026-04-30 12:22:10] Context Switch: sppadmin -> sppadmin
[2026-04-30 12:22:10] Context Switch: sppadmin -> sppadmin
[2026-04-30 12:22:14] Context Switch: sppadmin -> default
[2026-04-30 12:22:14] Context Switch: default -> default
[2026-04-30 12:22:16] Context Switch: default -> default
[2026-04-30 12:22:19] Context Switch: default -> sppadmin
[2026-04-30 12:22:20] Context Switch: sppadmin -> __sppadmin__
[2026-04-30 12:22:20] Context Switch: __sppadmin__ -> __sppadmin__
[2026-04-30 12:22:20] Context Switch: __sppadmin__ -> lekhak
[2026-04-30 12:22:21] Context Switch: lekhak -> lekhak
[2026-04-30 12:22:21] Context Switch: lekhak -> __sppadmin__
[2026-04-30 12:24:04] Context Resolved: sppadmin | URI: /school1/sppadmin/api.php?action=list_modules&appname=lekhak&csrf_token=cee8161465989189c20d88451c2707f708c1d9dd6c19a1b060ae293f36142655&_ts=1777551844066 | Matched Pattern Len: 17
[2026-04-30 12:24:04] Context Switch: sppadmin -> sppadmin
[2026-04-30 12:24:04] Context Switch: sppadmin -> sppadmin
[2026-04-30 12:24:08] Context Switch: sppadmin -> default
[2026-04-30 12:24:08] Context Switch: default -> default
[2026-04-30 12:24:10] Context Switch: default -> default
[2026-04-30 12:24:12] Context Switch: default -> sppadmin
[2026-04-30 12:24:14] Context Switch: sppadmin -> __sppadmin__
[2026-04-30 12:24:14] Context Switch: __sppadmin__ -> __sppadmin__
[2026-04-30 12:24:16] Context Switch: __sppadmin__ -> lekhak
[2026-04-30 12:24:16] Context Switch: lekhak -> lekhak
[2026-04-30 12:24:18] Context Switch: lekhak -> lekhak
[2026-04-30 12:26:07] Context Resolved: sppadmin | URI: /school1/sppadmin/api.php?action=get_module_config_raw&modname=sppdb&appname=lekhak&csrf_token=cee8161465989189c20d88451c2707f708c1d9dd6c19a1b060ae293f36142655&_ts=1777551967336 | Matched Pattern Len: 17
[2026-04-30 12:26:07] Context Resolved: sppadmin | URI: /school1/sppadmin/api.php?action=get_module_config&modname=sppdb&appname=lekhak&csrf_token=cee8161465989189c20d88451c2707f708c1d9dd6c19a1b060ae293f36142655&_ts=1777551967336 | Matched Pattern Len: 17
[2026-04-30 12:26:07] Context Switch: sppadmin -> sppadmin
[2026-04-30 12:26:07] Context Switch: sppadmin -> sppadmin
[2026-04-30 12:26:07] Context Switch: sppadmin -> sppadmin
[2026-04-30 12:26:07] Context Switch: sppadmin -> sppadmin
[2026-04-30 12:26:09] Context Switch: sppadmin -> default
[2026-04-30 12:26:09] Context Switch: sppadmin -> default
[2026-04-30 12:26:09] Context Switch: default -> default
[2026-04-30 12:26:09] Context Switch: default -> default
[2026-04-30 12:26:11] Context Switch: default -> default
[2026-04-30 12:26:11] Context Switch: default -> default
[2026-04-30 12:26:12] Context Switch: default -> sppadmin
[2026-04-30 12:26:12] Context Switch: default -> sppadmin
[2026-04-30 12:26:12] Context Switch: sppadmin -> __sppadmin__
[2026-04-30 12:26:12] Context Switch: sppadmin -> __sppadmin__
[2026-04-30 12:26:12] Context Switch: __sppadmin__ -> __sppadmin__
[2026-04-30 12:26:12] Context Switch: __sppadmin__ -> __sppadmin__
[2026-04-30 12:26:12] Context Switch: __sppadmin__ -> lekhak
[2026-04-30 12:26:12] Context Switch: __sppadmin__ -> lekhak
[2026-04-30 12:26:12] Context Switch: lekhak -> lekhak
[2026-04-30 12:26:12] Context Switch: lekhak -> lekhak
[2026-04-30 12:26:13] Context Switch: lekhak -> lekhak
[2026-04-30 12:26:13] Context Switch: lekhak -> lekhak
[2026-04-30 12:31:02] Context Resolved: sppadmin | URI: /school1/sppadmin/api.php?action=list_modules&appname=default&csrf_token=cee8161465989189c20d88451c2707f708c1d9dd6c19a1b060ae293f36142655&_ts=1777552260823 | Matched Pattern Len: 17
[2026-04-30 12:31:02] Context Switch: sppadmin -> sppadmin
[2026-04-30 12:31:02] Context Switch: sppadmin -> sppadmin
[2026-04-30 12:31:05] Context Switch: sppadmin -> default
[2026-04-30 12:31:05] Context Switch: default -> default
[2026-04-30 12:31:07] Context Switch: default -> default
[2026-04-30 12:31:10] Context Switch: default -> sppadmin
[2026-04-30 12:31:12] Context Switch: sppadmin -> __sppadmin__
[2026-04-30 12:31:12] Context Switch: __sppadmin__ -> __sppadmin__
[2026-04-30 12:31:25] Context Resolved: sppadmin | URI: /school1/sppadmin/api.php?action=get_module_config_raw&modname=sppdb&appname=default&csrf_token=cee8161465989189c20d88451c2707f708c1d9dd6c19a1b060ae293f36142655&_ts=1777552284563 | Matched Pattern Len: 17
[2026-04-30 12:31:25] Context Resolved: sppadmin | URI: /school1/sppadmin/api.php?action=get_module_config&modname=sppdb&appname=default&csrf_token=cee8161465989189c20d88451c2707f708c1d9dd6c19a1b060ae293f36142655&_ts=1777552284563 | Matched Pattern Len: 17
[2026-04-30 12:31:25] Context Switch: sppadmin -> sppadmin
[2026-04-30 12:31:25] Context Switch: sppadmin -> sppadmin
[2026-04-30 12:31:25] Context Switch: sppadmin -> sppadmin
[2026-04-30 12:31:25] Context Switch: sppadmin -> sppadmin
[2026-04-30 12:31:27] Context Switch: sppadmin -> default
[2026-04-30 12:31:27] Context Switch: sppadmin -> default
[2026-04-30 12:31:27] Context Switch: default -> default
[2026-04-30 12:31:27] Context Switch: default -> default
[2026-04-30 12:31:28] Context Switch: default -> default
[2026-04-30 12:31:28] Context Switch: default -> default
[2026-04-30 12:31:29] Context Switch: default -> sppadmin
[2026-04-30 12:31:29] Context Switch: default -> sppadmin
[2026-04-30 12:31:30] Context Switch: sppadmin -> __sppadmin__
[2026-04-30 12:31:30] Context Switch: sppadmin -> __sppadmin__
[2026-04-30 12:31:30] Context Switch: __sppadmin__ -> __sppadmin__
[2026-04-30 12:31:30] Context Switch: __sppadmin__ -> __sppadmin__
[2026-04-30 12:32:15] Context Resolved: sppadmin | URI: /school1/sppadmin/api.php?action=get_config_all&appname=default&csrf_token=cee8161465989189c20d88451c2707f708c1d9dd6c19a1b060ae293f36142655&_ts=1777552334573 | Matched Pattern Len: 17
[2026-04-30 12:32:15] Context Switch: sppadmin -> sppadmin
[2026-04-30 12:32:15] Context Switch: sppadmin -> sppadmin
[2026-04-30 12:32:18] Context Switch: sppadmin -> default
[2026-04-30 12:32:18] Context Switch: default -> default
[2026-04-30 12:32:20] Context Switch: default -> default
[2026-04-30 12:32:22] Context Switch: default -> sppadmin
[2026-04-30 12:32:23] Context Switch: sppadmin -> __sppadmin__
[2026-04-30 12:32:23] Context Switch: __sppadmin__ -> __sppadmin__
[2026-04-30 12:32:34] Context Resolved: default | URI: /school1/src/default/comp/trace.js?v=1777552353423 | Matched Pattern Len: 8
[2026-04-30 12:32:34] Context Switch: default -> default
[2026-04-30 12:32:34] Context Switch: default -> default
[2026-04-30 12:32:37] Context Switch: default -> default
[2026-04-30 12:36:44] Context Resolved: sppadmin | URI: /school1/sppadmin/api.php?action=get_config_all&appname=default&csrf_token=cee8161465989189c20d88451c2707f708c1d9dd6c19a1b060ae293f36142655&_ts=1777552603134 | Matched Pattern Len: 17
[2026-04-30 12:36:44] Context Switch: sppadmin -> sppadmin
[2026-04-30 12:36:44] Context Switch: sppadmin -> sppadmin
[2026-04-30 12:36:47] Context Switch: sppadmin -> default
[2026-04-30 12:36:47] Context Switch: default -> default
[2026-04-30 12:36:49] Context Switch: default -> default
[2026-04-30 12:36:51] Context Switch: default -> sppadmin
[2026-04-30 12:36:52] Context Switch: sppadmin -> __sppadmin__
[2026-04-30 12:36:52] Context Switch: __sppadmin__ -> __sppadmin__
[2026-04-30 12:37:00] Context Resolved: default | URI: /school1/src/default/comp/trace.js?v=1777552619064 | Matched Pattern Len: 8
[2026-04-30 12:37:00] Context Switch: default -> default
[2026-04-30 12:37:00] Context Switch: default -> default
[2026-04-30 12:37:06] Context Switch: default -> default
[2026-04-30 12:40:27] Context Resolved: sppadmin | URI: /school1/sppadmin/ | Matched Pattern Len: 17
[2026-04-30 12:40:27] Context Switch: sppadmin -> sppadmin
[2026-04-30 12:40:27] Context Switch: sppadmin -> sppadmin
[2026-04-30 12:40:28] Context Switch: sppadmin -> default
[2026-04-30 12:40:28] Context Switch: default -> default
[2026-04-30 12:40:28] Context Switch: default -> default
[2026-04-30 12:40:28] Context Switch: default -> sppadmin
[2026-04-30 12:40:30] Context Resolved: sppadmin | URI: /school1/sppadmin/api.php?action=check_auth&appname=default&_ts=1777552829721 | Matched Pattern Len: 17
[2026-04-30 12:40:30] Context Switch: sppadmin -> sppadmin
[2026-04-30 12:40:30] Context Switch: sppadmin -> sppadmin
[2026-04-30 12:40:31] Context Switch: sppadmin -> default
[2026-04-30 12:40:31] Context Switch: default -> default
[2026-04-30 12:40:32] Context Switch: default -> default
[2026-04-30 12:40:32] Context Switch: default -> sppadmin
[2026-04-30 12:40:42] Context Resolved: sppadmin | URI: /school1/sppadmin/api.php | Matched Pattern Len: 17
[2026-04-30 12:40:42] Context Switch: sppadmin -> sppadmin
[2026-04-30 12:40:42] Context Switch: sppadmin -> sppadmin
[2026-04-30 12:40:43] Context Switch: sppadmin -> default
[2026-04-30 12:40:43] Context Switch: default -> default
[2026-04-30 12:40:43] Context Switch: default -> default
[2026-04-30 12:40:44] Context Switch: default -> sppadmin
[2026-04-30 12:40:44] Context Resolved: sppadmin | URI: /school1/sppadmin/api.php?action=list_apps&appname=default&csrf_token=cee8161465989189c20d88451c2707f708c1d9dd6c19a1b060ae293f36142655&_ts=1777552844312 | Matched Pattern Len: 17
[2026-04-30 12:40:44] Context Switch: sppadmin -> sppadmin
[2026-04-30 12:40:44] Context Resolved: sppadmin | URI: /school1/sppadmin/api.php?action=get_profile&appname=default&csrf_token=cee8161465989189c20d88451c2707f708c1d9dd6c19a1b060ae293f36142655&_ts=1777552844313 | Matched Pattern Len: 17
[2026-04-30 12:40:44] Context Switch: sppadmin -> sppadmin
[2026-04-30 12:40:44] Context Switch: sppadmin -> sppadmin
[2026-04-30 12:40:44] Context Switch: sppadmin -> sppadmin
[2026-04-30 12:40:44] Context Switch: sppadmin -> default
[2026-04-30 12:40:44] Context Switch: default -> default
[2026-04-30 12:40:45] Context Switch: default -> default
[2026-04-30 12:40:45] Context Switch: sppadmin -> default
[2026-04-30 12:40:45] Context Switch: default -> default
[2026-04-30 12:40:45] Context Switch: default -> sppadmin
[2026-04-30 12:40:45] Context Switch: default -> default
[2026-04-30 12:40:46] Context Switch: sppadmin -> __sppadmin__
[2026-04-30 12:40:46] Context Switch: __sppadmin__ -> __sppadmin__
[2026-04-30 12:40:46] Context Resolved: sppadmin | URI: /school1/sppadmin/api.php?action=get_event_trace&appname=default&csrf_token=cee8161465989189c20d88451c2707f708c1d9dd6c19a1b060ae293f36142655&_ts=1777552845941 | Matched Pattern Len: 17
[2026-04-30 12:40:46] Context Switch: sppadmin -> sppadmin
[2026-04-30 12:40:46] Context Resolved: sppadmin | URI: /school1/sppadmin/api.php?action=get_parikshak_trace&appname=default&csrf_token=cee8161465989189c20d88451c2707f708c1d9dd6c19a1b060ae293f36142655&_ts=1777552845941 | Matched Pattern Len: 17
[2026-04-30 12:40:46] Context Switch: sppadmin -> sppadmin
[2026-04-30 12:40:46] Context Switch: sppadmin -> sppadmin
[2026-04-30 12:40:46] Context Switch: sppadmin -> sppadmin
[2026-04-30 12:40:46] Context Switch: default -> sppadmin
[2026-04-30 12:40:46] Context Switch: sppadmin -> default
[2026-04-30 12:40:46] Context Switch: default -> default
[2026-04-30 12:40:47] Context Switch: default -> default
[2026-04-30 12:40:47] Context Switch: sppadmin -> default
[2026-04-30 12:40:47] Context Switch: default -> default
[2026-04-30 12:40:47] Context Switch: default -> sppadmin
[2026-04-30 12:40:47] Context Switch: default -> default
[2026-04-30 12:40:48] Context Switch: sppadmin -> __sppadmin__
[2026-04-30 12:40:48] Context Switch: __sppadmin__ -> __sppadmin__
[2026-04-30 12:40:48] Context Switch: default -> sppadmin
[2026-04-30 12:40:48] Context Switch: sppadmin -> __sppadmin__
[2026-04-30 12:40:48] Context Switch: __sppadmin__ -> __sppadmin__
[2026-04-30 12:41:41] Context Resolved: sppadmin | URI: /school1/sppadmin/api.php?action=get_event_trace&appname=lekhak&csrf_token=cee8161465989189c20d88451c2707f708c1d9dd6c19a1b060ae293f36142655&_ts=1777552900904 | Matched Pattern Len: 17
[2026-04-30 12:41:41] Context Switch: sppadmin -> sppadmin
[2026-04-30 12:41:41] Context Switch: sppadmin -> sppadmin
[2026-04-30 12:41:41] Context Resolved: sppadmin | URI: /school1/sppadmin/api.php?action=get_parikshak_trace&appname=lekhak&csrf_token=cee8161465989189c20d88451c2707f708c1d9dd6c19a1b060ae293f36142655&_ts=1777552900904 | Matched Pattern Len: 17
[2026-04-30 12:41:41] Context Switch: sppadmin -> sppadmin
[2026-04-30 12:41:41] Context Switch: sppadmin -> sppadmin
[2026-04-30 12:41:42] Context Switch: sppadmin -> default
[2026-04-30 12:41:42] Context Switch: default -> default
[2026-04-30 12:41:42] Context Switch: sppadmin -> default
[2026-04-30 12:41:42] Context Switch: default -> default
[2026-04-30 12:41:42] Context Switch: default -> default
[2026-04-30 12:41:42] Context Switch: default -> sppadmin
[2026-04-30 12:41:42] Context Switch: default -> default
[2026-04-30 12:41:43] Context Switch: default -> sppadmin
[2026-04-30 12:41:43] Context Switch: sppadmin -> __sppadmin__
[2026-04-30 12:41:43] Context Switch: __sppadmin__ -> __sppadmin__
[2026-04-30 12:41:43] Context Switch: sppadmin -> __sppadmin__
[2026-04-30 12:41:44] Context Switch: __sppadmin__ -> __sppadmin__
[2026-04-30 12:42:00] Context Resolved: sppadmin | URI: /school1/sppadmin/api.php?action=get_parikshak_trace&appname=lekhak&csrf_token=cee8161465989189c20d88451c2707f708c1d9dd6c19a1b060ae293f36142655&_ts=1777552920282 | Matched Pattern Len: 17
[2026-04-30 12:42:00] Context Resolved: sppadmin | URI: /school1/sppadmin/api.php?action=get_event_trace&appname=lekhak&csrf_token=cee8161465989189c20d88451c2707f708c1d9dd6c19a1b060ae293f36142655&_ts=1777552920282 | Matched Pattern Len: 17
[2026-04-30 12:42:00] Context Switch: sppadmin -> sppadmin
[2026-04-30 12:42:00] Context Switch: sppadmin -> sppadmin
[2026-04-30 12:42:00] Context Switch: sppadmin -> sppadmin
[2026-04-30 12:42:00] Context Switch: sppadmin -> sppadmin
[2026-04-30 12:42:00] Context Switch: sppadmin -> default
[2026-04-30 12:42:00] Context Switch: sppadmin -> default
[2026-04-30 12:42:00] Context Switch: default -> default
[2026-04-30 12:42:00] Context Switch: default -> default
[2026-04-30 12:42:01] Context Switch: default -> default
[2026-04-30 12:42:01] Context Switch: default -> default
[2026-04-30 12:42:01] Context Switch: default -> sppadmin
[2026-04-30 12:42:01] Context Switch: default -> sppadmin
[2026-04-30 12:42:01] Context Switch: sppadmin -> __sppadmin__
[2026-04-30 12:42:01] Context Switch: sppadmin -> __sppadmin__
[2026-04-30 12:42:01] Context Switch: __sppadmin__ -> __sppadmin__
[2026-04-30 12:42:01] Context Switch: __sppadmin__ -> __sppadmin__
[2026-04-30 12:42:48] Context Resolved: sppadmin | URI: /school1/sppadmin/api.php?action=get_di_bindings&appname=lekhak&csrf_token=cee8161465989189c20d88451c2707f708c1d9dd6c19a1b060ae293f36142655&_ts=1777552967983 | Matched Pattern Len: 17
[2026-04-30 12:42:48] Context Switch: sppadmin -> sppadmin
[2026-04-30 12:42:48] Context Switch: sppadmin -> sppadmin
[2026-04-30 12:42:49] Context Switch: sppadmin -> default
[2026-04-30 12:42:49] Context Switch: default -> default
[2026-04-30 12:42:50] Context Switch: default -> default
[2026-04-30 12:42:50] Context Switch: default -> sppadmin
[2026-04-30 12:42:51] Context Switch: sppadmin -> __sppadmin__
[2026-04-30 12:42:51] Context Switch: __sppadmin__ -> __sppadmin__
[2026-04-30 12:42:51] Context Switch: __sppadmin__ -> lekhak
[2026-04-30 12:42:51] Context Switch: lekhak -> lekhak
[2026-04-30 12:42:52] Context Switch: lekhak -> lekhak
[2026-04-30 12:59:26] Context Resolved: lekhak | URI: /school1/lekhak | Matched Pattern Len: 15
[2026-04-30 12:59:26] Context Switch: lekhak -> lekhak
[2026-04-30 12:59:26] Context Switch: lekhak -> lekhak
[2026-04-30 12:59:27] Context Switch: lekhak -> default
[2026-04-30 12:59:27] Context Switch: default -> default
[2026-04-30 12:59:27] Context Switch: default -> default
[2026-04-30 12:59:28] Context Switch: default -> lekhak
[2026-04-30 13:01:00] Context Resolved: lekhak | URI: /school1/lekhak | Matched Pattern Len: 15
[2026-04-30 13:01:00] Context Switch: lekhak -> lekhak
[2026-04-30 13:01:00] Context Switch: lekhak -> lekhak
[2026-04-30 13:01:01] Context Switch: lekhak -> default
[2026-04-30 13:01:01] Context Switch: default -> default
[2026-04-30 13:01:02] Context Switch: default -> default
[2026-04-30 13:01:02] Context Switch: default -> lekhak
[2026-04-30 13:01:03] Context Resolved: default | URI: /school1/res/spp/css/spp.css | Matched Pattern Len: 8
[2026-04-30 13:01:04] Context Switch: default -> default
[2026-04-30 13:01:04] Context Switch: default -> default
[2026-04-30 13:01:04] Context Switch: default -> default
[2026-04-30 13:01:47] Context Resolved: lekhak | URI: /school1/lekhak | Matched Pattern Len: 15
[2026-04-30 13:01:47] Context Switch: lekhak -> lekhak
[2026-04-30 13:01:47] Context Switch: lekhak -> lekhak
[2026-04-30 13:01:48] Context Switch: lekhak -> default
[2026-04-30 13:01:48] Context Switch: default -> default
[2026-04-30 13:01:49] Context Switch: default -> default
[2026-04-30 13:01:49] Context Switch: default -> lekhak
[2026-04-30 13:01:51] Context Resolved: default | URI: /school1/res/spp/css/spp.css | Matched Pattern Len: 8
[2026-04-30 13:01:51] Context Switch: default -> default
[2026-04-30 13:01:51] Context Switch: default -> default
[2026-04-30 13:01:53] Context Switch: default -> default
[2026-04-30 13:02:09] Context Resolved: lekhak | URI: /school1/lekhak | Matched Pattern Len: 15
[2026-04-30 13:02:09] Context Switch: lekhak -> lekhak
[2026-04-30 13:02:09] Context Switch: lekhak -> lekhak
[2026-04-30 13:02:10] Context Switch: lekhak -> default
[2026-04-30 13:02:10] Context Switch: default -> default
[2026-04-30 13:02:11] Context Switch: default -> default
[2026-04-30 13:02:11] Context Switch: default -> lekhak
[2026-04-30 13:02:13] Context Resolved: default | URI: /school1/res/spp/css/spp.css | Matched Pattern Len: 8
[2026-04-30 13:02:13] Context Switch: default -> default
[2026-04-30 13:02:13] Context Switch: default -> default
[2026-04-30 13:02:15] Context Switch: default -> default
[2026-04-30 13:07:25] Context Resolved: lekhak | URI: /school1/lekhak | Matched Pattern Len: 15
[2026-04-30 13:07:25] Context Switch: lekhak -> lekhak
[2026-04-30 13:07:25] Context Switch: lekhak -> lekhak
[2026-04-30 13:07:25] Context Switch: lekhak -> default
[2026-04-30 13:07:25] Context Switch: default -> default
[2026-04-30 13:07:25] Context Switch: default -> default
[2026-04-30 13:07:26] Context Switch: default -> lekhak
[2026-04-30 13:07:26] Context Resolved: default | URI: /school1/res/spp/css/spp.css | Matched Pattern Len: 8
[2026-04-30 13:07:26] Context Switch: default -> default
[2026-04-30 13:07:26] Context Switch: default -> default
[2026-04-30 13:07:27] Context Switch: default -> default
[2026-04-30 13:07:33] Context Resolved: lekhak | URI: /school1/lekhak | Matched Pattern Len: 15
[2026-04-30 13:07:33] Context Switch: lekhak -> lekhak
[2026-04-30 13:07:33] Context Switch: lekhak -> lekhak
[2026-04-30 13:07:34] Context Switch: lekhak -> default
[2026-04-30 13:07:34] Context Switch: default -> default
[2026-04-30 13:07:35] Context Switch: default -> default
[2026-04-30 13:07:35] Context Switch: default -> lekhak
[2026-04-30 13:07:37] Context Resolved: default | URI: /school1/res/spp/css/spp.css | Matched Pattern Len: 8
[2026-04-30 13:07:37] Context Switch: default -> default
[2026-04-30 13:07:37] Context Switch: default -> default
[2026-04-30 13:07:38] Context Switch: default -> default
[2026-04-30 13:07:42] Context Resolved: spp_docs | URI: /school1/spp/admin/?__spa=1 | Matched Pattern Len: 12
[2026-04-30 13:07:42] Context Switch: spp_docs -> spp_docs
[2026-04-30 13:07:42] Context Switch: spp_docs -> spp_docs
[2026-04-30 13:07:43] Context Switch: spp_docs -> default
[2026-04-30 13:07:43] Context Switch: default -> default
[2026-04-30 13:07:43] Context Switch: default -> default
[2026-04-30 13:07:44] Context Switch: default -> spp_docs
[2026-04-30 13:07:55] Context Resolved: spp_docs | URI: /school1/spp/admin/?__spa=1 | Matched Pattern Len: 12
[2026-04-30 13:07:55] Context Switch: spp_docs -> spp_docs
[2026-04-30 13:07:55] Context Switch: spp_docs -> spp_docs
[2026-04-30 13:07:55] Context Switch: spp_docs -> default
[2026-04-30 13:07:55] Context Switch: default -> default
[2026-04-30 13:07:56] Context Switch: default -> default
[2026-04-30 13:07:57] Context Switch: default -> spp_docs
[2026-04-30 13:12:59] Context Resolved: lekhak | URI: /school1/lekhak | Matched Pattern Len: 15
[2026-04-30 13:12:59] Context Switch: lekhak -> lekhak
[2026-04-30 13:12:59] Context Switch: lekhak -> lekhak
[2026-04-30 13:12:59] Context Switch: lekhak -> default
[2026-04-30 13:12:59] Context Switch: default -> default
[2026-04-30 13:13:00] Context Switch: default -> default
[2026-04-30 13:13:01] Context Switch: default -> lekhak
[2026-04-30 13:13:02] Context Resolved: default | URI: /school1/res/spp/css/spp.css | Matched Pattern Len: 8
[2026-04-30 13:13:02] Context Switch: default -> default
[2026-04-30 13:13:02] Context Switch: default -> default
[2026-04-30 13:13:03] Context Switch: default -> default
[2026-04-30 13:13:06] Context Resolved: spp_docs | URI: /school1/spp/admin/?__spa=1 | Matched Pattern Len: 12
[2026-04-30 13:13:06] Context Switch: spp_docs -> spp_docs
[2026-04-30 13:13:06] Context Switch: spp_docs -> spp_docs
[2026-04-30 13:13:06] Context Switch: spp_docs -> default
[2026-04-30 13:13:06] Context Switch: default -> default
[2026-04-30 13:13:07] Context Switch: default -> default
[2026-04-30 13:13:07] Context Switch: default -> spp_docs
[2026-04-30 13:13:09] Context Resolved: spp_docs | URI: /school1/spp/admin/?__spa=1 | Matched Pattern Len: 12
[2026-04-30 13:13:09] Context Switch: spp_docs -> spp_docs
[2026-04-30 13:13:09] Context Switch: spp_docs -> spp_docs
[2026-04-30 13:13:10] Context Switch: spp_docs -> default
[2026-04-30 13:13:10] Context Switch: default -> default
[2026-04-30 13:13:10] Context Switch: default -> default
[2026-04-30 13:13:11] Context Switch: default -> spp_docs
[2026-04-30 13:14:05] Context Resolved: lekhak | URI: /school1/lekhak | Matched Pattern Len: 15
[2026-04-30 13:14:05] Context Switch: lekhak -> lekhak
[2026-04-30 13:14:05] Context Switch: lekhak -> lekhak
[2026-04-30 13:14:05] Context Switch: lekhak -> default
[2026-04-30 13:14:05] Context Switch: default -> default
[2026-04-30 13:14:06] Context Switch: default -> default
[2026-04-30 13:14:06] Context Switch: default -> lekhak
[2026-04-30 13:14:07] Context Resolved: default | URI: /school1/res/spp/css/spp.css | Matched Pattern Len: 8
[2026-04-30 13:14:07] Context Switch: default -> default
[2026-04-30 13:14:07] Context Switch: default -> default
[2026-04-30 13:14:08] Context Switch: default -> default
[2026-04-30 13:14:11] Context Resolved: default | URI: /school1/admin?__spa=1 | Matched Pattern Len: 8
[2026-04-30 13:14:11] Context Switch: default -> default
[2026-04-30 13:14:11] Context Switch: default -> default
[2026-04-30 13:14:12] Context Switch: default -> default
[2026-04-30 13:14:15] Context Resolved: default | URI: /school1/admin?__spa=1 | Matched Pattern Len: 8
[2026-04-30 13:14:15] Context Switch: default -> default
[2026-04-30 13:14:15] Context Switch: default -> default
[2026-04-30 13:14:16] Context Switch: default -> default
[2026-04-30 13:14:29] Context Resolved: default | URI: /school1/admin?__spa=1 | Matched Pattern Len: 8
[2026-04-30 13:14:29] Context Switch: default -> default
[2026-04-30 13:14:29] Context Switch: default -> default
[2026-04-30 13:14:30] Context Switch: default -> default
[2026-04-30 13:14:31] Context Resolved: default | URI: /school1/admin?__spa=1 | Matched Pattern Len: 8
[2026-04-30 13:14:31] Context Switch: default -> default
[2026-04-30 13:14:31] Context Switch: default -> default
[2026-04-30 13:14:32] Context Switch: default -> default
[2026-04-30 13:14:33] Context Resolved: default | URI: /school1/admin | Matched Pattern Len: 8
[2026-04-30 13:14:33] Context Resolved: default | URI: /school1/admin?__spa=1 | Matched Pattern Len: 8
[2026-04-30 13:14:33] Context Switch: default -> default
[2026-04-30 13:14:33] Context Switch: default -> default
[2026-04-30 13:14:33] Context Switch: default -> default
[2026-04-30 13:14:33] Context Switch: default -> default
[2026-04-30 13:14:33] Context Switch: default -> default
[2026-04-30 13:14:33] Context Switch: default -> default
[2026-04-30 13:14:34] Context Resolved: default | URI: /school1/admin?__spa=1 | Matched Pattern Len: 8
[2026-04-30 13:14:34] Context Switch: default -> default
[2026-04-30 13:14:34] Context Switch: default -> default
[2026-04-30 13:14:35] Context Switch: default -> default
[2026-04-30 13:14:37] Context Resolved: lekhak | URI: /school1/lekhak | Matched Pattern Len: 15
[2026-04-30 13:14:37] Context Switch: lekhak -> lekhak
[2026-04-30 13:14:37] Context Switch: lekhak -> lekhak
[2026-04-30 13:14:38] Context Switch: lekhak -> default
[2026-04-30 13:14:38] Context Switch: default -> default
[2026-04-30 13:14:38] Context Switch: default -> default
[2026-04-30 13:14:39] Context Switch: default -> lekhak
[2026-04-30 13:14:40] Context Resolved: default | URI: /school1/res/spp/css/spp.css | Matched Pattern Len: 8
[2026-04-30 13:14:40] Context Switch: default -> default
[2026-04-30 13:14:40] Context Switch: default -> default
[2026-04-30 13:14:42] Context Switch: default -> default
[2026-04-30 13:14:50] Context Resolved: lekhak | URI: /school1/lekhak/admin | Matched Pattern Len: 15
[2026-04-30 13:14:50] Context Switch: lekhak -> lekhak
[2026-04-30 13:14:50] Context Switch: lekhak -> lekhak
[2026-04-30 13:14:51] Context Switch: lekhak -> default
[2026-04-30 13:14:51] Context Switch: default -> default
[2026-04-30 13:14:51] Context Switch: default -> default
[2026-04-30 13:14:51] Context Switch: default -> lekhak
[2026-04-30 13:14:52] Context Resolved: default | URI: /school1/res/spp/css/spp.css | Matched Pattern Len: 8
[2026-04-30 13:14:52] Context Resolved: default | URI: /school1/resources/admin/standalone-shell.js | Matched Pattern Len: 8
[2026-04-30 13:14:52] Context Switch: default -> default
[2026-04-30 13:14:52] Context Switch: default -> default
[2026-04-30 13:14:52] Context Switch: default -> default
[2026-04-30 13:14:52] Context Switch: default -> default
[2026-04-30 13:14:53] Context Switch: default -> default
[2026-04-30 13:14:53] Context Switch: default -> default
[2026-04-30 13:15:45] Context Resolved: default | URI: /school1/res/spp/css/spp.css | Matched Pattern Len: 8
[2026-04-30 13:15:45] Context Switch: default -> default
[2026-04-30 13:15:45] Context Switch: default -> default
[2026-04-30 13:15:47] Context Switch: default -> default
[2026-04-30 13:15:49] Context Resolved: lekhak | URI: /school1/lekhak/admin | Matched Pattern Len: 15
[2026-04-30 13:15:49] Context Switch: lekhak -> lekhak
[2026-04-30 13:15:49] Context Switch: lekhak -> lekhak
[2026-04-30 13:15:49] Context Switch: lekhak -> default
[2026-04-30 13:15:49] Context Switch: default -> default
[2026-04-30 13:15:50] Context Switch: default -> default
[2026-04-30 13:15:51] Context Switch: default -> lekhak
[2026-04-30 13:15:52] Context Resolved: default | URI: /school1/resources/admin/standalone-shell.js | Matched Pattern Len: 8
[2026-04-30 13:15:52] Context Resolved: default | URI: /school1/res/spp/css/spp.css | Matched Pattern Len: 8
[2026-04-30 13:15:52] Context Switch: default -> default
[2026-04-30 13:15:52] Context Switch: default -> default
[2026-04-30 13:15:52] Context Switch: default -> default
[2026-04-30 13:15:52] Context Switch: default -> default
[2026-04-30 13:15:53] Context Switch: default -> default
[2026-04-30 13:15:53] Context Switch: default -> default
[2026-04-30 13:17:55] Context Resolved: lekhak | URI: /school1/lekhak/admin | Matched Pattern Len: 15
[2026-04-30 13:17:55] Context Switch: lekhak -> lekhak
[2026-04-30 13:17:55] Context Switch: lekhak -> lekhak
[2026-04-30 13:17:55] Context Switch: lekhak -> default
[2026-04-30 13:17:55] Context Switch: default -> default
[2026-04-30 13:17:56] Context Switch: default -> default
[2026-04-30 13:17:56] Context Switch: default -> lekhak
[2026-04-30 13:17:58] Context Resolved: default | URI: /school1/res/spp/css/spp.css | Matched Pattern Len: 8
[2026-04-30 13:17:58] Context Switch: default -> default
[2026-04-30 13:17:58] Context Switch: default -> default
[2026-04-30 13:17:59] Context Switch: default -> default
[2026-04-30 13:18:00] Context Resolved: default | URI: /school1/admin-api?action=get_dashboard_stats | Matched Pattern Len: 8
[2026-04-30 13:18:00] Context Switch: default -> default
[2026-04-30 13:18:00] Context Switch: default -> default
[2026-04-30 13:18:01] Context Switch: default -> default
[2026-04-30 13:18:17] Context Resolved: default | URI: /school1/admin-api?action=get_dashboard_stats | Matched Pattern Len: 8
[2026-04-30 13:18:17] Context Resolved: lekhak | URI: /school1/lekhak/admin | Matched Pattern Len: 15
[2026-04-30 13:18:17] Context Switch: default -> default
[2026-04-30 13:18:17] Context Switch: default -> default
[2026-04-30 13:18:17] Context Switch: lekhak -> lekhak
[2026-04-30 13:18:17] Context Switch: lekhak -> lekhak
[2026-04-30 13:18:17] Context Switch: lekhak -> default
[2026-04-30 13:18:17] Context Switch: default -> default
[2026-04-30 13:18:18] Context Switch: default -> default
[2026-04-30 13:18:18] Context Switch: default -> default
[2026-04-30 13:18:19] Context Switch: default -> lekhak
[2026-04-30 13:18:20] Context Resolved: default | URI: /school1/res/spp/css/spp.css | Matched Pattern Len: 8
[2026-04-30 13:18:20] Context Switch: default -> default
[2026-04-30 13:18:20] Context Switch: default -> default
[2026-04-30 13:18:21] Context Switch: default -> default
[2026-04-30 13:18:22] Context Resolved: default | URI: /school1/admin-api?action=get_dashboard_stats | Matched Pattern Len: 8
[2026-04-30 13:18:22] Context Switch: default -> default
[2026-04-30 13:18:22] Context Switch: default -> default
[2026-04-30 13:18:23] Context Switch: default -> default
[2026-04-30 13:18:33] Context Resolved: lekhak | URI: /school1/lekhak/admin | Matched Pattern Len: 15
[2026-04-30 13:18:33] Context Switch: lekhak -> lekhak
[2026-04-30 13:18:33] Context Switch: lekhak -> lekhak
[2026-04-30 13:18:33] Context Switch: lekhak -> default
[2026-04-30 13:18:33] Context Switch: default -> default
[2026-04-30 13:18:34] Context Switch: default -> default
[2026-04-30 13:18:35] Context Switch: default -> lekhak
[2026-04-30 13:18:36] Context Resolved: default | URI: /school1/res/spp/css/spp.css | Matched Pattern Len: 8
[2026-04-30 13:18:36] Context Switch: default -> default
[2026-04-30 13:18:36] Context Switch: default -> default
[2026-04-30 13:18:37] Context Switch: default -> default
[2026-04-30 13:19:03] Context Resolved: default | URI: /school1/admin-api?action=save_node | Matched Pattern Len: 8
[2026-04-30 13:19:03] Context Switch: default -> default
[2026-04-30 13:19:03] Context Switch: default -> default
[2026-04-30 13:19:04] Context Switch: default -> default
[2026-04-30 13:19:09] Context Resolved: default | URI: /school1/admin-api?action=save_node | Matched Pattern Len: 8
[2026-04-30 13:19:09] Context Switch: default -> default
[2026-04-30 13:19:09] Context Switch: default -> default
[2026-04-30 13:19:11] Context Switch: default -> default
[2026-04-30 13:19:26] Context Resolved: default | URI: /school1/admin-api?action=save_node | Matched Pattern Len: 8
[2026-04-30 13:19:26] Context Switch: default -> default
[2026-04-30 13:19:26] Context Switch: default -> default
[2026-04-30 13:19:27] Context Switch: default -> default
[2026-04-30 13:19:35] Context Resolved: lekhak | URI: /school1/lekhak/admin | Matched Pattern Len: 15
[2026-04-30 13:19:35] Context Resolved: default | URI: /school1/admin-api?action=get_dashboard_stats | Matched Pattern Len: 8
[2026-04-30 13:19:35] Context Switch: default -> default
[2026-04-30 13:19:35] Context Switch: lekhak -> lekhak
[2026-04-30 13:19:35] Context Switch: default -> default
[2026-04-30 13:19:35] Context Switch: lekhak -> lekhak
[2026-04-30 13:19:35] Context Switch: lekhak -> default
[2026-04-30 13:19:35] Context Switch: default -> default
[2026-04-30 13:19:36] Context Switch: default -> default
[2026-04-30 13:19:36] Context Switch: default -> default
[2026-04-30 13:19:36] Context Switch: default -> lekhak
[2026-04-30 13:19:38] Context Resolved: default | URI: /school1/res/spp/css/spp.css | Matched Pattern Len: 8
[2026-04-30 13:19:38] Context Switch: default -> default
[2026-04-30 13:19:38] Context Switch: default -> default
[2026-04-30 13:19:39] Context Switch: default -> default
[2026-04-30 13:19:40] Context Resolved: default | URI: /school1/admin-api?action=get_dashboard_stats | Matched Pattern Len: 8
[2026-04-30 13:19:40] Context Switch: default -> default
[2026-04-30 13:19:40] Context Switch: default -> default
[2026-04-30 13:19:41] Context Switch: default -> default
[2026-04-30 13:21:51] Context Resolved: lekhak | URI: /school1/lekhak/admin | Matched Pattern Len: 15
[2026-04-30 13:21:51] Context Switch: lekhak -> lekhak
[2026-04-30 13:21:51] Context Switch: lekhak -> lekhak
[2026-04-30 13:21:52] Context Switch: lekhak -> default
[2026-04-30 13:21:52] Context Switch: default -> default
[2026-04-30 13:21:52] Context Switch: default -> default
[2026-04-30 13:21:53] Context Switch: default -> lekhak
[2026-04-30 13:21:55] Context Resolved: default | URI: /school1/res/spp/css/spp.css | Matched Pattern Len: 8
[2026-04-30 13:21:55] Context Switch: default -> default
[2026-04-30 13:21:55] Context Switch: default -> default
[2026-04-30 13:21:55] Context Switch: default -> default
[2026-04-30 13:21:56] Context Resolved: default | URI: /school1/admin-api?action=get_dashboard_stats | Matched Pattern Len: 8
[2026-04-30 13:21:56] Context Switch: default -> default
[2026-04-30 13:21:56] Context Switch: default -> default
[2026-04-30 13:21:57] Context Switch: default -> default
[2026-04-30 13:22:12] Context Resolved: lekhak | URI: /school1/lekhak/admin | Matched Pattern Len: 15
[2026-04-30 13:22:12] Context Resolved: default | URI: /school1/admin-api?action=list_nodes | Matched Pattern Len: 8
[2026-04-30 13:22:12] Context Switch: lekhak -> lekhak
[2026-04-30 13:22:12] Context Switch: lekhak -> lekhak
[2026-04-30 13:22:12] Context Switch: default -> default
[2026-04-30 13:22:12] Context Switch: default -> default
[2026-04-30 13:22:13] Context Switch: lekhak -> default
[2026-04-30 13:22:13] Context Switch: default -> default
[2026-04-30 13:22:13] Context Switch: default -> default
[2026-04-30 13:22:13] Context Switch: default -> default
[2026-04-30 13:22:13] Context Switch: default -> lekhak
[2026-04-30 13:22:14] Context Resolved: default | URI: /school1/res/spp/css/spp.css | Matched Pattern Len: 8
[2026-04-30 13:22:14] Context Switch: default -> default
[2026-04-30 13:22:14] Context Switch: default -> default
[2026-04-30 13:22:15] Context Switch: default -> default
[2026-04-30 13:22:16] Context Resolved: default | URI: /school1/admin-api?action=list_nodes | Matched Pattern Len: 8
[2026-04-30 13:22:16] Context Switch: default -> default
[2026-04-30 13:22:16] Context Switch: default -> default
[2026-04-30 13:22:17] Context Switch: default -> default
[2026-04-30 13:22:31] Context Resolved: default | URI: /school1/admin-api?action=get_dashboard_stats | Matched Pattern Len: 8
[2026-04-30 13:22:31] Context Resolved: lekhak | URI: /school1/lekhak/admin | Matched Pattern Len: 15
[2026-04-30 13:22:31] Context Switch: default -> default
[2026-04-30 13:22:31] Context Switch: default -> default
[2026-04-30 13:22:31] Context Switch: lekhak -> lekhak
[2026-04-30 13:22:31] Context Switch: lekhak -> lekhak
[2026-04-30 13:22:31] Context Switch: lekhak -> default
[2026-04-30 13:22:31] Context Switch: default -> default
[2026-04-30 13:22:31] Context Switch: default -> default
[2026-04-30 13:22:32] Context Switch: default -> default
[2026-04-30 13:22:33] Context Switch: default -> lekhak
[2026-04-30 13:22:34] Context Resolved: default | URI: /school1/res/spp/css/spp.css | Matched Pattern Len: 8
[2026-04-30 13:22:34] Context Switch: default -> default
[2026-04-30 13:22:34] Context Switch: default -> default
[2026-04-30 13:22:35] Context Switch: default -> default
[2026-04-30 13:22:36] Context Resolved: default | URI: /school1/admin-api?action=get_dashboard_stats | Matched Pattern Len: 8
[2026-04-30 13:22:36] Context Switch: default -> default
[2026-04-30 13:22:36] Context Switch: default -> default
[2026-04-30 13:22:37] Context Switch: default -> default
[2026-04-30 13:25:23] Context Resolved: lekhak | URI: /school1/lekhak/admin | Matched Pattern Len: 15
[2026-04-30 13:25:23] Context Switch: lekhak -> lekhak
[2026-04-30 13:25:23] Context Switch: lekhak -> lekhak
[2026-04-30 13:25:24] Context Switch: lekhak -> default
[2026-04-30 13:25:24] Context Switch: default -> default
[2026-04-30 13:25:25] Context Switch: default -> default
[2026-04-30 13:25:25] Context Switch: default -> lekhak
[2026-04-30 13:25:27] Context Resolved: default | URI: /school1/res/spp/css/spp.css | Matched Pattern Len: 8
[2026-04-30 13:25:27] Context Switch: default -> default
[2026-04-30 13:25:27] Context Switch: default -> default
[2026-04-30 13:25:30] Context Switch: default -> default
[2026-04-30 13:25:30] Context Resolved: default | URI: /school1/admin-api?action=get_dashboard_stats | Matched Pattern Len: 8
[2026-04-30 13:25:30] Context Switch: default -> default
[2026-04-30 13:25:30] Context Switch: default -> default
[2026-04-30 13:25:31] Context Switch: default -> default
[2026-04-30 13:27:12] Context Resolved: lekhak | URI: /school1/lekhak/admin | Matched Pattern Len: 15
[2026-04-30 13:27:12] Context Switch: lekhak -> lekhak
[2026-04-30 13:27:12] Context Switch: lekhak -> lekhak
[2026-04-30 13:27:12] Context Switch: lekhak -> default
[2026-04-30 13:27:12] Context Switch: default -> default
[2026-04-30 13:27:13] Context Switch: default -> default
[2026-04-30 13:27:13] Context Switch: default -> lekhak
[2026-04-30 13:27:15] Context Resolved: default | URI: /school1/res/spp/css/spp.css | Matched Pattern Len: 8
[2026-04-30 13:27:15] Context Switch: default -> default
[2026-04-30 13:27:15] Context Switch: default -> default
[2026-04-30 13:27:16] Context Switch: default -> default
[2026-04-30 13:27:23] Context Resolved: default | URI: /school1/admin-api?action=save_node | Matched Pattern Len: 8
[2026-04-30 13:27:23] Context Switch: default -> default
[2026-04-30 13:27:23] Context Switch: default -> default
[2026-04-30 13:27:24] Context Switch: default -> default
[2026-04-30 13:28:05] Context Resolved: lekhak | URI: /school1/lekhak/admin | Matched Pattern Len: 15
[2026-04-30 13:28:05] Context Resolved: default | URI: /school1/admin-api?action=get_dashboard_stats | Matched Pattern Len: 8
[2026-04-30 13:28:05] Context Switch: lekhak -> lekhak
[2026-04-30 13:28:05] Context Switch: lekhak -> lekhak
[2026-04-30 13:28:06] Context Switch: default -> default
[2026-04-30 13:28:06] Context Switch: default -> default
[2026-04-30 13:28:06] Context Switch: lekhak -> default
[2026-04-30 13:28:06] Context Switch: default -> default
[2026-04-30 13:28:06] Context Switch: default -> default
[2026-04-30 13:28:06] Context Switch: default -> default
[2026-04-30 13:28:06] Context Switch: default -> lekhak
[2026-04-30 13:28:07] Context Resolved: default | URI: /school1/res/spp/css/spp.css | Matched Pattern Len: 8
[2026-04-30 13:28:07] Context Switch: default -> default
[2026-04-30 13:28:07] Context Switch: default -> default
[2026-04-30 13:28:09] Context Switch: default -> default
[2026-04-30 13:28:09] Context Resolved: default | URI: /school1/admin-api?action=get_dashboard_stats | Matched Pattern Len: 8
[2026-04-30 13:28:09] Context Switch: default -> default
[2026-04-30 13:28:09] Context Switch: default -> default
[2026-04-30 13:28:11] Context Switch: default -> default
[2026-04-30 13:28:28] Context Resolved: lekhak | URI: /school1/lekhak/admin | Matched Pattern Len: 15
[2026-04-30 13:28:28] Context Switch: lekhak -> lekhak
[2026-04-30 13:28:28] Context Switch: lekhak -> lekhak
[2026-04-30 13:28:28] Context Switch: lekhak -> default
[2026-04-30 13:28:28] Context Switch: default -> default
[2026-04-30 13:28:29] Context Switch: default -> default
[2026-04-30 13:28:29] Context Switch: default -> lekhak
[2026-04-30 13:28:31] Context Resolved: default | URI: /school1/res/spp/css/spp.css | Matched Pattern Len: 8
[2026-04-30 13:28:31] Context Switch: default -> default
[2026-04-30 13:28:31] Context Switch: default -> default
[2026-04-30 13:28:32] Context Switch: default -> default
[2026-04-30 13:28:33] Context Resolved: default | URI: /school1/admin-api?action=get_dashboard_stats | Matched Pattern Len: 8
[2026-04-30 13:28:33] Context Switch: default -> default
[2026-04-30 13:28:33] Context Switch: default -> default
[2026-04-30 13:28:34] Context Switch: default -> default
[2026-04-30 13:29:34] Context Resolved: lekhak | URI: /school1/lekhak/admin | Matched Pattern Len: 15
[2026-04-30 13:29:34] Context Switch: lekhak -> lekhak
[2026-04-30 13:29:34] Context Switch: lekhak -> lekhak
[2026-04-30 13:29:35] Context Switch: lekhak -> default
[2026-04-30 13:29:35] Context Switch: default -> default
[2026-04-30 13:29:35] Context Switch: default -> default
[2026-04-30 13:29:36] Context Switch: default -> lekhak
[2026-04-30 13:29:37] Context Resolved: default | URI: /school1/res/spp/css/spp.css | Matched Pattern Len: 8
[2026-04-30 13:29:37] Context Switch: default -> default
[2026-04-30 13:29:37] Context Switch: default -> default
[2026-04-30 13:29:38] Context Switch: default -> default
[2026-04-30 13:29:42] Context Resolved: lekhak | URI: /school1/lekhak/admin | Matched Pattern Len: 15
[2026-04-30 13:29:42] Context Switch: lekhak -> lekhak
[2026-04-30 13:29:42] Context Resolved: default | URI: /school1/admin-api?action=get_dashboard_stats | Matched Pattern Len: 8
[2026-04-30 13:29:42] Context Switch: lekhak -> lekhak
[2026-04-30 13:29:43] Context Switch: default -> default
[2026-04-30 13:29:43] Context Switch: default -> default
[2026-04-30 13:29:43] Context Switch: lekhak -> default
[2026-04-30 13:29:43] Context Switch: default -> default
[2026-04-30 13:29:43] Context Switch: default -> default
[2026-04-30 13:29:43] Context Switch: default -> lekhak
[2026-04-30 13:29:43] Context Switch: default -> default
[2026-04-30 13:29:44] Context Resolved: default | URI: /school1/res/spp/css/spp.css | Matched Pattern Len: 8
[2026-04-30 13:29:44] Context Switch: default -> default
[2026-04-30 13:29:44] Context Switch: default -> default
[2026-04-30 13:29:45] Context Switch: default -> default
[2026-04-30 13:29:46] Context Resolved: default | URI: /school1/admin-api?action=get_dashboard_stats | Matched Pattern Len: 8
[2026-04-30 13:29:46] Context Switch: default -> default
[2026-04-30 13:29:46] Context Switch: default -> default
[2026-04-30 13:29:48] Context Switch: default -> default
[2026-04-30 13:29:49] Context Resolved: lekhak | URI: /school1/lekhak/admin | Matched Pattern Len: 15
[2026-04-30 13:29:49] Context Switch: lekhak -> lekhak
[2026-04-30 13:29:49] Context Switch: lekhak -> lekhak
[2026-04-30 13:29:50] Context Switch: lekhak -> default
[2026-04-30 13:29:50] Context Switch: default -> default
[2026-04-30 13:29:50] Context Switch: default -> default
[2026-04-30 13:29:51] Context Switch: default -> lekhak
[2026-04-30 13:29:52] Context Resolved: default | URI: /school1/res/spp/css/spp.css | Matched Pattern Len: 8
[2026-04-30 13:29:52] Context Switch: default -> default
[2026-04-30 13:29:52] Context Switch: default -> default
[2026-04-30 13:29:53] Context Switch: default -> default
[2026-04-30 13:29:54] Context Resolved: default | URI: /school1/admin-api?action=get_dashboard_stats | Matched Pattern Len: 8
[2026-04-30 13:29:54] Context Switch: default -> default
[2026-04-30 13:29:54] Context Switch: default -> default
[2026-04-30 13:29:54] Context Switch: default -> default
[2026-04-30 13:30:09] Context Resolved: lekhak | URI: /school1/lekhak/admin | Matched Pattern Len: 15
[2026-04-30 13:30:09] Context Switch: lekhak -> lekhak
[2026-04-30 13:30:09] Context Switch: lekhak -> lekhak
[2026-04-30 13:30:09] Context Switch: lekhak -> default
[2026-04-30 13:30:09] Context Switch: default -> default
[2026-04-30 13:30:09] Context Switch: default -> default
[2026-04-30 13:30:10] Context Switch: default -> lekhak
[2026-04-30 13:30:11] Context Resolved: default | URI: /school1/res/spp/css/spp.css | Matched Pattern Len: 8
[2026-04-30 13:30:11] Context Switch: default -> default
[2026-04-30 13:30:11] Context Switch: default -> default
[2026-04-30 13:30:12] Context Switch: default -> default
[2026-04-30 13:30:18] Context Resolved: default | URI: /school1/admin-api?action=save_node | Matched Pattern Len: 8
[2026-04-30 13:30:18] Context Switch: default -> default
[2026-04-30 13:30:18] Context Switch: default -> default
[2026-04-30 13:30:19] Context Switch: default -> default
[2026-04-30 13:30:22] Context Resolved: default | URI: /school1/admin-api?action=save_node | Matched Pattern Len: 8
[2026-04-30 13:30:22] Context Switch: default -> default
[2026-04-30 13:30:22] Context Switch: default -> default
[2026-04-30 13:30:22] Context Switch: default -> default
[2026-04-30 13:31:28] Context Resolved: default | URI: /school1/admin-api?action=get_dashboard_stats | Matched Pattern Len: 8
[2026-04-30 13:31:28] Context Resolved: lekhak | URI: /school1/lekhak/admin | Matched Pattern Len: 15
[2026-04-30 13:31:28] Context Switch: lekhak -> lekhak
[2026-04-30 13:31:28] Context Switch: default -> default
[2026-04-30 13:31:28] Context Switch: lekhak -> lekhak
[2026-04-30 13:31:28] Context Switch: default -> default
[2026-04-30 13:31:29] Context Switch: lekhak -> default
[2026-04-30 13:31:29] Context Switch: default -> default
[2026-04-30 13:31:29] Context Switch: default -> default
[2026-04-30 13:31:29] Context Switch: default -> default
[2026-04-30 13:31:29] Context Switch: default -> lekhak
[2026-04-30 13:31:31] Context Resolved: default | URI: /school1/res/spp/css/spp.css | Matched Pattern Len: 8
[2026-04-30 13:31:31] Context Switch: default -> default
[2026-04-30 13:31:31] Context Switch: default -> default
[2026-04-30 13:31:32] Context Switch: default -> default
[2026-04-30 13:31:32] Context Resolved: default | URI: /school1/admin-api?action=get_dashboard_stats | Matched Pattern Len: 8
[2026-04-30 13:31:32] Context Switch: default -> default
[2026-04-30 13:31:32] Context Switch: default -> default
[2026-04-30 13:31:33] Context Switch: default -> default
[2026-04-30 15:32:08] Context Resolved: default | URI: / | Matched Pattern Len: 1
[2026-04-30 15:32:08] Context Switch: default -> default
[2026-04-30 15:32:08] Context Switch: default -> default
[2026-04-30 15:32:08] Context Switch: default -> default
[2026-04-30 15:32:24] Context Resolved: default | URI: / | Matched Pattern Len: 1
[2026-04-30 15:32:24] Context Switch: default -> default
[2026-04-30 15:32:24] Context Switch: default -> default
[2026-04-30 15:32:24] Context Switch: default -> default
[2026-04-30 13:32:59] Context Resolved: default | URI: /school1/admin-api?action=get_dashboard_stats | Matched Pattern Len: 8
[2026-04-30 13:32:59] Context Switch: default -> default
[2026-04-30 13:32:59] Context Switch: default -> default
[2026-04-30 13:33:00] Context Switch: default -> default
[2026-04-30 13:33:59] Context Resolved: default | URI: /school1/admin-api?action=get_dashboard_stats | Matched Pattern Len: 8
[2026-04-30 13:33:59] Context Switch: default -> default
[2026-04-30 13:33:59] Context Switch: default -> default
[2026-04-30 13:34:00] Context Switch: default -> default
[2026-04-30 13:34:36] Context Resolved: default | URI: /school1/admin-api?action=get_dashboard_stats | Matched Pattern Len: 8
[2026-04-30 13:34:36] Context Switch: default -> default
[2026-04-30 13:34:36] Context Switch: default -> default
[2026-04-30 13:34:37] Context Switch: default -> default
[2026-04-30 13:35:04] Context Resolved: default | URI: /school1/admin-api?action=get_dashboard_stats | Matched Pattern Len: 8
[2026-04-30 13:35:04] Context Switch: default -> default
[2026-04-30 13:35:04] Context Switch: default -> default
[2026-04-30 13:35:05] Context Switch: default -> default
[2026-04-30 13:36:20] Context Resolved: default | URI: /school1/admin-api?action=get_dashboard_stats | Matched Pattern Len: 8
[2026-04-30 13:36:20] Context Switch: default -> default
[2026-04-30 13:36:20] Context Switch: default -> default
[2026-04-30 13:36:21] Context Switch: default -> default
[2026-04-30 13:36:36] Context Resolved: default | URI: /school1/admin-api?action=get_dashboard_stats | Matched Pattern Len: 8
[2026-04-30 13:36:36] Context Switch: default -> default
[2026-04-30 13:36:36] Context Switch: default -> default
[2026-04-30 13:36:38] Context Switch: default -> default
[2026-04-30 15:36:56] Context Resolved: default | URI: / | Matched Pattern Len: 1
[2026-04-30 15:36:56] Context Switch: default -> default
[2026-04-30 15:36:56] Context Switch: default -> default
[2026-04-30 15:36:56] Context Switch: default -> default
[2026-04-30 13:37:29] Context Resolved: lekhak | URI: /school1/admin-api?action=get_dashboard_stats | Matched Pattern Len: 8
[2026-04-30 13:37:29] Context Switch: lekhak -> lekhak
[2026-04-30 13:37:29] Context Switch: lekhak -> lekhak
[2026-04-30 13:37:30] Context Switch: lekhak -> default
[2026-04-30 13:37:30] Context Switch: default -> default
[2026-04-30 13:37:30] Context Switch: default -> default
[2026-04-30 13:37:31] Context Switch: default -> lekhak
[2026-04-30 13:37:31] Context Switch: lekhak -> lekhak
[2026-04-30 13:37:32] Context Switch: lekhak -> lekhak
[2026-04-30 13:38:43] Context Resolved: lekhak | URI: /school1/lekhak/admin | Matched Pattern Len: 8
[2026-04-30 13:38:43] Context Switch: lekhak -> lekhak
[2026-04-30 13:38:43] Context Switch: lekhak -> lekhak
[2026-04-30 13:38:44] Context Switch: lekhak -> default
[2026-04-30 13:38:44] Context Switch: default -> default
[2026-04-30 13:38:44] Context Switch: default -> default
[2026-04-30 13:38:45] Context Switch: default -> lekhak
[2026-04-30 13:38:45] Context Switch: lekhak -> lekhak
[2026-04-30 13:39:01] Context Resolved: lekhak | URI: /school1/lekhak/admin | Matched Pattern Len: 8
[2026-04-30 13:39:01] Context Switch: lekhak -> lekhak
[2026-04-30 13:39:01] Context Switch: lekhak -> lekhak
[2026-04-30 13:39:02] Context Switch: lekhak -> default
[2026-04-30 13:39:02] Context Switch: default -> default
[2026-04-30 13:39:02] Context Switch: default -> default
[2026-04-30 13:39:03] Context Switch: default -> lekhak
[2026-04-30 13:39:03] Context Switch: lekhak -> lekhak
[2026-04-30 13:40:11] Context Resolved: lekhak | URI: /school1/lekhak/admin | Matched Pattern Len: 15
[2026-04-30 13:40:11] Context Switch: lekhak -> lekhak
[2026-04-30 13:40:11] Context Switch: lekhak -> lekhak
[2026-04-30 13:40:11] Context Switch: lekhak -> default
[2026-04-30 13:40:11] Context Switch: default -> default
[2026-04-30 13:40:12] Context Switch: default -> default
[2026-04-30 13:40:13] Context Switch: default -> lekhak
[2026-04-30 13:40:13] Context Switch: lekhak -> lekhak
[2026-04-30 13:40:14] Context Resolved: lekhak | URI: /school1/res/spp/css/spp.css | Matched Pattern Len: -1
[2026-04-30 13:40:14] Context Switch: lekhak -> lekhak
[2026-04-30 13:40:14] Context Switch: lekhak -> lekhak
[2026-04-30 13:40:14] Context Switch: lekhak -> default
[2026-04-30 13:40:14] Context Switch: default -> default
[2026-04-30 13:40:15] Context Switch: default -> default
[2026-04-30 13:40:15] Context Switch: default -> lekhak
[2026-04-30 13:40:15] Context Switch: lekhak -> lekhak
[2026-04-30 13:40:16] Context Resolved: lekhak | URI: /school1/admin-api?action=get_dashboard_stats | Matched Pattern Len: -1
[2026-04-30 13:40:16] Context Switch: lekhak -> lekhak
[2026-04-30 13:40:16] Context Switch: lekhak -> lekhak
[2026-04-30 13:40:16] Context Switch: lekhak -> default
[2026-04-30 13:40:16] Context Switch: default -> default
[2026-04-30 13:40:16] Context Switch: default -> default
[2026-04-30 13:40:17] Context Switch: default -> lekhak
[2026-04-30 13:40:17] Context Switch: lekhak -> lekhak
[2026-04-30 13:40:17] Context Switch: lekhak -> lekhak
[2026-04-30 13:40:27] Context Resolved: lekhak | URI: /school1/admin-api?action=get_node | Matched Pattern Len: -1
[2026-04-30 13:40:27] Context Resolved: lekhak | URI: /school1/lekhak/admin | Matched Pattern Len: 15
[2026-04-30 13:40:27] Context Switch: lekhak -> lekhak
[2026-04-30 13:40:27] Context Switch: lekhak -> lekhak
[2026-04-30 13:40:27] Context Switch: lekhak -> lekhak
[2026-04-30 13:40:27] Context Switch: lekhak -> lekhak
[2026-04-30 13:40:27] Context Switch: lekhak -> default
[2026-04-30 13:40:27] Context Switch: default -> default
[2026-04-30 13:40:27] Context Switch: lekhak -> default
[2026-04-30 13:40:27] Context Switch: default -> default
[2026-04-30 13:40:28] Context Switch: default -> default
[2026-04-30 13:40:28] Context Switch: default -> default
[2026-04-30 13:40:28] Context Switch: default -> lekhak
[2026-04-30 13:40:28] Context Switch: lekhak -> lekhak
[2026-04-30 13:40:29] Context Switch: default -> lekhak
[2026-04-30 13:40:29] Context Switch: lekhak -> lekhak
[2026-04-30 13:40:29] Context Switch: lekhak -> lekhak
[2026-04-30 13:40:30] Context Resolved: lekhak | URI: /school1/res/spp/css/spp.css | Matched Pattern Len: -1
[2026-04-30 13:40:30] Context Switch: lekhak -> lekhak
[2026-04-30 13:40:30] Context Switch: lekhak -> lekhak
[2026-04-30 13:40:30] Context Switch: lekhak -> default
[2026-04-30 13:40:30] Context Switch: default -> default
[2026-04-30 13:40:32] Context Switch: default -> default
[2026-04-30 13:40:33] Context Switch: default -> lekhak
[2026-04-30 13:40:33] Context Switch: lekhak -> lekhak
[2026-04-30 13:40:34] Context Resolved: lekhak | URI: /school1/admin-api?action=get_node | Matched Pattern Len: -1
[2026-04-30 13:40:34] Context Switch: lekhak -> lekhak
[2026-04-30 13:40:34] Context Switch: lekhak -> lekhak
[2026-04-30 13:40:35] Context Switch: lekhak -> default
[2026-04-30 13:40:35] Context Switch: default -> default
[2026-04-30 13:40:35] Context Switch: default -> default
[2026-04-30 13:40:36] Context Switch: default -> lekhak
[2026-04-30 13:40:36] Context Switch: lekhak -> lekhak
[2026-04-30 13:40:37] Context Switch: lekhak -> lekhak
[2026-04-30 13:40:44] Context Resolved: lekhak | URI: /school1/admin-api?action=save_node | Matched Pattern Len: -1
[2026-04-30 13:40:44] Context Switch: lekhak -> lekhak
[2026-04-30 13:40:44] Context Switch: lekhak -> lekhak
[2026-04-30 13:40:45] Context Switch: lekhak -> default
[2026-04-30 13:40:45] Context Switch: default -> default
[2026-04-30 13:40:45] Context Switch: default -> default
[2026-04-30 13:40:46] Context Switch: default -> lekhak
[2026-04-30 13:40:46] Context Switch: lekhak -> lekhak
[2026-04-30 13:40:47] Context Switch: lekhak -> lekhak
[2026-04-30 13:40:56] Context Resolved: lekhak | URI: /school1/admin-api?action=save_node | Matched Pattern Len: -1
[2026-04-30 13:40:56] Context Switch: lekhak -> lekhak
[2026-04-30 13:40:56] Context Switch: lekhak -> lekhak
[2026-04-30 13:40:57] Context Switch: lekhak -> default
[2026-04-30 13:40:57] Context Switch: default -> default
[2026-04-30 13:40:57] Context Switch: default -> default
[2026-04-30 13:40:58] Context Switch: default -> lekhak
[2026-04-30 13:40:58] Context Switch: lekhak -> lekhak
[2026-04-30 13:40:59] Context Switch: lekhak -> lekhak
[2026-04-30 13:40:59] Context Resolved: lekhak | URI: /school1/admin-api?action=save_node | Matched Pattern Len: -1
[2026-04-30 13:41:00] Context Switch: lekhak -> lekhak
[2026-04-30 13:41:00] Context Switch: lekhak -> lekhak
[2026-04-30 13:41:00] Context Switch: lekhak -> default
[2026-04-30 13:41:00] Context Switch: default -> default
[2026-04-30 13:41:01] Context Switch: default -> default
[2026-04-30 13:41:01] Context Switch: default -> lekhak
[2026-04-30 13:41:02] Context Switch: lekhak -> lekhak
[2026-04-30 13:41:02] Context Switch: lekhak -> lekhak
[2026-04-30 13:41:15] Context Resolved: lekhak | URI: /school1/admin-api?action=save_node | Matched Pattern Len: -1
[2026-04-30 13:41:16] Context Switch: lekhak -> lekhak
[2026-04-30 13:41:16] Context Switch: lekhak -> lekhak
[2026-04-30 13:41:16] Context Switch: lekhak -> default
[2026-04-30 13:41:16] Context Switch: default -> default
[2026-04-30 13:41:16] Context Switch: default -> default
[2026-04-30 13:41:17] Context Switch: default -> lekhak
[2026-04-30 13:41:17] Context Switch: lekhak -> lekhak
[2026-04-30 13:41:17] Context Switch: lekhak -> lekhak
[2026-04-30 13:41:21] Context Resolved: lekhak | URI: /school1/admin-api?action=save_node | Matched Pattern Len: -1
[2026-04-30 13:41:21] Context Switch: lekhak -> lekhak
[2026-04-30 13:41:21] Context Switch: lekhak -> lekhak
[2026-04-30 13:41:21] Context Switch: lekhak -> default
[2026-04-30 13:41:21] Context Switch: default -> default
[2026-04-30 13:41:22] Context Switch: default -> default
[2026-04-30 13:41:22] Context Switch: default -> lekhak
[2026-04-30 13:41:22] Context Switch: lekhak -> lekhak
[2026-04-30 13:41:23] Context Switch: lekhak -> lekhak
[2026-04-30 13:41:41] Context Resolved: lekhak | URI: /school1/admin-api?action=save_node | Matched Pattern Len: -1
[2026-04-30 13:41:41] Context Switch: lekhak -> lekhak
[2026-04-30 13:41:41] Context Switch: lekhak -> lekhak
[2026-04-30 13:41:42] Context Switch: lekhak -> default
[2026-04-30 13:41:42] Context Switch: default -> default
[2026-04-30 13:41:43] Context Switch: default -> default
[2026-04-30 13:41:43] Context Switch: default -> lekhak
[2026-04-30 13:41:44] Context Switch: lekhak -> lekhak
[2026-04-30 13:41:45] Context Switch: lekhak -> lekhak
[2026-04-30 13:41:49] Context Resolved: lekhak | URI: /school1/admin-api?action=save_node | Matched Pattern Len: -1
[2026-04-30 13:41:49] Context Switch: lekhak -> lekhak
[2026-04-30 13:41:49] Context Switch: lekhak -> lekhak
[2026-04-30 13:41:49] Context Switch: lekhak -> default
[2026-04-30 13:41:49] Context Switch: default -> default
[2026-04-30 13:41:50] Context Switch: default -> default
[2026-04-30 13:41:51] Context Switch: default -> lekhak
[2026-04-30 13:41:51] Context Switch: lekhak -> lekhak
[2026-04-30 13:41:51] Context Switch: lekhak -> lekhak
[2026-04-30 13:42:15] Context Resolved: lekhak | URI: /school1/admin-api?action=save_node | Matched Pattern Len: -1
[2026-04-30 13:42:15] Context Switch: lekhak -> lekhak
[2026-04-30 13:42:15] Context Switch: lekhak -> lekhak
[2026-04-30 13:42:15] Context Switch: lekhak -> default
[2026-04-30 13:42:15] Context Switch: default -> default
[2026-04-30 13:42:15] Context Switch: default -> default
[2026-04-30 13:42:16] Context Switch: default -> lekhak
[2026-04-30 13:42:16] Context Switch: lekhak -> lekhak
[2026-04-30 13:42:16] Context Switch: lekhak -> lekhak
[2026-04-30 13:42:28] Context Resolved: lekhak | URI: /school1/admin-api?action=save_node | Matched Pattern Len: -1
[2026-04-30 13:42:28] Context Switch: lekhak -> lekhak
[2026-04-30 13:42:28] Context Switch: lekhak -> lekhak
[2026-04-30 13:42:29] Context Switch: lekhak -> default
[2026-04-30 13:42:29] Context Switch: default -> default
[2026-04-30 13:42:29] Context Switch: default -> default
[2026-04-30 13:42:30] Context Switch: default -> lekhak
[2026-04-30 13:42:30] Context Switch: lekhak -> lekhak
[2026-04-30 13:42:31] Context Switch: lekhak -> lekhak
[2026-04-30 13:42:34] Context Resolved: lekhak | URI: /school1/admin-api?action=save_node | Matched Pattern Len: -1
[2026-04-30 13:42:34] Context Switch: lekhak -> lekhak
[2026-04-30 13:42:34] Context Switch: lekhak -> lekhak
[2026-04-30 13:42:35] Context Switch: lekhak -> default
[2026-04-30 13:42:35] Context Switch: default -> default
[2026-04-30 13:42:35] Context Switch: default -> default
[2026-04-30 13:42:36] Context Switch: default -> lekhak
[2026-04-30 13:42:36] Context Switch: lekhak -> lekhak
[2026-04-30 13:42:37] Context Switch: lekhak -> lekhak
[2026-04-30 13:42:38] Context Resolved: lekhak | URI: /school1/admin-api?action=save_node | Matched Pattern Len: -1
[2026-04-30 13:42:38] Context Switch: lekhak -> lekhak
[2026-04-30 13:42:38] Context Switch: lekhak -> lekhak
[2026-04-30 13:42:38] Context Switch: lekhak -> default
[2026-04-30 13:42:38] Context Switch: default -> default
[2026-04-30 13:42:39] Context Switch: default -> default
[2026-04-30 13:42:39] Context Switch: default -> lekhak
[2026-04-30 13:42:40] Context Switch: lekhak -> lekhak
[2026-04-30 13:42:40] Context Switch: lekhak -> lekhak
[2026-04-30 13:42:49] Context Resolved: lekhak | URI: /school1/admin-api?action=get_dashboard_stats | Matched Pattern Len: -1
[2026-04-30 13:42:49] Context Switch: lekhak -> lekhak
[2026-04-30 13:42:49] Context Resolved: lekhak | URI: /school1/lekhak/admin | Matched Pattern Len: 15
[2026-04-30 13:42:49] Context Switch: lekhak -> lekhak
[2026-04-30 13:42:49] Context Switch: lekhak -> lekhak
[2026-04-30 13:42:49] Context Switch: lekhak -> lekhak
[2026-04-30 13:42:49] Context Switch: lekhak -> default
[2026-04-30 13:42:49] Context Switch: default -> default
[2026-04-30 13:42:49] Context Switch: lekhak -> default
[2026-04-30 13:42:49] Context Switch: default -> default
[2026-04-30 13:42:49] Context Switch: default -> default
[2026-04-30 13:42:50] Context Switch: default -> lekhak
[2026-04-30 13:42:50] Context Switch: default -> default
[2026-04-30 13:42:50] Context Switch: lekhak -> lekhak
[2026-04-30 13:42:50] Context Switch: default -> lekhak
[2026-04-30 13:42:50] Context Switch: lekhak -> lekhak
[2026-04-30 13:42:51] Context Switch: lekhak -> lekhak
[2026-04-30 13:42:51] Context Resolved: lekhak | URI: /school1/res/spp/css/spp.css | Matched Pattern Len: -1
[2026-04-30 13:42:51] Context Switch: lekhak -> lekhak
[2026-04-30 13:42:51] Context Switch: lekhak -> lekhak
[2026-04-30 13:42:52] Context Switch: lekhak -> default
[2026-04-30 13:42:52] Context Switch: default -> default
[2026-04-30 13:42:52] Context Switch: default -> default
[2026-04-30 13:42:52] Context Switch: default -> lekhak
[2026-04-30 13:42:53] Context Switch: lekhak -> lekhak
[2026-04-30 13:42:53] Context Resolved: lekhak | URI: /school1/admin-api?action=get_dashboard_stats | Matched Pattern Len: -1
[2026-04-30 13:42:53] Context Switch: lekhak -> lekhak
[2026-04-30 13:42:53] Context Switch: lekhak -> lekhak
[2026-04-30 13:42:54] Context Switch: lekhak -> default
[2026-04-30 13:42:54] Context Switch: default -> default
[2026-04-30 13:42:54] Context Switch: default -> default
[2026-04-30 13:42:54] Context Switch: default -> lekhak
[2026-04-30 13:42:55] Context Switch: lekhak -> lekhak
[2026-04-30 13:42:55] Context Switch: lekhak -> lekhak
[2026-04-30 13:43:12] Context Resolved: lekhak | URI: /school1/lekhak | Matched Pattern Len: 15
[2026-04-30 13:43:12] Context Switch: lekhak -> lekhak
[2026-04-30 13:43:12] Context Switch: lekhak -> lekhak
[2026-04-30 13:43:13] Context Switch: lekhak -> default
[2026-04-30 13:43:13] Context Switch: default -> default
[2026-04-30 13:43:13] Context Switch: default -> default
[2026-04-30 13:43:14] Context Switch: default -> lekhak
[2026-04-30 13:43:14] Context Switch: lekhak -> lekhak
[2026-04-30 13:43:14] Context Resolved: lekhak | URI: /school1/res/spp/css/spp.css | Matched Pattern Len: -1
[2026-04-30 13:43:15] Context Switch: lekhak -> lekhak
[2026-04-30 13:43:15] Context Switch: lekhak -> lekhak
[2026-04-30 13:43:15] Context Switch: lekhak -> default
[2026-04-30 13:43:15] Context Switch: default -> default
[2026-04-30 13:43:15] Context Switch: default -> default
[2026-04-30 13:43:15] Context Switch: default -> lekhak
[2026-04-30 13:43:16] Context Switch: lekhak -> lekhak
[2026-04-30 13:46:19] Context Resolved: lekhak | URI: /school1/lekhak | Matched Pattern Len: 15
[2026-04-30 13:46:19] Context Switch: lekhak -> lekhak
[2026-04-30 13:46:19] Context Switch: lekhak -> lekhak
[2026-04-30 13:46:19] Context Switch: lekhak -> default
[2026-04-30 13:46:19] Context Switch: default -> default
[2026-04-30 13:46:20] Context Switch: default -> default
[2026-04-30 13:46:20] Context Switch: default -> lekhak
[2026-04-30 13:46:21] Context Switch: lekhak -> lekhak
[2026-04-30 13:46:21] Context Resolved: lekhak | URI: /school1/res/spp/css/spp.css | Matched Pattern Len: -1
[2026-04-30 13:46:21] Context Switch: lekhak -> lekhak
[2026-04-30 13:46:21] Context Switch: lekhak -> lekhak
[2026-04-30 13:46:22] Context Switch: lekhak -> default
[2026-04-30 13:46:22] Context Switch: default -> default
[2026-04-30 13:46:22] Context Switch: default -> default
[2026-04-30 13:46:22] Context Switch: default -> lekhak
[2026-04-30 13:46:23] Context Switch: lekhak -> lekhak
[2026-04-30 13:46:30] Context Resolved: lekhak | URI: /school1/admin-api?action=list_nodes | Matched Pattern Len: -1
[2026-04-30 13:46:30] Context Resolved: lekhak | URI: /school1/lekhak/admin | Matched Pattern Len: 15
[2026-04-30 13:46:30] Context Switch: lekhak -> lekhak
[2026-04-30 13:46:30] Context Switch: lekhak -> lekhak
[2026-04-30 13:46:30] Context Switch: lekhak -> lekhak
[2026-04-30 13:46:30] Context Switch: lekhak -> lekhak
[2026-04-30 13:46:31] Context Switch: lekhak -> default
[2026-04-30 13:46:31] Context Switch: default -> default
[2026-04-30 13:46:31] Context Switch: lekhak -> default
[2026-04-30 13:46:31] Context Switch: default -> default
[2026-04-30 13:46:31] Context Switch: default -> default
[2026-04-30 13:46:31] Context Switch: default -> default
[2026-04-30 13:46:31] Context Switch: default -> lekhak
[2026-04-30 13:46:32] Context Switch: lekhak -> lekhak
[2026-04-30 13:46:32] Context Switch: default -> lekhak
[2026-04-30 13:46:32] Context Switch: lekhak -> lekhak
[2026-04-30 13:46:32] Context Switch: lekhak -> lekhak
[2026-04-30 13:46:33] Context Resolved: lekhak | URI: /school1/res/spp/css/spp.css | Matched Pattern Len: -1
[2026-04-30 13:46:33] Context Switch: lekhak -> lekhak
[2026-04-30 13:46:33] Context Switch: lekhak -> lekhak
[2026-04-30 13:46:34] Context Switch: lekhak -> default
[2026-04-30 13:46:34] Context Switch: default -> default
[2026-04-30 13:46:34] Context Switch: default -> default
[2026-04-30 13:46:34] Context Switch: default -> lekhak
[2026-04-30 13:46:35] Context Switch: lekhak -> lekhak
[2026-04-30 13:46:35] Context Resolved: lekhak | URI: /school1/admin-api?action=list_nodes | Matched Pattern Len: -1
[2026-04-30 13:46:35] Context Switch: lekhak -> lekhak
[2026-04-30 13:46:35] Context Switch: lekhak -> lekhak
[2026-04-30 13:46:35] Context Switch: lekhak -> default
[2026-04-30 13:46:35] Context Switch: default -> default
[2026-04-30 13:46:36] Context Switch: default -> default
[2026-04-30 13:46:36] Context Switch: default -> lekhak
[2026-04-30 13:46:36] Context Switch: lekhak -> lekhak
[2026-04-30 13:46:37] Context Switch: lekhak -> lekhak
[2026-04-30 13:46:42] Context Resolved: lekhak | URI: /school1/node/2 | Matched Pattern Len: -1
[2026-04-30 13:46:42] Context Switch: lekhak -> lekhak
[2026-04-30 13:46:42] Context Switch: lekhak -> lekhak
[2026-04-30 13:46:42] Context Switch: lekhak -> default
[2026-04-30 13:46:42] Context Switch: default -> default
[2026-04-30 13:46:42] Context Switch: default -> default
[2026-04-30 13:46:43] Context Switch: default -> lekhak
[2026-04-30 13:46:43] Context Switch: lekhak -> lekhak
[2026-04-30 13:46:44] Context Resolved: lekhak | URI: /school1/res/spp/css/spp.css | Matched Pattern Len: -1
[2026-04-30 13:46:44] Context Switch: lekhak -> lekhak
[2026-04-30 13:46:44] Context Switch: lekhak -> lekhak
[2026-04-30 13:46:44] Context Switch: lekhak -> default
[2026-04-30 13:46:44] Context Switch: default -> default
[2026-04-30 13:46:44] Context Switch: default -> default
[2026-04-30 13:46:45] Context Switch: default -> lekhak
[2026-04-30 13:46:45] Context Switch: lekhak -> lekhak
[2026-04-30 13:46:52] Context Resolved: lekhak | URI: /school1/?__spa=1 | Matched Pattern Len: -1
[2026-04-30 13:46:52] Context Switch: lekhak -> lekhak
[2026-04-30 13:46:52] Context Switch: lekhak -> lekhak
[2026-04-30 13:46:53] Context Switch: lekhak -> default
[2026-04-30 13:46:53] Context Switch: default -> default
[2026-04-30 13:46:53] Context Switch: default -> default
[2026-04-30 13:46:54] Context Switch: default -> lekhak
[2026-04-30 13:46:54] Context Switch: lekhak -> lekhak
[2026-04-30 13:46:55] Context Resolved: lekhak | URI: /school1/?__spa=1 | Matched Pattern Len: -1
[2026-04-30 13:46:55] Context Switch: lekhak -> lekhak
[2026-04-30 13:46:55] Context Switch: lekhak -> lekhak
[2026-04-30 13:46:55] Context Switch: lekhak -> default
[2026-04-30 13:46:55] Context Switch: default -> default
[2026-04-30 13:46:56] Context Switch: default -> default
[2026-04-30 13:46:56] Context Switch: default -> lekhak
[2026-04-30 13:46:56] Context Switch: lekhak -> lekhak
[2026-04-30 13:46:57] Context Resolved: lekhak | URI: /school1/ | Matched Pattern Len: -1
[2026-04-30 13:46:57] Context Switch: lekhak -> lekhak
[2026-04-30 13:46:57] Context Switch: lekhak -> lekhak
[2026-04-30 13:46:57] Context Switch: lekhak -> default
[2026-04-30 13:46:57] Context Switch: default -> default
[2026-04-30 13:46:57] Context Switch: default -> default
[2026-04-30 13:46:58] Context Switch: default -> lekhak
[2026-04-30 13:46:58] Context Switch: lekhak -> lekhak
[2026-04-30 13:46:58] Context Resolved: lekhak | URI: /school1/res/spp/css/spp.css | Matched Pattern Len: -1
[2026-04-30 13:46:59] Context Switch: lekhak -> lekhak
[2026-04-30 13:46:59] Context Switch: lekhak -> lekhak
[2026-04-30 13:46:59] Context Switch: lekhak -> default
[2026-04-30 13:46:59] Context Switch: default -> default
[2026-04-30 13:46:59] Context Switch: default -> default
[2026-04-30 13:46:59] Context Switch: default -> lekhak
[2026-04-30 13:47:00] Context Switch: lekhak -> lekhak
[2026-04-30 13:47:03] Context Resolved: lekhak | URI: /school1/lekhak/admin | Matched Pattern Len: 15
[2026-04-30 13:47:03] Context Resolved: lekhak | URI: /school1/admin-api?action=get_dashboard_stats | Matched Pattern Len: -1
[2026-04-30 13:47:03] Context Switch: lekhak -> lekhak
[2026-04-30 13:47:03] Context Switch: lekhak -> lekhak
[2026-04-30 13:47:03] Context Switch: lekhak -> lekhak
[2026-04-30 13:47:03] Context Switch: lekhak -> lekhak
[2026-04-30 13:47:03] Context Switch: lekhak -> default
[2026-04-30 13:47:03] Context Switch: default -> default
[2026-04-30 13:47:03] Context Switch: lekhak -> default
[2026-04-30 13:47:03] Context Switch: default -> default
[2026-04-30 13:47:03] Context Switch: default -> default
[2026-04-30 13:47:03] Context Switch: default -> lekhak
[2026-04-30 13:47:04] Context Switch: default -> default
[2026-04-30 13:47:04] Context Switch: lekhak -> lekhak
[2026-04-30 13:47:04] Context Switch: default -> lekhak
[2026-04-30 13:47:04] Context Resolved: lekhak | URI: /school1/res/spp/css/spp.css | Matched Pattern Len: -1
[2026-04-30 13:47:04] Context Switch: lekhak -> lekhak
[2026-04-30 13:47:04] Context Switch: lekhak -> lekhak
[2026-04-30 13:47:05] Context Switch: lekhak -> lekhak
[2026-04-30 13:47:05] Context Switch: lekhak -> default
[2026-04-30 13:47:05] Context Switch: default -> default
[2026-04-30 13:47:05] Context Switch: default -> default
[2026-04-30 13:47:05] Context Switch: lekhak -> lekhak
[2026-04-30 13:47:05] Context Switch: default -> lekhak
[2026-04-30 13:47:06] Context Switch: lekhak -> lekhak
[2026-04-30 13:47:06] Context Resolved: lekhak | URI: /school1/admin-api?action=get_dashboard_stats | Matched Pattern Len: -1
[2026-04-30 13:47:06] Context Switch: lekhak -> lekhak
[2026-04-30 13:47:06] Context Switch: lekhak -> lekhak
[2026-04-30 13:47:07] Context Switch: lekhak -> default
[2026-04-30 13:47:07] Context Switch: default -> default
[2026-04-30 13:47:07] Context Switch: default -> default
[2026-04-30 13:47:07] Context Switch: default -> lekhak
[2026-04-30 13:47:08] Context Switch: lekhak -> lekhak
[2026-04-30 13:47:08] Context Switch: lekhak -> lekhak
[2026-04-30 13:47:16] Context Resolved: lekhak | URI: /school1/lekhak/admin | Matched Pattern Len: 15
[2026-04-30 13:47:16] Context Switch: lekhak -> lekhak
[2026-04-30 13:47:16] Context Switch: lekhak -> lekhak
[2026-04-30 13:47:16] Context Switch: lekhak -> default
[2026-04-30 13:47:16] Context Switch: default -> default
[2026-04-30 13:47:17] Context Switch: default -> default
[2026-04-30 13:47:18] Context Switch: default -> lekhak
[2026-04-30 13:47:18] Context Switch: lekhak -> lekhak
[2026-04-30 13:47:19] Context Resolved: lekhak | URI: /school1/res/spp/css/spp.css | Matched Pattern Len: -1
[2026-04-30 13:47:19] Context Switch: lekhak -> lekhak
[2026-04-30 13:47:19] Context Switch: lekhak -> lekhak
[2026-04-30 13:47:20] Context Switch: lekhak -> default
[2026-04-30 13:47:20] Context Switch: default -> default
[2026-04-30 13:47:20] Context Switch: default -> default
[2026-04-30 13:47:21] Context Switch: default -> lekhak
[2026-04-30 13:47:21] Context Switch: lekhak -> lekhak
[2026-04-30 13:47:36] Context Resolved: lekhak | URI: /school1/admin-api?action=save_node | Matched Pattern Len: -1
[2026-04-30 13:47:36] Context Switch: lekhak -> lekhak
[2026-04-30 13:47:36] Context Switch: lekhak -> lekhak
[2026-04-30 13:47:36] Context Switch: lekhak -> default
[2026-04-30 13:47:36] Context Switch: default -> default
[2026-04-30 13:47:37] Context Switch: default -> default
[2026-04-30 13:47:37] Context Switch: default -> lekhak
[2026-04-30 13:47:37] Context Switch: lekhak -> lekhak
[2026-04-30 13:47:38] Context Switch: lekhak -> lekhak
[2026-04-30 13:47:38] Context Resolved: lekhak | URI: /school1/admin-api?action=save_node | Matched Pattern Len: -1
[2026-04-30 13:47:38] Context Switch: lekhak -> lekhak
[2026-04-30 13:47:38] Context Switch: lekhak -> lekhak
[2026-04-30 13:47:39] Context Switch: lekhak -> default
[2026-04-30 13:47:39] Context Switch: default -> default
[2026-04-30 13:47:39] Context Switch: default -> default
[2026-04-30 13:47:39] Context Switch: default -> lekhak
[2026-04-30 13:47:40] Context Switch: lekhak -> lekhak
[2026-04-30 13:47:41] Context Switch: lekhak -> lekhak
[2026-04-30 13:47:51] Context Resolved: lekhak | URI: /school1/admin-api?action=save_node | Matched Pattern Len: -1
[2026-04-30 13:47:51] Context Switch: lekhak -> lekhak
[2026-04-30 13:47:51] Context Switch: lekhak -> lekhak
[2026-04-30 13:47:51] Context Switch: lekhak -> default
[2026-04-30 13:47:51] Context Switch: default -> default
[2026-04-30 13:47:52] Context Switch: default -> default
[2026-04-30 13:47:52] Context Switch: default -> lekhak
[2026-04-30 13:47:53] Context Switch: lekhak -> lekhak
[2026-04-30 13:47:53] Context Switch: lekhak -> lekhak
[2026-04-30 13:48:08] Context Resolved: lekhak | URI: /school1/admin-api?action=save_node | Matched Pattern Len: -1
[2026-04-30 13:48:08] Context Switch: lekhak -> lekhak
[2026-04-30 13:48:08] Context Switch: lekhak -> lekhak
[2026-04-30 13:48:08] Context Switch: lekhak -> default
[2026-04-30 13:48:08] Context Switch: default -> default
[2026-04-30 13:48:08] Context Switch: default -> default
[2026-04-30 13:48:09] Context Switch: default -> lekhak
[2026-04-30 13:48:09] Context Switch: lekhak -> lekhak
[2026-04-30 13:48:09] Context Switch: lekhak -> lekhak
[2026-04-30 13:48:17] Context Resolved: lekhak | URI: /school1/admin-api?action=save_node | Matched Pattern Len: -1
[2026-04-30 13:48:17] Context Switch: lekhak -> lekhak
[2026-04-30 13:48:17] Context Switch: lekhak -> lekhak
[2026-04-30 13:48:17] Context Switch: lekhak -> default
[2026-04-30 13:48:17] Context Switch: default -> default
[2026-04-30 13:48:18] Context Switch: default -> default
[2026-04-30 13:48:18] Context Switch: default -> lekhak
[2026-04-30 13:48:19] Context Switch: lekhak -> lekhak
[2026-04-30 13:48:20] Context Switch: lekhak -> lekhak
[2026-04-30 13:48:28] Context Resolved: lekhak | URI: /school1/admin-api?action=save_node | Matched Pattern Len: -1
[2026-04-30 13:48:28] Context Switch: lekhak -> lekhak
[2026-04-30 13:48:28] Context Switch: lekhak -> lekhak
[2026-04-30 13:48:28] Context Switch: lekhak -> default
[2026-04-30 13:48:28] Context Switch: default -> default
[2026-04-30 13:48:29] Context Switch: default -> default
[2026-04-30 13:48:29] Context Switch: default -> lekhak
[2026-04-30 13:48:29] Context Switch: lekhak -> lekhak
[2026-04-30 13:48:30] Context Switch: lekhak -> lekhak
[2026-04-30 13:48:42] Context Resolved: lekhak | URI: /school1/admin-api?action=save_node | Matched Pattern Len: -1
[2026-04-30 13:48:42] Context Switch: lekhak -> lekhak
[2026-04-30 13:48:42] Context Switch: lekhak -> lekhak
[2026-04-30 13:48:43] Context Switch: lekhak -> default
[2026-04-30 13:48:43] Context Switch: default -> default
[2026-04-30 13:48:43] Context Switch: default -> default
[2026-04-30 13:48:44] Context Switch: default -> lekhak
[2026-04-30 13:48:44] Context Switch: lekhak -> lekhak
[2026-04-30 13:48:44] Context Switch: lekhak -> lekhak
[2026-04-30 13:48:47] Context Resolved: lekhak | URI: /school1/admin-api?action=save_node | Matched Pattern Len: -1
[2026-04-30 13:48:47] Context Switch: lekhak -> lekhak
[2026-04-30 13:48:47] Context Switch: lekhak -> lekhak
[2026-04-30 13:48:47] Context Switch: lekhak -> default
[2026-04-30 13:48:47] Context Switch: default -> default
[2026-04-30 13:48:48] Context Switch: default -> default
[2026-04-30 13:48:49] Context Switch: default -> lekhak
[2026-04-30 13:48:49] Context Switch: lekhak -> lekhak
[2026-04-30 13:48:50] Context Switch: lekhak -> lekhak
[2026-04-30 13:48:50] Context Resolved: lekhak | URI: /school1/admin-api?action=save_node | Matched Pattern Len: -1
[2026-04-30 13:48:50] Context Switch: lekhak -> lekhak
[2026-04-30 13:48:50] Context Switch: lekhak -> lekhak
[2026-04-30 13:48:50] Context Switch: lekhak -> default
[2026-04-30 13:48:50] Context Switch: default -> default
[2026-04-30 13:48:51] Context Switch: default -> default
[2026-04-30 13:48:51] Context Switch: default -> lekhak
[2026-04-30 13:48:52] Context Switch: lekhak -> lekhak
[2026-04-30 13:48:54] Context Switch: lekhak -> lekhak
[2026-04-30 13:49:18] Context Resolved: lekhak | URI: /school1/res/spp/css/spp.css | Matched Pattern Len: -1
[2026-04-30 13:49:18] Context Switch: lekhak -> lekhak
[2026-04-30 13:49:18] Context Switch: lekhak -> lekhak
[2026-04-30 13:49:18] Context Switch: lekhak -> default
[2026-04-30 13:49:18] Context Switch: default -> default
[2026-04-30 13:49:19] Context Switch: default -> default
[2026-04-30 13:49:19] Context Switch: default -> lekhak
[2026-04-30 13:49:20] Context Switch: lekhak -> lekhak
[2026-04-30 13:49:20] Context Resolved: lekhak | URI: /school1/admin-api?action=save_node | Matched Pattern Len: -1
[2026-04-30 13:49:20] Context Switch: lekhak -> lekhak
[2026-04-30 13:49:20] Context Switch: lekhak -> lekhak
[2026-04-30 13:49:20] Context Switch: lekhak -> default
[2026-04-30 13:49:20] Context Switch: default -> default
[2026-04-30 13:49:21] Context Switch: default -> default
[2026-04-30 13:49:21] Context Switch: default -> lekhak
[2026-04-30 13:49:21] Context Switch: lekhak -> lekhak
[2026-04-30 13:49:22] Context Switch: lekhak -> lekhak
[2026-04-30 13:51:53] Context Resolved: lekhak | URI: /school1/admin-api?action=save_node | Matched Pattern Len: -1
[2026-04-30 13:51:53] Context Switch: lekhak -> lekhak
[2026-04-30 13:51:53] Context Switch: lekhak -> lekhak
[2026-04-30 13:51:53] Context Switch: lekhak -> default
[2026-04-30 13:51:53] Context Switch: default -> default
[2026-04-30 13:51:54] Context Switch: default -> default
[2026-04-30 13:51:54] Context Switch: default -> lekhak
[2026-04-30 13:51:55] Context Switch: lekhak -> lekhak
[2026-04-30 13:51:55] Context Switch: lekhak -> lekhak
[2026-04-30 13:52:13] Context Resolved: lekhak | URI: /school1/lekhak/admin | Matched Pattern Len: 15
[2026-04-30 13:52:13] Context Resolved: lekhak | URI: /school1/admin-api?action=get_dashboard_stats | Matched Pattern Len: -1
[2026-04-30 13:52:13] Context Switch: lekhak -> lekhak
[2026-04-30 13:52:13] Context Switch: lekhak -> lekhak
[2026-04-30 13:52:13] Context Switch: lekhak -> lekhak
[2026-04-30 13:52:13] Context Switch: lekhak -> lekhak
[2026-04-30 13:52:13] Context Switch: lekhak -> default
[2026-04-30 13:52:13] Context Switch: default -> default
[2026-04-30 13:52:13] Context Switch: lekhak -> default
[2026-04-30 13:52:13] Context Switch: default -> default
[2026-04-30 13:52:13] Context Switch: default -> default
[2026-04-30 13:52:15] Context Switch: default -> default
[2026-04-30 13:52:15] Context Switch: default -> lekhak
[2026-04-30 13:52:15] Context Switch: lekhak -> lekhak
[2026-04-30 13:52:15] Context Switch: default -> lekhak
[2026-04-30 13:52:16] Context Switch: lekhak -> lekhak
[2026-04-30 13:52:16] Context Resolved: lekhak | URI: /school1/res/spp/css/spp.css | Matched Pattern Len: -1
[2026-04-30 13:52:16] Context Switch: lekhak -> lekhak
[2026-04-30 13:52:16] Context Switch: lekhak -> lekhak
[2026-04-30 13:52:17] Context Switch: lekhak -> lekhak
[2026-04-30 13:52:17] Context Switch: lekhak -> default
[2026-04-30 13:52:17] Context Switch: default -> default
[2026-04-30 13:52:18] Context Switch: default -> default
[2026-04-30 13:52:18] Context Switch: default -> lekhak
[2026-04-30 13:52:18] Context Switch: lekhak -> lekhak
[2026-04-30 13:52:19] Context Resolved: lekhak | URI: /school1/admin-api?action=get_dashboard_stats | Matched Pattern Len: -1
[2026-04-30 13:52:19] Context Switch: lekhak -> lekhak
[2026-04-30 13:52:19] Context Switch: lekhak -> lekhak
[2026-04-30 13:52:20] Context Switch: lekhak -> default
[2026-04-30 13:52:20] Context Switch: default -> default
[2026-04-30 13:52:21] Context Switch: default -> default
[2026-04-30 13:52:21] Context Switch: default -> lekhak
[2026-04-30 13:52:22] Context Switch: lekhak -> lekhak
[2026-04-30 13:52:22] Context Switch: lekhak -> lekhak
[2026-04-30 13:52:39] Context Resolved: lekhak | URI: /school1/lekhak/admin | Matched Pattern Len: 15
[2026-04-30 13:52:39] Context Resolved: lekhak | URI: /school1/admin-api?action=get_node | Matched Pattern Len: -1
[2026-04-30 13:52:39] Context Switch: lekhak -> lekhak
[2026-04-30 13:52:39] Context Switch: lekhak -> lekhak
[2026-04-30 13:52:39] Context Switch: lekhak -> lekhak
[2026-04-30 13:52:39] Context Switch: lekhak -> lekhak
[2026-04-30 13:52:39] Context Switch: lekhak -> default
[2026-04-30 13:52:39] Context Switch: default -> default
[2026-04-30 13:52:39] Context Switch: lekhak -> default
[2026-04-30 13:52:39] Context Switch: default -> default
[2026-04-30 13:52:39] Context Switch: default -> default
[2026-04-30 13:52:39] Context Switch: default -> default
[2026-04-30 13:52:40] Context Switch: default -> lekhak
[2026-04-30 13:52:40] Context Switch: lekhak -> lekhak
[2026-04-30 13:52:40] Context Switch: default -> lekhak
[2026-04-30 13:52:41] Context Switch: lekhak -> lekhak
[2026-04-30 13:52:41] Context Resolved: lekhak | URI: /school1/res/spp/css/spp.css | Matched Pattern Len: -1
[2026-04-30 13:52:41] Context Switch: lekhak -> lekhak
[2026-04-30 13:52:41] Context Switch: lekhak -> lekhak
[2026-04-30 13:52:41] Context Switch: lekhak -> lekhak
[2026-04-30 13:52:41] Context Switch: lekhak -> default
[2026-04-30 13:52:41] Context Switch: default -> default
[2026-04-30 13:52:42] Context Switch: default -> default
[2026-04-30 13:52:43] Context Switch: default -> lekhak
[2026-04-30 13:52:43] Context Switch: lekhak -> lekhak
[2026-04-30 13:52:44] Context Resolved: lekhak | URI: /school1/admin-api?action=get_node | Matched Pattern Len: -1
[2026-04-30 13:52:44] Context Switch: lekhak -> lekhak
[2026-04-30 13:52:44] Context Switch: lekhak -> lekhak
[2026-04-30 13:52:45] Context Switch: lekhak -> default
[2026-04-30 13:52:45] Context Switch: default -> default
[2026-04-30 13:52:45] Context Switch: default -> default
[2026-04-30 13:52:46] Context Switch: default -> lekhak
[2026-04-30 13:52:47] Context Switch: lekhak -> lekhak
[2026-04-30 13:52:48] Context Switch: lekhak -> lekhak
[2026-04-30 13:53:07] Context Resolved: lekhak | URI: /school1/admin-api?action=save_node | Matched Pattern Len: -1
[2026-04-30 13:53:07] Context Switch: lekhak -> lekhak
[2026-04-30 13:53:07] Context Switch: lekhak -> lekhak
[2026-04-30 13:53:08] Context Switch: lekhak -> default
[2026-04-30 13:53:08] Context Switch: default -> default
[2026-04-30 13:53:08] Context Switch: default -> default
[2026-04-30 13:53:09] Context Switch: default -> lekhak
[2026-04-30 13:53:09] Context Resolved: lekhak | URI: /school1/admin-api?action=save_node | Matched Pattern Len: -1
[2026-04-30 13:53:09] Context Switch: lekhak -> lekhak
[2026-04-30 13:53:09] Context Switch: lekhak -> lekhak
[2026-04-30 13:53:09] Context Switch: lekhak -> lekhak
[2026-04-30 13:53:10] Context Switch: lekhak -> default
[2026-04-30 13:53:10] Context Switch: default -> default
[2026-04-30 13:53:10] Context Switch: lekhak -> lekhak
[2026-04-30 13:53:11] Context Switch: default -> default
[2026-04-30 13:53:11] Context Switch: default -> lekhak
[2026-04-30 13:53:12] Context Switch: lekhak -> lekhak
[2026-04-30 13:53:12] Context Resolved: lekhak | URI: /school1/admin-api?action=save_node | Matched Pattern Len: -1
[2026-04-30 13:53:12] Context Switch: lekhak -> lekhak
[2026-04-30 13:53:12] Context Switch: lekhak -> lekhak
[2026-04-30 13:53:12] Context Switch: lekhak -> lekhak
[2026-04-30 13:53:12] Context Switch: lekhak -> default
[2026-04-30 13:53:12] Context Switch: default -> default
[2026-04-30 13:53:13] Context Switch: default -> default
[2026-04-30 13:53:13] Context Switch: default -> lekhak
[2026-04-30 13:53:14] Context Switch: lekhak -> lekhak
[2026-04-30 13:53:14] Context Switch: lekhak -> lekhak
[2026-04-30 13:53:25] Context Resolved: lekhak | URI: /school1/admin-api?action=save_node | Matched Pattern Len: -1
[2026-04-30 13:53:25] Context Switch: lekhak -> lekhak
[2026-04-30 13:53:25] Context Switch: lekhak -> lekhak
[2026-04-30 13:53:26] Context Switch: lekhak -> default
[2026-04-30 13:53:26] Context Switch: default -> default
[2026-04-30 13:53:26] Context Switch: default -> default
[2026-04-30 13:53:27] Context Switch: default -> lekhak
[2026-04-30 13:53:27] Context Switch: lekhak -> lekhak
[2026-04-30 13:53:28] Context Switch: lekhak -> lekhak
[2026-04-30 13:53:32] Context Resolved: lekhak | URI: /school1/admin-api?action=save_node | Matched Pattern Len: -1
[2026-04-30 13:53:32] Context Switch: lekhak -> lekhak
[2026-04-30 13:53:32] Context Switch: lekhak -> lekhak
[2026-04-30 13:53:32] Context Switch: lekhak -> default
[2026-04-30 13:53:32] Context Switch: default -> default
[2026-04-30 13:53:32] Context Switch: default -> default
[2026-04-30 13:53:33] Context Switch: default -> lekhak
[2026-04-30 13:53:33] Context Switch: lekhak -> lekhak
[2026-04-30 13:53:33] Context Switch: lekhak -> lekhak
[2026-04-30 13:53:39] Context Resolved: lekhak | URI: /school1/admin-api?action=save_node | Matched Pattern Len: -1
[2026-04-30 13:53:39] Context Switch: lekhak -> lekhak
[2026-04-30 13:53:39] Context Switch: lekhak -> lekhak
[2026-04-30 13:53:40] Context Switch: lekhak -> default
[2026-04-30 13:53:40] Context Switch: default -> default
[2026-04-30 13:53:40] Context Switch: default -> default
[2026-04-30 13:53:41] Context Switch: default -> lekhak
[2026-04-30 13:53:41] Context Switch: lekhak -> lekhak
[2026-04-30 13:53:42] Context Switch: lekhak -> lekhak
[2026-04-30 13:53:46] Context Resolved: lekhak | URI: /school1/admin-api?action=save_node | Matched Pattern Len: -1
[2026-04-30 13:53:46] Context Switch: lekhak -> lekhak
[2026-04-30 13:53:46] Context Switch: lekhak -> lekhak
[2026-04-30 13:53:47] Context Switch: lekhak -> default
[2026-04-30 13:53:47] Context Switch: default -> default
[2026-04-30 13:53:48] Context Resolved: lekhak | URI: /school1/admin-api?action=save_node | Matched Pattern Len: -1
[2026-04-30 13:53:48] Context Switch: lekhak -> lekhak
[2026-04-30 13:53:48] Context Switch: lekhak -> lekhak
[2026-04-30 13:53:48] Context Switch: default -> default
[2026-04-30 13:53:48] Context Switch: lekhak -> default
[2026-04-30 13:53:48] Context Switch: default -> default
[2026-04-30 13:53:49] Context Switch: default -> default
[2026-04-30 13:53:49] Context Switch: default -> lekhak
[2026-04-30 13:53:50] Context Switch: lekhak -> lekhak
[2026-04-30 13:53:50] Context Switch: default -> lekhak
[2026-04-30 13:53:50] Context Switch: lekhak -> lekhak
[2026-04-30 13:53:50] Context Switch: lekhak -> lekhak
[2026-04-30 13:53:51] Context Switch: lekhak -> lekhak
[2026-04-30 13:54:10] Context Resolved: lekhak | URI: /school1/admin-api?action=save_node | Matched Pattern Len: -1
[2026-04-30 13:54:10] Context Switch: lekhak -> lekhak
[2026-04-30 13:54:10] Context Switch: lekhak -> lekhak
[2026-04-30 13:54:11] Context Switch: lekhak -> default
[2026-04-30 13:54:11] Context Switch: default -> default
[2026-04-30 13:54:11] Context Switch: default -> default
[2026-04-30 13:54:12] Context Switch: default -> lekhak
[2026-04-30 13:54:12] Context Switch: lekhak -> lekhak
[2026-04-30 13:54:13] Context Switch: lekhak -> lekhak
[2026-04-30 13:56:04] Context Resolved: lekhak | URI: /school1/admin-api?action=save_node | Matched Pattern Len: -1
[2026-04-30 13:56:04] Context Switch: lekhak -> lekhak
[2026-04-30 13:56:04] Context Switch: lekhak -> lekhak
[2026-04-30 13:56:05] Context Switch: lekhak -> default
[2026-04-30 13:56:05] Context Switch: default -> default
[2026-04-30 13:56:05] Context Switch: default -> default
[2026-04-30 13:56:05] Context Switch: default -> lekhak
[2026-04-30 13:56:06] Context Switch: lekhak -> lekhak
[2026-04-30 13:56:07] Context Switch: lekhak -> lekhak
[2026-04-30 13:56:45] Context Resolved: lekhak | URI: /school1/admin?__spa=1 | Matched Pattern Len: -1
[2026-04-30 13:56:45] Context Switch: lekhak -> lekhak
[2026-04-30 13:56:45] Context Switch: lekhak -> lekhak
[2026-04-30 13:56:46] Context Switch: lekhak -> default
[2026-04-30 13:56:46] Context Switch: default -> default
[2026-04-30 13:56:46] Context Switch: default -> default
[2026-04-30 13:56:46] Context Switch: default -> lekhak
[2026-04-30 13:56:47] Context Switch: lekhak -> lekhak
[2026-04-30 13:57:03] Context Resolved: lekhak | URI: /school1/lekhak/admin | Matched Pattern Len: 15
[2026-04-30 13:57:03] Context Switch: lekhak -> lekhak
[2026-04-30 13:57:03] Context Switch: lekhak -> lekhak
[2026-04-30 13:57:04] Context Switch: lekhak -> default
[2026-04-30 13:57:04] Context Switch: default -> default
[2026-04-30 13:57:04] Context Switch: default -> default
[2026-04-30 13:57:04] Context Switch: default -> lekhak
[2026-04-30 13:57:05] Context Switch: lekhak -> lekhak
[2026-04-30 13:57:06] Context Resolved: lekhak | URI: /school1/res/spp/css/spp.css | Matched Pattern Len: -1
[2026-04-30 13:57:06] Context Switch: lekhak -> lekhak
[2026-04-30 13:57:06] Context Switch: lekhak -> lekhak
[2026-04-30 13:57:06] Context Switch: lekhak -> default
[2026-04-30 13:57:06] Context Switch: default -> default
[2026-04-30 13:57:07] Context Switch: default -> default
[2026-04-30 13:57:07] Context Switch: default -> lekhak
[2026-04-30 13:57:08] Context Switch: lekhak -> lekhak
[2026-04-30 13:57:08] Context Resolved: lekhak | URI: /school1/admin-api?action=get_dashboard_stats | Matched Pattern Len: -1
[2026-04-30 13:57:08] Context Switch: lekhak -> lekhak
[2026-04-30 13:57:08] Context Switch: lekhak -> lekhak
[2026-04-30 13:57:09] Context Switch: lekhak -> default
[2026-04-30 13:57:09] Context Switch: default -> default
[2026-04-30 13:57:09] Context Switch: default -> default
[2026-04-30 13:57:10] Context Switch: default -> lekhak
[2026-04-30 13:57:10] Context Switch: lekhak -> lekhak
[2026-04-30 13:57:11] Context Switch: lekhak -> lekhak
[2026-04-30 13:57:57] Context Resolved: lekhak | URI: /school1/admin-api?action=get_node | Matched Pattern Len: -1
[2026-04-30 13:57:57] Context Resolved: lekhak | URI: /school1/lekhak/admin | Matched Pattern Len: 15
[2026-04-30 13:57:57] Context Switch: lekhak -> lekhak
[2026-04-30 13:57:57] Context Switch: lekhak -> lekhak
[2026-04-30 13:57:57] Context Switch: lekhak -> lekhak
[2026-04-30 13:57:57] Context Switch: lekhak -> lekhak
[2026-04-30 13:57:57] Context Switch: lekhak -> default
[2026-04-30 13:57:57] Context Switch: default -> default
[2026-04-30 13:57:57] Context Switch: lekhak -> default
[2026-04-30 13:57:57] Context Switch: default -> default
[2026-04-30 13:57:57] Context Switch: default -> default
[2026-04-30 13:57:57] Context Switch: default -> default
[2026-04-30 13:57:58] Context Switch: default -> lekhak
[2026-04-30 13:57:58] Context Switch: lekhak -> lekhak
[2026-04-30 13:57:58] Context Switch: default -> lekhak
[2026-04-30 13:57:58] Context Switch: lekhak -> lekhak
[2026-04-30 13:57:59] Context Switch: lekhak -> lekhak
[2026-04-30 13:57:59] Context Resolved: lekhak | URI: /school1/res/spp/css/spp.css | Matched Pattern Len: -1
[2026-04-30 13:57:59] Context Switch: lekhak -> lekhak
[2026-04-30 13:57:59] Context Switch: lekhak -> lekhak
[2026-04-30 13:58:00] Context Switch: lekhak -> default
[2026-04-30 13:58:00] Context Switch: default -> default
[2026-04-30 13:58:01] Context Switch: default -> default
[2026-04-30 13:58:01] Context Switch: default -> lekhak
[2026-04-30 13:58:02] Context Switch: lekhak -> lekhak
[2026-04-30 13:58:03] Context Resolved: lekhak | URI: /school1/admin-api?action=get_node | Matched Pattern Len: -1
[2026-04-30 13:58:03] Context Switch: lekhak -> lekhak
[2026-04-30 13:58:03] Context Switch: lekhak -> lekhak
[2026-04-30 13:58:03] Context Switch: lekhak -> default
[2026-04-30 13:58:03] Context Switch: default -> default
[2026-04-30 13:58:04] Context Switch: default -> default
[2026-04-30 13:58:05] Context Switch: default -> lekhak
[2026-04-30 13:58:05] Context Switch: lekhak -> lekhak
[2026-04-30 13:58:06] Context Switch: lekhak -> lekhak
[2026-04-30 13:58:56] Context Resolved: lekhak | URI: /school1/admin?__spa=1 | Matched Pattern Len: -1
[2026-04-30 13:58:56] Context Switch: lekhak -> lekhak
[2026-04-30 13:58:56] Context Switch: lekhak -> lekhak
[2026-04-30 13:58:58] Context Switch: lekhak -> default
[2026-04-30 13:58:58] Context Switch: default -> default
[2026-04-30 13:58:59] Context Switch: default -> default
[2026-04-30 13:59:00] Context Switch: default -> lekhak
[2026-04-30 13:59:00] Context Switch: lekhak -> lekhak
[2026-04-30 13:59:12] Context Resolved: lekhak | URI: /school1/admin-api?action=get_dashboard_stats | Matched Pattern Len: -1
[2026-04-30 13:59:12] Context Resolved: lekhak | URI: /school1/lekhak/admin | Matched Pattern Len: 15
[2026-04-30 13:59:12] Context Switch: lekhak -> lekhak
[2026-04-30 13:59:12] Context Switch: lekhak -> lekhak
[2026-04-30 13:59:12] Context Switch: lekhak -> lekhak
[2026-04-30 13:59:12] Context Switch: lekhak -> lekhak
[2026-04-30 13:59:12] Context Switch: lekhak -> default
[2026-04-30 13:59:12] Context Switch: lekhak -> default
[2026-04-30 13:59:12] Context Switch: default -> default
[2026-04-30 13:59:12] Context Switch: default -> default
[2026-04-30 13:59:12] Context Switch: default -> default
[2026-04-30 13:59:12] Context Switch: default -> default
[2026-04-30 13:59:12] Context Switch: default -> lekhak
[2026-04-30 13:59:12] Context Switch: default -> lekhak
[2026-04-30 13:59:12] Context Switch: lekhak -> lekhak
[2026-04-30 13:59:12] Context Switch: lekhak -> lekhak
[2026-04-30 13:59:13] Context Switch: lekhak -> lekhak
[2026-04-30 13:59:13] Context Resolved: lekhak | URI: /school1/res/spp/css/spp.css | Matched Pattern Len: -1
[2026-04-30 13:59:13] Context Switch: lekhak -> lekhak
[2026-04-30 13:59:13] Context Switch: lekhak -> lekhak
[2026-04-30 13:59:13] Context Switch: lekhak -> default
[2026-04-30 13:59:13] Context Switch: default -> default
[2026-04-30 13:59:13] Context Switch: default -> default
[2026-04-30 13:59:14] Context Switch: default -> lekhak
[2026-04-30 13:59:14] Context Switch: lekhak -> lekhak
[2026-04-30 13:59:15] Context Resolved: lekhak | URI: /school1/admin-api?action=get_dashboard_stats | Matched Pattern Len: -1
[2026-04-30 13:59:15] Context Switch: lekhak -> lekhak
[2026-04-30 13:59:15] Context Switch: lekhak -> lekhak
[2026-04-30 13:59:15] Context Switch: lekhak -> default
[2026-04-30 13:59:15] Context Switch: default -> default
[2026-04-30 13:59:15] Context Switch: default -> default
[2026-04-30 13:59:16] Context Switch: default -> lekhak
[2026-04-30 13:59:16] Context Switch: lekhak -> lekhak
[2026-04-30 13:59:17] Context Switch: lekhak -> lekhak
[2026-04-30 14:01:34] Context Resolved: lekhak | URI: /school1/admin-api?action=get_dashboard_stats | Matched Pattern Len: -1
[2026-04-30 14:01:34] Context Switch: lekhak -> lekhak
[2026-04-30 14:01:34] Context Switch: lekhak -> lekhak
[2026-04-30 14:01:34] Context Switch: lekhak -> default
[2026-04-30 14:01:34] Context Switch: default -> default
[2026-04-30 14:01:35] Context Switch: default -> default
[2026-04-30 14:01:35] Context Switch: default -> lekhak
[2026-04-30 14:01:35] Context Switch: lekhak -> lekhak
[2026-04-30 14:01:36] Context Switch: lekhak -> lekhak
[2026-04-30 14:01:36] Context Resolved: lekhak | URI: /school1/admin-api?action=save_node | Matched Pattern Len: -1
[2026-04-30 14:01:36] Context Switch: lekhak -> lekhak
[2026-04-30 14:01:36] Context Switch: lekhak -> lekhak
[2026-04-30 14:01:36] Context Switch: lekhak -> default
[2026-04-30 14:01:36] Context Switch: default -> default
[2026-04-30 14:01:36] Context Switch: default -> default
[2026-04-30 14:01:37] Context Switch: default -> lekhak
[2026-04-30 14:01:37] Context Switch: lekhak -> lekhak
[2026-04-30 14:01:38] Context Switch: lekhak -> lekhak
[2026-04-30 14:01:38] Context Resolved: lekhak | URI: /school1/admin-api?action=list_nodes | Matched Pattern Len: -1
[2026-04-30 14:01:38] Context Switch: lekhak -> lekhak
[2026-04-30 14:01:38] Context Switch: lekhak -> lekhak
[2026-04-30 14:01:39] Context Switch: lekhak -> default
[2026-04-30 14:01:39] Context Switch: default -> default
[2026-04-30 14:01:39] Context Switch: default -> default
[2026-04-30 14:01:40] Context Switch: default -> lekhak
[2026-04-30 14:01:40] Context Switch: lekhak -> lekhak
[2026-04-30 14:01:41] Context Switch: lekhak -> lekhak
[2026-04-30 14:01:41] Context Resolved: lekhak | URI: /school1/admin-api?action=get_node&id=32 | Matched Pattern Len: -1
[2026-04-30 14:01:41] Context Switch: lekhak -> lekhak
[2026-04-30 14:01:41] Context Switch: lekhak -> lekhak
[2026-04-30 14:01:42] Context Switch: lekhak -> default
[2026-04-30 14:01:42] Context Switch: default -> default
[2026-04-30 14:01:42] Context Switch: default -> default
[2026-04-30 14:01:43] Context Switch: default -> lekhak
[2026-04-30 14:01:43] Context Switch: lekhak -> lekhak
[2026-04-30 14:01:44] Context Switch: lekhak -> lekhak
[2026-04-30 14:01:44] Context Resolved: lekhak | URI: /school1/admin-api?action=save_node | Matched Pattern Len: -1
[2026-04-30 14:01:44] Context Switch: lekhak -> lekhak
[2026-04-30 14:01:44] Context Switch: lekhak -> lekhak
[2026-04-30 14:01:46] Context Switch: lekhak -> default
[2026-04-30 14:01:46] Context Switch: default -> default
[2026-04-30 14:01:47] Context Switch: default -> default
[2026-04-30 14:01:47] Context Switch: default -> lekhak
[2026-04-30 14:01:48] Context Switch: lekhak -> lekhak
[2026-04-30 14:01:48] Context Switch: lekhak -> lekhak
[2026-04-30 14:01:48] Context Resolved: lekhak | URI: /school1/lekhak/node/automated-test-post-1777557696-1777557698 | Matched Pattern Len: 15
[2026-04-30 14:01:48] Context Switch: lekhak -> lekhak
[2026-04-30 14:01:48] Context Switch: lekhak -> lekhak
[2026-04-30 14:01:49] Context Switch: lekhak -> default
[2026-04-30 14:01:49] Context Switch: default -> default
[2026-04-30 14:01:49] Context Switch: default -> default
[2026-04-30 14:01:50] Context Switch: default -> lekhak
[2026-04-30 14:01:50] Context Switch: lekhak -> lekhak
[2026-04-30 14:01:51] Context Resolved: lekhak | URI: /school1/lekhak/ | Matched Pattern Len: 15
[2026-04-30 14:01:51] Context Switch: lekhak -> lekhak
[2026-04-30 14:01:51] Context Switch: lekhak -> lekhak
[2026-04-30 14:01:52] Context Switch: lekhak -> default
[2026-04-30 14:01:52] Context Switch: default -> default
[2026-04-30 14:01:52] Context Switch: default -> default
[2026-04-30 14:01:53] Context Switch: default -> lekhak
[2026-04-30 14:01:53] Context Switch: lekhak -> lekhak
[2026-04-30 14:01:54] Context Resolved: lekhak | URI: /school1/lekhak/admin | Matched Pattern Len: 15
[2026-04-30 14:01:54] Context Switch: lekhak -> lekhak
[2026-04-30 14:01:54] Context Switch: lekhak -> lekhak
[2026-04-30 14:01:56] Context Switch: lekhak -> default
[2026-04-30 14:01:56] Context Switch: default -> default
[2026-04-30 14:01:57] Context Switch: default -> default
[2026-04-30 14:01:57] Context Switch: default -> lekhak
[2026-04-30 14:01:58] Context Switch: lekhak -> lekhak
[2026-04-30 14:02:35] Context Resolved: lekhak | URI: /school1/lekhak/admin | Matched Pattern Len: 15
[2026-04-30 14:02:35] Context Switch: lekhak -> lekhak
[2026-04-30 14:02:35] Context Switch: lekhak -> lekhak
[2026-04-30 14:02:36] Context Switch: lekhak -> default
[2026-04-30 14:02:36] Context Switch: default -> default
[2026-04-30 14:02:36] Context Switch: default -> default
[2026-04-30 14:02:36] Context Switch: default -> lekhak
[2026-04-30 14:02:37] Context Switch: lekhak -> lekhak
[2026-04-30 14:02:37] Context Resolved: lekhak | URI: /school1/res/spp/css/spp.css | Matched Pattern Len: -1
[2026-04-30 14:02:37] Context Switch: lekhak -> lekhak
[2026-04-30 14:02:37] Context Switch: lekhak -> lekhak
[2026-04-30 14:02:38] Context Switch: lekhak -> default
[2026-04-30 14:02:38] Context Switch: default -> default
[2026-04-30 14:02:38] Context Switch: default -> default
[2026-04-30 14:02:38] Context Switch: default -> lekhak
[2026-04-30 14:02:39] Context Switch: lekhak -> lekhak
[2026-04-30 14:02:39] Context Resolved: lekhak | URI: /school1/admin-api?action=get_dashboard_stats | Matched Pattern Len: -1
[2026-04-30 14:02:39] Context Switch: lekhak -> lekhak
[2026-04-30 14:02:39] Context Switch: lekhak -> lekhak
[2026-04-30 14:02:39] Context Switch: lekhak -> default
[2026-04-30 14:02:39] Context Switch: default -> default
[2026-04-30 14:02:40] Context Switch: default -> default
[2026-04-30 14:02:40] Context Switch: default -> lekhak
[2026-04-30 14:02:41] Context Switch: lekhak -> lekhak
[2026-04-30 14:02:41] Context Switch: lekhak -> lekhak
[2026-04-30 14:02:51] Context Resolved: lekhak | URI: /school1/lekhak/admin | Matched Pattern Len: 15
[2026-04-30 14:02:51] Context Resolved: lekhak | URI: /school1/admin-api?action=get_node | Matched Pattern Len: -1
[2026-04-30 14:02:51] Context Switch: lekhak -> lekhak
[2026-04-30 14:02:51] Context Switch: lekhak -> lekhak
[2026-04-30 14:02:51] Context Switch: lekhak -> lekhak
[2026-04-30 14:02:51] Context Switch: lekhak -> lekhak
[2026-04-30 14:02:51] Context Switch: lekhak -> default
[2026-04-30 14:02:51] Context Switch: default -> default
[2026-04-30 14:02:51] Context Switch: lekhak -> default
[2026-04-30 14:02:51] Context Switch: default -> default
[2026-04-30 14:02:51] Context Switch: default -> default
[2026-04-30 14:02:53] Context Switch: default -> default
[2026-04-30 14:02:53] Context Switch: default -> lekhak
[2026-04-30 14:02:54] Context Switch: default -> lekhak
[2026-04-30 14:02:54] Context Switch: lekhak -> lekhak
[2026-04-30 14:02:54] Context Switch: lekhak -> lekhak
[2026-04-30 14:02:55] Context Resolved: lekhak | URI: /school1/res/spp/css/spp.css | Matched Pattern Len: -1
[2026-04-30 14:02:55] Context Switch: lekhak -> lekhak
[2026-04-30 14:02:55] Context Switch: lekhak -> lekhak
[2026-04-30 14:02:55] Context Switch: lekhak -> default
[2026-04-30 14:02:55] Context Switch: default -> default
[2026-04-30 14:02:55] Context Switch: lekhak -> lekhak
[2026-04-30 14:02:55] Context Switch: default -> default
[2026-04-30 14:02:56] Context Switch: default -> lekhak
[2026-04-30 14:02:56] Context Switch: lekhak -> lekhak
[2026-04-30 14:02:56] Context Resolved: lekhak | URI: /school1/admin-api?action=get_node | Matched Pattern Len: -1
[2026-04-30 14:02:56] Context Switch: lekhak -> lekhak
[2026-04-30 14:02:56] Context Switch: lekhak -> lekhak
[2026-04-30 14:02:57] Context Switch: lekhak -> default
[2026-04-30 14:02:57] Context Switch: default -> default
[2026-04-30 14:02:57] Context Switch: default -> default
[2026-04-30 14:02:57] Context Switch: default -> lekhak
[2026-04-30 14:02:58] Context Switch: lekhak -> lekhak
[2026-04-30 14:02:58] Context Switch: lekhak -> lekhak
[2026-04-30 14:03:30] Context Resolved: lekhak | URI: /school1/admin-api?action=save_node | Matched Pattern Len: -1
[2026-04-30 14:03:30] Context Switch: lekhak -> lekhak
[2026-04-30 14:03:30] Context Switch: lekhak -> lekhak
[2026-04-30 14:03:30] Context Switch: lekhak -> default
[2026-04-30 14:03:30] Context Switch: default -> default
[2026-04-30 14:03:31] Context Switch: default -> default
[2026-04-30 14:03:32] Context Switch: default -> lekhak
[2026-04-30 14:03:32] Context Switch: lekhak -> lekhak
[2026-04-30 14:03:32] Context Switch: lekhak -> lekhak
[2026-04-30 14:03:34] Context Resolved: lekhak | URI: /school1/admin-api?action=save_node | Matched Pattern Len: -1
[2026-04-30 14:03:34] Context Switch: lekhak -> lekhak
[2026-04-30 14:03:34] Context Switch: lekhak -> lekhak
[2026-04-30 14:03:35] Context Switch: lekhak -> default
[2026-04-30 14:03:35] Context Switch: default -> default
[2026-04-30 14:03:36] Context Switch: default -> default
[2026-04-30 14:03:36] Context Switch: default -> lekhak
[2026-04-30 14:03:37] Context Switch: lekhak -> lekhak
[2026-04-30 14:03:37] Context Switch: lekhak -> lekhak
[2026-04-30 14:03:40] Context Resolved: lekhak | URI: /school1/admin-api?action=save_node | Matched Pattern Len: -1
[2026-04-30 14:03:40] Context Switch: lekhak -> lekhak
[2026-04-30 14:03:40] Context Switch: lekhak -> lekhak
[2026-04-30 14:03:41] Context Switch: lekhak -> default
[2026-04-30 14:03:41] Context Switch: default -> default
[2026-04-30 14:03:41] Context Switch: default -> default
[2026-04-30 14:03:42] Context Switch: default -> lekhak
[2026-04-30 14:03:42] Context Switch: lekhak -> lekhak
[2026-04-30 14:03:43] Context Switch: lekhak -> lekhak
[2026-04-30 14:03:51] Context Resolved: lekhak | URI: /school1/admin-api?action=save_node | Matched Pattern Len: -1
[2026-04-30 14:03:51] Context Switch: lekhak -> lekhak
[2026-04-30 14:03:51] Context Switch: lekhak -> lekhak
[2026-04-30 14:03:52] Context Switch: lekhak -> default
[2026-04-30 14:03:52] Context Switch: default -> default
[2026-04-30 14:03:53] Context Switch: default -> default
[2026-04-30 14:03:53] Context Switch: default -> lekhak
[2026-04-30 14:03:54] Context Switch: lekhak -> lekhak
[2026-04-30 14:03:54] Context Switch: lekhak -> lekhak
[2026-04-30 14:03:58] Context Resolved: lekhak | URI: /school1/admin-api?action=save_node | Matched Pattern Len: -1
[2026-04-30 14:03:58] Context Switch: lekhak -> lekhak
[2026-04-30 14:03:58] Context Switch: lekhak -> lekhak
[2026-04-30 14:03:58] Context Switch: lekhak -> default
[2026-04-30 14:03:58] Context Switch: default -> default
[2026-04-30 14:04:00] Context Switch: default -> default
[2026-04-30 14:04:01] Context Switch: default -> lekhak
[2026-04-30 14:04:01] Context Switch: lekhak -> lekhak
[2026-04-30 14:04:02] Context Switch: lekhak -> lekhak
[2026-04-30 14:04:06] Context Resolved: lekhak | URI: /school1/admin-api?action=save_node | Matched Pattern Len: -1
[2026-04-30 14:04:06] Context Switch: lekhak -> lekhak
[2026-04-30 14:04:06] Context Switch: lekhak -> lekhak
[2026-04-30 14:04:07] Context Resolved: lekhak | URI: /school1/admin-api?action=save_node | Matched Pattern Len: -1
[2026-04-30 14:04:07] Context Switch: lekhak -> lekhak
[2026-04-30 14:04:07] Context Switch: lekhak -> lekhak
[2026-04-30 14:04:07] Context Switch: lekhak -> default
[2026-04-30 14:04:07] Context Switch: default -> default
[2026-04-30 14:04:07] Context Switch: lekhak -> default
[2026-04-30 14:04:07] Context Switch: default -> default
[2026-04-30 14:04:07] Context Switch: default -> default
[2026-04-30 14:04:07] Context Switch: default -> default
[2026-04-30 14:04:08] Context Switch: default -> lekhak
[2026-04-30 14:04:08] Context Switch: default -> lekhak
[2026-04-30 14:04:08] Context Switch: lekhak -> lekhak
[2026-04-30 14:04:08] Context Switch: lekhak -> lekhak
[2026-04-30 14:04:08] Context Switch: lekhak -> lekhak
[2026-04-30 14:04:09] Context Switch: lekhak -> lekhak
[2026-04-30 14:04:24] Context Resolved: lekhak | URI: /school1/admin-api?action=save_node | Matched Pattern Len: -1
[2026-04-30 14:04:24] Context Switch: lekhak -> lekhak
[2026-04-30 14:04:24] Context Switch: lekhak -> lekhak
[2026-04-30 14:04:25] Context Switch: lekhak -> default
[2026-04-30 14:04:25] Context Switch: default -> default
[2026-04-30 14:04:26] Context Switch: default -> default
[2026-04-30 14:04:27] Context Switch: default -> lekhak
[2026-04-30 14:04:28] Context Switch: lekhak -> lekhak
[2026-04-30 14:04:28] Context Switch: lekhak -> lekhak
[2026-04-30 14:06:59] Context Resolved: lekhak | URI: /school1/lekhak/admin | Matched Pattern Len: 15
[2026-04-30 14:06:59] Context Switch: lekhak -> lekhak
[2026-04-30 14:06:59] Context Switch: lekhak -> lekhak
[2026-04-30 14:07:00] Context Switch: lekhak -> default
[2026-04-30 14:07:00] Context Switch: default -> default
[2026-04-30 14:07:00] Context Switch: default -> default
[2026-04-30 14:07:01] Context Switch: default -> lekhak
[2026-04-30 14:07:02] Context Switch: lekhak -> lekhak
[2026-04-30 14:07:03] Context Resolved: lekhak | URI: /school1/res/spp/css/spp.css | Matched Pattern Len: -1
[2026-04-30 14:07:03] Context Switch: lekhak -> lekhak
[2026-04-30 14:07:03] Context Switch: lekhak -> lekhak
[2026-04-30 14:07:04] Context Switch: lekhak -> default
[2026-04-30 14:07:04] Context Switch: default -> default
[2026-04-30 14:07:04] Context Switch: default -> default
[2026-04-30 14:07:05] Context Switch: default -> lekhak
[2026-04-30 14:07:06] Context Switch: lekhak -> lekhak
[2026-04-30 14:07:16] Context Resolved: lekhak | URI: /school1/admin-api?action=save_node | Matched Pattern Len: -1
[2026-04-30 14:07:16] Context Switch: lekhak -> lekhak
[2026-04-30 14:07:16] Context Switch: lekhak -> lekhak
[2026-04-30 14:07:17] Context Switch: lekhak -> default
[2026-04-30 14:07:17] Context Switch: default -> default
[2026-04-30 14:07:17] Context Switch: default -> default
[2026-04-30 14:07:18] Context Switch: default -> lekhak
[2026-04-30 14:07:19] Context Switch: lekhak -> lekhak
[2026-04-30 14:07:19] Context Switch: lekhak -> lekhak
[2026-04-30 14:07:36] Context Resolved: lekhak | URI: /school1/admin-api?action=save_node | Matched Pattern Len: -1
[2026-04-30 14:07:36] Context Switch: lekhak -> lekhak
[2026-04-30 14:07:36] Context Switch: lekhak -> lekhak
[2026-04-30 14:07:37] Context Switch: lekhak -> default
[2026-04-30 14:07:37] Context Switch: default -> default
[2026-04-30 14:07:38] Context Switch: default -> default
[2026-04-30 14:07:39] Context Switch: default -> lekhak
[2026-04-30 14:07:40] Context Switch: lekhak -> lekhak
[2026-04-30 14:07:42] Context Switch: lekhak -> lekhak
[2026-04-30 14:07:50] Context Resolved: lekhak | URI: /school1/admin-api?action=save_node | Matched Pattern Len: -1
[2026-04-30 14:07:50] Context Switch: lekhak -> lekhak
[2026-04-30 14:07:50] Context Switch: lekhak -> lekhak
[2026-04-30 14:07:52] Context Switch: lekhak -> default
[2026-04-30 14:07:52] Context Switch: default -> default
[2026-04-30 14:07:53] Context Switch: default -> default
[2026-04-30 14:07:56] Context Switch: default -> lekhak
[2026-04-30 14:07:57] Context Switch: lekhak -> lekhak
[2026-04-30 14:07:59] Context Switch: lekhak -> lekhak
[2026-04-30 14:08:00] Context Resolved: lekhak | URI: /school1/admin-api?action=save_node | Matched Pattern Len: -1
[2026-04-30 14:08:00] Context Switch: lekhak -> lekhak
[2026-04-30 14:08:00] Context Switch: lekhak -> lekhak
[2026-04-30 14:08:02] Context Switch: lekhak -> default
[2026-04-30 14:08:02] Context Switch: default -> default
[2026-04-30 14:08:03] Context Switch: default -> default
[2026-04-30 14:08:05] Context Switch: default -> lekhak
[2026-04-30 14:08:06] Context Switch: lekhak -> lekhak
[2026-04-30 14:08:08] Context Switch: lekhak -> lekhak
[2026-04-30 14:08:42] Context Resolved: lekhak | URI: /school1/lekhak/admin | Matched Pattern Len: 15
[2026-04-30 14:08:42] Context Resolved: lekhak | URI: /school1/admin-api?action=get_dashboard_stats | Matched Pattern Len: -1
[2026-04-30 14:08:42] Context Switch: lekhak -> lekhak
[2026-04-30 14:08:42] Context Switch: lekhak -> lekhak
[2026-04-30 14:08:42] Context Switch: lekhak -> lekhak
[2026-04-30 14:08:42] Context Switch: lekhak -> lekhak
[2026-04-30 14:08:43] Context Switch: lekhak -> default
[2026-04-30 14:08:43] Context Switch: default -> default
[2026-04-30 14:08:43] Context Switch: lekhak -> default
[2026-04-30 14:08:43] Context Switch: default -> default
[2026-04-30 14:08:44] Context Switch: default -> default
[2026-04-30 14:08:44] Context Switch: default -> default
[2026-04-30 14:08:45] Context Switch: default -> lekhak
[2026-04-30 14:08:46] Context Switch: lekhak -> lekhak
[2026-04-30 14:08:46] Context Switch: default -> lekhak
[2026-04-30 14:08:47] Context Switch: lekhak -> lekhak
[2026-04-30 14:08:47] Context Resolved: lekhak | URI: /school1/res/spp/css/spp.css | Matched Pattern Len: -1
[2026-04-30 14:08:47] Context Switch: lekhak -> lekhak
[2026-04-30 14:08:47] Context Switch: lekhak -> lekhak
[2026-04-30 14:08:48] Context Switch: lekhak -> default
[2026-04-30 14:08:48] Context Switch: default -> default
[2026-04-30 14:08:48] Context Switch: lekhak -> lekhak
[2026-04-30 14:08:49] Context Switch: default -> default
[2026-04-30 14:08:50] Context Switch: default -> lekhak
[2026-04-30 14:08:50] Context Switch: lekhak -> lekhak
[2026-04-30 14:08:51] Context Resolved: lekhak | URI: /school1/admin-api?action=get_dashboard_stats | Matched Pattern Len: -1
[2026-04-30 14:08:51] Context Switch: lekhak -> lekhak
[2026-04-30 14:08:52] Context Switch: lekhak -> lekhak
[2026-04-30 14:08:53] Context Switch: lekhak -> default
[2026-04-30 14:08:53] Context Switch: default -> default
[2026-04-30 14:08:53] Context Switch: default -> default
[2026-04-30 14:08:54] Context Resolved: lekhak | URI: /school1/lekhak/admin | Matched Pattern Len: 15
[2026-04-30 14:08:54] Context Resolved: lekhak | URI: /school1/admin-api?action=list_nodes | Matched Pattern Len: -1
[2026-04-30 14:08:54] Context Switch: lekhak -> lekhak
[2026-04-30 14:08:54] Context Switch: lekhak -> lekhak
[2026-04-30 14:08:54] Context Switch: lekhak -> lekhak
[2026-04-30 14:08:54] Context Switch: lekhak -> lekhak
[2026-04-30 14:08:55] Context Switch: default -> lekhak
[2026-04-30 14:08:55] Context Switch: lekhak -> default
[2026-04-30 14:08:55] Context Switch: default -> default
[2026-04-30 14:08:55] Context Switch: lekhak -> default
[2026-04-30 14:08:55] Context Switch: default -> default
[2026-04-30 14:08:55] Context Switch: default -> default
[2026-04-30 14:08:55] Context Switch: lekhak -> lekhak
[2026-04-30 14:08:56] Context Switch: default -> default
[2026-04-30 14:08:56] Context Switch: default -> lekhak
[2026-04-30 14:08:57] Context Switch: lekhak -> lekhak
[2026-04-30 14:08:57] Context Switch: lekhak -> lekhak
[2026-04-30 14:08:58] Context Switch: default -> lekhak
[2026-04-30 14:08:59] Context Switch: lekhak -> lekhak
[2026-04-30 14:08:59] Context Resolved: lekhak | URI: /school1/res/spp/css/spp.css | Matched Pattern Len: -1
[2026-04-30 14:08:59] Context Switch: lekhak -> lekhak
[2026-04-30 14:08:59] Context Switch: lekhak -> lekhak
[2026-04-30 14:09:00] Context Switch: lekhak -> default
[2026-04-30 14:09:00] Context Switch: default -> default
[2026-04-30 14:09:01] Context Switch: lekhak -> lekhak
[2026-04-30 14:09:01] Context Switch: default -> default
[2026-04-30 14:09:03] Context Switch: default -> lekhak
[2026-04-30 14:09:04] Context Switch: lekhak -> lekhak
[2026-04-30 14:09:05] Context Resolved: lekhak | URI: /school1/admin-api?action=list_nodes | Matched Pattern Len: -1
[2026-04-30 14:09:05] Context Switch: lekhak -> lekhak
[2026-04-30 14:09:05] Context Switch: lekhak -> lekhak
[2026-04-30 14:09:06] Context Switch: lekhak -> default
[2026-04-30 14:09:06] Context Switch: default -> default
[2026-04-30 14:09:06] Context Switch: default -> default
[2026-04-30 14:09:07] Context Switch: default -> lekhak
[2026-04-30 14:09:08] Context Switch: lekhak -> lekhak
[2026-04-30 14:09:09] Context Switch: lekhak -> lekhak
[2026-04-30 14:19:02] Context Resolved: lekhak | URI: /school1/lekhak/admin | Matched Pattern Len: 15
[2026-04-30 14:19:02] Context Resolved: lekhak | URI: /school1/admin-api?action=get_node | Matched Pattern Len: -1
[2026-04-30 14:19:02] Context Switch: lekhak -> lekhak
[2026-04-30 14:19:02] Context Switch: lekhak -> lekhak
[2026-04-30 14:19:02] Context Switch: lekhak -> lekhak
[2026-04-30 14:19:02] Context Switch: lekhak -> lekhak
[2026-04-30 14:19:03] Context Switch: lekhak -> default
[2026-04-30 14:19:03] Context Switch: lekhak -> default
[2026-04-30 14:19:03] Context Switch: default -> default
[2026-04-30 14:19:03] Context Switch: default -> default
[2026-04-30 14:19:03] Context Switch: default -> default
[2026-04-30 14:19:03] Context Switch: default -> default
[2026-04-30 14:19:04] Context Switch: default -> lekhak
[2026-04-30 14:19:04] Context Switch: default -> lekhak
[2026-04-30 14:19:05] Context Switch: lekhak -> lekhak
[2026-04-30 14:19:05] Context Switch: lekhak -> lekhak
[2026-04-30 14:19:05] Context Switch: lekhak -> lekhak
[2026-04-30 14:19:06] Context Resolved: lekhak | URI: /school1/res/spp/css/spp.css | Matched Pattern Len: -1
[2026-04-30 14:19:07] Context Switch: lekhak -> lekhak
[2026-04-30 14:19:07] Context Switch: lekhak -> lekhak
[2026-04-30 14:19:09] Context Switch: lekhak -> default
[2026-04-30 14:19:09] Context Switch: default -> default
[2026-04-30 14:19:10] Context Switch: default -> default
[2026-04-30 14:19:11] Context Switch: default -> lekhak
[2026-04-30 14:19:11] Context Switch: lekhak -> lekhak
[2026-04-30 14:19:12] Context Resolved: lekhak | URI: /school1/admin-api?action=get_node | Matched Pattern Len: -1
[2026-04-30 14:19:12] Context Switch: lekhak -> lekhak
[2026-04-30 14:19:12] Context Switch: lekhak -> lekhak
[2026-04-30 14:19:13] Context Switch: lekhak -> default
[2026-04-30 14:19:13] Context Switch: default -> default
[2026-04-30 14:19:14] Context Switch: default -> default
[2026-04-30 14:19:15] Context Switch: default -> lekhak
[2026-04-30 14:19:16] Context Switch: lekhak -> lekhak
[2026-04-30 14:19:17] Context Switch: lekhak -> lekhak
[2026-04-30 14:44:02] Context Resolved: lekhak | URI: /school1/lekhak/admin | Matched Pattern Len: 15
[2026-04-30 14:44:02] Context Switch: lekhak -> lekhak
[2026-04-30 14:44:02] Context Switch: lekhak -> lekhak
[2026-04-30 14:44:03] Context Switch: lekhak -> default
[2026-04-30 14:44:03] Context Switch: default -> default
[2026-04-30 14:44:03] Context Switch: default -> default
[2026-04-30 14:44:04] Context Switch: default -> lekhak
[2026-04-30 14:44:05] Context Switch: lekhak -> lekhak
[2026-04-30 14:44:07] Context Resolved: lekhak | URI: /school1/res/spp/css/spp.css | Matched Pattern Len: -1
[2026-04-30 14:44:07] Context Switch: lekhak -> lekhak
[2026-04-30 14:44:07] Context Switch: lekhak -> lekhak
[2026-04-30 14:44:08] Context Switch: lekhak -> default
[2026-04-30 14:44:08] Context Switch: default -> default
[2026-04-30 14:44:10] Context Switch: default -> default
[2026-04-30 14:44:11] Context Switch: default -> lekhak
[2026-04-30 14:44:12] Context Switch: lekhak -> lekhak
[2026-04-30 14:44:32] Context Resolved: lekhak | URI: /school1/lekhak/admin | Matched Pattern Len: 15
[2026-04-30 14:44:32] Context Switch: lekhak -> lekhak
[2026-04-30 14:44:32] Context Switch: lekhak -> lekhak
[2026-04-30 14:44:33] Context Switch: lekhak -> default
[2026-04-30 14:44:33] Context Switch: default -> default
[2026-04-30 14:44:34] Context Switch: default -> default
[2026-04-30 14:44:35] Context Switch: default -> lekhak
[2026-04-30 14:44:36] Context Switch: lekhak -> lekhak
[2026-04-30 14:44:38] Context Resolved: lekhak | URI: /school1/res/spp/css/spp.css | Matched Pattern Len: -1
[2026-04-30 14:44:38] Context Switch: lekhak -> lekhak
[2026-04-30 14:44:38] Context Switch: lekhak -> lekhak
[2026-04-30 14:44:39] Context Switch: lekhak -> default
[2026-04-30 14:44:39] Context Switch: default -> default
[2026-04-30 14:44:39] Context Switch: default -> default
[2026-04-30 14:44:40] Context Switch: default -> lekhak
[2026-04-30 14:44:41] Context Switch: lekhak -> lekhak
[2026-04-30 14:44:45] Context Resolved: lekhak | URI: /school1/lekhak/admin | Matched Pattern Len: 15
[2026-04-30 14:44:45] Context Resolved: lekhak | URI: /school1/admin-api?action=list_nodes | Matched Pattern Len: -1
[2026-04-30 14:44:45] Context Switch: lekhak -> lekhak
[2026-04-30 14:44:45] Context Switch: lekhak -> lekhak
[2026-04-30 14:44:45] Context Switch: lekhak -> lekhak
[2026-04-30 14:44:45] Context Switch: lekhak -> lekhak
[2026-04-30 14:44:45] Context Switch: lekhak -> default
[2026-04-30 14:44:45] Context Switch: lekhak -> default
[2026-04-30 14:44:45] Context Switch: default -> default
[2026-04-30 14:44:45] Context Switch: default -> default
[2026-04-30 14:44:45] Context Switch: default -> default
[2026-04-30 14:44:45] Context Switch: default -> default
[2026-04-30 14:44:45] Context Switch: default -> lekhak
[2026-04-30 14:44:45] Context Switch: default -> lekhak
[2026-04-30 14:44:46] Context Switch: lekhak -> lekhak
[2026-04-30 14:44:46] Context Switch: lekhak -> lekhak
[2026-04-30 14:44:46] Context Switch: lekhak -> lekhak
[2026-04-30 14:44:47] Context Resolved: lekhak | URI: /school1/res/spp/css/spp.css | Matched Pattern Len: -1
[2026-04-30 14:44:47] Context Switch: lekhak -> lekhak
[2026-04-30 14:44:47] Context Switch: lekhak -> lekhak
[2026-04-30 14:44:48] Context Switch: lekhak -> default
[2026-04-30 14:44:48] Context Switch: default -> default
[2026-04-30 14:44:48] Context Switch: default -> default
[2026-04-30 14:44:49] Context Switch: default -> lekhak
[2026-04-30 14:44:50] Context Switch: lekhak -> lekhak
[2026-04-30 14:44:53] Context Resolved: lekhak | URI: /school1/admin-api?action=list_nodes | Matched Pattern Len: -1
[2026-04-30 14:44:53] Context Switch: lekhak -> lekhak
[2026-04-30 14:44:53] Context Switch: lekhak -> lekhak
[2026-04-30 14:44:53] Context Switch: lekhak -> default
[2026-04-30 14:44:53] Context Switch: default -> default
[2026-04-30 14:44:54] Context Switch: default -> default
[2026-04-30 14:44:55] Context Switch: default -> lekhak
[2026-04-30 14:44:56] Context Switch: lekhak -> lekhak
[2026-04-30 14:44:57] Context Switch: lekhak -> lekhak
[2026-04-30 14:45:08] Context Resolved: lekhak | URI: /school1/lekhak/admin | Matched Pattern Len: 15
[2026-04-30 14:45:08] Context Switch: lekhak -> lekhak
[2026-04-30 14:45:08] Context Switch: lekhak -> lekhak
[2026-04-30 14:45:10] Context Switch: lekhak -> default
[2026-04-30 14:45:10] Context Switch: default -> default
[2026-04-30 14:45:12] Context Switch: default -> default
[2026-04-30 14:45:13] Context Switch: default -> lekhak
[2026-04-30 14:45:14] Context Switch: lekhak -> lekhak
[2026-04-30 14:45:17] Context Resolved: lekhak | URI: /school1/res/spp/css/spp.css | Matched Pattern Len: -1
[2026-04-30 14:45:17] Context Switch: lekhak -> lekhak
[2026-04-30 14:45:17] Context Switch: lekhak -> lekhak
[2026-04-30 14:45:18] Context Switch: lekhak -> default
[2026-04-30 14:45:18] Context Switch: default -> default
[2026-04-30 14:45:20] Context Switch: default -> default
[2026-04-30 14:45:21] Context Switch: default -> lekhak
[2026-04-30 14:45:22] Context Switch: lekhak -> lekhak
[2026-04-30 14:46:03] Context Resolved: lekhak | URI: /school1/lekhak/admin | Matched Pattern Len: 15
[2026-04-30 14:46:03] Context Resolved: lekhak | URI: /school1/admin-api?action=get_dashboard_stats | Matched Pattern Len: -1
[2026-04-30 14:46:03] Context Resolved: lekhak | URI: /school1/lekhak/admin | Matched Pattern Len: 15
[2026-04-30 14:46:03] Context Switch: lekhak -> lekhak
[2026-04-30 14:46:03] Context Switch: lekhak -> lekhak
[2026-04-30 14:46:03] Context Switch: lekhak -> lekhak
[2026-04-30 14:46:03] Context Switch: lekhak -> lekhak
[2026-04-30 14:46:03] Context Switch: lekhak -> lekhak
[2026-04-30 14:46:03] Context Switch: lekhak -> lekhak
[2026-04-30 14:46:03] Context Switch: lekhak -> default
[2026-04-30 14:46:03] Context Switch: lekhak -> default
[2026-04-30 14:46:03] Context Switch: default -> default
[2026-04-30 14:46:03] Context Switch: default -> default
[2026-04-30 14:46:04] Context Switch: lekhak -> default
[2026-04-30 14:46:04] Context Switch: default -> default
[2026-04-30 14:46:04] Context Switch: default -> default
[2026-04-30 14:46:04] Context Switch: default -> default
[2026-04-30 14:46:04] Context Switch: default -> default
[2026-04-30 14:46:04] Context Switch: default -> lekhak
[2026-04-30 14:46:04] Context Switch: default -> lekhak
[2026-04-30 14:46:05] Context Switch: lekhak -> lekhak
[2026-04-30 14:46:05] Context Switch: lekhak -> lekhak
[2026-04-30 14:46:06] Context Switch: lekhak -> lekhak
[2026-04-30 14:46:06] Context Switch: default -> lekhak
[2026-04-30 14:46:06] Context Resolved: lekhak | URI: /school1/res/spp/css/spp.css | Matched Pattern Len: -1
[2026-04-30 14:46:06] Context Switch: lekhak -> lekhak
[2026-04-30 14:46:06] Context Switch: lekhak -> lekhak
[2026-04-30 14:46:06] Context Switch: lekhak -> lekhak
[2026-04-30 14:46:07] Context Switch: lekhak -> default
[2026-04-30 14:46:07] Context Switch: default -> default
[2026-04-30 14:46:08] Context Switch: default -> default
[2026-04-30 14:46:09] Context Switch: default -> lekhak
[2026-04-30 14:46:10] Context Switch: lekhak -> lekhak
[2026-04-30 14:46:21] Context Resolved: lekhak | URI: /school1/lekhak/admin | Matched Pattern Len: 15
[2026-04-30 14:46:21] Context Resolved: lekhak | URI: /school1/admin-api?action=get_dashboard_stats | Matched Pattern Len: -1
[2026-04-30 14:46:21] Context Switch: lekhak -> lekhak
[2026-04-30 14:46:21] Context Switch: lekhak -> lekhak
[2026-04-30 14:46:21] Context Switch: lekhak -> lekhak
[2026-04-30 14:46:21] Context Switch: lekhak -> lekhak
[2026-04-30 14:46:21] Context Resolved: lekhak | URI: /school1/lekhak/admin | Matched Pattern Len: 15
[2026-04-30 14:46:21] Context Switch: lekhak -> lekhak
[2026-04-30 14:46:21] Context Switch: lekhak -> lekhak
[2026-04-30 14:46:21] Context Switch: lekhak -> default
[2026-04-30 14:46:21] Context Switch: lekhak -> default
[2026-04-30 14:46:21] Context Switch: default -> default
[2026-04-30 14:46:21] Context Switch: default -> default
[2026-04-30 14:46:21] Context Switch: default -> default
[2026-04-30 14:46:21] Context Switch: default -> default
[2026-04-30 14:46:22] Context Switch: default -> lekhak
[2026-04-30 14:46:22] Context Switch: default -> lekhak
[2026-04-30 14:46:22] Context Switch: lekhak -> default
[2026-04-30 14:46:22] Context Switch: default -> default
[2026-04-30 14:46:22] Context Switch: lekhak -> lekhak
[2026-04-30 14:46:22] Context Switch: lekhak -> lekhak
[2026-04-30 14:46:23] Context Switch: lekhak -> lekhak
[2026-04-30 14:46:23] Context Switch: default -> default
[2026-04-30 14:46:25] Context Switch: default -> lekhak
[2026-04-30 14:46:26] Context Switch: lekhak -> lekhak
[2026-04-30 14:46:27] Context Resolved: lekhak | URI: /school1/res/spp/css/spp.css | Matched Pattern Len: -1
[2026-04-30 14:46:27] Context Switch: lekhak -> lekhak
[2026-04-30 14:46:27] Context Switch: lekhak -> lekhak
[2026-04-30 14:46:28] Context Switch: lekhak -> default
[2026-04-30 14:46:28] Context Switch: default -> default
[2026-04-30 14:46:29] Context Switch: default -> default
[2026-04-30 14:46:31] Context Switch: default -> lekhak
[2026-04-30 14:46:32] Context Switch: lekhak -> lekhak
[2026-04-30 15:28:44] Context Resolved: lekhak | URI: /school1/lekhak/admin | Matched Pattern Len: 15
[2026-04-30 15:28:44] Context Resolved: lekhak | URI: /school1/admin-api?action=get_dashboard_stats | Matched Pattern Len: -1
[2026-04-30 15:28:44] Context Switch: lekhak -> lekhak
[2026-04-30 15:28:44] Context Switch: lekhak -> lekhak
[2026-04-30 15:28:44] Context Switch: lekhak -> lekhak
[2026-04-30 15:28:44] Context Switch: lekhak -> lekhak
[2026-04-30 15:28:44] Context Switch: lekhak -> default
[2026-04-30 15:28:44] Context Switch: lekhak -> default
[2026-04-30 15:28:44] Context Switch: default -> default
[2026-04-30 15:28:44] Context Switch: default -> default
[2026-04-30 15:28:44] Context Switch: default -> default
[2026-04-30 15:28:44] Context Switch: default -> default
[2026-04-30 15:28:44] Context Switch: default -> lekhak
[2026-04-30 15:28:44] Context Switch: default -> lekhak
[2026-04-30 15:28:45] Context Switch: lekhak -> lekhak
[2026-04-30 15:28:45] Context Switch: lekhak -> lekhak
[2026-04-30 15:28:45] Context Switch: lekhak -> lekhak
[2026-04-30 15:28:46] Context Resolved: lekhak | URI: /school1/res/spp/css/spp.css | Matched Pattern Len: -1
[2026-04-30 15:28:46] Context Switch: lekhak -> lekhak
[2026-04-30 15:28:46] Context Switch: lekhak -> lekhak
[2026-04-30 15:28:46] Context Switch: lekhak -> default
[2026-04-30 15:28:46] Context Switch: default -> default
[2026-04-30 15:28:46] Context Switch: default -> default
[2026-04-30 15:28:47] Context Switch: default -> lekhak
[2026-04-30 15:28:47] Context Switch: lekhak -> lekhak
[2026-04-30 15:28:47] Context Resolved: lekhak | URI: /school1/admin-api?action=get_dashboard_stats | Matched Pattern Len: -1
[2026-04-30 15:28:47] Context Switch: lekhak -> lekhak
[2026-04-30 15:28:47] Context Switch: lekhak -> lekhak
[2026-04-30 15:28:48] Context Switch: lekhak -> default
[2026-04-30 15:28:48] Context Switch: default -> default
[2026-04-30 15:28:48] Context Switch: default -> default
[2026-04-30 15:28:48] Context Switch: default -> lekhak
[2026-04-30 15:28:49] Context Switch: lekhak -> lekhak
[2026-04-30 15:28:49] Context Switch: lekhak -> lekhak
[2026-04-30 15:28:55] Context Resolved: lekhak | URI: /school1/lekhak/admin | Matched Pattern Len: 15
[2026-04-30 15:28:55] Context Switch: lekhak -> lekhak
[2026-04-30 15:28:55] Context Switch: lekhak -> lekhak
[2026-04-30 15:28:55] Context Switch: lekhak -> default
[2026-04-30 15:28:55] Context Switch: default -> default
[2026-04-30 15:28:56] Context Switch: default -> default
[2026-04-30 15:28:56] Context Switch: default -> lekhak
[2026-04-30 15:28:57] Context Switch: lekhak -> lekhak
[2026-04-30 15:28:58] Context Resolved: lekhak | URI: /school1/res/spp/css/spp.css | Matched Pattern Len: -1
[2026-04-30 15:28:58] Context Switch: lekhak -> lekhak
[2026-04-30 15:28:58] Context Switch: lekhak -> lekhak
[2026-04-30 15:28:58] Context Switch: lekhak -> default
[2026-04-30 15:28:58] Context Switch: default -> default
[2026-04-30 15:28:59] Context Switch: default -> default
[2026-04-30 15:28:59] Context Switch: default -> lekhak
[2026-04-30 15:29:00] Context Switch: lekhak -> lekhak
[2026-04-30 23:09:18] Context Resolved: lekhak | URI: /school1/admin-api?action=list_nodes | Matched Pattern Len: -1
[2026-04-30 23:09:18] Context Resolved: lekhak | URI: /school1/lekhak/admin | Matched Pattern Len: 15
[2026-04-30 23:09:18] Context Switch: lekhak -> lekhak
[2026-04-30 23:09:18] Context Switch: lekhak -> lekhak
[2026-04-30 23:09:18] Context Switch: lekhak -> lekhak
[2026-04-30 23:09:18] Context Switch: lekhak -> lekhak
[2026-04-30 23:09:18] Context Switch: lekhak -> default
[2026-04-30 23:09:18] Context Switch: lekhak -> default
[2026-04-30 23:09:18] Context Switch: default -> default
[2026-04-30 23:09:18] Context Switch: default -> default
[2026-04-30 23:09:19] Context Switch: default -> default
[2026-04-30 23:09:19] Context Switch: default -> default
[2026-04-30 23:09:19] Context Switch: default -> lekhak
[2026-04-30 23:09:19] Context Switch: default -> lekhak
[2026-04-30 23:09:20] Context Switch: lekhak -> lekhak
[2026-04-30 23:09:20] Context Switch: lekhak -> lekhak
[2026-04-30 23:09:20] Context Switch: lekhak -> lekhak
[2026-04-30 23:09:21] Context Resolved: lekhak | URI: /school1/res/spp/css/spp.css | Matched Pattern Len: -1
[2026-04-30 23:09:21] Context Switch: lekhak -> lekhak
[2026-04-30 23:09:21] Context Switch: lekhak -> lekhak
[2026-04-30 23:09:22] Context Switch: lekhak -> default
[2026-04-30 23:09:22] Context Switch: default -> default
[2026-04-30 23:09:23] Context Switch: default -> default
[2026-04-30 23:09:24] Context Switch: default -> lekhak
[2026-04-30 23:09:25] Context Switch: lekhak -> lekhak
[2026-04-30 23:09:27] Context Resolved: lekhak | URI: /school1/admin-api?action=list_nodes | Matched Pattern Len: -1
[2026-04-30 23:09:27] Context Switch: lekhak -> lekhak
[2026-04-30 23:09:27] Context Switch: lekhak -> lekhak
[2026-04-30 23:09:28] Context Switch: lekhak -> default
[2026-04-30 23:09:28] Context Switch: default -> default
[2026-04-30 23:09:29] Context Switch: default -> default
[2026-04-30 23:09:30] Context Switch: default -> lekhak
[2026-04-30 23:09:31] Context Switch: lekhak -> lekhak
[2026-04-30 23:09:32] Context Switch: lekhak -> lekhak
[2026-04-30 23:09:37] Context Resolved: lekhak | URI: /school1/node/33 | Matched Pattern Len: -1
[2026-04-30 23:09:37] Context Switch: lekhak -> lekhak
[2026-04-30 23:09:37] Context Switch: lekhak -> lekhak
[2026-04-30 23:09:38] Context Switch: lekhak -> default
[2026-04-30 23:09:38] Context Switch: default -> default
[2026-04-30 23:09:38] Context Switch: default -> default
[2026-04-30 23:09:39] Context Switch: default -> lekhak
[2026-04-30 23:09:39] Context Switch: lekhak -> lekhak
[2026-04-30 23:09:40] Context Resolved: lekhak | URI: /school1/res/spp/css/spp.css | Matched Pattern Len: -1
[2026-04-30 23:09:40] Context Switch: lekhak -> lekhak
[2026-04-30 23:09:40] Context Switch: lekhak -> lekhak
[2026-04-30 23:09:41] Context Switch: lekhak -> default
[2026-04-30 23:09:41] Context Switch: default -> default
[2026-04-30 23:09:42] Context Switch: default -> default
[2026-04-30 23:09:43] Context Switch: default -> lekhak
[2026-04-30 23:09:43] Context Switch: lekhak -> lekhak
[2026-04-30 23:11:46] Context Resolved: lekhak | URI: /school1/admin-api?action=get_node | Matched Pattern Len: -1
[2026-04-30 23:11:46] Context Resolved: lekhak | URI: /school1/lekhak/admin | Matched Pattern Len: 15
[2026-04-30 23:11:46] Context Switch: lekhak -> lekhak
[2026-04-30 23:11:46] Context Switch: lekhak -> lekhak
[2026-04-30 23:11:46] Context Switch: lekhak -> lekhak
[2026-04-30 23:11:46] Context Switch: lekhak -> lekhak
[2026-04-30 23:11:46] Context Switch: lekhak -> default
[2026-04-30 23:11:46] Context Switch: lekhak -> default
[2026-04-30 23:11:46] Context Switch: default -> default
[2026-04-30 23:11:46] Context Switch: default -> default
[2026-04-30 23:11:46] Context Switch: default -> default
[2026-04-30 23:11:46] Context Switch: default -> default
[2026-04-30 23:11:47] Context Switch: default -> lekhak
[2026-04-30 23:11:47] Context Switch: default -> lekhak
[2026-04-30 23:11:48] Context Switch: lekhak -> lekhak
[2026-04-30 23:11:48] Context Switch: lekhak -> lekhak
[2026-04-30 23:11:49] Context Switch: lekhak -> lekhak
[2026-04-30 23:11:49] Context Resolved: lekhak | URI: /school1/res/spp/css/spp.css | Matched Pattern Len: -1
[2026-04-30 23:11:49] Context Switch: lekhak -> lekhak
[2026-04-30 23:11:49] Context Switch: lekhak -> lekhak
[2026-04-30 23:11:50] Context Switch: lekhak -> default
[2026-04-30 23:11:50] Context Switch: default -> default
[2026-04-30 23:11:51] Context Switch: default -> default
[2026-04-30 23:11:52] Context Switch: default -> lekhak
[2026-04-30 23:11:53] Context Switch: lekhak -> lekhak
[2026-04-30 23:11:55] Context Resolved: lekhak | URI: /school1/admin-api?action=get_node | Matched Pattern Len: -1
[2026-04-30 23:11:55] Context Switch: lekhak -> lekhak
[2026-04-30 23:11:55] Context Switch: lekhak -> lekhak
[2026-04-30 23:11:56] Context Switch: lekhak -> default
[2026-04-30 23:11:56] Context Switch: default -> default
[2026-04-30 23:11:57] Context Switch: default -> default
[2026-04-30 23:11:58] Context Switch: default -> lekhak
[2026-04-30 23:11:59] Context Switch: lekhak -> lekhak
[2026-04-30 23:12:01] Context Switch: lekhak -> lekhak
[2026-04-30 23:13:15] Context Resolved: lekhak | URI: /school1/admin-api?action=save_node | Matched Pattern Len: -1
[2026-04-30 23:13:15] Context Switch: lekhak -> lekhak
[2026-04-30 23:13:15] Context Switch: lekhak -> lekhak
[2026-04-30 23:13:17] Context Switch: lekhak -> default
[2026-04-30 23:13:17] Context Switch: default -> default
[2026-04-30 23:13:18] Context Switch: default -> default
[2026-04-30 23:13:20] Context Switch: default -> lekhak
[2026-04-30 23:13:21] Context Switch: lekhak -> lekhak
[2026-04-30 23:13:23] Context Switch: lekhak -> lekhak
[2026-04-30 23:14:52] Context Resolved: lekhak | URI: /school1/lekhak/admin | Matched Pattern Len: 15
[2026-04-30 23:14:52] Context Resolved: lekhak | URI: /school1/admin-api?action=list_nodes | Matched Pattern Len: -1
[2026-04-30 23:14:52] Context Switch: lekhak -> lekhak
[2026-04-30 23:14:52] Context Switch: lekhak -> lekhak
[2026-04-30 23:14:52] Context Switch: lekhak -> lekhak
[2026-04-30 23:14:52] Context Switch: lekhak -> lekhak
[2026-04-30 23:14:53] Context Switch: lekhak -> default
[2026-04-30 23:14:53] Context Switch: lekhak -> default
[2026-04-30 23:14:53] Context Switch: default -> default
[2026-04-30 23:14:53] Context Switch: default -> default
[2026-04-30 23:14:54] Context Switch: default -> default
[2026-04-30 23:14:54] Context Switch: default -> default
[2026-04-30 23:14:55] Context Switch: default -> lekhak
[2026-04-30 23:14:55] Context Switch: default -> lekhak
[2026-04-30 23:14:55] Context Switch: lekhak -> lekhak
[2026-04-30 23:14:55] Context Switch: lekhak -> lekhak
[2026-04-30 23:14:56] Context Switch: lekhak -> lekhak
[2026-04-30 23:14:57] Context Resolved: lekhak | URI: /school1/res/spp/css/spp.css | Matched Pattern Len: -1
[2026-04-30 23:14:57] Context Switch: lekhak -> lekhak
[2026-04-30 23:14:57] Context Switch: lekhak -> lekhak
[2026-04-30 23:14:58] Context Switch: lekhak -> default
[2026-04-30 23:14:58] Context Switch: default -> default
[2026-04-30 23:14:59] Context Switch: default -> default
[2026-04-30 23:15:00] Context Switch: default -> lekhak
[2026-04-30 23:15:01] Context Switch: lekhak -> lekhak
[2026-04-30 23:15:02] Context Resolved: lekhak | URI: /school1/admin-api?action=list_nodes | Matched Pattern Len: -1
[2026-04-30 23:15:02] Context Switch: lekhak -> lekhak
[2026-04-30 23:15:02] Context Switch: lekhak -> lekhak
[2026-04-30 23:15:03] Context Switch: lekhak -> default
[2026-04-30 23:15:03] Context Switch: default -> default
[2026-04-30 23:15:05] Context Switch: default -> default
[2026-04-30 23:15:06] Context Switch: default -> lekhak
[2026-04-30 23:15:06] Context Switch: lekhak -> lekhak
[2026-04-30 23:15:07] Context Switch: lekhak -> lekhak
[2026-04-30 23:18:37] Context Resolved: lekhak | URI: /school1/lekhak/admin | Matched Pattern Len: 15
[2026-04-30 23:18:37] Context Switch: lekhak -> lekhak
[2026-04-30 23:18:37] Context Switch: lekhak -> lekhak
[2026-04-30 23:18:38] Context Switch: lekhak -> default
[2026-04-30 23:18:38] Context Switch: default -> default
[2026-04-30 23:18:40] Context Switch: default -> default
[2026-04-30 23:18:42] Context Switch: default -> lekhak
[2026-04-30 23:18:43] Context Switch: lekhak -> lekhak
[2026-04-30 23:18:45] Context Resolved: lekhak | URI: /school1/res/spp/css/spp.css | Matched Pattern Len: -1
[2026-04-30 23:18:45] Context Switch: lekhak -> lekhak
[2026-04-30 23:18:45] Context Switch: lekhak -> lekhak
[2026-04-30 23:18:46] Context Switch: lekhak -> default
[2026-04-30 23:18:46] Context Switch: default -> default
[2026-04-30 23:18:48] Context Switch: default -> default
[2026-04-30 23:18:49] Context Switch: default -> lekhak
[2026-04-30 23:18:50] Context Switch: lekhak -> lekhak
[2026-04-30 23:18:52] Context Resolved: lekhak | URI: /school1/admin-api?action=get_dashboard_stats | Matched Pattern Len: -1
[2026-04-30 23:18:52] Context Switch: lekhak -> lekhak
[2026-04-30 23:18:52] Context Switch: lekhak -> lekhak
[2026-04-30 23:18:53] Context Switch: lekhak -> default
[2026-04-30 23:18:53] Context Switch: default -> default
[2026-04-30 23:18:54] Context Switch: default -> default
[2026-04-30 23:18:55] Context Switch: default -> lekhak
[2026-04-30 23:18:56] Context Switch: lekhak -> lekhak
[2026-04-30 23:18:57] Context Switch: lekhak -> lekhak
[2026-04-30 23:19:12] Context Resolved: lekhak | URI: /school1/lekhak/admin | Matched Pattern Len: 15
[2026-04-30 23:19:12] Context Resolved: lekhak | URI: /school1/admin-api?action=list_nodes | Matched Pattern Len: -1
[2026-04-30 23:19:12] Context Switch: lekhak -> lekhak
[2026-04-30 23:19:12] Context Switch: lekhak -> lekhak
[2026-04-30 23:19:12] Context Switch: lekhak -> lekhak
[2026-04-30 23:19:12] Context Switch: lekhak -> lekhak
[2026-04-30 23:19:13] Context Switch: lekhak -> default
[2026-04-30 23:19:13] Context Switch: default -> default
[2026-04-30 23:19:13] Context Switch: lekhak -> default
[2026-04-30 23:19:13] Context Switch: default -> default
[2026-04-30 23:19:14] Context Switch: default -> default
[2026-04-30 23:19:15] Context Switch: default -> default
[2026-04-30 23:19:15] Context Switch: default -> lekhak
[2026-04-30 23:19:16] Context Switch: lekhak -> lekhak
[2026-04-30 23:19:16] Context Switch: default -> lekhak
[2026-04-30 23:19:17] Context Switch: lekhak -> lekhak
[2026-04-30 23:19:18] Context Resolved: lekhak | URI: /school1/res/spp/css/spp.css | Matched Pattern Len: -1
[2026-04-30 23:19:18] Context Switch: lekhak -> lekhak
[2026-04-30 23:19:18] Context Switch: lekhak -> lekhak
[2026-04-30 23:19:18] Context Switch: lekhak -> default
[2026-04-30 23:19:18] Context Switch: default -> default
[2026-04-30 23:19:19] Context Switch: lekhak -> lekhak
[2026-04-30 23:19:19] Context Switch: default -> default
[2026-04-30 23:19:22] Context Switch: default -> lekhak
[2026-04-30 23:19:23] Context Switch: lekhak -> lekhak
[2026-04-30 23:19:24] Context Resolved: lekhak | URI: /school1/admin-api?action=list_nodes | Matched Pattern Len: -1
[2026-04-30 23:19:24] Context Switch: lekhak -> lekhak
[2026-04-30 23:19:24] Context Switch: lekhak -> lekhak
[2026-04-30 23:19:25] Context Switch: lekhak -> default
[2026-04-30 23:19:25] Context Switch: default -> default
[2026-04-30 23:19:26] Context Switch: default -> default
[2026-04-30 23:19:28] Context Switch: default -> lekhak
[2026-04-30 23:19:28] Context Switch: lekhak -> lekhak
[2026-04-30 23:19:29] Context Resolved: lekhak | URI: /school1/lekhak/admin | Matched Pattern Len: 15
[2026-04-30 23:19:29] Context Switch: lekhak -> lekhak
[2026-04-30 23:19:29] Context Switch: lekhak -> lekhak
[2026-04-30 23:19:30] Context Switch: lekhak -> lekhak
[2026-04-30 23:19:31] Context Switch: lekhak -> default
[2026-04-30 23:19:31] Context Switch: default -> default
[2026-04-30 23:19:33] Context Switch: default -> default
[2026-04-30 23:19:35] Context Switch: default -> lekhak
[2026-04-30 23:19:36] Context Switch: lekhak -> lekhak
[2026-04-30 23:19:39] Context Resolved: lekhak | URI: /school1/res/spp/css/spp.css | Matched Pattern Len: -1
[2026-04-30 23:19:39] Context Switch: lekhak -> lekhak
[2026-04-30 23:19:39] Context Switch: lekhak -> lekhak
[2026-04-30 23:19:41] Context Switch: lekhak -> default
[2026-04-30 23:19:41] Context Switch: default -> default
[2026-04-30 23:19:43] Context Switch: default -> default
[2026-04-30 23:19:45] Context Switch: default -> lekhak
[2026-04-30 23:19:46] Context Switch: lekhak -> lekhak
[2026-04-30 23:19:48] Context Resolved: lekhak | URI: /school1/admin-api?action=list_nodes | Matched Pattern Len: -1
[2026-04-30 23:19:48] Context Switch: lekhak -> lekhak
[2026-04-30 23:19:48] Context Switch: lekhak -> lekhak
[2026-04-30 23:19:50] Context Switch: lekhak -> default
[2026-04-30 23:19:50] Context Switch: default -> default
[2026-04-30 23:19:53] Context Switch: default -> default
[2026-04-30 23:19:56] Context Switch: default -> lekhak
[2026-04-30 23:19:57] Context Switch: lekhak -> lekhak
[2026-04-30 23:19:59] Context Switch: lekhak -> lekhak
[2026-04-30 23:19:59] Context Resolved: lekhak | URI: /school1/lekhak/admin | Matched Pattern Len: 15
[2026-04-30 23:19:59] Context Switch: lekhak -> lekhak
[2026-04-30 23:19:59] Context Switch: lekhak -> lekhak
[2026-04-30 23:20:00] Context Switch: lekhak -> default
[2026-04-30 23:20:00] Context Switch: default -> default
[2026-04-30 23:20:01] Context Switch: default -> default
[2026-04-30 23:20:02] Context Switch: default -> lekhak
[2026-04-30 23:20:03] Context Switch: lekhak -> lekhak
[2026-04-30 23:20:05] Context Resolved: lekhak | URI: /school1/res/spp/css/spp.css | Matched Pattern Len: -1
[2026-04-30 23:20:05] Context Switch: lekhak -> lekhak
[2026-04-30 23:20:05] Context Switch: lekhak -> lekhak
[2026-04-30 23:20:06] Context Switch: lekhak -> default
[2026-04-30 23:20:06] Context Switch: default -> default
[2026-04-30 23:20:07] Context Switch: default -> default
[2026-04-30 23:20:09] Context Switch: default -> lekhak
[2026-04-30 23:20:09] Context Switch: lekhak -> lekhak
[2026-04-30 23:20:11] Context Resolved: lekhak | URI: /school1/admin-api?action=get_dashboard_stats | Matched Pattern Len: -1
[2026-04-30 23:20:11] Context Switch: lekhak -> lekhak
[2026-04-30 23:20:11] Context Switch: lekhak -> lekhak
[2026-04-30 23:20:13] Context Switch: lekhak -> default
[2026-04-30 23:20:13] Context Switch: default -> default
[2026-04-30 23:20:14] Context Switch: default -> default
[2026-04-30 23:20:15] Context Switch: default -> lekhak
[2026-04-30 23:20:16] Context Switch: lekhak -> lekhak
[2026-04-30 23:20:17] Context Switch: lekhak -> lekhak
[2026-04-30 23:20:36] Context Resolved: lekhak | URI: /school1/lekhak/admin | Matched Pattern Len: 15
[2026-04-30 23:20:36] Context Switch: lekhak -> lekhak
[2026-04-30 23:20:36] Context Switch: lekhak -> lekhak
[2026-04-30 23:20:37] Context Switch: lekhak -> default
[2026-04-30 23:20:37] Context Switch: default -> default
[2026-04-30 23:20:38] Context Switch: default -> default
[2026-04-30 23:20:40] Context Switch: default -> lekhak
[2026-04-30 23:20:41] Context Switch: lekhak -> lekhak
[2026-04-30 23:20:43] Context Resolved: lekhak | URI: /school1/res/spp/css/spp.css | Matched Pattern Len: -1
[2026-04-30 23:20:43] Context Switch: lekhak -> lekhak
[2026-04-30 23:20:43] Context Switch: lekhak -> lekhak
[2026-04-30 23:20:44] Context Switch: lekhak -> default
[2026-04-30 23:20:44] Context Switch: default -> default
[2026-04-30 23:20:45] Context Switch: default -> default
[2026-04-30 23:20:46] Context Switch: default -> lekhak
[2026-04-30 23:20:47] Context Switch: lekhak -> lekhak
[2026-04-30 23:20:49] Context Resolved: lekhak | URI: /school1/admin-api?action=get_dashboard_stats | Matched Pattern Len: -1
[2026-04-30 23:20:49] Context Switch: lekhak -> lekhak
[2026-04-30 23:20:49] Context Switch: lekhak -> lekhak
[2026-04-30 23:20:50] Context Switch: lekhak -> default
[2026-04-30 23:20:50] Context Switch: default -> default
[2026-04-30 23:20:51] Context Switch: default -> default
[2026-04-30 23:20:56] Context Switch: default -> lekhak
[2026-04-30 23:20:58] Context Switch: lekhak -> lekhak
[2026-04-30 23:21:00] Context Switch: lekhak -> lekhak
[2026-04-30 23:22:08] Context Resolved: lekhak | URI: /school1/lekhak/admin | Matched Pattern Len: 15
[2026-04-30 23:22:08] Context Switch: lekhak -> lekhak
[2026-04-30 23:22:08] Context Switch: lekhak -> lekhak
[2026-04-30 23:22:11] Context Switch: lekhak -> default
[2026-04-30 23:22:11] Context Switch: default -> default
[2026-04-30 23:22:13] Context Switch: default -> default
[2026-04-30 23:22:15] Context Switch: default -> lekhak
[2026-04-30 23:22:17] Context Switch: lekhak -> lekhak
[2026-04-30 23:22:19] Context Resolved: lekhak | URI: /school1/res/spp/css/spp.css | Matched Pattern Len: -1
[2026-04-30 23:22:19] Context Switch: lekhak -> lekhak
[2026-04-30 23:22:19] Context Switch: lekhak -> lekhak
[2026-04-30 23:22:20] Context Switch: lekhak -> default
[2026-04-30 23:22:21] Context Switch: default -> default
[2026-04-30 23:22:22] Context Switch: default -> default
[2026-04-30 23:22:24] Context Switch: default -> lekhak
[2026-04-30 23:22:24] Context Switch: lekhak -> lekhak
[2026-04-30 23:22:27] Context Resolved: lekhak | URI: /school1/admin-api?action=get_dashboard_stats | Matched Pattern Len: -1
[2026-04-30 23:22:27] Context Switch: lekhak -> lekhak
[2026-04-30 23:22:27] Context Switch: lekhak -> lekhak
[2026-04-30 23:22:29] Context Switch: lekhak -> default
[2026-04-30 23:22:29] Context Switch: default -> default
[2026-04-30 23:22:31] Context Switch: default -> default
[2026-04-30 23:22:32] Context Switch: default -> lekhak
[2026-04-30 23:22:33] Context Switch: lekhak -> lekhak
[2026-04-30 23:22:34] Context Switch: lekhak -> lekhak
[2026-05-01 02:11:28] Context Switch: default -> default
[2026-05-01 02:11:28] Context Switch: default -> default
[2026-05-01 02:11:31] Context Switch: default -> default
[2026-05-01 02:11:33] Context Switch: default -> default
[2026-05-01 02:11:33] Context Switch: default -> default
[2026-05-01 02:11:35] Context Switch: default -> default
[2026-05-01 02:11:45] Context Switch: default -> default
[2026-05-01 02:11:45] Context Switch: default -> default
[2026-05-01 02:11:49] Context Switch: default -> default
[2026-05-01 02:11:52] Context Switch: default -> default
[2026-05-01 02:11:52] Context Switch: default -> default
[2026-05-01 02:11:52] Context Switch: default -> default
[2026-05-01 02:11:52] Context Switch: default -> default
[2026-05-01 02:11:53] Context Switch: default -> default
[2026-05-01 02:11:54] Context Switch: default -> default
[2026-05-01 02:11:56] Context Switch: default -> default
[2026-05-01 02:11:56] Context Switch: default -> default
[2026-05-01 02:11:56] Context Switch: default -> default
[2026-05-01 02:11:56] Context Switch: default -> default
[2026-05-01 02:11:56] Context Switch: default -> default
[2026-05-01 02:11:56] Context Switch: default -> default
[2026-05-01 02:11:57] Context Switch: default -> default
[2026-05-01 02:11:57] Context Switch: default -> default
[2026-05-01 02:11:57] Context Switch: default -> default
[2026-05-01 02:11:58] Context Switch: default -> default
[2026-05-01 02:11:58] Context Switch: default -> default
[2026-05-01 02:12:02] Context Switch: default -> default
[2026-05-01 02:13:53] Context Switch: default -> default
[2026-05-01 02:13:53] Context Switch: default -> default
[2026-05-01 02:13:56] Context Switch: default -> default
[2026-05-01 02:14:01] Context Switch: default -> default
[2026-05-01 02:14:01] Context Switch: default -> default
[2026-05-01 02:14:04] Context Switch: default -> default
[2026-05-01 02:14:13] Context Switch: default -> default
[2026-05-01 02:14:13] Context Switch: default -> default
[2026-05-01 02:14:16] Context Switch: default -> default
[2026-05-01 02:14:18] Context Switch: default -> default
[2026-05-01 02:14:18] Context Switch: default -> default
[2026-05-01 02:14:18] Context Switch: default -> default
[2026-05-01 02:14:18] Context Switch: default -> default
[2026-05-01 02:14:19] Context Switch: default -> default
[2026-05-01 02:14:21] Context Switch: default -> __sppadmin__
[2026-05-01 02:14:21] Context Switch: default -> default
[2026-05-01 02:14:21] Context Switch: default -> default
[2026-05-01 02:14:21] Context Switch: default -> default
[2026-05-01 02:14:21] Context Switch: default -> default
[2026-05-01 02:14:21] Context Switch: default -> default
[2026-05-01 02:14:22] Context Switch: default -> default
[2026-05-01 02:14:22] Context Switch: default -> default
[2026-05-01 02:14:22] Context Switch: default -> default
[2026-05-01 02:14:22] Context Switch: default -> default
[2026-05-01 02:14:23] Context Switch: default -> __sppadmin__
[2026-05-01 02:14:23] Context Switch: default -> __sppadmin__
[2026-05-01 02:14:23] Context Switch: __sppadmin__ -> lekhak
[2026-05-01 02:14:23] Context Switch: lekhak -> __sppadmin__
[2026-05-01 02:14:23] Context Switch: __sppadmin__ -> lekhak
[2026-05-01 02:14:23] Context Switch: lekhak -> __sppadmin__
[2026-05-01 02:14:23] Context Switch: __sppadmin__ -> lekhak
[2026-05-01 02:14:23] Context Switch: lekhak -> __sppadmin__
[2026-05-01 02:14:24] Context Switch: default -> default
[2026-05-01 02:14:26] Context Switch: default -> __sppadmin__
[2026-05-01 02:14:26] Context Switch: __sppadmin__ -> lekhak
[2026-05-01 02:14:26] Context Switch: lekhak -> __sppadmin__
[2026-05-01 02:14:27] Context Switch: default -> default
[2026-05-01 02:14:27] Context Switch: default -> default
[2026-05-01 02:14:33] Context Switch: default -> default
[2026-05-01 02:14:35] Context Switch: default -> __sppadmin__
[2026-05-01 02:15:10] Context Switch: default -> default
[2026-05-01 02:15:10] Context Switch: default -> default
[2026-05-01 02:15:13] Context Switch: default -> default
[2026-05-01 02:15:16] Context Switch: default -> default
[2026-05-01 02:15:16] Context Switch: default -> default
[2026-05-01 02:15:17] Context Switch: default -> default
[2026-05-01 02:15:27] Context Switch: default -> default
[2026-05-01 02:15:27] Context Switch: default -> default
[2026-05-01 02:15:29] Context Switch: default -> default
[2026-05-01 02:15:31] Context Switch: default -> default
[2026-05-01 02:15:31] Context Switch: default -> default
[2026-05-01 02:15:31] Context Switch: default -> default
[2026-05-01 02:15:31] Context Switch: default -> default
[2026-05-01 02:15:32] Context Switch: default -> default
[2026-05-01 02:15:32] Context Switch: default -> default
[2026-05-01 02:15:33] Context Switch: default -> __sppadmin__
[2026-05-01 02:15:33] Context Switch: default -> default
[2026-05-01 02:15:33] Context Switch: default -> default
[2026-05-01 02:15:33] Context Switch: default -> default
[2026-05-01 02:15:33] Context Switch: default -> default
[2026-05-01 02:15:34] Context Switch: default -> default
[2026-05-01 02:15:34] Context Switch: default -> default
[2026-05-01 02:15:34] Context Switch: default -> default
[2026-05-01 02:15:34] Context Switch: default -> default
[2026-05-01 02:15:34] Context Switch: default -> __sppadmin__
[2026-05-01 02:15:34] Context Switch: default -> __sppadmin__
[2026-05-01 02:15:34] Context Switch: __sppadmin__ -> lekhak
[2026-05-01 02:15:34] Context Switch: __sppadmin__ -> lekhak
[2026-05-01 02:15:34] Context Switch: lekhak -> __sppadmin__
[2026-05-01 02:15:34] Context Switch: lekhak -> __sppadmin__
[2026-05-01 02:15:35] Context Switch: __sppadmin__ -> lekhak
[2026-05-01 02:15:35] Context Switch: lekhak -> __sppadmin__
[2026-05-01 02:15:35] Context Switch: __sppadmin__ -> lekhak
[2026-05-01 02:15:36] Context Switch: lekhak -> __sppadmin__
[2026-05-01 02:15:37] Context Switch: default -> default
[2026-05-01 02:15:38] Context Switch: default -> __sppadmin__
[2026-05-01 02:15:42] Context Switch: default -> default
[2026-05-01 02:15:42] Context Switch: default -> default
[2026-05-01 02:15:45] Context Switch: default -> default
[2026-05-01 02:15:47] Context Switch: default -> __sppadmin__
[2026-05-01 02:15:56] Context Switch: default -> default
[2026-05-01 02:15:56] Context Switch: default -> default
[2026-05-01 02:15:59] Context Switch: default -> default
[2026-05-01 02:16:01] Context Switch: default -> __sppadmin__
[2026-05-01 02:16:01] Context Switch: __sppadmin__ -> lekhak
[2026-05-01 02:16:01] Context Switch: lekhak -> __sppadmin__
[2026-05-01 02:18:38] Context Switch: default -> default
[2026-05-01 02:18:38] Context Switch: default -> default
[2026-05-01 02:18:45] Context Switch: default -> default
[2026-05-01 02:18:48] Context Switch: default -> __sppadmin__
[2026-05-01 02:18:48] Context Switch: __sppadmin__ -> __sppadmin__
[2026-05-01 02:18:48] Context Switch: __sppadmin__ -> lekhak
[2026-05-01 02:18:49] Context Switch: lekhak -> lekhak
[2026-05-01 02:18:52] Context Switch: lekhak -> __sppadmin__
[2026-05-01 02:19:14] Context Switch: default -> default
[2026-05-01 02:19:14] Context Switch: default -> default
[2026-05-01 02:19:20] Context Switch: default -> default
[2026-05-01 02:19:22] Context Switch: default -> __sppadmin__
[2026-05-01 02:19:22] Context Switch: __sppadmin__ -> __sppadmin__
[2026-05-01 02:19:22] Context Switch: __sppadmin__ -> lekhak
[2026-05-01 02:19:22] Context Switch: lekhak -> lekhak
[2026-05-01 02:19:26] Context Switch: lekhak -> __sppadmin__
[2026-05-01 02:23:05] Context Switch: default -> default
[2026-05-01 02:23:05] Context Switch: default -> default
[2026-05-01 02:23:08] Context Switch: default -> default
[2026-05-01 02:23:12] Context Switch: default -> default
[2026-05-01 02:23:12] Context Switch: default -> default
[2026-05-01 02:23:16] Context Switch: default -> default
[2026-05-01 02:23:25] Context Switch: default -> default
[2026-05-01 02:23:25] Context Switch: default -> default
[2026-05-01 02:23:28] Context Switch: default -> default
[2026-05-01 02:23:30] Context Switch: default -> default
[2026-05-01 02:23:30] Context Switch: default -> default
[2026-05-01 02:23:30] Context Switch: default -> default
[2026-05-01 02:23:31] Context Switch: default -> default
[2026-05-01 02:23:32] Context Switch: default -> default
[2026-05-01 02:23:33] Context Switch: default -> __sppadmin__
[2026-05-01 02:23:34] Context Switch: __sppadmin__ -> __sppadmin__
[2026-05-01 02:23:34] Context Switch: default -> default
[2026-05-01 02:23:34] Context Switch: default -> default
[2026-05-01 02:23:36] Context Switch: default -> default
[2026-05-01 02:23:36] Context Switch: default -> default
[2026-05-01 02:23:36] Context Switch: default -> default
[2026-05-01 02:23:36] Context Switch: default -> default
[2026-05-01 02:23:36] Context Switch: default -> default
[2026-05-01 02:23:37] Context Switch: default -> default
[2026-05-01 02:23:37] Context Switch: default -> default
[2026-05-01 02:23:37] Context Switch: default -> __sppadmin__
[2026-05-01 02:23:37] Context Switch: default -> __sppadmin__
[2026-05-01 02:23:37] Context Switch: __sppadmin__ -> __sppadmin__
[2026-05-01 02:23:37] Context Switch: __sppadmin__ -> __sppadmin__
[2026-05-01 02:23:37] Context Switch: __sppadmin__ -> lekhak
[2026-05-01 02:23:37] Context Switch: __sppadmin__ -> lekhak
[2026-05-01 02:23:37] Context Switch: lekhak -> lekhak
[2026-05-01 02:23:37] Context Switch: lekhak -> lekhak
[2026-05-01 02:23:38] Context Switch: lekhak -> __sppadmin__
[2026-05-01 02:23:38] Context Switch: lekhak -> __sppadmin__
[2026-05-01 02:23:38] Context Switch: __sppadmin__ -> lekhak
[2026-05-01 02:23:38] Context Switch: lekhak -> __sppadmin__
[2026-05-01 02:23:38] Context Switch: __sppadmin__ -> lekhak
[2026-05-01 02:23:38] Context Switch: lekhak -> __sppadmin__
[2026-05-01 02:23:40] Context Switch: default -> default
[2026-05-01 02:23:41] Context Switch: default -> __sppadmin__
[2026-05-01 02:23:41] Context Switch: __sppadmin__ -> __sppadmin__
[2026-05-01 02:23:43] Context Switch: default -> default
[2026-05-01 02:23:43] Context Switch: default -> default
[2026-05-01 02:23:47] Context Switch: default -> default
[2026-05-01 02:23:48] Context Switch: default -> __sppadmin__
[2026-05-01 02:23:48] Context Switch: __sppadmin__ -> __sppadmin__
[2026-05-01 02:23:56] Context Switch: default -> default
[2026-05-01 02:23:56] Context Switch: default -> default
[2026-05-01 02:24:05] Context Switch: default -> default
[2026-05-01 02:24:07] Context Switch: default -> __sppadmin__
[2026-05-01 02:24:08] Context Switch: __sppadmin__ -> __sppadmin__
[2026-05-01 02:24:08] Context Switch: __sppadmin__ -> lekhak
[2026-05-01 02:24:08] Context Switch: lekhak -> lekhak
[2026-05-01 02:24:14] Context Switch: lekhak -> __sppadmin__
[2026-05-01 02:24:24] Context Switch: default -> default
[2026-05-01 02:24:24] Context Switch: default -> default
[2026-05-01 02:24:27] Context Switch: default -> default
[2026-05-01 02:24:28] Context Switch: default -> __sppadmin__
[2026-05-01 02:24:28] Context Switch: __sppadmin__ -> __sppadmin__
[2026-05-01 02:24:28] Context Switch: __sppadmin__ -> lekhak
[2026-05-01 02:24:28] Context Switch: lekhak -> lekhak
[2026-05-01 02:24:29] Context Switch: lekhak -> __sppadmin__
[2026-05-01 02:24:41] Context Switch: default -> default
[2026-05-01 02:24:41] Context Switch: default -> default
[2026-05-01 02:24:46] Context Switch: default -> default
[2026-05-01 02:24:48] Context Switch: default -> default
[2026-05-01 02:24:48] Context Switch: default -> default
[2026-05-01 02:24:49] Context Switch: default -> default
[2026-05-01 02:25:04] Context Switch: default -> default
[2026-05-01 02:25:04] Context Switch: default -> default
[2026-05-01 02:25:05] Context Switch: default -> default
[2026-05-01 02:25:06] Context Switch: default -> default
[2026-05-01 02:25:06] Context Switch: default -> default
[2026-05-01 02:25:06] Context Switch: default -> default
[2026-05-01 02:25:06] Context Switch: default -> default
[2026-05-01 02:25:06] Context Switch: default -> default
[2026-05-01 02:25:06] Context Switch: default -> default
[2026-05-01 02:25:06] Context Switch: default -> __sppadmin__
[2026-05-01 02:25:06] Context Switch: __sppadmin__ -> __sppadmin__
[2026-05-01 02:25:07] Context Switch: default -> default
[2026-05-01 02:25:07] Context Switch: default -> default
[2026-05-01 02:25:07] Context Switch: default -> default
[2026-05-01 02:25:07] Context Switch: default -> default
[2026-05-01 02:25:07] Context Switch: default -> default
[2026-05-01 02:25:07] Context Switch: default -> default
[2026-05-01 02:25:07] Context Switch: default -> default
[2026-05-01 02:25:07] Context Switch: default -> default
[2026-05-01 02:25:07] Context Switch: default -> __sppadmin__
[2026-05-01 02:25:07] Context Switch: default -> __sppadmin__
[2026-05-01 02:25:07] Context Switch: __sppadmin__ -> __sppadmin__
[2026-05-01 02:25:07] Context Switch: __sppadmin__ -> __sppadmin__
[2026-05-01 02:25:07] Context Switch: __sppadmin__ -> lekhak
[2026-05-01 02:25:07] Context Switch: __sppadmin__ -> lekhak
[2026-05-01 02:25:07] Context Switch: lekhak -> lekhak
[2026-05-01 02:25:07] Context Switch: lekhak -> lekhak
[2026-05-01 02:25:08] Context Switch: lekhak -> __sppadmin__
[2026-05-01 02:25:08] Context Switch: __sppadmin__ -> lekhak
[2026-05-01 02:25:08] Context Switch: lekhak -> __sppadmin__
[2026-05-01 02:25:08] Context Switch: lekhak -> __sppadmin__
[2026-05-01 02:25:08] Context Switch: __sppadmin__ -> lekhak
[2026-05-01 02:25:08] Context Switch: lekhak -> __sppadmin__
[2026-05-01 02:25:08] Context Switch: default -> default
[2026-05-01 02:25:09] Context Switch: default -> __sppadmin__
[2026-05-01 02:25:09] Context Switch: __sppadmin__ -> __sppadmin__
[2026-05-01 02:25:09] Context Switch: default -> default
[2026-05-01 02:25:09] Context Switch: default -> default
[2026-05-01 02:25:10] Context Switch: default -> default
[2026-05-01 02:25:11] Context Switch: default -> __sppadmin__
[2026-05-01 02:25:11] Context Switch: __sppadmin__ -> __sppadmin__
[2026-05-01 04:31:07] Context Switch: default -> default
[2026-05-01 04:31:07] Context Switch: default -> default
[2026-05-01 04:31:10] Context Switch: default -> default
[2026-05-01 04:31:16] Context Switch: default -> default
[2026-05-01 04:31:16] Context Switch: default -> default
[2026-05-01 04:31:20] Context Switch: default -> default
[2026-05-01 04:31:22] Context Switch: default -> default
[2026-05-01 04:31:22] Context Switch: default -> default
[2026-05-01 04:31:26] Context Switch: default -> default
[2026-05-01 04:31:37] Context Switch: default -> default
[2026-05-01 04:31:37] Context Switch: default -> default
[2026-05-01 04:31:40] Context Switch: default -> default
[2026-05-01 04:31:42] Context Switch: default -> default
[2026-05-01 04:31:42] Context Switch: default -> default
[2026-05-01 04:31:43] Context Switch: default -> default
[2026-05-01 04:31:52] Context Switch: default -> default
[2026-05-01 04:31:52] Context Switch: default -> default
[2026-05-01 04:31:55] Context Switch: default -> default
[2026-05-01 04:31:57] Context Switch: default -> default
[2026-05-01 04:31:57] Context Switch: default -> default
[2026-05-01 04:31:57] Context Switch: default -> default
[2026-05-01 04:31:57] Context Switch: default -> default
[2026-05-01 04:31:57] Context Switch: default -> default
[2026-05-01 04:31:57] Context Switch: default -> default
[2026-05-01 04:31:58] Context Switch: default -> __sppadmin__
[2026-05-01 04:31:58] Context Switch: __sppadmin__ -> __sppadmin__
[2026-05-01 04:31:58] Context Switch: default -> default
[2026-05-01 04:31:58] Context Switch: default -> default
[2026-05-01 04:32:00] Context Switch: default -> default
[2026-05-01 04:32:01] Context Switch: default -> __sppadmin__
[2026-05-01 04:32:01] Context Switch: __sppadmin__ -> __sppadmin__
[2026-05-01 04:32:45] Context Switch: default -> default
[2026-05-01 04:32:45] Context Switch: default -> default
[2026-05-01 04:32:45] Context Switch: default -> default
[2026-05-01 04:32:45] Context Switch: default -> default
[2026-05-01 04:32:46] Context Switch: default -> default
[2026-05-01 04:32:47] Context Switch: default -> default
[2026-05-01 04:32:47] Context Switch: default -> default
[2026-05-01 04:32:48] Context Switch: default -> default
[2026-05-01 04:32:48] Context Switch: default -> default
[2026-05-01 04:32:48] Context Switch: default -> default
[2026-05-01 04:32:48] Context Switch: default -> default
[2026-05-01 04:32:48] Context Switch: default -> default
[2026-05-01 04:32:49] Context Switch: default -> default
[2026-05-01 04:32:49] Context Switch: default -> default
[2026-05-01 04:32:50] Context Switch: default -> default
[2026-05-01 04:32:50] Context Switch: default -> default
[2026-05-01 04:32:50] Context Switch: default -> default
[2026-05-01 04:32:50] Context Switch: default -> default
[2026-05-01 04:32:50] Context Switch: default -> default
[2026-05-01 04:32:51] Context Switch: default -> default
[2026-05-01 04:32:51] Context Switch: default -> default
[2026-05-01 04:32:51] Context Switch: default -> default
[2026-05-01 04:32:51] Context Switch: default -> default
[2026-05-01 04:32:53] Context Switch: default -> default
[2026-05-01 04:32:56] Context Switch: default -> default
[2026-05-01 04:32:56] Context Switch: default -> default
[2026-05-01 04:32:58] Context Switch: default -> default
[2026-05-01 04:33:03] Context Switch: default -> default
[2026-05-01 04:33:03] Context Switch: default -> default
[2026-05-01 04:33:05] Context Switch: default -> default
[2026-05-01 04:33:07] Context Switch: default -> default
[2026-05-01 04:33:07] Context Switch: default -> default
[2026-05-01 04:33:07] Context Switch: default -> default
[2026-05-01 04:33:07] Context Switch: default -> default
[2026-05-01 04:33:09] Context Switch: default -> default
[2026-05-01 04:33:10] Context Switch: default -> __sppadmin__
[2026-05-01 04:33:10] Context Switch: __sppadmin__ -> __sppadmin__
[2026-05-01 04:33:10] Context Switch: default -> default
[2026-05-01 04:33:11] Context Switch: default -> default
[2026-05-01 04:33:11] Context Switch: default -> default
[2026-05-01 04:33:13] Context Switch: default -> default
[2026-05-01 04:33:14] Context Switch: default -> __sppadmin__
[2026-05-01 04:33:14] Context Switch: __sppadmin__ -> __sppadmin__
[2026-05-01 04:33:22] Context Switch: default -> default
[2026-05-01 04:33:22] Context Switch: default -> default
[2026-05-01 04:33:22] Context Switch: default -> default
[2026-05-01 04:33:22] Context Switch: default -> default
[2026-05-01 04:33:22] Context Switch: default -> default
[2026-05-01 04:33:22] Context Switch: default -> default
[2026-05-01 04:33:23] Context Switch: default -> default
[2026-05-01 04:33:23] Context Switch: default -> default
[2026-05-01 04:33:23] Context Switch: default -> __sppadmin__
[2026-05-01 04:33:23] Context Switch: default -> __sppadmin__
[2026-05-01 04:33:23] Context Switch: __sppadmin__ -> __sppadmin__
[2026-05-01 04:33:23] Context Switch: __sppadmin__ -> __sppadmin__
[2026-05-01 04:33:23] Context Switch: __sppadmin__ -> lekhak
[2026-05-01 04:33:23] Context Switch: lekhak -> lekhak
[2026-05-01 04:33:24] Context Switch: default -> default
[2026-05-01 04:33:24] Context Switch: lekhak -> __sppadmin__
[2026-05-01 04:33:25] Context Switch: default -> __sppadmin__
[2026-05-01 04:33:25] Context Switch: __sppadmin__ -> __sppadmin__
[2026-05-01 04:33:25] Context Switch: __sppadmin__ -> lekhak
[2026-05-01 04:33:25] Context Switch: lekhak -> lekhak
[2026-05-01 04:33:25] Context Switch: lekhak -> __sppadmin__
[2026-05-01 04:33:26] Context Switch: __sppadmin__ -> lekhak
[2026-05-01 04:33:26] Context Switch: lekhak -> __sppadmin__
[2026-05-01 04:33:26] Context Switch: __sppadmin__ -> lekhak
[2026-05-01 04:33:26] Context Switch: lekhak -> __sppadmin__
[2026-05-01 04:33:29] Context Switch: default -> default
[2026-05-01 04:33:29] Context Switch: default -> default
[2026-05-01 04:33:30] Context Switch: default -> default
[2026-05-01 04:33:32] Context Switch: default -> __sppadmin__
[2026-05-01 04:33:32] Context Switch: __sppadmin__ -> __sppadmin__
[2026-05-01 04:38:57] Context Switch: default -> default
[2026-05-01 04:38:57] Context Switch: default -> default
[2026-05-01 04:38:57] Context Switch: default -> default
[2026-05-01 04:38:57] Context Switch: default -> default
[2026-05-01 04:38:57] Context Switch: default -> default
[2026-05-01 04:38:57] Context Switch: default -> default
[2026-05-01 04:38:58] Context Switch: default -> default
[2026-05-01 04:38:58] Context Switch: default -> default
[2026-05-01 04:38:58] Context Switch: default -> default
[2026-05-01 04:38:59] Context Switch: default -> __sppadmin__
[2026-05-01 04:38:59] Context Switch: default -> __sppadmin__
[2026-05-01 04:38:59] Context Switch: __sppadmin__ -> __sppadmin__
[2026-05-01 04:38:59] Context Switch: __sppadmin__ -> __sppadmin__
[2026-05-01 04:38:59] Context Switch: __sppadmin__ -> sppadmin
[2026-05-01 04:38:59] Context Switch: sppadmin -> sppadmin
[2026-05-01 04:38:59] Context Switch: sppadmin -> __sppadmin__
[2026-05-01 04:39:00] Context Switch: default -> __sppadmin__
[2026-05-01 04:39:00] Context Switch: __sppadmin__ -> __sppadmin__
[2026-05-01 04:39:00] Context Switch: __sppadmin__ -> sppadmin
[2026-05-01 04:39:00] Context Switch: sppadmin -> sppadmin
[2026-05-01 04:39:00] Context Switch: sppadmin -> __sppadmin__
[2026-05-01 04:39:00] Context Switch: __sppadmin__ -> sppadmin
[2026-05-01 04:39:03] Context Switch: sppadmin -> __sppadmin__
[2026-05-01 04:39:03] Context Switch: __sppadmin__ -> sppadmin
[2026-05-01 04:39:03] Context Switch: sppadmin -> __sppadmin__
[2026-05-01 04:39:04] Context Switch: default -> default
[2026-05-01 04:39:04] Context Switch: default -> default
[2026-05-01 04:39:08] Context Switch: default -> default
[2026-05-01 04:39:10] Context Switch: default -> __sppadmin__
[2026-05-01 04:39:10] Context Switch: __sppadmin__ -> __sppadmin__
[2026-05-01 04:39:23] Context Switch: default -> default
[2026-05-01 04:39:23] Context Switch: default -> default
[2026-05-01 04:39:23] Context Switch: default -> default
[2026-05-01 04:39:23] Context Switch: default -> default
[2026-05-01 04:39:23] Context Switch: default -> default
[2026-05-01 04:39:23] Context Switch: default -> default
[2026-05-01 04:39:23] Context Switch: default -> default
[2026-05-01 04:39:23] Context Switch: default -> default
[2026-05-01 04:39:24] Context Switch: default -> __sppadmin__
[2026-05-01 04:39:24] Context Switch: default -> __sppadmin__
[2026-05-01 04:39:24] Context Switch: __sppadmin__ -> __sppadmin__
[2026-05-01 04:39:24] Context Switch: __sppadmin__ -> __sppadmin__
[2026-05-01 04:39:24] Context Switch: __sppadmin__ -> default
[2026-05-01 04:39:24] Context Switch: __sppadmin__ -> default
[2026-05-01 04:39:24] Context Switch: default -> __sppadmin__
[2026-05-01 04:39:24] Context Switch: __sppadmin__ -> default
[2026-05-01 04:39:24] Context Switch: default -> __sppadmin__
[2026-05-01 04:39:24] Context Switch: __sppadmin__ -> default
[2026-05-01 04:39:24] Context Switch: default -> __sppadmin__
[2026-05-01 04:39:24] Context Switch: default -> __sppadmin__
[2026-05-01 04:39:26] Context Switch: default -> default
[2026-05-01 04:39:27] Context Switch: default -> __sppadmin__
[2026-05-01 04:39:28] Context Switch: __sppadmin__ -> __sppadmin__
[2026-05-01 04:39:29] Context Switch: default -> default
[2026-05-01 04:39:29] Context Switch: default -> default
[2026-05-01 04:39:33] Context Switch: default -> default
[2026-05-01 04:39:35] Context Switch: default -> __sppadmin__
[2026-05-01 04:39:35] Context Switch: __sppadmin__ -> __sppadmin__
[2026-05-01 04:39:42] Context Switch: default -> default
[2026-05-01 04:39:42] Context Switch: default -> default
[2026-05-01 04:39:45] Context Switch: default -> default
[2026-05-01 04:39:47] Context Switch: default -> __sppadmin__
[2026-05-01 04:39:47] Context Switch: __sppadmin__ -> __sppadmin__
[2026-05-01 04:39:47] Context Switch: __sppadmin__ -> default
[2026-05-01 04:39:48] Context Switch: default -> __sppadmin__
[2026-05-01 04:40:00] Context Switch: default -> default
[2026-05-01 04:40:00] Context Switch: default -> default
[2026-05-01 04:40:03] Context Switch: default -> default
[2026-05-01 04:40:04] Context Switch: default -> __sppadmin__
[2026-05-01 04:40:04] Context Switch: __sppadmin__ -> __sppadmin__
[2026-05-01 04:40:04] Context Switch: __sppadmin__ -> default
[2026-05-01 04:40:05] Context Switch: default -> __sppadmin__
[2026-05-01 04:41:29] Context Switch: default -> default
[2026-05-01 04:41:29] Context Switch: default -> default
[2026-05-01 04:41:30] Context Switch: default -> default
[2026-05-01 04:45:30] Context Switch: default -> default
[2026-05-01 04:45:30] Context Switch: default -> default
[2026-05-01 04:45:33] Context Switch: default -> default
[2026-05-01 04:45:34] Context Switch: default -> __sppadmin__
[2026-05-01 04:45:35] Context Switch: __sppadmin__ -> __sppadmin__
[2026-05-01 05:29:54] Context Switch: default -> default
[2026-05-01 05:29:54] Context Switch: default -> default
[2026-05-01 05:29:59] Context Switch: default -> default
[2026-05-01 05:30:02] Context Switch: default -> default
[2026-05-01 05:30:02] Context Switch: default -> default
[2026-05-01 05:30:05] Context Switch: default -> default
[2026-05-01 05:30:14] Context Switch: default -> default
[2026-05-01 05:30:14] Context Switch: default -> default
[2026-05-01 05:30:17] Context Switch: default -> default
[2026-05-01 05:30:18] Context Switch: default -> default
[2026-05-01 05:30:18] Context Switch: default -> default
[2026-05-01 05:30:18] Context Switch: default -> default
[2026-05-01 05:30:18] Context Switch: default -> default
[2026-05-01 05:30:19] Context Switch: default -> default
[2026-05-01 05:30:19] Context Switch: default -> default
[2026-05-01 05:30:20] Context Switch: default -> __sppadmin__
[2026-05-01 05:30:20] Context Switch: __sppadmin__ -> __sppadmin__
[2026-05-01 05:30:21] Context Switch: default -> default
[2026-05-01 05:30:21] Context Switch: default -> default
[2026-05-01 05:30:23] Context Switch: default -> default
[2026-05-01 05:30:24] Context Switch: default -> __sppadmin__
[2026-05-01 05:30:24] Context Switch: __sppadmin__ -> __sppadmin__
[2026-05-01 07:32:48] Context Switch: default -> default
[2026-05-01 07:32:48] Context Switch: default -> default
[2026-05-01 07:32:48] Context Switch: default -> default
[2026-05-01 05:34:15] Context Switch: default -> default
[2026-05-01 05:34:15] Context Switch: default -> default
[2026-05-01 05:34:18] Context Switch: default -> default
[2026-05-01 05:34:20] Context Switch: default -> default
[2026-05-01 05:34:20] Context Switch: default -> default
[2026-05-01 05:34:24] Context Switch: default -> default
[2026-05-01 05:35:06] Context Switch: default -> default
[2026-05-01 05:35:06] Context Switch: default -> default
[2026-05-01 05:35:08] Context Switch: default -> default
[2026-05-01 05:35:10] Context Switch: default -> default
[2026-05-01 05:35:10] Context Switch: default -> default
[2026-05-01 05:35:10] Context Switch: default -> default
[2026-05-01 05:35:10] Context Switch: default -> default
[2026-05-01 05:35:13] Context Switch: default -> default
[2026-05-01 05:35:14] Context Switch: default -> __sppadmin__
[2026-05-01 05:35:14] Context Switch: __sppadmin__ -> __sppadmin__
[2026-05-01 05:35:14] Context Switch: default -> default
[2026-05-01 05:35:15] Context Switch: default -> default
[2026-05-01 05:35:15] Context Switch: default -> default
[2026-05-01 05:35:15] Context Switch: default -> default
[2026-05-01 05:35:16] Context Switch: default -> default
[2026-05-01 05:35:16] Context Switch: default -> default
[2026-05-01 05:35:16] Context Switch: default -> default
[2026-05-01 05:35:17] Context Switch: default -> default
[2026-05-01 05:35:17] Context Switch: default -> default
[2026-05-01 05:35:18] Context Switch: default -> __sppadmin__
[2026-05-01 05:35:18] Context Switch: default -> __sppadmin__
[2026-05-01 05:35:18] Context Switch: __sppadmin__ -> __sppadmin__
[2026-05-01 05:35:18] Context Switch: __sppadmin__ -> default
[2026-05-01 05:35:19] Context Switch: __sppadmin__ -> __sppadmin__
[2026-05-01 05:35:19] Context Switch: default -> __sppadmin__
[2026-05-01 05:35:19] Context Switch: __sppadmin__ -> default
[2026-05-01 05:35:19] Context Switch: default -> __sppadmin__
[2026-05-01 05:35:19] Context Switch: __sppadmin__ -> default
[2026-05-01 05:35:19] Context Switch: default -> __sppadmin__
[2026-05-01 05:35:19] Context Switch: default -> default
[2026-05-01 05:35:21] Context Switch: default -> __sppadmin__
[2026-05-01 05:35:21] Context Switch: __sppadmin__ -> __sppadmin__
[2026-05-01 05:35:21] Context Switch: __sppadmin__ -> default
[2026-05-01 05:35:21] Context Switch: default -> __sppadmin__
[2026-05-01 05:35:22] Context Switch: default -> default
[2026-05-01 05:35:22] Context Switch: default -> default
[2026-05-01 05:35:25] Context Switch: default -> default
[2026-05-01 05:35:26] Context Switch: default -> __sppadmin__
[2026-05-01 05:35:26] Context Switch: __sppadmin__ -> __sppadmin__
[2026-05-01 05:35:44] Context Switch: default -> default
[2026-05-01 05:35:44] Context Switch: default -> default
[2026-05-01 05:35:46] Context Switch: default -> default
[2026-05-01 05:35:48] Context Switch: default -> __sppadmin__
[2026-05-01 05:35:48] Context Switch: __sppadmin__ -> __sppadmin__
[2026-05-01 05:36:35] Context Switch: default -> default
[2026-05-01 05:36:35] Context Switch: default -> default
[2026-05-01 05:36:39] Context Switch: default -> default
[2026-05-01 05:36:42] Context Switch: default -> __sppadmin__
[2026-05-01 05:36:42] Context Switch: __sppadmin__ -> __sppadmin__
[2026-05-01 05:36:52] Context Switch: default -> default
[2026-05-01 05:36:52] Context Switch: default -> default
[2026-05-01 05:36:57] Context Switch: default -> default
[2026-05-01 05:37:18] Context Switch: default -> default
[2026-05-01 05:37:18] Context Switch: default -> default
[2026-05-01 05:37:21] Context Switch: default -> default
[2026-05-01 05:41:18] Context Switch: default -> default
[2026-05-01 05:41:19] Context Switch: default -> default
[2026-05-01 05:41:22] Context Switch: default -> default
[2026-05-01 05:41:25] Context Switch: default -> default
[2026-05-01 05:41:26] Context Switch: default -> default
[2026-05-01 05:41:28] Context Switch: default -> default
[2026-05-01 05:42:37] Context Switch: default -> default
[2026-05-01 05:42:37] Context Switch: default -> default
[2026-05-01 05:42:41] Context Switch: default -> default
[2026-05-01 05:42:46] Context Switch: default -> default
[2026-05-01 05:42:46] Context Switch: default -> default
[2026-05-01 05:42:51] Context Switch: default -> default
[2026-05-01 05:43:29] Context Switch: default -> default
[2026-05-01 05:43:29] Context Switch: default -> default
[2026-05-01 05:43:36] Context Switch: default -> default
[2026-05-01 05:44:21] Context Switch: default -> default
[2026-05-01 05:44:21] Context Switch: default -> default
[2026-05-01 05:44:28] Context Switch: default -> default
[2026-05-01 07:47:36] Context Switch: default -> default
[2026-05-01 07:47:36] Context Switch: default -> default
[2026-05-01 07:47:36] Context Switch: default -> default
[2026-05-01 05:49:08] Context Switch: spp_docs -> spp_docs
[2026-05-01 05:49:08] Context Switch: spp_docs -> spp_docs
[2026-05-01 05:49:08] Context Switch: spp_docs -> default
[2026-05-01 05:49:08] Context Switch: default -> default
[2026-05-01 05:49:09] Context Switch: default -> default
[2026-05-01 05:49:09] Context Switch: default -> spp_docs
[2026-05-01 05:49:12] Context Switch: spp_docs -> spp_docs
[2026-05-01 05:49:12] Context Switch: spp_docs -> spp_docs
[2026-05-01 05:49:13] Context Switch: spp_docs -> default
[2026-05-01 05:49:13] Context Switch: default -> default
[2026-05-01 05:49:14] Context Switch: default -> default
[2026-05-01 05:49:16] Context Switch: default -> spp_docs
[2026-05-01 05:49:27] Context Switch: spp_docs -> spp_docs
[2026-05-01 05:49:27] Context Switch: spp_docs -> spp_docs
[2026-05-01 05:49:28] Context Switch: spp_docs -> default
[2026-05-01 05:49:28] Context Switch: default -> default
[2026-05-01 05:49:29] Context Switch: default -> default
[2026-05-01 05:49:30] Context Switch: default -> spp_docs
[2026-05-01 05:49:33] Context Switch: spp_docs -> spp_docs
[2026-05-01 05:49:33] Context Switch: spp_docs -> spp_docs
[2026-05-01 05:49:35] Context Switch: spp_docs -> default
[2026-05-01 05:49:35] Context Switch: default -> default
[2026-05-01 05:49:38] Context Switch: default -> default
[2026-05-01 05:49:40] Context Switch: default -> spp_docs
[2026-05-01 05:50:06] Context Switch: spp_docs -> spp_docs
[2026-05-01 05:50:06] Context Switch: spp_docs -> spp_docs
[2026-05-01 05:50:08] Context Switch: spp_docs -> default
[2026-05-01 05:50:09] Context Switch: default -> default
[2026-05-01 05:50:12] Context Switch: default -> default
[2026-05-01 05:50:14] Context Switch: default -> spp_docs
[2026-05-01 05:50:17] Context Switch: spp_docs -> spp_docs
[2026-05-01 05:50:17] Context Switch: spp_docs -> spp_docs
[2026-05-01 05:50:18] Context Switch: spp_docs -> spp_docs
[2026-05-01 05:50:18] Context Switch: spp_docs -> spp_docs
[2026-05-01 05:50:19] Context Switch: spp_docs -> default
[2026-05-01 05:50:19] Context Switch: default -> default
[2026-05-01 05:50:19] Context Switch: spp_docs -> default
[2026-05-01 05:50:19] Context Switch: default -> default
[2026-05-01 05:50:20] Context Switch: default -> default
[2026-05-01 05:50:21] Context Switch: default -> default
[2026-05-01 05:50:21] Context Switch: default -> spp_docs
[2026-05-01 05:50:23] Context Switch: default -> spp_docs
[2026-05-01 05:50:26] Context Switch: spp_docs -> __sppadmin__
[2026-05-01 05:50:26] Context Switch: __sppadmin__ -> __sppadmin__
[2026-05-01 05:50:27] Context Switch: spp_docs -> spp_docs
[2026-05-01 05:50:27] Context Switch: spp_docs -> spp_docs
[2026-05-01 05:50:27] Context Switch: spp_docs -> spp_docs
[2026-05-01 05:50:27] Context Switch: spp_docs -> spp_docs
[2026-05-01 05:50:28] Context Switch: spp_docs -> spp_docs
[2026-05-01 05:50:28] Context Switch: spp_docs -> spp_docs
[2026-05-01 05:50:28] Context Switch: spp_docs -> default
[2026-05-01 05:50:28] Context Switch: spp_docs -> default
[2026-05-01 05:50:28] Context Switch: default -> default
[2026-05-01 05:50:28] Context Switch: default -> default
[2026-05-01 05:50:28] Context Switch: default -> default
[2026-05-01 05:50:28] Context Switch: default -> default
[2026-05-01 05:50:29] Context Switch: default -> spp_docs
[2026-05-01 05:50:29] Context Switch: default -> spp_docs
[2026-05-01 05:50:30] Context Switch: spp_docs -> default
[2026-05-01 05:50:30] Context Switch: default -> default
[2026-05-01 05:50:31] Context Switch: spp_docs -> __sppadmin__
[2026-05-01 05:50:31] Context Switch: spp_docs -> __sppadmin__
[2026-05-01 05:50:31] Context Switch: __sppadmin__ -> __sppadmin__
[2026-05-01 05:50:31] Context Switch: __sppadmin__ -> default
[2026-05-01 05:50:31] Context Switch: __sppadmin__ -> __sppadmin__
[2026-05-01 05:50:31] Context Switch: default -> __sppadmin__
[2026-05-01 05:50:32] Context Switch: default -> default
[2026-05-01 05:50:34] Context Switch: default -> spp_docs
[2026-05-01 05:50:36] Context Switch: spp_docs -> __sppadmin__
[2026-05-01 05:50:36] Context Switch: __sppadmin__ -> __sppadmin__
[2026-05-01 05:50:36] Context Switch: __sppadmin__ -> default
[2026-05-01 05:50:37] Context Switch: default -> __sppadmin__
[2026-05-01 05:50:37] Context Switch: __sppadmin__ -> default
[2026-05-01 05:50:37] Context Switch: default -> __sppadmin__
[2026-05-01 05:50:37] Context Switch: __sppadmin__ -> default
[2026-05-01 05:50:37] Context Switch: default -> __sppadmin__
[2026-05-01 05:50:39] Context Switch: spp_docs -> spp_docs
[2026-05-01 05:50:39] Context Switch: spp_docs -> spp_docs
[2026-05-01 05:50:41] Context Switch: spp_docs -> default
[2026-05-01 05:50:41] Context Switch: default -> default
[2026-05-01 05:50:43] Context Switch: default -> default
[2026-05-01 05:50:45] Context Switch: default -> spp_docs
[2026-05-01 05:50:47] Context Switch: spp_docs -> __sppadmin__
[2026-05-01 05:50:47] Context Switch: __sppadmin__ -> __sppadmin__
[2026-05-01 05:51:11] Context Switch: spp_docs -> spp_docs
[2026-05-01 05:51:11] Context Switch: spp_docs -> spp_docs
[2026-05-01 05:51:13] Context Switch: spp_docs -> default
[2026-05-01 05:51:13] Context Switch: default -> default
[2026-05-01 05:51:14] Context Switch: default -> default
[2026-05-01 05:51:15] Context Switch: default -> spp_docs
[2026-05-01 05:51:16] Context Switch: spp_docs -> __sppadmin__
[2026-05-01 05:51:17] Context Switch: __sppadmin__ -> __sppadmin__
[2026-05-01 05:51:33] Context Switch: spp_docs -> spp_docs
[2026-05-01 05:51:33] Context Switch: spp_docs -> spp_docs
[2026-05-01 05:51:34] Context Switch: spp_docs -> default
[2026-05-01 05:51:34] Context Switch: default -> default
[2026-05-01 05:51:35] Context Switch: default -> default
[2026-05-01 05:51:36] Context Switch: default -> spp_docs
[2026-05-01 05:51:39] Context Switch: spp_docs -> __sppadmin__
[2026-05-01 05:51:39] Context Switch: __sppadmin__ -> __sppadmin__
[2026-05-01 05:57:17] Context Switch: spp_docs -> spp_docs
[2026-05-01 05:57:17] Context Switch: spp_docs -> spp_docs
[2026-05-01 05:57:17] Context Switch: spp_docs -> spp_docs
[2026-05-01 05:57:17] Context Switch: spp_docs -> spp_docs
[2026-05-01 05:57:17] Context Switch: spp_docs -> spp_docs
[2026-05-01 05:57:17] Context Switch: spp_docs -> spp_docs
[2026-05-01 05:57:17] Context Switch: spp_docs -> default
[2026-05-01 05:57:17] Context Switch: spp_docs -> default
[2026-05-01 05:57:17] Context Switch: default -> default
[2026-05-01 05:57:17] Context Switch: default -> default
[2026-05-01 05:57:17] Context Switch: default -> default
[2026-05-01 05:57:17] Context Switch: default -> default
[2026-05-01 05:57:17] Context Switch: default -> spp_docs
[2026-05-01 05:57:17] Context Switch: default -> spp_docs
[2026-05-01 05:57:17] Context Switch: spp_docs -> default
[2026-05-01 05:57:17] Context Switch: default -> default
[2026-05-01 05:57:18] Context Switch: spp_docs -> __sppadmin__
[2026-05-01 05:57:18] Context Switch: spp_docs -> __sppadmin__
[2026-05-01 05:57:18] Context Switch: __sppadmin__ -> __sppadmin__
[2026-05-01 05:57:18] Context Switch: __sppadmin__ -> __sppadmin__
[2026-05-01 05:57:18] Context Switch: __sppadmin__ -> lekhak
[2026-05-01 05:57:18] Context Switch: lekhak -> lekhak
[2026-05-01 05:57:18] Context Switch: lekhak -> __sppadmin__
[2026-05-01 05:57:18] Context Switch: __sppadmin__ -> lekhak
[2026-05-01 05:57:18] Context Switch: lekhak -> __sppadmin__
[2026-05-01 05:57:18] Context Switch: __sppadmin__ -> lekhak
[2026-05-01 05:57:18] Context Switch: lekhak -> __sppadmin__
[2026-05-01 05:57:18] Context Switch: default -> default
[2026-05-01 05:57:19] Context Switch: default -> spp_docs
[2026-05-01 05:57:20] Context Switch: spp_docs -> __sppadmin__
[2026-05-01 05:57:20] Context Switch: __sppadmin__ -> __sppadmin__
[2026-05-01 05:57:20] Context Switch: __sppadmin__ -> lekhak
[2026-05-01 05:57:20] Context Switch: lekhak -> lekhak
[2026-05-01 05:57:20] Context Switch: lekhak -> __sppadmin__
[2026-05-01 05:57:21] Context Switch: spp_docs -> spp_docs
[2026-05-01 05:57:21] Context Switch: spp_docs -> spp_docs
[2026-05-01 05:57:21] Context Switch: spp_docs -> default
[2026-05-01 05:57:21] Context Switch: default -> default
[2026-05-01 05:57:22] Context Switch: default -> default
[2026-05-01 05:57:23] Context Switch: default -> spp_docs
[2026-05-01 05:57:23] Context Switch: spp_docs -> __sppadmin__
[2026-05-01 05:57:23] Context Switch: __sppadmin__ -> __sppadmin__
[2026-05-01 05:57:37] Context Switch: spp_docs -> spp_docs
[2026-05-01 05:57:37] Context Switch: spp_docs -> spp_docs
[2026-05-01 05:57:38] Context Switch: spp_docs -> default
[2026-05-01 05:57:38] Context Switch: default -> default
[2026-05-01 05:57:38] Context Switch: default -> default
[2026-05-01 05:57:39] Context Switch: default -> spp_docs
[2026-05-01 05:57:39] Context Switch: spp_docs -> __sppadmin__
[2026-05-01 05:57:40] Context Switch: __sppadmin__ -> __sppadmin__
[2026-05-01 05:57:40] Context Switch: __sppadmin__ -> lekhak
[2026-05-01 05:57:40] Context Switch: lekhak -> lekhak
[2026-05-01 05:57:41] Context Switch: lekhak -> lekhak
[2026-05-01 05:57:57] Context Switch: spp_docs -> spp_docs
[2026-05-01 05:57:57] Context Switch: spp_docs -> spp_docs
[2026-05-01 05:57:57] Context Switch: spp_docs -> spp_docs
[2026-05-01 05:57:57] Context Switch: spp_docs -> spp_docs
[2026-05-01 05:57:57] Context Switch: spp_docs -> default
[2026-05-01 05:57:57] Context Switch: spp_docs -> default
[2026-05-01 05:57:57] Context Switch: default -> default
[2026-05-01 05:57:57] Context Switch: default -> default
[2026-05-01 05:57:57] Context Switch: default -> default
[2026-05-01 05:57:57] Context Switch: default -> default
[2026-05-01 05:57:57] Context Switch: default -> spp_docs
[2026-05-01 05:57:57] Context Switch: default -> spp_docs
[2026-05-01 05:57:59] Context Switch: spp_docs -> __sppadmin__
[2026-05-01 05:57:59] Context Switch: spp_docs -> __sppadmin__
[2026-05-01 05:57:59] Context Switch: __sppadmin__ -> __sppadmin__
[2026-05-01 05:57:59] Context Switch: __sppadmin__ -> __sppadmin__
[2026-05-01 05:57:59] Context Switch: __sppadmin__ -> lekhak
[2026-05-01 05:57:59] Context Switch: __sppadmin__ -> lekhak
[2026-05-01 05:57:59] Context Switch: lekhak -> lekhak
[2026-05-01 05:57:59] Context Switch: lekhak -> lekhak
[2026-05-01 05:57:59] Context Switch: lekhak -> lekhak
[2026-05-01 05:57:59] Context Switch: lekhak -> lekhak
[2026-05-01 05:58:34] Context Switch: spp_docs -> spp_docs
[2026-05-01 05:58:34] Context Switch: spp_docs -> spp_docs
[2026-05-01 05:58:34] Context Switch: spp_docs -> spp_docs
[2026-05-01 05:58:34] Context Switch: spp_docs -> spp_docs
[2026-05-01 05:58:35] Context Switch: spp_docs -> default
[2026-05-01 05:58:35] Context Switch: spp_docs -> spp_docs
[2026-05-01 05:58:35] Context Switch: spp_docs -> default
[2026-05-01 05:58:35] Context Switch: default -> default
[2026-05-01 05:58:35] Context Switch: default -> default
[2026-05-01 05:58:35] Context Switch: spp_docs -> spp_docs
[2026-05-01 05:58:35] Context Switch: default -> default
[2026-05-01 05:58:35] Context Switch: default -> default
[2026-05-01 05:58:35] Context Switch: default -> spp_docs
[2026-05-01 05:58:35] Context Switch: default -> spp_docs
[2026-05-01 05:58:35] Context Switch: spp_docs -> default
[2026-05-01 05:58:35] Context Switch: default -> default
[2026-05-01 05:58:35] Context Switch: spp_docs -> __sppadmin__
[2026-05-01 05:58:35] Context Switch: spp_docs -> __sppadmin__
[2026-05-01 05:58:35] Context Switch: __sppadmin__ -> __sppadmin__
[2026-05-01 05:58:35] Context Switch: __sppadmin__ -> __sppadmin__
[2026-05-01 05:58:35] Context Switch: __sppadmin__ -> lekhak
[2026-05-01 05:58:36] Context Switch: lekhak -> lekhak
[2026-05-01 05:58:36] Context Switch: lekhak -> __sppadmin__
[2026-05-01 05:58:36] Context Switch: default -> default
[2026-05-01 05:58:37] Context Switch: default -> spp_docs
[2026-05-01 05:58:37] Context Switch: spp_docs -> __sppadmin__
[2026-05-01 05:58:38] Context Switch: __sppadmin__ -> __sppadmin__
[2026-05-01 05:58:38] Context Switch: __sppadmin__ -> lekhak
[2026-05-01 05:58:38] Context Switch: lekhak -> lekhak
[2026-05-01 05:58:38] Context Switch: lekhak -> __sppadmin__
[2026-05-01 05:58:38] Context Switch: __sppadmin__ -> lekhak
[2026-05-01 05:58:38] Context Switch: lekhak -> __sppadmin__
[2026-05-01 05:58:38] Context Switch: __sppadmin__ -> lekhak
[2026-05-01 05:58:38] Context Switch: lekhak -> __sppadmin__
[2026-05-01 05:58:39] Context Switch: spp_docs -> spp_docs
[2026-05-01 05:58:39] Context Switch: spp_docs -> spp_docs
[2026-05-01 05:58:40] Context Switch: spp_docs -> default
[2026-05-01 05:58:40] Context Switch: default -> default
[2026-05-01 05:58:41] Context Switch: default -> default
[2026-05-01 05:58:42] Context Switch: default -> spp_docs
[2026-05-01 05:58:42] Context Switch: spp_docs -> __sppadmin__
[2026-05-01 05:58:42] Context Switch: __sppadmin__ -> __sppadmin__
[2026-05-01 05:58:49] Context Switch: spp_docs -> spp_docs
[2026-05-01 05:58:49] Context Switch: spp_docs -> spp_docs
[2026-05-01 05:58:51] Context Switch: spp_docs -> default
[2026-05-01 05:58:51] Context Switch: default -> default
[2026-05-01 05:58:55] Context Switch: default -> default
[2026-05-01 05:58:57] Context Switch: default -> spp_docs
[2026-05-01 05:59:00] Context Switch: spp_docs -> __sppadmin__
[2026-05-01 05:59:00] Context Switch: __sppadmin__ -> __sppadmin__
[2026-05-01 05:59:00] Context Switch: __sppadmin__ -> lekhak
[2026-05-01 05:59:00] Context Switch: lekhak -> lekhak
[2026-05-01 05:59:03] Context Switch: lekhak -> __sppadmin__
[2026-05-01 05:59:45] Context Switch: spp_docs -> spp_docs
[2026-05-01 05:59:45] Context Switch: spp_docs -> spp_docs
[2026-05-01 05:59:47] Context Switch: spp_docs -> default
[2026-05-01 05:59:47] Context Switch: default -> default
[2026-05-01 05:59:48] Context Switch: default -> default
[2026-05-01 05:59:50] Context Switch: default -> spp_docs
[2026-05-01 05:59:53] Context Switch: spp_docs -> __sppadmin__
[2026-05-01 05:59:53] Context Switch: __sppadmin__ -> __sppadmin__
[2026-05-01 05:59:53] Context Switch: __sppadmin__ -> lekhak
[2026-05-01 05:59:53] Context Switch: lekhak -> lekhak
[2026-05-01 06:00:00] Context Switch: lekhak -> __sppadmin__
[2026-05-01 06:00:40] Context Switch: spp_docs -> spp_docs
[2026-05-01 06:00:40] Context Switch: spp_docs -> spp_docs
[2026-05-01 06:00:42] Context Switch: spp_docs -> default
[2026-05-01 06:00:42] Context Switch: default -> default
[2026-05-01 06:00:43] Context Switch: default -> default
[2026-05-01 06:00:45] Context Switch: default -> spp_docs
[2026-05-01 06:00:48] Context Switch: spp_docs -> spp_docs
[2026-05-01 06:00:48] Context Switch: spp_docs -> spp_docs
[2026-05-01 06:00:50] Context Switch: spp_docs -> default
[2026-05-01 06:00:50] Context Switch: default -> default
[2026-05-01 06:00:51] Context Switch: default -> default
[2026-05-01 06:00:52] Context Switch: default -> spp_docs
[2026-05-01 06:01:03] Context Switch: spp_docs -> spp_docs
[2026-05-01 06:01:03] Context Switch: spp_docs -> spp_docs
[2026-05-01 06:01:03] Context Switch: spp_docs -> default
[2026-05-01 06:01:03] Context Switch: default -> default
[2026-05-01 06:01:04] Context Switch: default -> default
[2026-05-01 06:01:04] Context Switch: default -> spp_docs
[2026-05-01 06:01:05] Context Switch: spp_docs -> spp_docs
[2026-05-01 06:01:05] Context Switch: spp_docs -> spp_docs
[2026-05-01 06:01:05] Context Switch: spp_docs -> spp_docs
[2026-05-01 06:01:05] Context Switch: spp_docs -> spp_docs
[2026-05-01 06:01:05] Context Switch: spp_docs -> default
[2026-05-01 06:01:05] Context Switch: default -> default
[2026-05-01 06:01:06] Context Switch: spp_docs -> default
[2026-05-01 06:01:06] Context Switch: default -> default
[2026-05-01 06:01:06] Context Switch: default -> default
[2026-05-01 06:01:06] Context Switch: default -> spp_docs
[2026-05-01 06:01:06] Context Switch: default -> default
[2026-05-01 06:01:07] Context Switch: spp_docs -> __sppadmin__
[2026-05-01 06:01:07] Context Switch: __sppadmin__ -> __sppadmin__
[2026-05-01 06:01:07] Context Switch: spp_docs -> spp_docs
[2026-05-01 06:01:07] Context Switch: spp_docs -> spp_docs
[2026-05-01 06:01:07] Context Switch: spp_docs -> spp_docs
[2026-05-01 06:01:07] Context Switch: spp_docs -> spp_docs
[2026-05-01 06:01:07] Context Switch: spp_docs -> spp_docs
[2026-05-01 06:01:07] Context Switch: spp_docs -> spp_docs
[2026-05-01 06:01:07] Context Switch: default -> spp_docs
[2026-05-01 06:01:07] Context Switch: spp_docs -> default
[2026-05-01 06:01:07] Context Switch: spp_docs -> default
[2026-05-01 06:01:07] Context Switch: default -> default
[2026-05-01 06:01:07] Context Switch: default -> default
[2026-05-01 06:01:07] Context Switch: default -> default
[2026-05-01 06:01:07] Context Switch: default -> default
[2026-05-01 06:01:08] Context Switch: spp_docs -> default
[2026-05-01 06:01:08] Context Switch: default -> default
[2026-05-01 06:01:08] Context Switch: default -> spp_docs
[2026-05-01 06:01:08] Context Switch: default -> spp_docs
[2026-05-01 06:01:08] Context Switch: default -> default
[2026-05-01 06:01:08] Context Switch: spp_docs -> __sppadmin__
[2026-05-01 06:01:08] Context Switch: spp_docs -> __sppadmin__
[2026-05-01 06:01:08] Context Switch: __sppadmin__ -> __sppadmin__
[2026-05-01 06:01:08] Context Switch: __sppadmin__ -> __sppadmin__
[2026-05-01 06:01:08] Context Switch: __sppadmin__ -> lekhak
[2026-05-01 06:01:08] Context Switch: __sppadmin__ -> lekhak
[2026-05-01 06:01:08] Context Switch: lekhak -> lekhak
[2026-05-01 06:01:08] Context Switch: lekhak -> lekhak
[2026-05-01 06:01:08] Context Switch: lekhak -> __sppadmin__
[2026-05-01 06:01:08] Context Switch: __sppadmin__ -> lekhak
[2026-05-01 06:01:08] Context Switch: lekhak -> __sppadmin__
[2026-05-01 06:01:09] Context Switch: default -> spp_docs
[2026-05-01 06:01:09] Context Switch: lekhak -> __sppadmin__
[2026-05-01 06:01:09] Context Switch: __sppadmin__ -> lekhak
[2026-05-01 06:01:09] Context Switch: lekhak -> __sppadmin__
[2026-05-01 06:01:09] Context Switch: spp_docs -> __sppadmin__
[2026-05-01 06:01:09] Context Switch: __sppadmin__ -> __sppadmin__
[2026-05-01 06:01:10] Context Switch: spp_docs -> spp_docs
[2026-05-01 06:01:10] Context Switch: spp_docs -> spp_docs
[2026-05-01 06:01:10] Context Switch: spp_docs -> default
[2026-05-01 06:01:10] Context Switch: default -> default
[2026-05-01 06:01:10] Context Switch: default -> default
[2026-05-01 06:01:10] Context Switch: default -> spp_docs
[2026-05-01 06:01:11] Context Switch: spp_docs -> __sppadmin__
[2026-05-01 06:01:11] Context Switch: __sppadmin__ -> __sppadmin__
[2026-05-01 06:13:13] Context Switch: spp_docs -> spp_docs
[2026-05-01 06:13:13] Context Switch: spp_docs -> spp_docs
[2026-05-01 06:13:14] Context Switch: spp_docs -> default
[2026-05-01 06:13:14] Context Switch: default -> default
[2026-05-01 06:13:15] Context Switch: default -> default
[2026-05-01 06:13:15] Context Switch: default -> spp_docs
[2026-05-01 06:13:18] Context Switch: spp_docs -> spp_docs
[2026-05-01 06:13:18] Context Switch: spp_docs -> spp_docs
[2026-05-01 06:13:22] Context Switch: spp_docs -> default
[2026-05-01 06:13:22] Context Switch: default -> default
[2026-05-01 06:13:24] Context Switch: default -> default
[2026-05-01 06:13:26] Context Switch: default -> spp_docs
[2026-05-01 06:14:09] Context Switch: spp_docs -> spp_docs
[2026-05-01 06:14:09] Context Switch: spp_docs -> spp_docs
[2026-05-01 06:14:11] Context Switch: spp_docs -> default
[2026-05-01 06:14:11] Context Switch: default -> default
[2026-05-01 06:14:12] Context Switch: default -> default
[2026-05-01 06:14:15] Context Switch: default -> spp_docs
[2026-05-01 06:14:16] Context Switch: spp_docs -> __sppadmin__
[2026-05-01 06:14:17] Context Switch: __sppadmin__ -> __sppadmin__
[2026-05-01 06:14:20] Context Switch: __sppadmin__ -> lekhak
[2026-05-01 06:14:20] Context Switch: lekhak -> lekhak
[2026-05-01 06:14:21] Context Switch: lekhak -> lekhak
[2026-05-01 06:14:45] Context Switch: spp_docs -> spp_docs
[2026-05-01 06:14:45] Context Switch: spp_docs -> spp_docs
[2026-05-01 06:14:45] Context Switch: spp_docs -> spp_docs
[2026-05-01 06:14:45] Context Switch: spp_docs -> spp_docs
[2026-05-01 06:14:46] Context Switch: spp_docs -> default
[2026-05-01 06:14:46] Context Switch: spp_docs -> default
[2026-05-01 06:14:46] Context Switch: default -> default
[2026-05-01 06:14:46] Context Switch: default -> default
[2026-05-01 06:14:47] Context Switch: default -> default
[2026-05-01 06:14:47] Context Switch: default -> default
[2026-05-01 06:14:48] Context Switch: default -> spp_docs
[2026-05-01 06:14:48] Context Switch: default -> spp_docs
[2026-05-01 06:14:49] Context Switch: spp_docs -> __sppadmin__
[2026-05-01 06:14:49] Context Switch: spp_docs -> __sppadmin__
[2026-05-01 06:14:49] Context Switch: __sppadmin__ -> __sppadmin__
[2026-05-01 06:14:49] Context Switch: __sppadmin__ -> __sppadmin__
[2026-05-01 06:14:49] Context Switch: __sppadmin__ -> lekhak
[2026-05-01 06:14:49] Context Switch: __sppadmin__ -> lekhak
[2026-05-01 06:14:49] Context Switch: lekhak -> lekhak
[2026-05-01 06:14:49] Context Switch: lekhak -> lekhak
[2026-05-01 06:14:50] Context Switch: lekhak -> lekhak
[2026-05-01 06:14:50] Context Switch: lekhak -> lekhak
[2026-05-01 06:16:03] Context Switch: spp_docs -> spp_docs
[2026-05-01 06:16:03] Context Switch: spp_docs -> spp_docs
[2026-05-01 06:16:03] Context Switch: spp_docs -> spp_docs
[2026-05-01 06:16:03] Context Switch: spp_docs -> spp_docs
[2026-05-01 06:16:04] Context Switch: spp_docs -> spp_docs
[2026-05-01 06:16:04] Context Switch: spp_docs -> default
[2026-05-01 06:16:04] Context Switch: spp_docs -> default
[2026-05-01 06:16:04] Context Switch: spp_docs -> spp_docs
[2026-05-01 06:16:04] Context Switch: default -> default
[2026-05-01 06:16:04] Context Switch: default -> default
[2026-05-01 06:16:04] Context Switch: default -> default
[2026-05-01 06:16:04] Context Switch: default -> default
[2026-05-01 06:16:05] Context Switch: default -> spp_docs
[2026-05-01 06:16:05] Context Switch: default -> spp_docs
[2026-05-01 06:16:07] Context Switch: spp_docs -> default
[2026-05-01 06:16:07] Context Switch: default -> default
[2026-05-01 06:16:08] Context Switch: spp_docs -> __sppadmin__
[2026-05-01 06:16:08] Context Switch: spp_docs -> __sppadmin__
[2026-05-01 06:16:08] Context Switch: __sppadmin__ -> __sppadmin__
[2026-05-01 06:16:08] Context Switch: __sppadmin__ -> __sppadmin__
[2026-05-01 06:16:08] Context Switch: __sppadmin__ -> lekhak
[2026-05-01 06:16:08] Context Switch: __sppadmin__ -> lekhak
[2026-05-01 06:16:08] Context Switch: lekhak -> lekhak
[2026-05-01 06:16:08] Context Switch: lekhak -> lekhak
[2026-05-01 06:16:09] Context Switch: lekhak -> __sppadmin__
[2026-05-01 06:16:09] Context Switch: __sppadmin__ -> lekhak
[2026-05-01 06:16:09] Context Switch: lekhak -> __sppadmin__
[2026-05-01 06:16:10] Context Switch: lekhak -> __sppadmin__
[2026-05-01 06:16:10] Context Switch: __sppadmin__ -> lekhak
[2026-05-01 06:16:10] Context Switch: lekhak -> __sppadmin__
[2026-05-01 06:16:10] Context Switch: default -> default
[2026-05-01 06:16:13] Context Switch: default -> spp_docs
[2026-05-01 06:16:16] Context Switch: spp_docs -> __sppadmin__
[2026-05-01 06:16:17] Context Switch: __sppadmin__ -> __sppadmin__
[2026-05-01 06:16:17] Context Switch: __sppadmin__ -> lekhak
[2026-05-01 06:16:17] Context Switch: lekhak -> lekhak
[2026-05-01 06:16:19] Context Switch: lekhak -> lekhak
[2026-05-01 06:16:22] Context Switch: spp_docs -> spp_docs
[2026-05-01 06:16:22] Context Switch: spp_docs -> spp_docs
[2026-05-01 06:16:23] Context Switch: spp_docs -> spp_docs
[2026-05-01 06:16:23] Context Switch: spp_docs -> spp_docs
[2026-05-01 06:16:24] Context Switch: spp_docs -> default
[2026-05-01 06:16:24] Context Switch: default -> default
[2026-05-01 06:16:24] Context Switch: spp_docs -> default
[2026-05-01 06:16:24] Context Switch: default -> default
[2026-05-01 06:16:25] Context Switch: default -> default
[2026-05-01 06:16:27] Context Switch: default -> default
[2026-05-01 06:16:27] Context Switch: default -> spp_docs
[2026-05-01 06:16:29] Context Switch: default -> spp_docs
[2026-05-01 06:16:30] Context Switch: spp_docs -> spp_docs
[2026-05-01 06:16:30] Context Switch: spp_docs -> spp_docs
[2026-05-01 06:16:32] Context Switch: spp_docs -> default
[2026-05-01 06:16:32] Context Switch: default -> default
[2026-05-01 06:16:32] Context Switch: spp_docs -> __sppadmin__
[2026-05-01 06:16:32] Context Switch: __sppadmin__ -> __sppadmin__
[2026-05-01 06:16:34] Context Switch: default -> default
[2026-05-01 06:16:37] Context Switch: default -> spp_docs
[2026-05-01 06:17:15] Context Switch: spp_docs -> spp_docs
[2026-05-01 06:17:15] Context Switch: spp_docs -> spp_docs
[2026-05-01 06:17:17] Context Switch: spp_docs -> default
[2026-05-01 06:17:18] Context Switch: default -> default
[2026-05-01 06:17:19] Context Switch: default -> default
[2026-05-01 06:17:22] Context Switch: default -> spp_docs
[2026-05-01 06:17:25] Context Switch: spp_docs -> spp_docs
[2026-05-01 06:17:25] Context Switch: spp_docs -> spp_docs
[2026-05-01 06:17:25] Context Switch: spp_docs -> spp_docs
[2026-05-01 06:17:26] Context Switch: spp_docs -> spp_docs
[2026-05-01 06:17:26] Context Switch: spp_docs -> default
[2026-05-01 06:17:26] Context Switch: spp_docs -> default
[2026-05-01 06:17:26] Context Switch: default -> default
[2026-05-01 06:17:26] Context Switch: default -> default
[2026-05-01 06:17:27] Context Switch: default -> default
[2026-05-01 06:17:27] Context Switch: default -> default
[2026-05-01 06:17:28] Context Switch: default -> spp_docs
[2026-05-01 06:17:28] Context Switch: default -> spp_docs
[2026-05-01 06:17:30] Context Switch: spp_docs -> __sppadmin__
[2026-05-01 06:17:30] Context Switch: __sppadmin__ -> __sppadmin__
[2026-05-01 06:17:30] Context Switch: __sppadmin__ -> lekhak
[2026-05-01 06:17:31] Context Switch: lekhak -> lekhak
[2026-05-01 06:17:32] Context Switch: lekhak -> lekhak
[2026-05-01 06:17:33] Context Switch: spp_docs -> spp_docs
[2026-05-01 06:17:33] Context Switch: spp_docs -> spp_docs
[2026-05-01 06:17:33] Context Switch: spp_docs -> spp_docs
[2026-05-01 06:17:33] Context Switch: spp_docs -> spp_docs
[2026-05-01 06:17:33] Context Switch: spp_docs -> spp_docs
[2026-05-01 06:17:33] Context Switch: spp_docs -> spp_docs
[2026-05-01 06:17:34] Context Switch: spp_docs -> default
[2026-05-01 06:17:34] Context Switch: spp_docs -> default
[2026-05-01 06:17:34] Context Switch: default -> default
[2026-05-01 06:17:34] Context Switch: default -> default
[2026-05-01 06:17:35] Context Switch: default -> default
[2026-05-01 06:17:35] Context Switch: default -> default
[2026-05-01 06:17:35] Context Switch: spp_docs -> default
[2026-05-01 06:17:35] Context Switch: default -> default
[2026-05-01 06:17:36] Context Switch: default -> spp_docs
[2026-05-01 06:17:36] Context Switch: default -> spp_docs
[2026-05-01 06:17:37] Context Switch: default -> default
[2026-05-01 06:17:38] Context Switch: spp_docs -> __sppadmin__
[2026-05-01 06:17:38] Context Switch: spp_docs -> __sppadmin__
[2026-05-01 06:17:38] Context Switch: __sppadmin__ -> __sppadmin__
[2026-05-01 06:17:38] Context Switch: __sppadmin__ -> __sppadmin__
[2026-05-01 06:17:38] Context Switch: __sppadmin__ -> lekhak
[2026-05-01 06:17:38] Context Switch: __sppadmin__ -> lekhak
[2026-05-01 06:17:38] Context Switch: lekhak -> lekhak
[2026-05-01 06:17:38] Context Switch: lekhak -> lekhak
[2026-05-01 06:17:39] Context Switch: lekhak -> __sppadmin__
[2026-05-01 06:17:39] Context Switch: __sppadmin__ -> lekhak
[2026-05-01 06:17:39] Context Switch: lekhak -> __sppadmin__
[2026-05-01 06:17:40] Context Switch: default -> spp_docs
[2026-05-01 06:17:40] Context Switch: lekhak -> __sppadmin__
[2026-05-01 06:17:41] Context Switch: __sppadmin__ -> lekhak
[2026-05-01 06:17:41] Context Switch: lekhak -> __sppadmin__
[2026-05-01 06:17:42] Context Switch: spp_docs -> __sppadmin__
[2026-05-01 06:17:42] Context Switch: __sppadmin__ -> __sppadmin__
[2026-05-01 06:17:43] Context Switch: __sppadmin__ -> lekhak
[2026-05-01 06:17:43] Context Switch: lekhak -> lekhak
[2026-05-01 06:17:44] Context Switch: lekhak -> lekhak
[2026-05-01 06:17:46] Context Switch: spp_docs -> spp_docs
[2026-05-01 06:17:46] Context Switch: spp_docs -> spp_docs
[2026-05-01 06:17:48] Context Switch: spp_docs -> default
[2026-05-01 06:17:48] Context Switch: default -> default
[2026-05-01 06:17:49] Context Switch: default -> default
[2026-05-01 06:17:51] Context Switch: default -> spp_docs
[2026-05-01 06:17:53] Context Switch: spp_docs -> __sppadmin__
[2026-05-01 06:17:53] Context Switch: __sppadmin__ -> __sppadmin__
[2026-05-01 06:18:01] Context Switch: spp_docs -> spp_docs
[2026-05-01 06:18:02] Context Switch: spp_docs -> spp_docs
[2026-05-01 06:18:05] Context Switch: spp_docs -> default
[2026-05-01 06:18:05] Context Switch: default -> default
[2026-05-01 06:18:08] Context Switch: default -> default
[2026-05-01 06:18:11] Context Switch: default -> spp_docs
[2026-05-01 06:18:14] Context Switch: spp_docs -> __sppadmin__
[2026-05-01 06:18:14] Context Switch: __sppadmin__ -> __sppadmin__
[2026-05-01 06:18:18] Context Switch: __sppadmin__ -> lekhak
[2026-05-01 06:18:18] Context Switch: lekhak -> lekhak
[2026-05-01 06:18:21] Context Switch: lekhak -> lekhak
[2026-05-01 06:18:38] Context Switch: spp_docs -> spp_docs
[2026-05-01 06:18:38] Context Switch: spp_docs -> spp_docs
[2026-05-01 06:18:38] Context Switch: spp_docs -> spp_docs
[2026-05-01 06:18:38] Context Switch: spp_docs -> spp_docs
[2026-05-01 06:18:38] Context Switch: spp_docs -> default
[2026-05-01 06:18:38] Context Switch: spp_docs -> default
[2026-05-01 06:18:38] Context Switch: default -> default
[2026-05-01 06:18:38] Context Switch: default -> default
[2026-05-01 06:18:39] Context Switch: default -> default
[2026-05-01 06:18:39] Context Switch: default -> default
[2026-05-01 06:18:40] Context Switch: default -> spp_docs
[2026-05-01 06:18:40] Context Switch: default -> spp_docs
[2026-05-01 06:18:41] Context Switch: spp_docs -> __sppadmin__
[2026-05-01 06:18:41] Context Switch: spp_docs -> __sppadmin__
[2026-05-01 06:18:41] Context Switch: __sppadmin__ -> __sppadmin__
[2026-05-01 06:18:41] Context Switch: __sppadmin__ -> __sppadmin__
[2026-05-01 06:18:41] Context Switch: __sppadmin__ -> lekhak
[2026-05-01 06:18:41] Context Switch: __sppadmin__ -> lekhak
[2026-05-01 06:18:41] Context Switch: lekhak -> lekhak
[2026-05-01 06:18:41] Context Switch: lekhak -> lekhak
[2026-05-01 06:18:42] Context Switch: lekhak -> lekhak
[2026-05-01 06:18:42] Context Switch: lekhak -> lekhak
[2026-05-01 06:21:41] Context Switch: spp_docs -> spp_docs
[2026-05-01 06:21:42] Context Switch: spp_docs -> spp_docs
[2026-05-01 06:21:47] Context Switch: spp_docs -> default
[2026-05-01 06:21:47] Context Switch: default -> default
[2026-05-01 06:21:51] Context Switch: default -> default
[2026-05-01 06:21:56] Context Switch: default -> spp_docs
[2026-05-01 06:22:01] Context Switch: spp_docs -> spp_docs
[2026-05-01 06:22:01] Context Switch: spp_docs -> spp_docs
[2026-05-01 06:22:01] Context Switch: spp_docs -> spp_docs
[2026-05-01 06:22:01] Context Switch: spp_docs -> spp_docs
[2026-05-01 06:22:03] Context Switch: spp_docs -> default
[2026-05-01 06:22:04] Context Switch: default -> default
[2026-05-01 06:22:05] Context Switch: spp_docs -> default
[2026-05-01 06:22:05] Context Switch: default -> default
[2026-05-01 06:22:05] Context Switch: default -> default
[2026-05-01 06:22:08] Context Switch: default -> spp_docs
[2026-05-01 06:22:09] Context Switch: default -> default
[2026-05-01 06:22:11] Context Switch: spp_docs -> __sppadmin__
[2026-05-01 06:22:11] Context Switch: __sppadmin__ -> __sppadmin__
[2026-05-01 06:22:12] Context Switch: __sppadmin__ -> lekhak
[2026-05-01 06:22:12] Context Switch: lekhak -> lekhak
[2026-05-01 06:22:13] Context Switch: default -> spp_docs
[2026-05-01 06:22:13] Context Switch: lekhak -> lekhak
[2026-05-01 06:22:16] Context Switch: spp_docs -> spp_docs
[2026-05-01 06:22:16] Context Switch: spp_docs -> spp_docs
[2026-05-01 06:22:16] Context Switch: spp_docs -> spp_docs
[2026-05-01 06:22:16] Context Switch: spp_docs -> spp_docs
[2026-05-01 06:22:16] Context Switch: spp_docs -> spp_docs
[2026-05-01 06:22:16] Context Switch: spp_docs -> spp_docs
[2026-05-01 06:22:18] Context Switch: spp_docs -> default
[2026-05-01 06:22:18] Context Switch: spp_docs -> default
[2026-05-01 06:22:18] Context Switch: default -> default
[2026-05-01 06:22:18] Context Switch: default -> default
[2026-05-01 06:22:18] Context Switch: spp_docs -> default
[2026-05-01 06:22:18] Context Switch: default -> default
[2026-05-01 06:22:19] Context Switch: default -> default
[2026-05-01 06:22:19] Context Switch: default -> default
[2026-05-01 06:22:20] Context Switch: default -> default
[2026-05-01 06:22:20] Context Switch: default -> spp_docs
[2026-05-01 06:22:20] Context Switch: default -> spp_docs
[2026-05-01 06:22:23] Context Switch: spp_docs -> __sppadmin__
[2026-05-01 06:22:23] Context Switch: spp_docs -> __sppadmin__
[2026-05-01 06:22:23] Context Switch: __sppadmin__ -> __sppadmin__
[2026-05-01 06:22:23] Context Switch: __sppadmin__ -> lekhak
[2026-05-01 06:22:23] Context Switch: __sppadmin__ -> __sppadmin__
[2026-05-01 06:22:23] Context Switch: __sppadmin__ -> lekhak
[2026-05-01 06:22:23] Context Switch: lekhak -> lekhak
[2026-05-01 06:22:23] Context Switch: lekhak -> lekhak
[2026-05-01 06:22:24] Context Switch: default -> spp_docs
[2026-05-01 06:22:24] Context Switch: lekhak -> __sppadmin__
[2026-05-01 06:22:25] Context Switch: lekhak -> __sppadmin__
[2026-05-01 06:22:25] Context Switch: __sppadmin__ -> lekhak
[2026-05-01 06:22:27] Context Switch: lekhak -> __sppadmin__
[2026-05-01 06:22:27] Context Switch: __sppadmin__ -> lekhak
[2026-05-01 06:22:27] Context Switch: lekhak -> __sppadmin__
[2026-05-01 06:22:27] Context Switch: spp_docs -> __sppadmin__
[2026-05-01 06:22:28] Context Switch: __sppadmin__ -> __sppadmin__
[2026-05-01 06:22:28] Context Switch: __sppadmin__ -> lekhak
[2026-05-01 06:22:28] Context Switch: lekhak -> lekhak
[2026-05-01 06:22:30] Context Switch: lekhak -> lekhak
[2026-05-01 06:22:32] Context Switch: spp_docs -> spp_docs
[2026-05-01 06:22:32] Context Switch: spp_docs -> spp_docs
[2026-05-01 06:22:35] Context Switch: spp_docs -> default
[2026-05-01 06:22:35] Context Switch: default -> default
[2026-05-01 06:22:37] Context Switch: default -> default
[2026-05-01 06:22:39] Context Switch: default -> spp_docs
[2026-05-01 06:22:42] Context Switch: spp_docs -> __sppadmin__
[2026-05-01 06:22:42] Context Switch: __sppadmin__ -> __sppadmin__
[2026-05-01 06:23:09] Context Switch: spp_docs -> spp_docs
[2026-05-01 06:23:09] Context Switch: spp_docs -> spp_docs
[2026-05-01 06:23:12] Context Switch: spp_docs -> default
[2026-05-01 06:23:12] Context Switch: default -> default
[2026-05-01 06:23:13] Context Switch: default -> default
[2026-05-01 06:23:16] Context Switch: default -> spp_docs
[2026-05-01 06:23:18] Context Switch: spp_docs -> __sppadmin__
[2026-05-01 06:23:18] Context Switch: __sppadmin__ -> __sppadmin__
[2026-05-01 06:23:22] Context Switch: __sppadmin__ -> lekhak
[2026-05-01 06:23:22] Context Switch: lekhak -> lekhak
[2026-05-01 06:23:23] Context Switch: lekhak -> lekhak
[2026-05-01 06:23:41] Context Switch: spp_docs -> spp_docs
[2026-05-01 06:23:41] Context Switch: spp_docs -> spp_docs
[2026-05-01 06:23:41] Context Switch: spp_docs -> spp_docs
[2026-05-01 06:23:41] Context Switch: spp_docs -> spp_docs
[2026-05-01 06:23:42] Context Switch: spp_docs -> default
[2026-05-01 06:23:42] Context Switch: spp_docs -> default
[2026-05-01 06:23:42] Context Switch: default -> default
[2026-05-01 06:23:42] Context Switch: default -> default
[2026-05-01 06:23:42] Context Switch: default -> default
[2026-05-01 06:23:42] Context Switch: default -> default
[2026-05-01 06:23:44] Context Switch: default -> spp_docs
[2026-05-01 06:23:44] Context Switch: default -> spp_docs
[2026-05-01 06:23:46] Context Switch: spp_docs -> __sppadmin__
[2026-05-01 06:23:46] Context Switch: spp_docs -> __sppadmin__
[2026-05-01 06:23:46] Context Switch: __sppadmin__ -> __sppadmin__
[2026-05-01 06:23:46] Context Switch: __sppadmin__ -> __sppadmin__
[2026-05-01 06:23:46] Context Switch: __sppadmin__ -> lekhak
[2026-05-01 06:23:46] Context Switch: __sppadmin__ -> lekhak
[2026-05-01 06:23:46] Context Switch: lekhak -> lekhak
[2026-05-01 06:23:46] Context Switch: lekhak -> lekhak
[2026-05-01 06:23:47] Context Switch: lekhak -> lekhak
[2026-05-01 06:23:47] Context Switch: lekhak -> lekhak
[2026-05-01 06:31:36] Context Switch: sppadmin -> sppadmin
[2026-05-01 06:31:36] Context Switch: sppadmin -> sppadmin
[2026-05-01 06:31:43] Context Switch: sppadmin -> default
[2026-05-01 06:31:43] Context Switch: default -> default
[2026-05-01 06:31:48] Context Switch: default -> default
[2026-05-01 06:31:51] Context Switch: default -> sppadmin
[2026-05-01 06:31:54] Context Switch: default -> default
[2026-05-01 06:31:54] Context Switch: default -> default
[2026-05-01 06:31:54] Context Switch: default -> default
[2026-05-01 06:31:55] Context Switch: default -> default
[2026-05-01 06:31:56] Context Switch: default -> default
[2026-05-01 06:31:57] Context Switch: default -> default
[2026-05-01 06:31:59] Context Switch: sppadmin -> sppadmin
[2026-05-01 06:31:59] Context Switch: sppadmin -> sppadmin
[2026-05-01 06:32:02] Context Switch: sppadmin -> default
[2026-05-01 06:32:02] Context Switch: default -> default
[2026-05-01 06:32:04] Context Switch: default -> default
[2026-05-01 06:32:06] Context Switch: default -> sppadmin
[2026-05-01 06:32:15] Context Switch: sppadmin -> sppadmin
[2026-05-01 06:32:15] Context Switch: sppadmin -> sppadmin
[2026-05-01 06:32:17] Context Switch: sppadmin -> default
[2026-05-01 06:32:17] Context Switch: default -> default
[2026-05-01 06:32:17] Context Switch: default -> default
[2026-05-01 06:32:19] Context Switch: default -> sppadmin
[2026-05-01 06:32:20] Context Switch: sppadmin -> sppadmin
[2026-05-01 06:32:20] Context Switch: sppadmin -> sppadmin
[2026-05-01 06:32:20] Context Switch: sppadmin -> sppadmin
[2026-05-01 06:32:20] Context Switch: sppadmin -> sppadmin
[2026-05-01 06:32:20] Context Switch: sppadmin -> default
[2026-05-01 06:32:20] Context Switch: sppadmin -> default
[2026-05-01 06:32:20] Context Switch: default -> default
[2026-05-01 06:32:20] Context Switch: default -> default
[2026-05-01 06:32:20] Context Switch: default -> default
[2026-05-01 06:32:20] Context Switch: default -> default
[2026-05-01 06:32:21] Context Switch: default -> sppadmin
[2026-05-01 06:32:21] Context Switch: default -> sppadmin
[2026-05-01 06:32:21] Context Switch: sppadmin -> __sppadmin__
[2026-05-01 06:32:21] Context Switch: __sppadmin__ -> __sppadmin__
[2026-05-01 06:32:21] Context Switch: __sppadmin__ -> lekhak
[2026-05-01 06:32:21] Context Switch: lekhak -> lekhak
[2026-05-01 06:32:22] Context Switch: lekhak -> lekhak
[2026-05-01 06:32:22] Context Switch: sppadmin -> sppadmin
[2026-05-01 06:32:22] Context Switch: sppadmin -> sppadmin
[2026-05-01 06:32:22] Context Switch: sppadmin -> sppadmin
[2026-05-01 06:32:22] Context Switch: sppadmin -> sppadmin
[2026-05-01 06:32:22] Context Switch: sppadmin -> sppadmin
[2026-05-01 06:32:22] Context Switch: sppadmin -> sppadmin
[2026-05-01 06:32:22] Context Switch: sppadmin -> default
[2026-05-01 06:32:22] Context Switch: sppadmin -> default
[2026-05-01 06:32:22] Context Switch: default -> default
[2026-05-01 06:32:22] Context Switch: default -> default
[2026-05-01 06:32:23] Context Switch: default -> default
[2026-05-01 06:32:23] Context Switch: default -> default
[2026-05-01 06:32:23] Context Switch: sppadmin -> default
[2026-05-01 06:32:23] Context Switch: default -> default
[2026-05-01 06:32:23] Context Switch: default -> sppadmin
[2026-05-01 06:32:23] Context Switch: default -> sppadmin
[2026-05-01 06:32:24] Context Switch: default -> default
[2026-05-01 06:32:24] Context Switch: sppadmin -> __sppadmin__
[2026-05-01 06:32:24] Context Switch: sppadmin -> __sppadmin__
[2026-05-01 06:32:24] Context Switch: __sppadmin__ -> __sppadmin__
[2026-05-01 06:32:24] Context Switch: __sppadmin__ -> __sppadmin__
[2026-05-01 06:32:24] Context Switch: __sppadmin__ -> lekhak
[2026-05-01 06:32:24] Context Switch: __sppadmin__ -> lekhak
[2026-05-01 06:32:24] Context Switch: lekhak -> lekhak
[2026-05-01 06:32:24] Context Switch: lekhak -> lekhak
[2026-05-01 06:32:24] Context Switch: lekhak -> __sppadmin__
[2026-05-01 06:32:24] Context Switch: __sppadmin__ -> lekhak
[2026-05-01 06:32:24] Context Switch: lekhak -> __sppadmin__
[2026-05-01 06:32:24] Context Switch: lekhak -> __sppadmin__
[2026-05-01 06:32:25] Context Switch: __sppadmin__ -> lekhak
[2026-05-01 06:32:25] Context Switch: lekhak -> __sppadmin__
[2026-05-01 06:32:25] Context Switch: default -> sppadmin
[2026-05-01 06:32:25] Context Switch: sppadmin -> __sppadmin__
[2026-05-01 06:32:25] Context Switch: __sppadmin__ -> __sppadmin__
[2026-05-01 06:32:26] Context Switch: __sppadmin__ -> lekhak
[2026-05-01 06:32:26] Context Switch: lekhak -> lekhak
[2026-05-01 06:32:27] Context Switch: lekhak -> lekhak
[2026-05-01 06:32:27] Context Switch: sppadmin -> sppadmin
[2026-05-01 06:32:27] Context Switch: sppadmin -> sppadmin
[2026-05-01 06:32:29] Context Switch: sppadmin -> default
[2026-05-01 06:32:29] Context Switch: default -> default
[2026-05-01 06:32:30] Context Switch: default -> default
[2026-05-01 06:32:31] Context Switch: default -> sppadmin
[2026-05-01 06:32:32] Context Switch: sppadmin -> __sppadmin__
[2026-05-01 06:32:32] Context Switch: __sppadmin__ -> __sppadmin__
[2026-05-01 06:35:02] Context Switch: sppadmin -> sppadmin
[2026-05-01 06:35:02] Context Switch: sppadmin -> sppadmin
[2026-05-01 06:35:03] Context Switch: sppadmin -> default
[2026-05-01 06:35:03] Context Switch: default -> default
[2026-05-01 06:35:04] Context Switch: default -> default
[2026-05-01 06:35:06] Context Switch: default -> sppadmin
[2026-05-01 06:35:07] Context Switch: sppadmin -> __sppadmin__
[2026-05-01 06:35:07] Context Switch: __sppadmin__ -> __sppadmin__
[2026-05-01 06:35:07] Context Switch: __sppadmin__ -> lekhak
[2026-05-01 06:35:07] Context Switch: lekhak -> lekhak
[2026-05-01 06:35:09] Context Switch: lekhak -> __sppadmin__
[2026-05-01 06:35:15] Context Switch: sppadmin -> sppadmin
[2026-05-01 06:35:15] Context Switch: sppadmin -> sppadmin
[2026-05-01 06:35:17] Context Switch: sppadmin -> default
[2026-05-01 06:35:17] Context Switch: default -> default
[2026-05-01 06:35:18] Context Switch: default -> default
[2026-05-01 06:35:20] Context Switch: default -> sppadmin
[2026-05-01 06:35:21] Context Switch: sppadmin -> __sppadmin__
[2026-05-01 06:35:21] Context Switch: __sppadmin__ -> __sppadmin__
[2026-05-01 06:35:21] Context Switch: __sppadmin__ -> lekhak
[2026-05-01 06:35:22] Context Switch: lekhak -> lekhak
[2026-05-01 06:35:23] Context Switch: lekhak -> __sppadmin__
[2026-05-01 06:35:30] Context Switch: sppadmin -> sppadmin
[2026-05-01 06:35:30] Context Switch: sppadmin -> sppadmin
[2026-05-01 06:35:33] Context Switch: sppadmin -> default
[2026-05-01 06:35:33] Context Switch: default -> default
[2026-05-01 06:35:34] Context Switch: default -> default
[2026-05-01 06:35:37] Context Switch: default -> sppadmin
[2026-05-01 06:35:39] Context Switch: default -> default
[2026-05-01 06:35:39] Context Switch: default -> default
[2026-05-01 06:35:39] Context Switch: default -> default
[2026-05-01 06:35:39] Context Switch: default -> default
[2026-05-01 06:35:40] Context Switch: default -> default
[2026-05-01 06:35:41] Context Switch: default -> default
[2026-05-01 06:35:43] Context Switch: sppadmin -> sppadmin
[2026-05-01 06:35:43] Context Switch: sppadmin -> sppadmin
[2026-05-01 06:35:46] Context Switch: sppadmin -> default
[2026-05-01 06:35:46] Context Switch: default -> default
[2026-05-01 06:35:48] Context Switch: default -> default
[2026-05-01 06:35:49] Context Switch: default -> sppadmin
[2026-05-01 06:35:59] Context Switch: sppadmin -> sppadmin
[2026-05-01 06:35:59] Context Switch: sppadmin -> sppadmin
[2026-05-01 06:35:59] Context Switch: sppadmin -> default
[2026-05-01 06:35:59] Context Switch: default -> default
[2026-05-01 06:36:00] Context Switch: default -> default
[2026-05-01 06:36:00] Context Switch: default -> sppadmin
[2026-05-01 06:36:01] Context Switch: sppadmin -> sppadmin
[2026-05-01 06:36:01] Context Switch: sppadmin -> sppadmin
[2026-05-01 06:36:01] Context Switch: sppadmin -> sppadmin
[2026-05-01 06:36:01] Context Switch: sppadmin -> sppadmin
[2026-05-01 06:36:02] Context Switch: sppadmin -> default
[2026-05-01 06:36:02] Context Switch: sppadmin -> default
[2026-05-01 06:36:02] Context Switch: default -> default
[2026-05-01 06:36:02] Context Switch: default -> default
[2026-05-01 06:36:02] Context Switch: default -> default
[2026-05-01 06:36:02] Context Switch: default -> default
[2026-05-01 06:36:02] Context Switch: default -> sppadmin
[2026-05-01 06:36:02] Context Switch: default -> sppadmin
[2026-05-01 06:36:02] Context Switch: sppadmin -> __sppadmin__
[2026-05-01 06:36:02] Context Switch: __sppadmin__ -> __sppadmin__
[2026-05-01 06:36:02] Context Switch: __sppadmin__ -> lekhak
[2026-05-01 06:36:02] Context Switch: lekhak -> lekhak
[2026-05-01 06:36:03] Context Switch: lekhak -> lekhak
[2026-05-01 06:36:03] Context Switch: sppadmin -> sppadmin
[2026-05-01 06:36:03] Context Switch: sppadmin -> sppadmin
[2026-05-01 06:36:03] Context Switch: sppadmin -> sppadmin
[2026-05-01 06:36:03] Context Switch: sppadmin -> sppadmin
[2026-05-01 06:36:03] Context Switch: sppadmin -> sppadmin
[2026-05-01 06:36:03] Context Switch: sppadmin -> sppadmin
[2026-05-01 06:36:03] Context Switch: sppadmin -> default
[2026-05-01 06:36:03] Context Switch: sppadmin -> default
[2026-05-01 06:36:03] Context Switch: sppadmin -> default
[2026-05-01 06:36:03] Context Switch: default -> default
[2026-05-01 06:36:03] Context Switch: default -> default
[2026-05-01 06:36:03] Context Switch: default -> default
[2026-05-01 06:36:03] Context Switch: default -> default
[2026-05-01 06:36:03] Context Switch: default -> default
[2026-05-01 06:36:03] Context Switch: default -> default
[2026-05-01 06:36:04] Context Switch: default -> sppadmin
[2026-05-01 06:36:04] Context Switch: default -> sppadmin
[2026-05-01 06:36:04] Context Switch: default -> sppadmin
[2026-05-01 06:36:04] Context Switch: sppadmin -> __sppadmin__
[2026-05-01 06:36:04] Context Switch: sppadmin -> __sppadmin__
[2026-05-01 06:36:04] Context Switch: __sppadmin__ -> __sppadmin__
[2026-05-01 06:36:04] Context Switch: __sppadmin__ -> __sppadmin__
[2026-05-01 06:36:04] Context Switch: __sppadmin__ -> lekhak
[2026-05-01 06:36:04] Context Switch: __sppadmin__ -> lekhak
[2026-05-01 06:36:04] Context Switch: lekhak -> lekhak
[2026-05-01 06:36:04] Context Switch: lekhak -> lekhak
[2026-05-01 06:36:04] Context Switch: lekhak -> __sppadmin__
[2026-05-01 06:36:04] Context Switch: __sppadmin__ -> lekhak
[2026-05-01 06:36:04] Context Switch: lekhak -> __sppadmin__
[2026-05-01 06:36:05] Context Switch: sppadmin -> __sppadmin__
[2026-05-01 06:36:05] Context Switch: __sppadmin__ -> __sppadmin__
[2026-05-01 06:36:05] Context Switch: __sppadmin__ -> lekhak
[2026-05-01 06:36:05] Context Switch: lekhak -> lekhak
[2026-05-01 06:36:05] Context Switch: lekhak -> __sppadmin__
[2026-05-01 06:36:05] Context Switch: __sppadmin__ -> lekhak
[2026-05-01 06:36:05] Context Switch: lekhak -> __sppadmin__
[2026-05-01 06:36:05] Context Switch: lekhak -> lekhak
[2026-05-01 06:36:06] Context Switch: sppadmin -> sppadmin
[2026-05-01 06:36:06] Context Switch: sppadmin -> sppadmin
[2026-05-01 06:36:07] Context Switch: sppadmin -> default
[2026-05-01 06:36:07] Context Switch: default -> default
[2026-05-01 06:36:08] Context Switch: default -> default
[2026-05-01 06:36:09] Context Switch: default -> sppadmin
[2026-05-01 06:36:10] Context Switch: sppadmin -> __sppadmin__
[2026-05-01 06:36:10] Context Switch: __sppadmin__ -> __sppadmin__
[2026-05-01 06:39:15] Context Switch: sppadmin -> sppadmin
[2026-05-01 06:39:16] Context Switch: sppadmin -> sppadmin
[2026-05-01 06:39:18] Context Switch: sppadmin -> default
[2026-05-01 06:39:18] Context Switch: default -> default
[2026-05-01 06:39:19] Context Switch: default -> default
[2026-05-01 06:39:20] Context Switch: default -> sppadmin
[2026-05-01 06:39:21] Context Switch: sppadmin -> __sppadmin__
[2026-05-01 06:39:22] Context Switch: __sppadmin__ -> __sppadmin__
[2026-05-01 06:39:22] Context Switch: __sppadmin__ -> lekhak
[2026-05-01 06:39:22] Context Switch: lekhak -> lekhak
[2026-05-01 06:39:23] Context Switch: lekhak -> __sppadmin__
[2026-05-01 08:41:52] Context Switch: default -> default
[2026-05-01 08:41:52] Context Switch: default -> default
[2026-05-01 08:41:52] Context Switch: default -> default
[2026-05-01 08:42:12] Context Switch: default -> default
[2026-05-01 08:42:12] Context Switch: default -> default
[2026-05-01 08:42:13] Context Switch: default -> default
[2026-05-01 08:42:16] Context Switch: default -> lekhak
[2026-05-01 08:42:16] Context Switch: lekhak -> lekhak
[2026-05-01 08:43:50] Context Switch: default -> default
[2026-05-01 08:43:50] Context Switch: default -> default
[2026-05-01 08:43:50] Context Switch: default -> default
[2026-05-01 08:44:38] Context Switch: default -> default
[2026-05-01 08:44:38] Context Switch: default -> default
[2026-05-01 08:44:38] Context Switch: default -> default
[2026-05-01 08:44:41] Context Switch: default -> lekhak
[2026-05-01 08:44:41] Context Switch: lekhak -> lekhak
[2026-05-01 08:44:58] Context Switch: default -> default
[2026-05-01 08:44:58] Context Switch: default -> default
[2026-05-01 08:44:58] Context Switch: default -> default
[2026-05-01 08:45:01] Context Switch: default -> lekhak
[2026-05-01 08:45:01] Context Switch: lekhak -> lekhak
[2026-05-01 07:29:14] Context Switch: sppadmin -> sppadmin
[2026-05-01 07:29:14] Context Switch: sppadmin -> sppadmin
[2026-05-01 07:29:18] Context Switch: sppadmin -> default
[2026-05-01 07:29:18] Context Switch: default -> default
[2026-05-01 07:29:21] Context Switch: default -> default
[2026-05-01 07:29:24] Context Switch: default -> sppadmin
[2026-05-01 07:29:35] Context Switch: sppadmin -> sppadmin
[2026-05-01 07:29:35] Context Switch: sppadmin -> sppadmin
[2026-05-01 07:29:36] Context Switch: sppadmin -> default
[2026-05-01 07:29:36] Context Switch: default -> default
[2026-05-01 07:29:36] Context Switch: default -> default
[2026-05-01 07:29:37] Context Switch: default -> sppadmin
[2026-05-01 07:29:38] Context Switch: default -> default
[2026-05-01 07:29:38] Context Switch: default -> default
[2026-05-01 07:29:38] Context Switch: default -> default
[2026-05-01 07:29:38] Context Switch: default -> default
[2026-05-01 07:29:38] Context Switch: default -> default
[2026-05-01 07:29:38] Context Switch: default -> default
[2026-05-01 07:29:39] Context Switch: sppadmin -> sppadmin
[2026-05-01 07:29:39] Context Switch: sppadmin -> sppadmin
[2026-05-01 07:29:39] Context Switch: sppadmin -> default
[2026-05-01 07:29:39] Context Switch: default -> default
[2026-05-01 07:29:40] Context Switch: default -> default
[2026-05-01 07:29:40] Context Switch: default -> sppadmin
[2026-05-01 07:29:50] Context Switch: sppadmin -> sppadmin
[2026-05-01 07:29:50] Context Switch: sppadmin -> sppadmin
[2026-05-01 07:29:51] Context Switch: sppadmin -> default
[2026-05-01 07:29:51] Context Switch: default -> default
[2026-05-01 07:29:51] Context Switch: default -> default
[2026-05-01 07:29:52] Context Switch: default -> sppadmin
[2026-05-01 07:29:52] Context Switch: sppadmin -> sppadmin
[2026-05-01 07:29:52] Context Switch: sppadmin -> sppadmin
[2026-05-01 07:29:52] Context Switch: sppadmin -> sppadmin
[2026-05-01 07:29:52] Context Switch: sppadmin -> sppadmin
[2026-05-01 07:29:53] Context Switch: sppadmin -> default
[2026-05-01 07:29:53] Context Switch: default -> default
[2026-05-01 07:29:53] Context Switch: sppadmin -> default
[2026-05-01 07:29:53] Context Switch: default -> default
[2026-05-01 07:29:53] Context Switch: default -> default
[2026-05-01 07:29:53] Context Switch: default -> default
[2026-05-01 07:29:53] Context Switch: default -> sppadmin
[2026-05-01 07:29:53] Context Switch: default -> sppadmin
[2026-05-01 07:29:54] Context Switch: sppadmin -> __sppadmin__
[2026-05-01 07:29:54] Context Switch: __sppadmin__ -> __sppadmin__
[2026-05-01 07:29:54] Context Switch: __sppadmin__ -> lekhak
[2026-05-01 07:29:54] Context Switch: lekhak -> lekhak
[2026-05-01 07:29:54] Context Switch: lekhak -> lekhak
[2026-05-01 07:29:55] Context Switch: sppadmin -> sppadmin
[2026-05-01 07:29:55] Context Switch: sppadmin -> sppadmin
[2026-05-01 07:29:55] Context Switch: sppadmin -> sppadmin
[2026-05-01 07:29:55] Context Switch: sppadmin -> sppadmin
[2026-05-01 07:29:55] Context Switch: sppadmin -> sppadmin
[2026-05-01 07:29:55] Context Switch: sppadmin -> sppadmin
[2026-05-01 07:29:55] Context Switch: sppadmin -> default
[2026-05-01 07:29:55] Context Switch: sppadmin -> default
[2026-05-01 07:29:55] Context Switch: default -> default
[2026-05-01 07:29:55] Context Switch: default -> default
[2026-05-01 07:29:55] Context Switch: default -> default
[2026-05-01 07:29:55] Context Switch: default -> default
[2026-05-01 07:29:55] Context Switch: default -> sppadmin
[2026-05-01 07:29:55] Context Switch: default -> sppadmin
[2026-05-01 07:29:56] Context Switch: sppadmin -> __sppadmin__
[2026-05-01 07:29:56] Context Switch: sppadmin -> __sppadmin__
[2026-05-01 07:29:56] Context Switch: __sppadmin__ -> __sppadmin__
[2026-05-01 07:29:56] Context Switch: __sppadmin__ -> __sppadmin__
[2026-05-01 07:29:56] Context Switch: __sppadmin__ -> lekhak
[2026-05-01 07:29:56] Context Switch: __sppadmin__ -> lekhak
[2026-05-01 07:29:56] Context Switch: lekhak -> lekhak
[2026-05-01 07:29:56] Context Switch: lekhak -> lekhak
[2026-05-01 07:29:56] Context Switch: lekhak -> __sppadmin__
[2026-05-01 07:29:56] Context Switch: __sppadmin__ -> lekhak
[2026-05-01 07:29:56] Context Switch: lekhak -> __sppadmin__
[2026-05-01 07:29:56] Context Switch: sppadmin -> default
[2026-05-01 07:29:56] Context Switch: default -> default
[2026-05-01 07:29:56] Context Switch: lekhak -> __sppadmin__
[2026-05-01 07:29:56] Context Switch: __sppadmin__ -> lekhak
[2026-05-01 07:29:56] Context Switch: lekhak -> __sppadmin__
[2026-05-01 07:29:57] Context Switch: default -> default
[2026-05-01 07:29:58] Context Switch: default -> sppadmin
[2026-05-01 07:29:58] Context Switch: sppadmin -> __sppadmin__
[2026-05-01 07:29:58] Context Switch: __sppadmin__ -> __sppadmin__
[2026-05-01 07:29:58] Context Switch: __sppadmin__ -> lekhak
[2026-05-01 07:29:58] Context Switch: lekhak -> lekhak
[2026-05-01 07:29:59] Context Switch: lekhak -> lekhak
[2026-05-01 07:29:59] Context Switch: sppadmin -> sppadmin
[2026-05-01 07:29:59] Context Switch: sppadmin -> sppadmin
[2026-05-01 07:30:02] Context Switch: sppadmin -> default
[2026-05-01 07:30:02] Context Switch: default -> default
[2026-05-01 07:30:03] Context Switch: default -> default
[2026-05-01 07:30:04] Context Switch: default -> sppadmin
[2026-05-01 07:30:05] Context Switch: sppadmin -> __sppadmin__
[2026-05-01 07:30:05] Context Switch: __sppadmin__ -> __sppadmin__
[2026-05-01 07:30:10] Context Switch: sppadmin -> sppadmin
[2026-05-01 07:30:10] Context Switch: sppadmin -> sppadmin
[2026-05-01 07:30:15] Context Switch: sppadmin -> default
[2026-05-01 07:30:15] Context Switch: default -> default
[2026-05-01 07:30:17] Context Switch: default -> default
[2026-05-01 07:30:20] Context Switch: default -> sppadmin
[2026-05-01 07:30:21] Context Switch: sppadmin -> __sppadmin__
[2026-05-01 07:30:22] Context Switch: __sppadmin__ -> __sppadmin__
[2026-05-01 07:30:22] Context Switch: __sppadmin__ -> lekhak
[2026-05-01 07:30:22] Context Switch: lekhak -> lekhak
[2026-05-01 07:30:26] Context Switch: lekhak -> __sppadmin__
[2026-05-01 07:30:33] Context Switch: sppadmin -> sppadmin
[2026-05-01 07:30:33] Context Switch: sppadmin -> sppadmin
[2026-05-01 07:30:36] Context Switch: sppadmin -> default
[2026-05-01 07:30:36] Context Switch: default -> default
[2026-05-01 07:30:37] Context Switch: default -> default
[2026-05-01 07:30:39] Context Switch: default -> sppadmin
[2026-05-01 07:30:40] Context Switch: sppadmin -> __sppadmin__
[2026-05-01 07:30:41] Context Switch: __sppadmin__ -> __sppadmin__
[2026-05-01 07:30:41] Context Switch: __sppadmin__ -> lekhak
[2026-05-01 07:30:41] Context Switch: lekhak -> lekhak
[2026-05-01 07:30:44] Context Switch: lekhak -> __sppadmin__
[2026-05-01 07:30:53] Context Switch: sppadmin -> sppadmin
[2026-05-01 07:30:53] Context Switch: sppadmin -> sppadmin
[2026-05-01 07:30:59] Context Switch: sppadmin -> default
[2026-05-01 07:30:59] Context Switch: default -> default
[2026-05-01 07:31:02] Context Switch: default -> default
[2026-05-01 07:31:04] Context Switch: default -> sppadmin
[2026-05-01 07:31:07] Context Switch: default -> default
[2026-05-01 07:31:07] Context Switch: default -> default
[2026-05-01 07:31:07] Context Switch: default -> default
[2026-05-01 07:31:07] Context Switch: default -> default
[2026-05-01 07:31:08] Context Switch: default -> default
[2026-05-01 07:31:08] Context Switch: default -> default
[2026-05-01 07:31:09] Context Switch: sppadmin -> sppadmin
[2026-05-01 07:31:09] Context Switch: sppadmin -> sppadmin
[2026-05-01 07:31:10] Context Switch: sppadmin -> default
[2026-05-01 07:31:10] Context Switch: default -> default
[2026-05-01 07:31:10] Context Switch: default -> default
[2026-05-01 07:31:11] Context Switch: default -> sppadmin
[2026-05-01 07:31:32] Context Switch: sppadmin -> sppadmin
[2026-05-01 07:31:32] Context Switch: sppadmin -> sppadmin
[2026-05-01 07:31:33] Context Switch: sppadmin -> default
[2026-05-01 07:31:33] Context Switch: default -> default
[2026-05-01 07:31:33] Context Switch: default -> default
[2026-05-01 07:31:34] Context Switch: default -> sppadmin
[2026-05-01 07:31:34] Context Switch: sppadmin -> sppadmin
[2026-05-01 07:31:34] Context Switch: sppadmin -> sppadmin
[2026-05-01 07:31:34] Context Switch: sppadmin -> sppadmin
[2026-05-01 07:31:34] Context Switch: sppadmin -> sppadmin
[2026-05-01 07:31:35] Context Switch: sppadmin -> default
[2026-05-01 07:31:35] Context Switch: default -> default
[2026-05-01 07:31:35] Context Switch: default -> default
[2026-05-01 07:31:35] Context Switch: sppadmin -> default
[2026-05-01 07:31:35] Context Switch: default -> default
[2026-05-01 07:31:35] Context Switch: default -> sppadmin
[2026-05-01 07:31:36] Context Switch: sppadmin -> __sppadmin__
[2026-05-01 07:31:36] Context Switch: __sppadmin__ -> __sppadmin__
[2026-05-01 07:31:36] Context Switch: __sppadmin__ -> lekhak
[2026-05-01 07:31:36] Context Switch: lekhak -> lekhak
[2026-05-01 07:31:36] Context Switch: default -> default
[2026-05-01 07:31:36] Context Switch: lekhak -> lekhak
[2026-05-01 07:31:37] Context Switch: sppadmin -> sppadmin
[2026-05-01 07:31:37] Context Switch: sppadmin -> sppadmin
[2026-05-01 07:31:37] Context Switch: sppadmin -> sppadmin
[2026-05-01 07:31:37] Context Switch: sppadmin -> sppadmin
[2026-05-01 07:31:37] Context Switch: sppadmin -> sppadmin
[2026-05-01 07:31:37] Context Switch: sppadmin -> sppadmin
[2026-05-01 07:31:37] Context Switch: sppadmin -> default
[2026-05-01 07:31:37] Context Switch: sppadmin -> default
[2026-05-01 07:31:37] Context Switch: default -> default
[2026-05-01 07:31:37] Context Switch: default -> default
[2026-05-01 07:31:37] Context Switch: default -> sppadmin
[2026-05-01 07:31:37] Context Switch: default -> default
[2026-05-01 07:31:37] Context Switch: default -> default
[2026-05-01 07:31:37] Context Switch: sppadmin -> default
[2026-05-01 07:31:37] Context Switch: default -> default
[2026-05-01 07:31:37] Context Switch: default -> sppadmin
[2026-05-01 07:31:37] Context Switch: default -> sppadmin
[2026-05-01 07:31:38] Context Switch: default -> default
[2026-05-01 07:31:38] Context Switch: sppadmin -> __sppadmin__
[2026-05-01 07:31:38] Context Switch: sppadmin -> __sppadmin__
[2026-05-01 07:31:38] Context Switch: __sppadmin__ -> __sppadmin__
[2026-05-01 07:31:38] Context Switch: __sppadmin__ -> __sppadmin__
[2026-05-01 07:31:38] Context Switch: __sppadmin__ -> lekhak
[2026-05-01 07:31:38] Context Switch: __sppadmin__ -> lekhak
[2026-05-01 07:31:38] Context Switch: lekhak -> lekhak
[2026-05-01 07:31:38] Context Switch: lekhak -> lekhak
[2026-05-01 07:31:38] Context Switch: lekhak -> __sppadmin__
[2026-05-01 07:31:38] Context Switch: __sppadmin__ -> lekhak
[2026-05-01 07:31:38] Context Switch: lekhak -> __sppadmin__
[2026-05-01 07:31:39] Context Switch: lekhak -> __sppadmin__
[2026-05-01 07:31:39] Context Switch: __sppadmin__ -> lekhak
[2026-05-01 07:31:39] Context Switch: default -> sppadmin
[2026-05-01 07:31:39] Context Switch: lekhak -> __sppadmin__
[2026-05-01 07:31:40] Context Switch: sppadmin -> __sppadmin__
[2026-05-01 07:31:40] Context Switch: __sppadmin__ -> __sppadmin__
[2026-05-01 07:31:40] Context Switch: __sppadmin__ -> lekhak
[2026-05-01 07:31:40] Context Switch: lekhak -> lekhak
[2026-05-01 07:31:40] Context Switch: lekhak -> lekhak
[2026-05-01 07:31:41] Context Switch: sppadmin -> sppadmin
[2026-05-01 07:31:41] Context Switch: sppadmin -> sppadmin
[2026-05-01 07:31:43] Context Switch: sppadmin -> default
[2026-05-01 07:31:43] Context Switch: default -> default
[2026-05-01 07:31:43] Context Switch: default -> default
[2026-05-01 07:31:44] Context Switch: default -> sppadmin
[2026-05-01 07:31:45] Context Switch: sppadmin -> __sppadmin__
[2026-05-01 07:31:45] Context Switch: __sppadmin__ -> __sppadmin__
[2026-05-01 07:31:51] Context Switch: sppadmin -> sppadmin
[2026-05-01 07:31:51] Context Switch: sppadmin -> sppadmin
[2026-05-01 07:31:52] Context Switch: sppadmin -> default
[2026-05-01 07:31:52] Context Switch: default -> default
[2026-05-01 07:31:54] Context Switch: default -> default
[2026-05-01 07:31:57] Context Switch: default -> sppadmin
[2026-05-01 07:31:58] Context Switch: sppadmin -> __sppadmin__
[2026-05-01 07:31:59] Context Switch: __sppadmin__ -> __sppadmin__
[2026-05-01 07:31:59] Context Switch: __sppadmin__ -> lekhak
[2026-05-01 07:31:59] Context Switch: lekhak -> lekhak
[2026-05-01 07:32:01] Context Switch: lekhak -> __sppadmin__
[2026-05-01 07:32:16] Context Switch: sppadmin -> sppadmin
[2026-05-01 07:32:16] Context Switch: sppadmin -> sppadmin
[2026-05-01 07:32:17] Context Switch: sppadmin -> default
[2026-05-01 07:32:17] Context Switch: default -> default
[2026-05-01 07:32:18] Context Switch: default -> default
[2026-05-01 07:32:18] Context Switch: default -> sppadmin
[2026-05-01 07:32:19] Context Switch: sppadmin -> __sppadmin__
[2026-05-01 07:32:19] Context Switch: __sppadmin__ -> __sppadmin__
[2026-05-01 07:32:19] Context Switch: __sppadmin__ -> lekhak
[2026-05-01 07:32:19] Context Switch: lekhak -> lekhak
[2026-05-01 07:32:20] Context Switch: lekhak -> lekhak
[2026-05-01 07:32:58] Context Switch: sppadmin -> sppadmin
[2026-05-01 07:32:58] Context Switch: sppadmin -> sppadmin
[2026-05-01 07:32:59] Context Switch: sppadmin -> default
[2026-05-01 07:32:59] Context Switch: default -> default
[2026-05-01 07:32:59] Context Switch: default -> default
[2026-05-01 07:32:59] Context Switch: default -> sppadmin
[2026-05-01 07:33:00] Context Switch: sppadmin -> __sppadmin__
[2026-05-01 07:33:00] Context Switch: __sppadmin__ -> __sppadmin__
[2026-05-01 07:33:01] Context Switch: __sppadmin__ -> lekhak
[2026-05-01 07:33:01] Context Switch: lekhak -> lekhak
[2026-05-01 07:33:01] Context Switch: lekhak -> lekhak
[2026-05-01 07:33:10] Context Switch: sppadmin -> sppadmin
[2026-05-01 07:33:10] Context Switch: sppadmin -> sppadmin
[2026-05-01 07:33:10] Context Switch: sppadmin -> sppadmin
[2026-05-01 07:33:10] Context Switch: sppadmin -> sppadmin
[2026-05-01 07:33:10] Context Switch: sppadmin -> default
[2026-05-01 07:33:10] Context Switch: sppadmin -> default
[2026-05-01 07:33:10] Context Switch: default -> default
[2026-05-01 07:33:10] Context Switch: default -> default
[2026-05-01 07:33:10] Context Switch: default -> default
[2026-05-01 07:33:10] Context Switch: default -> default
[2026-05-01 07:33:11] Context Switch: default -> sppadmin
[2026-05-01 07:33:11] Context Switch: default -> sppadmin
[2026-05-01 07:33:11] Context Switch: sppadmin -> __sppadmin__
[2026-05-01 07:33:11] Context Switch: sppadmin -> __sppadmin__
[2026-05-01 07:33:11] Context Switch: __sppadmin__ -> __sppadmin__
[2026-05-01 07:33:11] Context Switch: __sppadmin__ -> __sppadmin__
[2026-05-01 07:33:11] Context Switch: __sppadmin__ -> lekhak
[2026-05-01 07:33:11] Context Switch: __sppadmin__ -> lekhak
[2026-05-01 07:33:11] Context Switch: lekhak -> lekhak
[2026-05-01 07:33:11] Context Switch: lekhak -> lekhak
[2026-05-01 07:33:12] Context Switch: lekhak -> lekhak
[2026-05-01 07:33:12] Context Switch: lekhak -> lekhak
[2026-05-01 07:34:11] Context Switch: sppadmin -> sppadmin
[2026-05-01 07:34:11] Context Switch: sppadmin -> sppadmin
[2026-05-01 07:34:12] Context Switch: sppadmin -> default
[2026-05-01 07:34:12] Context Switch: default -> default
[2026-05-01 07:34:12] Context Switch: default -> default
[2026-05-01 07:34:12] Context Switch: default -> sppadmin
[2026-05-01 07:34:13] Context Switch: sppadmin -> __sppadmin__
[2026-05-01 07:34:13] Context Switch: __sppadmin__ -> __sppadmin__
[2026-05-01 07:34:13] Context Switch: __sppadmin__ -> lekhak
[2026-05-01 07:34:13] Context Switch: lekhak -> lekhak
[2026-05-01 07:34:13] Context Switch: lekhak -> __sppadmin__
[2026-05-01 07:34:20] Context Switch: sppadmin -> sppadmin
[2026-05-01 07:34:20] Context Switch: sppadmin -> sppadmin
[2026-05-01 07:34:21] Context Switch: sppadmin -> default
[2026-05-01 07:34:21] Context Switch: default -> default
[2026-05-01 07:34:21] Context Switch: default -> default
[2026-05-01 07:34:21] Context Switch: default -> sppadmin
[2026-05-01 07:34:22] Context Switch: sppadmin -> __sppadmin__
[2026-05-01 07:34:22] Context Switch: __sppadmin__ -> __sppadmin__
[2026-05-01 07:34:34] Context Switch: sppadmin -> sppadmin
[2026-05-01 07:34:34] Context Switch: sppadmin -> sppadmin
[2026-05-01 07:34:35] Context Switch: sppadmin -> default
[2026-05-01 07:34:35] Context Switch: default -> default
[2026-05-01 07:34:36] Context Switch: default -> default
[2026-05-01 07:34:37] Context Switch: default -> sppadmin
[2026-05-01 07:34:37] Context Switch: sppadmin -> __sppadmin__
[2026-05-01 07:34:37] Context Switch: __sppadmin__ -> __sppadmin__
[2026-05-01 07:34:53] Context Switch: sppadmin -> sppadmin
[2026-05-01 07:34:53] Context Switch: sppadmin -> sppadmin
[2026-05-01 07:34:54] Context Switch: sppadmin -> default
[2026-05-01 07:34:54] Context Switch: default -> default
[2026-05-01 07:34:54] Context Switch: default -> default
[2026-05-01 07:34:54] Context Switch: default -> sppadmin
[2026-05-01 07:34:55] Context Switch: sppadmin -> __sppadmin__
[2026-05-01 07:34:55] Context Switch: __sppadmin__ -> __sppadmin__
[2026-05-01 07:34:55] Context Switch: __sppadmin__ -> lekhak
[2026-05-01 07:34:55] Context Switch: lekhak -> lekhak
[2026-05-01 07:34:55] Context Switch: lekhak -> __sppadmin__
[2026-05-01 07:35:41] Context Switch: sppadmin -> sppadmin
[2026-05-01 07:35:41] Context Switch: sppadmin -> sppadmin
[2026-05-01 07:35:42] Context Switch: sppadmin -> default
[2026-05-01 07:35:42] Context Switch: default -> default
[2026-05-01 07:35:42] Context Switch: default -> default
[2026-05-01 07:35:42] Context Switch: default -> sppadmin
[2026-05-01 07:35:43] Context Switch: sppadmin -> __sppadmin__
[2026-05-01 07:35:43] Context Switch: __sppadmin__ -> __sppadmin__
[2026-05-01 07:35:43] Context Switch: __sppadmin__ -> lekhak
[2026-05-01 07:35:43] Context Switch: lekhak -> lekhak
[2026-05-01 07:35:43] Context Switch: lekhak -> __sppadmin__
[2026-05-01 07:38:19] Context Switch: sppadmin -> sppadmin
[2026-05-01 07:38:19] Context Switch: sppadmin -> sppadmin
[2026-05-01 07:38:20] Context Switch: sppadmin -> default
[2026-05-01 07:38:20] Context Switch: default -> default
[2026-05-01 07:38:20] Context Switch: default -> default
[2026-05-01 07:38:21] Context Switch: default -> sppadmin
[2026-05-01 07:38:21] Context Switch: default -> default
[2026-05-01 07:38:21] Context Switch: default -> default
[2026-05-01 07:38:21] Context Switch: default -> default
[2026-05-01 07:38:21] Context Switch: default -> default
[2026-05-01 07:38:22] Context Switch: default -> default
[2026-05-01 07:38:23] Context Switch: default -> default
[2026-05-01 07:38:24] Context Switch: sppadmin -> sppadmin
[2026-05-01 07:38:24] Context Switch: sppadmin -> sppadmin
[2026-05-01 07:38:25] Context Switch: sppadmin -> default
[2026-05-01 07:38:25] Context Switch: default -> default
[2026-05-01 07:38:26] Context Switch: default -> default
[2026-05-01 07:38:26] Context Switch: default -> sppadmin
[2026-05-01 07:38:35] Context Switch: sppadmin -> sppadmin
[2026-05-01 07:38:35] Context Switch: sppadmin -> sppadmin
[2026-05-01 07:38:36] Context Switch: sppadmin -> default
[2026-05-01 07:38:36] Context Switch: default -> default
[2026-05-01 07:38:37] Context Switch: default -> default
[2026-05-01 07:38:37] Context Switch: default -> sppadmin
[2026-05-01 07:38:38] Context Switch: sppadmin -> sppadmin
[2026-05-01 07:38:38] Context Switch: sppadmin -> sppadmin
[2026-05-01 07:38:38] Context Switch: sppadmin -> sppadmin
[2026-05-01 07:38:38] Context Switch: sppadmin -> sppadmin
[2026-05-01 07:38:39] Context Switch: sppadmin -> default
[2026-05-01 07:38:39] Context Switch: default -> default
[2026-05-01 07:38:39] Context Switch: sppadmin -> default
[2026-05-01 07:38:39] Context Switch: default -> default
[2026-05-01 07:38:39] Context Switch: default -> default
[2026-05-01 07:38:40] Context Switch: default -> sppadmin
[2026-05-01 07:38:40] Context Switch: default -> default
[2026-05-01 07:38:40] Context Switch: default -> sppadmin
[2026-05-01 07:38:41] Context Switch: sppadmin -> __sppadmin__
[2026-05-01 07:38:41] Context Switch: __sppadmin__ -> __sppadmin__
[2026-05-01 07:38:41] Context Switch: __sppadmin__ -> lekhak
[2026-05-01 07:38:41] Context Switch: lekhak -> lekhak
[2026-05-01 07:38:42] Context Switch: lekhak -> lekhak
[2026-05-01 07:38:42] Context Switch: sppadmin -> sppadmin
[2026-05-01 07:38:42] Context Switch: sppadmin -> sppadmin
[2026-05-01 07:38:44] Context Switch: sppadmin -> default
[2026-05-01 07:38:44] Context Switch: default -> default
[2026-05-01 07:38:44] Context Switch: default -> default
[2026-05-01 07:38:45] Context Switch: default -> sppadmin
[2026-05-01 07:38:46] Context Switch: sppadmin -> __sppadmin__
[2026-05-01 07:38:46] Context Switch: __sppadmin__ -> __sppadmin__
[2026-05-01 07:38:46] Context Switch: __sppadmin__ -> lekhak
[2026-05-01 07:38:46] Context Switch: lekhak -> lekhak
[2026-05-01 07:38:46] Context Switch: lekhak -> __sppadmin__
[2026-05-01 07:41:35] Context Switch: spp_docs -> spp_docs
[2026-05-01 07:41:35] Context Switch: spp_docs -> spp_docs
[2026-05-01 07:41:35] Context Switch: spp_docs -> default
[2026-05-01 07:41:35] Context Switch: default -> default
[2026-05-01 07:41:36] Context Switch: default -> default
[2026-05-01 07:41:37] Context Switch: default -> spp_docs
[2026-05-01 07:41:40] Context Switch: spp_docs -> spp_docs
[2026-05-01 07:41:40] Context Switch: spp_docs -> spp_docs
[2026-05-01 07:41:42] Context Switch: spp_docs -> default
[2026-05-01 07:41:42] Context Switch: default -> default
[2026-05-01 07:41:44] Context Switch: default -> default
[2026-05-01 07:41:46] Context Switch: default -> spp_docs
[2026-05-01 07:42:46] Context Switch: spp_docs -> spp_docs
[2026-05-01 07:42:46] Context Switch: spp_docs -> spp_docs
[2026-05-01 07:42:49] Context Switch: spp_docs -> default
[2026-05-01 07:42:49] Context Switch: default -> default
[2026-05-01 07:42:51] Context Switch: default -> default
[2026-05-01 07:42:53] Context Switch: default -> spp_docs
[2026-05-01 07:42:56] Context Switch: spp_docs -> spp_docs
[2026-05-01 07:42:56] Context Switch: spp_docs -> spp_docs
[2026-05-01 07:42:56] Context Switch: spp_docs -> spp_docs
[2026-05-01 07:42:56] Context Switch: spp_docs -> spp_docs
[2026-05-01 07:42:57] Context Switch: spp_docs -> default
[2026-05-01 07:42:57] Context Switch: default -> default
[2026-05-01 07:42:58] Context Switch: spp_docs -> default
[2026-05-01 07:42:58] Context Switch: default -> default
[2026-05-01 07:42:58] Context Switch: default -> default
[2026-05-01 07:43:00] Context Switch: default -> spp_docs
[2026-05-01 07:43:01] Context Switch: default -> default
[2026-05-01 07:43:02] Context Switch: spp_docs -> __sppadmin__
[2026-05-01 07:43:02] Context Switch: __sppadmin__ -> __sppadmin__
[2026-05-01 07:43:02] Context Switch: __sppadmin__ -> lekhak
[2026-05-01 07:43:02] Context Switch: lekhak -> lekhak
[2026-05-01 07:43:03] Context Switch: lekhak -> lekhak
[2026-05-01 07:43:03] Context Switch: default -> spp_docs
[2026-05-01 07:43:04] Context Switch: spp_docs -> spp_docs
[2026-05-01 07:43:04] Context Switch: spp_docs -> spp_docs
[2026-05-01 07:43:04] Context Switch: spp_docs -> spp_docs
[2026-05-01 07:43:04] Context Switch: spp_docs -> spp_docs
[2026-05-01 07:43:04] Context Switch: spp_docs -> spp_docs
[2026-05-01 07:43:04] Context Switch: spp_docs -> spp_docs
[2026-05-01 07:43:05] Context Switch: spp_docs -> default
[2026-05-01 07:43:05] Context Switch: spp_docs -> default
[2026-05-01 07:43:05] Context Switch: spp_docs -> default
[2026-05-01 07:43:05] Context Switch: default -> default
[2026-05-01 07:43:05] Context Switch: default -> default
[2026-05-01 07:43:05] Context Switch: default -> default
[2026-05-01 07:43:05] Context Switch: default -> default
[2026-05-01 07:43:05] Context Switch: default -> default
[2026-05-01 07:43:06] Context Switch: default -> default
[2026-05-01 07:43:06] Context Switch: default -> spp_docs
[2026-05-01 07:43:06] Context Switch: default -> spp_docs
[2026-05-01 07:43:08] Context Switch: spp_docs -> __sppadmin__
[2026-05-01 07:43:08] Context Switch: spp_docs -> __sppadmin__
[2026-05-01 07:43:08] Context Switch: __sppadmin__ -> __sppadmin__
[2026-05-01 07:43:08] Context Switch: __sppadmin__ -> lekhak
[2026-05-01 07:43:08] Context Switch: __sppadmin__ -> __sppadmin__
[2026-05-01 07:43:08] Context Switch: __sppadmin__ -> lekhak
[2026-05-01 07:43:08] Context Switch: default -> spp_docs
[2026-05-01 07:43:08] Context Switch: lekhak -> lekhak
[2026-05-01 07:43:08] Context Switch: lekhak -> lekhak
[2026-05-01 07:43:09] Context Switch: lekhak -> __sppadmin__
[2026-05-01 07:43:09] Context Switch: __sppadmin__ -> lekhak
[2026-05-01 07:43:09] Context Switch: lekhak -> __sppadmin__
[2026-05-01 07:43:10] Context Switch: lekhak -> __sppadmin__
[2026-05-01 07:43:10] Context Switch: __sppadmin__ -> lekhak
[2026-05-01 07:43:10] Context Switch: lekhak -> __sppadmin__
[2026-05-01 07:43:11] Context Switch: spp_docs -> __sppadmin__
[2026-05-01 07:43:11] Context Switch: __sppadmin__ -> __sppadmin__
[2026-05-01 07:43:11] Context Switch: __sppadmin__ -> lekhak
[2026-05-01 07:43:11] Context Switch: lekhak -> lekhak
[2026-05-01 07:43:12] Context Switch: lekhak -> lekhak
[2026-05-01 07:43:13] Context Switch: spp_docs -> spp_docs
[2026-05-01 07:43:13] Context Switch: spp_docs -> spp_docs
[2026-05-01 07:43:15] Context Switch: spp_docs -> default
[2026-05-01 07:43:15] Context Switch: default -> default
[2026-05-01 07:43:16] Context Switch: default -> default
[2026-05-01 07:43:18] Context Switch: default -> spp_docs
[2026-05-01 07:43:20] Context Switch: spp_docs -> __sppadmin__
[2026-05-01 07:43:21] Context Switch: __sppadmin__ -> __sppadmin__
[2026-05-01 07:43:34] Context Switch: spp_docs -> spp_docs
[2026-05-01 07:43:34] Context Switch: spp_docs -> spp_docs
[2026-05-01 07:43:35] Context Switch: spp_docs -> default
[2026-05-01 07:43:35] Context Switch: default -> default
[2026-05-01 07:43:37] Context Switch: default -> default
[2026-05-01 07:43:38] Context Switch: default -> spp_docs
[2026-05-01 07:43:40] Context Switch: spp_docs -> __sppadmin__
[2026-05-01 07:43:40] Context Switch: __sppadmin__ -> __sppadmin__
[2026-05-01 07:43:40] Context Switch: __sppadmin__ -> lekhak
[2026-05-01 07:43:40] Context Switch: lekhak -> lekhak
[2026-05-01 07:43:40] Context Switch: lekhak -> __sppadmin__
[2026-05-01 07:44:03] Context Switch: default -> default
[2026-05-01 07:44:03] Context Switch: default -> default
[2026-05-01 07:44:07] Context Switch: default -> default
[2026-05-01 07:46:25] Context Switch: spp_docs -> spp_docs
[2026-05-01 07:46:25] Context Switch: spp_docs -> spp_docs
[2026-05-01 07:46:26] Context Switch: spp_docs -> default
[2026-05-01 07:46:26] Context Switch: default -> default
[2026-05-01 07:46:26] Context Switch: default -> default
[2026-05-01 07:46:27] Context Switch: default -> spp_docs
[2026-05-01 07:46:29] Context Switch: spp_docs -> spp_docs
[2026-05-01 07:46:29] Context Switch: spp_docs -> spp_docs
[2026-05-01 07:46:29] Context Switch: spp_docs -> default
[2026-05-01 07:46:29] Context Switch: default -> default
[2026-05-01 07:46:30] Context Switch: default -> default
[2026-05-01 07:46:30] Context Switch: default -> spp_docs
[2026-05-01 07:48:04] Context Switch: spp_docs -> spp_docs
[2026-05-01 07:48:04] Context Switch: spp_docs -> spp_docs
[2026-05-01 07:48:04] Context Switch: spp_docs -> default
[2026-05-01 07:48:04] Context Switch: default -> default
[2026-05-01 07:48:06] Context Switch: default -> default
[2026-05-01 07:48:08] Context Switch: default -> spp_docs
[2026-05-01 07:48:11] Context Switch: spp_docs -> spp_docs
[2026-05-01 07:48:11] Context Switch: spp_docs -> spp_docs
[2026-05-01 07:48:11] Context Switch: spp_docs -> spp_docs
[2026-05-01 07:48:11] Context Switch: spp_docs -> spp_docs
[2026-05-01 07:48:11] Context Switch: spp_docs -> default
[2026-05-01 07:48:11] Context Switch: spp_docs -> default
[2026-05-01 07:48:11] Context Switch: default -> default
[2026-05-01 07:48:11] Context Switch: default -> default
[2026-05-01 07:48:12] Context Switch: default -> default
[2026-05-01 07:48:12] Context Switch: default -> default
[2026-05-01 07:48:13] Context Switch: default -> spp_docs
[2026-05-01 07:48:13] Context Switch: default -> spp_docs
[2026-05-01 07:48:14] Context Switch: spp_docs -> __sppadmin__
[2026-05-01 07:48:14] Context Switch: __sppadmin__ -> __sppadmin__
[2026-05-01 07:48:15] Context Switch: __sppadmin__ -> lekhak
[2026-05-01 07:48:15] Context Switch: lekhak -> lekhak
[2026-05-01 07:48:16] Context Switch: lekhak -> lekhak
[2026-05-01 07:48:17] Context Switch: spp_docs -> spp_docs
[2026-05-01 07:48:17] Context Switch: spp_docs -> spp_docs
[2026-05-01 07:48:17] Context Switch: spp_docs -> spp_docs
[2026-05-01 07:48:17] Context Switch: spp_docs -> spp_docs
[2026-05-01 07:48:17] Context Switch: spp_docs -> spp_docs
[2026-05-01 07:48:17] Context Switch: spp_docs -> spp_docs
[2026-05-01 07:48:18] Context Switch: spp_docs -> default
[2026-05-01 07:48:18] Context Switch: spp_docs -> default
[2026-05-01 07:48:18] Context Switch: default -> default
[2026-05-01 07:48:18] Context Switch: default -> default
[2026-05-01 07:48:18] Context Switch: default -> default
[2026-05-01 07:48:18] Context Switch: default -> default
[2026-05-01 07:48:18] Context Switch: spp_docs -> default
[2026-05-01 07:48:18] Context Switch: default -> default
[2026-05-01 07:48:19] Context Switch: default -> spp_docs
[2026-05-01 07:48:19] Context Switch: default -> spp_docs
[2026-05-01 07:48:20] Context Switch: default -> default
[2026-05-01 07:48:21] Context Switch: spp_docs -> __sppadmin__
[2026-05-01 07:48:21] Context Switch: spp_docs -> __sppadmin__
[2026-05-01 07:48:21] Context Switch: __sppadmin__ -> __sppadmin__
[2026-05-01 07:48:21] Context Switch: __sppadmin__ -> __sppadmin__
[2026-05-01 07:48:21] Context Switch: __sppadmin__ -> lekhak
[2026-05-01 07:48:21] Context Switch: __sppadmin__ -> lekhak
[2026-05-01 07:48:21] Context Switch: lekhak -> lekhak
[2026-05-01 07:48:21] Context Switch: lekhak -> lekhak
[2026-05-01 07:48:21] Context Switch: lekhak -> __sppadmin__
[2026-05-01 07:48:21] Context Switch: __sppadmin__ -> lekhak
[2026-05-01 07:48:22] Context Switch: lekhak -> __sppadmin__
[2026-05-01 07:48:22] Context Switch: default -> spp_docs
[2026-05-01 07:48:22] Context Switch: lekhak -> __sppadmin__
[2026-05-01 07:48:22] Context Switch: __sppadmin__ -> lekhak
[2026-05-01 07:48:22] Context Switch: lekhak -> __sppadmin__
[2026-05-01 07:48:24] Context Switch: spp_docs -> __sppadmin__
[2026-05-01 07:48:24] Context Switch: __sppadmin__ -> __sppadmin__
[2026-05-01 07:48:24] Context Switch: __sppadmin__ -> lekhak
[2026-05-01 07:48:24] Context Switch: lekhak -> lekhak
[2026-05-01 07:48:25] Context Switch: lekhak -> lekhak
[2026-05-01 07:48:27] Context Switch: spp_docs -> spp_docs
[2026-05-01 07:48:27] Context Switch: spp_docs -> spp_docs
[2026-05-01 07:48:27] Context Switch: spp_docs -> default
[2026-05-01 07:48:27] Context Switch: default -> default
[2026-05-01 07:48:28] Context Switch: default -> default
[2026-05-01 07:48:30] Context Switch: default -> spp_docs
[2026-05-01 07:48:32] Context Switch: spp_docs -> __sppadmin__
[2026-05-01 07:48:32] Context Switch: __sppadmin__ -> __sppadmin__
[2026-05-01 07:48:43] Context Switch: spp_docs -> spp_docs
[2026-05-01 07:48:43] Context Switch: spp_docs -> spp_docs
[2026-05-01 07:48:43] Context Switch: spp_docs -> default
[2026-05-01 07:48:43] Context Switch: default -> default
[2026-05-01 07:48:44] Context Switch: default -> default
[2026-05-01 07:48:46] Context Switch: default -> spp_docs
[2026-05-01 07:48:48] Context Switch: spp_docs -> __sppadmin__
[2026-05-01 07:48:48] Context Switch: __sppadmin__ -> __sppadmin__
[2026-05-01 07:48:48] Context Switch: __sppadmin__ -> lekhak
[2026-05-01 07:48:48] Context Switch: lekhak -> lekhak
[2026-05-01 07:48:48] Context Switch: lekhak -> __sppadmin__
[2026-05-01 07:50:59] Context Switch: spp_docs -> spp_docs
[2026-05-01 07:50:59] Context Switch: spp_docs -> spp_docs
[2026-05-01 07:51:01] Context Switch: spp_docs -> default
[2026-05-01 07:51:01] Context Switch: default -> default
[2026-05-01 07:51:02] Context Switch: default -> default
[2026-05-01 07:51:04] Context Switch: default -> spp_docs
[2026-05-01 07:51:06] Context Switch: spp_docs -> spp_docs
[2026-05-01 07:51:06] Context Switch: spp_docs -> spp_docs
[2026-05-01 07:51:07] Context Switch: spp_docs -> default
[2026-05-01 07:51:07] Context Switch: default -> default
[2026-05-01 07:51:09] Context Switch: default -> default
[2026-05-01 07:51:11] Context Switch: default -> spp_docs
[2026-05-01 07:52:18] Context Switch: spp_docs -> spp_docs
[2026-05-01 07:52:18] Context Switch: spp_docs -> spp_docs
[2026-05-01 07:52:21] Context Switch: spp_docs -> default
[2026-05-01 07:52:21] Context Switch: default -> default
[2026-05-01 07:52:22] Context Switch: default -> default
[2026-05-01 07:52:25] Context Switch: default -> spp_docs
[2026-05-01 07:52:28] Context Switch: spp_docs -> spp_docs
[2026-05-01 07:52:28] Context Switch: spp_docs -> spp_docs
[2026-05-01 07:52:28] Context Switch: spp_docs -> spp_docs
[2026-05-01 07:52:28] Context Switch: spp_docs -> spp_docs
[2026-05-01 07:52:29] Context Switch: spp_docs -> default
[2026-05-01 07:52:29] Context Switch: spp_docs -> default
[2026-05-01 07:52:29] Context Switch: default -> default
[2026-05-01 07:52:29] Context Switch: default -> default
[2026-05-01 07:52:29] Context Switch: default -> default
[2026-05-01 07:52:29] Context Switch: default -> default
[2026-05-01 07:52:30] Context Switch: default -> spp_docs
[2026-05-01 07:52:30] Context Switch: default -> spp_docs
[2026-05-01 07:52:32] Context Switch: spp_docs -> __sppadmin__
[2026-05-01 07:52:32] Context Switch: __sppadmin__ -> __sppadmin__
[2026-05-01 07:52:32] Context Switch: __sppadmin__ -> lekhak
[2026-05-01 07:52:32] Context Switch: lekhak -> lekhak
[2026-05-01 07:52:33] Context Switch: lekhak -> lekhak
[2026-05-01 07:52:35] Context Switch: spp_docs -> spp_docs
[2026-05-01 07:52:35] Context Switch: spp_docs -> spp_docs
[2026-05-01 07:52:36] Context Switch: spp_docs -> default
[2026-05-01 07:52:36] Context Switch: default -> default
[2026-05-01 07:52:37] Context Switch: default -> default
[2026-05-01 07:52:40] Context Switch: default -> spp_docs
[2026-05-01 07:52:41] Context Switch: spp_docs -> __sppadmin__
[2026-05-01 07:52:42] Context Switch: __sppadmin__ -> __sppadmin__
[2026-05-01 07:52:42] Context Switch: __sppadmin__ -> lekhak
[2026-05-01 07:52:42] Context Switch: lekhak -> lekhak
[2026-05-01 07:52:42] Context Switch: lekhak -> __sppadmin__
[2026-05-01 08:00:22] Context Switch: spp_docs -> spp_docs
[2026-05-01 08:00:22] Context Switch: spp_docs -> spp_docs
[2026-05-01 08:00:22] Context Switch: spp_docs -> default
[2026-05-01 08:00:22] Context Switch: default -> default
[2026-05-01 08:00:23] Context Switch: default -> default
[2026-05-01 08:00:23] Context Switch: default -> spp_docs
[2026-05-01 08:00:24] Context Switch: spp_docs -> __sppadmin__
[2026-05-01 08:00:24] Context Switch: __sppadmin__ -> __sppadmin__
[2026-05-01 08:00:24] Context Switch: __sppadmin__ -> default
[2026-05-01 08:00:24] Context Switch: default -> __sppadmin__
[2026-05-01 08:00:45] Context Switch: spp_docs -> spp_docs
[2026-05-01 08:00:45] Context Switch: spp_docs -> spp_docs
[2026-05-01 08:00:46] Context Switch: spp_docs -> default
[2026-05-01 08:00:46] Context Switch: default -> default
[2026-05-01 08:00:46] Context Switch: default -> default
[2026-05-01 08:00:47] Context Switch: default -> spp_docs
[2026-05-01 08:00:47] Context Switch: spp_docs -> __sppadmin__
[2026-05-01 08:00:48] Context Switch: __sppadmin__ -> __sppadmin__
[2026-05-01 08:00:48] Context Switch: __sppadmin__ -> default
[2026-05-01 08:00:48] Context Switch: default -> __sppadmin__
[2026-05-01 08:00:50] Context Switch: spp_docs -> spp_docs
[2026-05-01 08:00:50] Context Switch: spp_docs -> spp_docs
[2026-05-01 08:00:51] Context Switch: spp_docs -> default
[2026-05-01 08:00:51] Context Switch: default -> default
[2026-05-01 08:00:51] Context Switch: default -> default
[2026-05-01 08:00:52] Context Switch: default -> spp_docs
[2026-05-01 08:00:53] Context Switch: spp_docs -> __sppadmin__
[2026-05-01 08:00:53] Context Switch: __sppadmin__ -> __sppadmin__
[2026-05-01 08:00:53] Context Switch: __sppadmin__ -> default
[2026-05-01 08:00:53] Context Switch: default -> __sppadmin__
[2026-05-01 08:02:24] Context Switch: spp_docs -> spp_docs
[2026-05-01 08:02:24] Context Switch: spp_docs -> spp_docs
[2026-05-01 08:02:24] Context Switch: spp_docs -> spp_docs
[2026-05-01 08:02:24] Context Switch: spp_docs -> spp_docs
[2026-05-01 08:02:24] Context Switch: spp_docs -> spp_docs
[2026-05-01 08:02:24] Context Switch: spp_docs -> spp_docs
[2026-05-01 08:02:24] Context Switch: spp_docs -> default
[2026-05-01 08:02:24] Context Switch: spp_docs -> default
[2026-05-01 08:02:24] Context Switch: default -> default
[2026-05-01 08:02:24] Context Switch: default -> default
[2026-05-01 08:02:24] Context Switch: default -> default
[2026-05-01 08:02:24] Context Switch: default -> default
[2026-05-01 08:02:24] Context Switch: default -> spp_docs
[2026-05-01 08:02:24] Context Switch: default -> spp_docs
[2026-05-01 08:02:25] Context Switch: spp_docs -> default
[2026-05-01 08:02:25] Context Switch: default -> default
[2026-05-01 08:02:25] Context Switch: spp_docs -> __sppadmin__
[2026-05-01 08:02:25] Context Switch: spp_docs -> __sppadmin__
[2026-05-01 08:02:25] Context Switch: __sppadmin__ -> __sppadmin__
[2026-05-01 08:02:25] Context Switch: __sppadmin__ -> default
[2026-05-01 08:02:25] Context Switch: __sppadmin__ -> __sppadmin__
[2026-05-01 08:02:25] Context Switch: __sppadmin__ -> default
[2026-05-01 08:02:25] Context Switch: default -> __sppadmin__
[2026-05-01 08:02:25] Context Switch: __sppadmin__ -> default
[2026-05-01 08:02:25] Context Switch: default -> __sppadmin__
[2026-05-01 08:02:26] Context Switch: __sppadmin__ -> default
[2026-05-01 08:02:26] Context Switch: default -> __sppadmin__
[2026-05-01 08:02:26] Context Switch: default -> __sppadmin__
[2026-05-01 08:02:26] Context Switch: default -> default
[2026-05-01 08:02:27] Context Switch: default -> spp_docs
[2026-05-01 08:02:29] Context Switch: spp_docs -> __sppadmin__
[2026-05-01 08:02:29] Context Switch: __sppadmin__ -> __sppadmin__
[2026-05-01 08:02:29] Context Switch: __sppadmin__ -> lekhak
[2026-05-01 08:02:29] Context Switch: lekhak -> lekhak
[2026-05-01 08:02:31] Context Switch: lekhak -> lekhak
[2026-05-01 08:02:32] Context Switch: spp_docs -> spp_docs
[2026-05-01 08:02:32] Context Switch: spp_docs -> spp_docs
[2026-05-01 08:02:33] Context Switch: spp_docs -> default
[2026-05-01 08:02:33] Context Switch: default -> default
[2026-05-01 08:02:34] Context Switch: default -> default
[2026-05-01 08:02:35] Context Switch: default -> spp_docs
[2026-05-01 08:02:37] Context Switch: spp_docs -> __sppadmin__
[2026-05-01 08:02:37] Context Switch: __sppadmin__ -> __sppadmin__
[2026-05-01 08:02:51] Context Switch: spp_docs -> spp_docs
[2026-05-01 08:02:52] Context Switch: spp_docs -> spp_docs
[2026-05-01 08:02:52] Context Switch: spp_docs -> default
[2026-05-01 08:02:52] Context Switch: default -> default
[2026-05-01 08:02:53] Context Switch: default -> default
[2026-05-01 08:02:53] Context Switch: default -> spp_docs
[2026-05-01 08:02:56] Context Switch: spp_docs -> spp_docs
[2026-05-01 08:02:56] Context Switch: spp_docs -> spp_docs
[2026-05-01 08:02:59] Context Switch: spp_docs -> default
[2026-05-01 08:02:59] Context Switch: default -> default
[2026-05-01 08:03:03] Context Switch: default -> default
[2026-05-01 08:03:07] Context Switch: default -> spp_docs
[2026-05-01 08:03:49] Context Switch: spp_docs -> spp_docs
[2026-05-01 08:03:49] Context Switch: spp_docs -> spp_docs
[2026-05-01 08:03:52] Context Switch: spp_docs -> default
[2026-05-01 08:03:52] Context Switch: default -> default
[2026-05-01 08:03:54] Context Switch: default -> default
[2026-05-01 08:03:59] Context Switch: default -> spp_docs
[2026-05-01 08:04:00] Context Switch: spp_docs -> spp_docs
[2026-05-01 08:04:00] Context Switch: spp_docs -> spp_docs
[2026-05-01 08:04:03] Context Switch: spp_docs -> __sppadmin__
[2026-05-01 08:04:03] Context Switch: __sppadmin__ -> __sppadmin__
[2026-05-01 08:04:03] Context Switch: __sppadmin__ -> default
[2026-05-01 08:04:04] Context Switch: spp_docs -> default
[2026-05-01 08:04:04] Context Switch: default -> default
[2026-05-01 08:04:06] Context Switch: default -> default
[2026-05-01 08:04:06] Context Switch: default -> __sppadmin__
[2026-05-01 08:04:09] Context Switch: default -> spp_docs
[2026-05-01 08:04:13] Context Switch: spp_docs -> spp_docs
[2026-05-01 08:04:13] Context Switch: spp_docs -> spp_docs
[2026-05-01 08:04:13] Context Switch: spp_docs -> spp_docs
[2026-05-01 08:04:13] Context Switch: spp_docs -> spp_docs
[2026-05-01 08:04:14] Context Switch: spp_docs -> spp_docs
[2026-05-01 08:04:14] Context Switch: spp_docs -> spp_docs
[2026-05-01 08:04:15] Context Switch: spp_docs -> default
[2026-05-01 08:04:15] Context Switch: spp_docs -> default
[2026-05-01 08:04:15] Context Switch: default -> default
[2026-05-01 08:04:15] Context Switch: default -> default
[2026-05-01 08:04:15] Context Switch: default -> default
[2026-05-01 08:04:15] Context Switch: default -> default
[2026-05-01 08:04:17] Context Switch: default -> spp_docs
[2026-05-01 08:04:17] Context Switch: default -> spp_docs
[2026-05-01 08:04:18] Context Switch: spp_docs -> default
[2026-05-01 08:04:18] Context Switch: default -> default
[2026-05-01 08:04:19] Context Switch: spp_docs -> __sppadmin__
[2026-05-01 08:04:19] Context Switch: spp_docs -> __sppadmin__
[2026-05-01 08:04:19] Context Switch: __sppadmin__ -> __sppadmin__
[2026-05-01 08:04:19] Context Switch: __sppadmin__ -> __sppadmin__
[2026-05-01 08:04:19] Context Switch: __sppadmin__ -> default
[2026-05-01 08:04:19] Context Switch: __sppadmin__ -> lekhak
[2026-05-01 08:04:20] Context Switch: lekhak -> lekhak
[2026-05-01 08:04:22] Context Switch: lekhak -> lekhak
[2026-05-01 08:04:23] Context Switch: default -> default
[2026-05-01 08:04:24] Context Switch: spp_docs -> spp_docs
[2026-05-01 08:04:24] Context Switch: spp_docs -> spp_docs
[2026-05-01 08:04:24] Context Switch: spp_docs -> spp_docs
[2026-05-01 08:04:24] Context Switch: spp_docs -> spp_docs
[2026-05-01 08:04:25] Context Switch: spp_docs -> spp_docs
[2026-05-01 08:04:25] Context Switch: spp_docs -> spp_docs
[2026-05-01 08:04:27] Context Switch: spp_docs -> default
[2026-05-01 08:04:27] Context Switch: spp_docs -> default
[2026-05-01 08:04:27] Context Switch: default -> default
[2026-05-01 08:04:27] Context Switch: default -> default
[2026-05-01 08:04:28] Context Switch: default -> __sppadmin__
[2026-05-01 08:04:28] Context Switch: default -> default
[2026-05-01 08:04:28] Context Switch: default -> default
[2026-05-01 08:04:28] Context Switch: spp_docs -> default
[2026-05-01 08:04:29] Context Switch: default -> default
[2026-05-01 08:04:30] Context Switch: default -> spp_docs
[2026-05-01 08:04:30] Context Switch: default -> spp_docs
[2026-05-01 08:04:30] Context Switch: default -> spp_docs
[2026-05-01 08:04:32] Context Switch: default -> default
[2026-05-01 08:04:33] Context Switch: spp_docs -> __sppadmin__
[2026-05-01 08:04:33] Context Switch: spp_docs -> __sppadmin__
[2026-05-01 08:04:33] Context Switch: __sppadmin__ -> __sppadmin__
[2026-05-01 08:04:33] Context Switch: __sppadmin__ -> __sppadmin__
[2026-05-01 08:04:33] Context Switch: __sppadmin__ -> default
[2026-05-01 08:04:34] Context Switch: __sppadmin__ -> lekhak
[2026-05-01 08:04:34] Context Switch: default -> __sppadmin__
[2026-05-01 08:04:34] Context Switch: lekhak -> lekhak
[2026-05-01 08:04:35] Context Switch: __sppadmin__ -> default
[2026-05-01 08:04:35] Context Switch: default -> __sppadmin__
[2026-05-01 08:04:35] Context Switch: __sppadmin__ -> default
[2026-05-01 08:04:35] Context Switch: default -> __sppadmin__
[2026-05-01 08:04:37] Context Switch: lekhak -> lekhak
[2026-05-01 08:04:37] Context Switch: default -> spp_docs
[2026-05-01 08:04:41] Context Switch: spp_docs -> __sppadmin__
[2026-05-01 08:04:41] Context Switch: __sppadmin__ -> __sppadmin__
[2026-05-01 08:04:41] Context Switch: __sppadmin__ -> default
[2026-05-01 08:04:42] Context Switch: default -> __sppadmin__
[2026-05-01 08:04:44] Context Switch: spp_docs -> spp_docs
[2026-05-01 08:04:45] Context Switch: spp_docs -> spp_docs
[2026-05-01 08:04:47] Context Switch: spp_docs -> default
[2026-05-01 08:04:47] Context Switch: default -> default
[2026-05-01 08:04:49] Context Switch: default -> default
[2026-05-01 08:04:53] Context Switch: default -> spp_docs
[2026-05-01 08:04:57] Context Switch: spp_docs -> __sppadmin__
[2026-05-01 08:04:57] Context Switch: __sppadmin__ -> __sppadmin__
[2026-05-01 08:05:04] Context Switch: spp_docs -> spp_docs
[2026-05-01 08:05:04] Context Switch: spp_docs -> spp_docs
[2026-05-01 08:05:06] Context Switch: spp_docs -> default
[2026-05-01 08:05:06] Context Switch: default -> default
[2026-05-01 08:05:08] Context Switch: default -> default
[2026-05-01 08:05:11] Context Switch: default -> spp_docs
[2026-05-01 08:05:14] Context Switch: spp_docs -> __sppadmin__
[2026-05-01 08:05:15] Context Switch: __sppadmin__ -> __sppadmin__
[2026-05-01 08:05:15] Context Switch: __sppadmin__ -> default
[2026-05-01 08:05:15] Context Switch: default -> __sppadmin__
[2026-05-01 08:05:23] Context Switch: spp_docs -> spp_docs
[2026-05-01 08:05:23] Context Switch: spp_docs -> spp_docs
[2026-05-01 08:05:26] Context Switch: spp_docs -> default
[2026-05-01 08:05:26] Context Switch: default -> default
[2026-05-01 08:05:28] Context Switch: default -> default
[2026-05-01 08:05:31] Context Switch: default -> spp_docs
[2026-05-01 08:05:33] Context Switch: spp_docs -> __sppadmin__
[2026-05-01 08:05:33] Context Switch: __sppadmin__ -> __sppadmin__
[2026-05-01 08:05:34] Context Switch: __sppadmin__ -> default
[2026-05-01 08:05:34] Context Switch: default -> __sppadmin__
[2026-05-01 08:05:38] Context Switch: spp_docs -> spp_docs
[2026-05-01 08:05:39] Context Switch: spp_docs -> spp_docs
[2026-05-01 08:05:41] Context Switch: spp_docs -> spp_docs
[2026-05-01 08:05:41] Context Switch: spp_docs -> spp_docs
[2026-05-01 08:05:41] Context Switch: spp_docs -> default
[2026-05-01 08:05:41] Context Switch: default -> default
[2026-05-01 08:05:42] Context Switch: default -> default
[2026-05-01 08:05:42] Context Switch: spp_docs -> default
[2026-05-01 08:05:42] Context Switch: default -> default
[2026-05-01 08:05:44] Context Switch: default -> default
[2026-05-01 08:05:45] Context Switch: default -> spp_docs
[2026-05-01 08:05:48] Context Switch: default -> spp_docs
[2026-05-01 08:05:48] Context Switch: spp_docs -> __sppadmin__
[2026-05-01 08:05:48] Context Switch: __sppadmin__ -> __sppadmin__
[2026-05-01 08:05:48] Context Switch: __sppadmin__ -> default
[2026-05-01 08:05:49] Context Switch: default -> __sppadmin__
[2026-05-01 08:05:50] Context Switch: spp_docs -> __sppadmin__
[2026-05-01 08:05:51] Context Switch: __sppadmin__ -> __sppadmin__
[2026-05-01 08:05:51] Context Switch: __sppadmin__ -> default
[2026-05-01 08:05:52] Context Switch: default -> __sppadmin__
[2026-05-01 08:05:54] Context Switch: spp_docs -> spp_docs
[2026-05-01 08:05:54] Context Switch: spp_docs -> spp_docs
[2026-05-01 08:05:57] Context Switch: spp_docs -> default
[2026-05-01 08:05:57] Context Switch: default -> default
[2026-05-01 08:05:59] Context Switch: default -> default
[2026-05-01 08:06:02] Context Switch: default -> spp_docs
[2026-05-01 08:06:05] Context Switch: spp_docs -> __sppadmin__
[2026-05-01 08:06:05] Context Switch: __sppadmin__ -> __sppadmin__
[2026-05-01 08:10:13] Context Switch: default -> default
[2026-05-01 08:10:13] Context Switch: default -> default
[2026-05-01 08:10:19] Context Switch: default -> default
[2026-05-01 08:10:20] Context Switch: spp_docs -> spp_docs
[2026-05-01 08:10:20] Context Switch: spp_docs -> spp_docs
[2026-05-01 08:10:20] Context Switch: spp_docs -> spp_docs
[2026-05-01 08:10:20] Context Switch: spp_docs -> spp_docs
[2026-05-01 08:10:20] Context Switch: spp_docs -> spp_docs
[2026-05-01 08:10:20] Context Switch: spp_docs -> spp_docs
[2026-05-01 08:10:21] Context Switch: spp_docs -> default
[2026-05-01 08:10:21] Context Switch: spp_docs -> default
[2026-05-01 08:10:21] Context Switch: spp_docs -> default
[2026-05-01 08:10:21] Context Switch: default -> default
[2026-05-01 08:10:21] Context Switch: default -> default
[2026-05-01 08:10:21] Context Switch: default -> default
[2026-05-01 08:10:22] Context Switch: default -> default
[2026-05-01 08:10:22] Context Switch: default -> default
[2026-05-01 08:10:22] Context Switch: default -> default
[2026-05-01 08:10:23] Context Switch: default -> spp_docs
[2026-05-01 08:10:23] Context Switch: default -> spp_docs
[2026-05-01 08:10:25] Context Switch: spp_docs -> __sppadmin__
[2026-05-01 08:10:25] Context Switch: spp_docs -> __sppadmin__
[2026-05-01 08:10:25] Context Switch: default -> spp_docs
[2026-05-01 08:10:25] Context Switch: __sppadmin__ -> __sppadmin__
[2026-05-01 08:10:25] Context Switch: __sppadmin__ -> __sppadmin__
[2026-05-01 08:10:25] Context Switch: __sppadmin__ -> default
[2026-05-01 08:10:26] Context Switch: __sppadmin__ -> lekhak
[2026-05-01 08:10:26] Context Switch: lekhak -> lekhak
[2026-05-01 08:10:26] Context Switch: default -> __sppadmin__
[2026-05-01 08:10:27] Context Switch: lekhak -> lekhak
[2026-05-01 08:10:28] Context Switch: spp_docs -> __sppadmin__
[2026-05-01 08:10:28] Context Switch: __sppadmin__ -> __sppadmin__
[2026-05-01 08:10:28] Context Switch: __sppadmin__ -> default
[2026-05-01 08:10:28] Context Switch: default -> __sppadmin__
[2026-05-01 08:10:29] Context Switch: __sppadmin__ -> default
[2026-05-01 08:10:29] Context Switch: default -> __sppadmin__
[2026-05-01 08:10:29] Context Switch: __sppadmin__ -> default
[2026-05-01 08:10:29] Context Switch: default -> __sppadmin__
[2026-05-01 08:10:32] Context Switch: spp_docs -> spp_docs
[2026-05-01 08:10:32] Context Switch: spp_docs -> spp_docs
[2026-05-01 08:10:34] Context Switch: spp_docs -> default
[2026-05-01 08:10:34] Context Switch: default -> default
[2026-05-01 08:10:36] Context Switch: default -> default
[2026-05-01 08:10:39] Context Switch: default -> spp_docs
[2026-05-01 08:10:41] Context Switch: spp_docs -> __sppadmin__
[2026-05-01 08:10:42] Context Switch: __sppadmin__ -> __sppadmin__
[2026-05-01 08:10:45] Context Switch: spp_docs -> spp_docs
[2026-05-01 08:10:45] Context Switch: spp_docs -> spp_docs
[2026-05-01 08:10:47] Context Switch: spp_docs -> default
[2026-05-01 08:10:48] Context Switch: default -> default
[2026-05-01 08:10:50] Context Switch: default -> default
[2026-05-01 08:10:53] Context Switch: default -> spp_docs
[2026-05-01 08:10:59] Context Switch: spp_docs -> spp_docs
[2026-05-01 08:11:00] Context Switch: spp_docs -> spp_docs
[2026-05-01 08:11:05] Context Switch: spp_docs -> default
[2026-05-01 08:11:05] Context Switch: default -> default
[2026-05-01 08:11:11] Context Switch: default -> default
[2026-05-01 08:11:16] Context Switch: default -> spp_docs
[2026-05-01 10:41:45] Context Switch: default -> default
[2026-05-01 10:41:45] Context Switch: default -> default
[2026-05-01 10:41:45] Context Switch: default -> default
[2026-05-01 10:42:02] Context Switch: default -> default
[2026-05-01 10:42:02] Context Switch: default -> default
[2026-05-01 10:42:02] Context Switch: default -> default
[2026-05-01 10:42:44] Context Switch: default -> default
[2026-05-01 10:42:44] Context Switch: default -> default
[2026-05-01 10:42:44] Context Switch: default -> default
[2026-05-01 10:43:07] Context Switch: default -> default
[2026-05-01 10:43:07] Context Switch: default -> default
[2026-05-01 10:43:07] Context Switch: default -> default
[2026-05-01 10:43:53] Context Switch: default -> default
[2026-05-01 10:43:53] Context Switch: default -> default
[2026-05-01 10:43:53] Context Switch: default -> default
[2026-05-01 10:44:06] Context Switch: default -> default
[2026-05-01 10:44:06] Context Switch: default -> default
[2026-05-01 10:44:06] Context Switch: default -> default
[2026-05-01 10:44:18] Context Switch: default -> default
[2026-05-01 10:44:18] Context Switch: default -> default
[2026-05-01 10:44:18] Context Switch: default -> default
[2026-05-01 10:44:33] Context Switch: default -> default
[2026-05-01 10:44:33] Context Switch: default -> default
[2026-05-01 10:44:33] Context Switch: default -> default
[2026-05-01 08:48:32] Context Switch: sppadmin -> sppadmin
[2026-05-01 08:48:32] Context Switch: sppadmin -> sppadmin
[2026-05-01 08:48:32] Context Switch: sppadmin -> default
[2026-05-01 08:48:32] Context Switch: default -> default
[2026-05-01 08:48:32] Context Switch: default -> default
[2026-05-01 08:48:33] Context Switch: default -> sppadmin
[2026-05-01 08:48:34] Context Switch: default -> default
[2026-05-01 08:48:34] Context Switch: default -> default
[2026-05-01 08:48:34] Context Switch: default -> default
[2026-05-01 08:48:34] Context Switch: default -> default
[2026-05-01 08:48:34] Context Switch: default -> default
[2026-05-01 08:48:34] Context Switch: default -> default
[2026-05-01 08:48:35] Context Switch: sppadmin -> sppadmin
[2026-05-01 08:48:35] Context Switch: sppadmin -> sppadmin
[2026-05-01 08:48:35] Context Switch: sppadmin -> default
[2026-05-01 08:48:35] Context Switch: default -> default
[2026-05-01 08:48:35] Context Switch: default -> default
[2026-05-01 08:48:35] Context Switch: default -> sppadmin
[2026-05-01 08:48:45] Context Switch: sppadmin -> sppadmin
[2026-05-01 08:48:45] Context Switch: sppadmin -> sppadmin
[2026-05-01 08:48:46] Context Switch: sppadmin -> default
[2026-05-01 08:48:46] Context Switch: default -> default
[2026-05-01 08:48:46] Context Switch: default -> default
[2026-05-01 08:48:47] Context Switch: default -> sppadmin
[2026-05-01 08:48:47] Context Switch: sppadmin -> sppadmin
[2026-05-01 08:48:47] Context Switch: sppadmin -> sppadmin
[2026-05-01 08:48:47] Context Switch: sppadmin -> sppadmin
[2026-05-01 08:48:47] Context Switch: sppadmin -> sppadmin
[2026-05-01 08:48:47] Context Switch: sppadmin -> default
[2026-05-01 08:48:47] Context Switch: default -> default
[2026-05-01 08:48:47] Context Switch: sppadmin -> default
[2026-05-01 08:48:47] Context Switch: default -> default
[2026-05-01 08:48:48] Context Switch: default -> default
[2026-05-01 08:48:48] Context Switch: default -> default
[2026-05-01 08:48:48] Context Switch: default -> sppadmin
[2026-05-01 08:48:48] Context Switch: default -> sppadmin
[2026-05-01 08:48:48] Context Switch: sppadmin -> __sppadmin__
[2026-05-01 08:48:48] Context Switch: __sppadmin__ -> __sppadmin__
[2026-05-01 08:48:48] Context Switch: __sppadmin__ -> lekhak
[2026-05-01 08:48:48] Context Switch: lekhak -> lekhak
[2026-05-01 08:48:49] Context Switch: lekhak -> lekhak
[2026-05-01 08:48:49] Context Switch: sppadmin -> sppadmin
[2026-05-01 08:48:49] Context Switch: sppadmin -> sppadmin
[2026-05-01 08:48:49] Context Switch: sppadmin -> sppadmin
[2026-05-01 08:48:49] Context Switch: sppadmin -> sppadmin
[2026-05-01 08:48:49] Context Switch: sppadmin -> sppadmin
[2026-05-01 08:48:49] Context Switch: sppadmin -> sppadmin
[2026-05-01 08:48:49] Context Switch: sppadmin -> default
[2026-05-01 08:48:49] Context Switch: sppadmin -> default
[2026-05-01 08:48:49] Context Switch: default -> default
[2026-05-01 08:48:49] Context Switch: default -> default
[2026-05-01 08:48:49] Context Switch: sppadmin -> default
[2026-05-01 08:48:49] Context Switch: default -> default
[2026-05-01 08:48:49] Context Switch: default -> default
[2026-05-01 08:48:49] Context Switch: default -> default
[2026-05-01 08:48:49] Context Switch: default -> sppadmin
[2026-05-01 08:48:49] Context Switch: default -> sppadmin
[2026-05-01 08:48:49] Context Switch: default -> default
[2026-05-01 08:48:50] Context Switch: sppadmin -> __sppadmin__
[2026-05-01 08:48:50] Context Switch: sppadmin -> __sppadmin__
[2026-05-01 08:48:50] Context Switch: __sppadmin__ -> __sppadmin__
[2026-05-01 08:48:50] Context Switch: __sppadmin__ -> __sppadmin__
[2026-05-01 08:48:50] Context Switch: __sppadmin__ -> lekhak
[2026-05-01 08:48:50] Context Switch: __sppadmin__ -> lekhak
[2026-05-01 08:48:50] Context Switch: lekhak -> lekhak
[2026-05-01 08:48:50] Context Switch: lekhak -> lekhak
[2026-05-01 08:48:50] Context Switch: lekhak -> __sppadmin__
[2026-05-01 08:48:50] Context Switch: default -> sppadmin
[2026-05-01 08:48:50] Context Switch: __sppadmin__ -> lekhak
[2026-05-01 08:48:50] Context Switch: lekhak -> __sppadmin__
[2026-05-01 08:48:50] Context Switch: lekhak -> __sppadmin__
[2026-05-01 08:48:50] Context Switch: __sppadmin__ -> lekhak
[2026-05-01 08:48:50] Context Switch: lekhak -> __sppadmin__
[2026-05-01 08:48:50] Context Switch: sppadmin -> __sppadmin__
[2026-05-01 08:48:50] Context Switch: __sppadmin__ -> __sppadmin__
[2026-05-01 08:48:50] Context Switch: __sppadmin__ -> lekhak
[2026-05-01 08:48:50] Context Switch: lekhak -> lekhak
[2026-05-01 08:48:51] Context Switch: lekhak -> lekhak
[2026-05-01 08:48:51] Context Switch: sppadmin -> sppadmin
[2026-05-01 08:48:51] Context Switch: sppadmin -> sppadmin
[2026-05-01 08:48:51] Context Switch: sppadmin -> default
[2026-05-01 08:48:51] Context Switch: default -> default
[2026-05-01 08:48:52] Context Switch: default -> default
[2026-05-01 08:48:52] Context Switch: default -> sppadmin
[2026-05-01 08:48:52] Context Switch: sppadmin -> __sppadmin__
[2026-05-01 08:48:52] Context Switch: __sppadmin__ -> __sppadmin__
[2026-05-01 08:49:03] Context Switch: sppadmin -> sppadmin
[2026-05-01 08:49:03] Context Switch: sppadmin -> sppadmin
[2026-05-01 08:49:04] Context Switch: sppadmin -> default
[2026-05-01 08:49:04] Context Switch: default -> default
[2026-05-01 08:49:04] Context Switch: default -> default
[2026-05-01 08:49:04] Context Switch: default -> sppadmin
[2026-05-01 08:49:05] Context Switch: default -> default
[2026-05-01 08:49:05] Context Switch: default -> default
[2026-05-01 08:49:05] Context Switch: default -> default
[2026-05-01 08:49:05] Context Switch: default -> default
[2026-05-01 08:49:05] Context Switch: default -> default
[2026-05-01 08:49:05] Context Switch: default -> default
[2026-05-01 08:49:06] Context Switch: sppadmin -> sppadmin
[2026-05-01 08:49:06] Context Switch: sppadmin -> sppadmin
[2026-05-01 08:49:06] Context Switch: sppadmin -> default
[2026-05-01 08:49:06] Context Switch: default -> default
[2026-05-01 08:49:07] Context Switch: default -> default
[2026-05-01 08:49:07] Context Switch: default -> sppadmin
[2026-05-01 08:49:15] Context Switch: lekhak -> lekhak
[2026-05-01 08:49:15] Context Switch: lekhak -> lekhak
[2026-05-01 08:49:15] Context Switch: lekhak -> default
[2026-05-01 08:49:15] Context Switch: default -> default
[2026-05-01 08:49:15] Context Switch: default -> default
[2026-05-01 08:49:16] Context Switch: default -> lekhak
[2026-05-01 10:50:15] Context Switch: default -> default
[2026-05-01 10:50:15] Context Switch: default -> default
[2026-05-01 10:50:15] Context Switch: default -> default
[2026-05-01 08:50:44] Context Switch: lekhak -> lekhak
[2026-05-01 08:50:44] Context Switch: lekhak -> lekhak
[2026-05-01 08:50:44] Context Switch: lekhak -> default
[2026-05-01 08:50:44] Context Switch: default -> default
[2026-05-01 08:50:44] Context Switch: default -> default
[2026-05-01 08:50:45] Context Switch: default -> lekhak
[2026-05-01 08:50:45] Context Switch: lekhak -> lekhak
[2026-05-01 10:51:36] Context Switch: default -> default
[2026-05-01 10:51:36] Context Switch: default -> default
[2026-05-01 10:51:36] Context Switch: default -> default
[2026-05-01 08:55:17] Context Switch: lekhak -> lekhak
[2026-05-01 08:55:17] Context Switch: lekhak -> lekhak
[2026-05-01 08:55:18] Context Switch: lekhak -> default
[2026-05-01 08:55:18] Context Switch: default -> default
[2026-05-01 08:55:18] Context Switch: default -> default
[2026-05-01 08:55:18] Context Switch: default -> lekhak
[2026-05-01 08:55:19] Context Switch: lekhak -> lekhak
[2026-05-01 10:56:02] Context Switch: default -> default
[2026-05-01 10:56:02] Context Switch: default -> default
[2026-05-01 10:56:02] Context Switch: default -> default
[2026-05-01 09:01:49] Context Switch: lekhak -> lekhak
[2026-05-01 09:01:49] Context Switch: lekhak -> lekhak
[2026-05-01 09:01:49] Context Switch: lekhak -> default
[2026-05-01 09:01:49] Context Switch: default -> default
[2026-05-01 09:01:50] Context Switch: default -> default
[2026-05-01 09:01:50] Context Switch: default -> lekhak
[2026-05-01 09:01:50] Context Switch: lekhak -> lekhak
[2026-05-01 09:22:54] Context Switch: lekhak -> lekhak
[2026-05-01 09:22:54] Context Switch: lekhak -> lekhak
[2026-05-01 09:22:55] Context Switch: lekhak -> default
[2026-05-01 09:22:55] Context Switch: default -> default
[2026-05-01 09:22:55] Context Switch: default -> default
[2026-05-01 09:22:55] Context Switch: default -> lekhak
[2026-05-01 09:22:56] Context Switch: lekhak -> lekhak
[2026-05-01 09:27:36] Context Switch: lekhak -> lekhak
[2026-05-01 09:27:36] Context Switch: lekhak -> lekhak
[2026-05-01 09:27:36] Context Switch: lekhak -> default
[2026-05-01 09:27:36] Context Switch: default -> default
[2026-05-01 09:27:36] Context Switch: default -> default
[2026-05-01 09:27:37] Context Switch: default -> lekhak
[2026-05-01 09:27:38] Context Switch: lekhak -> lekhak
[2026-05-01 09:27:38] Context Switch: default -> default
[2026-05-01 09:27:38] Context Switch: default -> default
[2026-05-01 09:27:39] Context Switch: default -> default
[2026-05-01 09:27:40] Context Switch: default -> default
[2026-05-01 09:27:40] Context Switch: default -> default
[2026-05-01 09:27:40] Context Switch: default -> default
[2026-05-01 09:28:10] Context Switch: default -> default
[2026-05-01 09:28:10] Context Switch: default -> default
[2026-05-01 09:28:10] Context Switch: default -> default
[2026-05-01 09:28:12] Context Switch: lekhak -> lekhak
[2026-05-01 09:28:12] Context Switch: lekhak -> lekhak
[2026-05-01 09:28:12] Context Switch: lekhak -> default
[2026-05-01 09:28:12] Context Switch: default -> default
[2026-05-01 09:28:12] Context Switch: default -> default
[2026-05-01 09:28:12] Context Switch: default -> lekhak
[2026-05-01 09:28:13] Context Switch: lekhak -> lekhak
[2026-05-01 09:28:14] Context Switch: default -> default
[2026-05-01 09:28:14] Context Switch: default -> default
[2026-05-01 09:28:14] Context Switch: default -> default
[2026-05-01 09:28:15] Context Switch: default -> default
[2026-05-01 09:28:15] Context Switch: default -> default
[2026-05-01 09:28:16] Context Switch: default -> default
[2026-05-01 09:29:45] Context Switch: lekhak -> lekhak
[2026-05-01 09:29:45] Context Switch: lekhak -> lekhak
[2026-05-01 09:29:45] Context Switch: lekhak -> default
[2026-05-01 09:29:45] Context Switch: default -> default
[2026-05-01 09:29:45] Context Switch: default -> default
[2026-05-01 09:29:46] Context Switch: default -> lekhak
[2026-05-01 09:29:46] Context Switch: lekhak -> lekhak
[2026-05-01 09:29:47] Context Switch: default -> default
[2026-05-01 09:29:47] Context Switch: default -> default
[2026-05-01 09:29:48] Context Switch: default -> default
[2026-05-01 09:29:48] Context Switch: default -> default
[2026-05-01 09:29:48] Context Switch: default -> default
[2026-05-01 09:29:49] Context Switch: default -> default
[2026-05-01 11:31:55] Context Switch: default -> default
[2026-05-01 11:31:55] Context Switch: default -> default
[2026-05-01 11:31:55] Context Switch: default -> default
[2026-05-01 11:32:40] Context Switch: default -> default
[2026-05-01 11:32:40] Context Switch: default -> default
[2026-05-01 11:32:40] Context Switch: default -> default
[2026-05-01 09:33:10] Context Switch: lekhak -> lekhak
[2026-05-01 09:33:10] Context Switch: lekhak -> lekhak
[2026-05-01 09:33:10] Context Switch: lekhak -> default
[2026-05-01 09:33:10] Context Switch: default -> default
[2026-05-01 09:33:11] Context Switch: default -> default
[2026-05-01 09:33:11] Context Switch: default -> lekhak
[2026-05-01 09:33:11] Context Switch: lekhak -> lekhak
[2026-05-01 09:33:12] Context Switch: default -> default
[2026-05-01 09:33:12] Context Switch: default -> default
[2026-05-01 09:33:13] Context Switch: default -> default
[2026-05-01 09:33:13] Context Switch: default -> default
[2026-05-01 09:33:13] Context Switch: default -> default
[2026-05-01 09:33:14] Context Switch: default -> default
[2026-05-01 09:33:28] Context Switch: lekhak -> lekhak
[2026-05-01 09:33:28] Context Switch: lekhak -> lekhak
[2026-05-01 09:33:28] Context Switch: lekhak -> default
[2026-05-01 09:33:28] Context Switch: default -> default
[2026-05-01 09:33:28] Context Switch: default -> default
[2026-05-01 09:33:29] Context Switch: default -> lekhak
[2026-05-01 09:33:29] Context Switch: lekhak -> lekhak
[2026-05-01 09:33:30] Context Switch: default -> default
[2026-05-01 09:33:30] Context Switch: default -> default
[2026-05-01 09:33:30] Context Switch: default -> default
[2026-05-01 09:33:31] Context Switch: default -> default
[2026-05-01 09:33:31] Context Switch: default -> default
[2026-05-01 09:33:32] Context Switch: default -> default
[2026-05-01 09:33:32] Context Switch: default -> default
[2026-05-01 09:33:32] Context Switch: default -> default
[2026-05-01 09:33:33] Context Switch: default -> default
[2026-05-01 09:34:02] Context Switch: lekhak -> lekhak
[2026-05-01 09:34:02] Context Switch: lekhak -> lekhak
[2026-05-01 09:34:03] Context Switch: lekhak -> default
[2026-05-01 09:34:03] Context Switch: default -> default
[2026-05-01 09:34:03] Context Switch: default -> default
[2026-05-01 09:34:03] Context Switch: default -> lekhak
[2026-05-01 09:34:04] Context Switch: lekhak -> lekhak
[2026-05-01 09:34:04] Context Switch: default -> default
[2026-05-01 09:34:04] Context Switch: default -> default
[2026-05-01 09:34:05] Context Switch: default -> default
[2026-05-01 09:34:06] Context Switch: default -> default
[2026-05-01 09:34:06] Context Switch: default -> default
[2026-05-01 09:34:06] Context Switch: default -> default
[2026-05-01 09:34:07] Context Switch: default -> default
[2026-05-01 09:34:07] Context Switch: default -> default
[2026-05-01 09:34:07] Context Switch: default -> default
[2026-05-01 11:37:06] Context Switch: default -> default
[2026-05-01 11:37:06] Context Switch: default -> default
[2026-05-01 11:37:06] Context Switch: default -> default
[2026-05-01 11:37:51] Context Switch: default -> default
[2026-05-01 11:37:51] Context Switch: default -> default
[2026-05-01 11:37:51] Context Switch: default -> default
[2026-05-01 11:38:08] Context Switch: default -> default
[2026-05-01 11:38:08] Context Switch: default -> default
[2026-05-01 11:38:08] Context Switch: default -> default
[2026-05-01 11:38:09] Context Switch: default -> lekhak
[2026-05-01 11:38:09] Context Switch: lekhak -> lekhak
[2026-05-01 11:38:59] Context Switch: default -> default
[2026-05-01 11:38:59] Context Switch: default -> default
[2026-05-01 11:38:59] Context Switch: default -> default
[2026-05-01 11:39:00] Context Switch: default -> lekhak
[2026-05-01 11:39:00] Context Switch: lekhak -> lekhak
[2026-05-01 09:39:45] Context Switch: default -> default
[2026-05-01 09:39:45] Context Switch: default -> default
[2026-05-01 09:39:45] Context Switch: default -> default
[2026-05-01 09:39:53] Context Switch: default -> default
[2026-05-01 09:39:53] Context Switch: default -> default
[2026-05-01 09:39:54] Context Switch: default -> default
[2026-05-01 09:40:00] Context Switch: default -> default
[2026-05-01 09:40:00] Context Switch: default -> default
[2026-05-01 09:40:01] Context Switch: default -> default
[2026-05-01 09:40:13] Context Switch: default -> default
[2026-05-01 09:40:13] Context Switch: default -> default
[2026-05-01 09:40:13] Context Switch: default -> default
[2026-05-01 11:41:45] Context Switch: default -> default
[2026-05-01 11:41:45] Context Switch: default -> default
[2026-05-01 11:41:46] Context Switch: default -> default
[2026-05-01 11:41:47] Context Switch: default -> __sppadmin__
[2026-05-01 11:41:47] Context Switch: __sppadmin__ -> __sppadmin__
[2026-05-01 11:41:47] Context Switch: __sppadmin__ -> lekhak
[2026-05-01 11:41:47] Context Switch: lekhak -> lekhak
[2026-05-01 11:41:47] Context Switch: lekhak -> lekhak
[2026-05-01 11:41:47] Context Switch: lekhak -> lekhak
[2026-05-01 11:42:07] Context Switch: default -> default
[2026-05-01 11:42:07] Context Switch: default -> default
[2026-05-01 11:42:07] Context Switch: default -> default
[2026-05-01 11:42:08] Context Switch: default -> __sppadmin__
[2026-05-01 11:42:08] Context Switch: __sppadmin__ -> __sppadmin__
[2026-05-01 11:42:08] Context Switch: __sppadmin__ -> lekhak
[2026-05-01 11:42:08] Context Switch: lekhak -> lekhak
[2026-05-01 11:42:08] Context Switch: lekhak -> lekhak
[2026-05-01 11:42:08] Context Switch: lekhak -> lekhak
[2026-05-01 09:42:41] Context Switch: default -> default
[2026-05-01 09:42:41] Context Switch: default -> default
[2026-05-01 09:42:42] Context Switch: default -> default
[2026-05-01 09:42:53] Context Switch: lekhak -> lekhak
[2026-05-01 09:42:53] Context Switch: lekhak -> lekhak
[2026-05-01 09:42:53] Context Switch: lekhak -> default
[2026-05-01 09:42:53] Context Switch: default -> default
[2026-05-01 09:42:53] Context Switch: default -> default
[2026-05-01 09:42:54] Context Switch: default -> lekhak
[2026-05-01 09:42:54] Context Switch: lekhak -> lekhak
[2026-05-01 09:42:55] Context Switch: default -> default
[2026-05-01 09:42:55] Context Switch: default -> default
[2026-05-01 09:42:55] Context Switch: default -> default
[2026-05-01 09:42:56] Context Switch: default -> default
[2026-05-01 09:42:56] Context Switch: default -> default
[2026-05-01 09:42:57] Context Switch: default -> default
[2026-05-01 09:42:57] Context Switch: default -> default
[2026-05-01 09:42:57] Context Switch: default -> default
[2026-05-01 09:42:58] Context Switch: default -> default
[2026-05-01 09:43:20] Context Switch: lekhak -> lekhak
[2026-05-01 09:43:20] Context Switch: lekhak -> lekhak
[2026-05-01 09:43:21] Context Switch: lekhak -> default
[2026-05-01 09:43:21] Context Switch: default -> default
[2026-05-01 09:43:21] Context Switch: default -> default
[2026-05-01 09:43:21] Context Switch: default -> lekhak
[2026-05-01 09:43:22] Context Switch: lekhak -> lekhak
[2026-05-01 09:43:22] Context Switch: default -> default
[2026-05-01 09:43:22] Context Switch: default -> default
[2026-05-01 09:43:23] Context Switch: default -> default
[2026-05-01 09:43:24] Context Switch: default -> default
[2026-05-01 09:43:24] Context Switch: default -> default
[2026-05-01 09:43:24] Context Switch: default -> default
[2026-05-01 09:43:26] Context Switch: default -> default
[2026-05-01 09:43:26] Context Switch: default -> default
[2026-05-01 09:43:27] Context Switch: default -> default
[2026-05-01 09:43:33] Context Switch: lekhak -> lekhak
[2026-05-01 09:43:33] Context Switch: lekhak -> lekhak
[2026-05-01 09:43:34] Context Switch: lekhak -> default
[2026-05-01 09:43:34] Context Switch: default -> default
[2026-05-01 09:43:34] Context Switch: default -> default
[2026-05-01 09:43:35] Context Switch: default -> lekhak
[2026-05-01 09:43:35] Context Switch: lekhak -> lekhak
[2026-05-01 09:43:36] Context Switch: default -> default
[2026-05-01 09:43:36] Context Switch: default -> default
[2026-05-01 09:43:36] Context Switch: default -> default
[2026-05-01 09:43:37] Context Switch: default -> default
[2026-05-01 09:43:37] Context Switch: default -> default
[2026-05-01 09:43:38] Context Switch: default -> default
[2026-05-01 09:43:38] Context Switch: default -> default
[2026-05-01 09:43:38] Context Switch: default -> default
[2026-05-01 09:43:39] Context Switch: default -> default
[2026-05-01 11:43:46] Context Switch: default -> default
[2026-05-01 11:43:46] Context Switch: default -> default
[2026-05-01 11:43:46] Context Switch: default -> default
[2026-05-01 11:43:47] Context Switch: default -> __sppadmin__
[2026-05-01 11:43:47] Context Switch: __sppadmin__ -> __sppadmin__
[2026-05-01 11:43:47] Context Switch: __sppadmin__ -> lekhak
[2026-05-01 11:43:47] Context Switch: lekhak -> lekhak
[2026-05-01 11:43:47] Context Switch: lekhak -> lekhak
[2026-05-01 11:43:47] Context Switch: lekhak -> lekhak
[2026-05-01 11:45:19] Context Switch: default -> default
[2026-05-01 11:45:19] Context Switch: default -> default
[2026-05-01 11:45:19] Context Switch: default -> default
[2026-05-01 11:45:33] Context Switch: default -> default
[2026-05-01 11:45:33] Context Switch: default -> default
[2026-05-01 11:45:33] Context Switch: default -> default
[2026-05-01 11:45:34] Context Switch: default -> lekhak
[2026-05-01 11:45:34] Context Switch: lekhak -> lekhak
[2026-05-01 11:46:03] Context Switch: default -> default
[2026-05-01 11:46:03] Context Switch: default -> default
[2026-05-01 11:46:03] Context Switch: default -> default
[2026-05-01 11:46:04] Context Switch: default -> __sppadmin__
[2026-05-01 11:46:04] Context Switch: __sppadmin__ -> __sppadmin__
[2026-05-01 11:46:04] Context Switch: __sppadmin__ -> lekhak
[2026-05-01 11:46:04] Context Switch: lekhak -> lekhak
[2026-05-01 11:46:04] Context Switch: lekhak -> lekhak
[2026-05-01 11:46:04] Context Switch: lekhak -> lekhak
[2026-05-01 11:50:36] Context Switch: default -> default
[2026-05-01 11:50:36] Context Switch: default -> default
[2026-05-01 11:50:36] Context Switch: default -> default
[2026-05-01 11:50:38] Context Switch: default -> lekhak
[2026-05-01 11:50:38] Context Switch: lekhak -> lekhak
[2026-05-01 11:51:08] Context Switch: default -> default
[2026-05-01 11:51:08] Context Switch: default -> default
[2026-05-01 11:51:08] Context Switch: default -> default
[2026-05-01 11:51:10] Context Switch: default -> lekhak
[2026-05-01 11:51:10] Context Switch: lekhak -> lekhak
[2026-05-01 11:56:01] Context Switch: default -> default
[2026-05-01 11:56:01] Context Switch: default -> default
[2026-05-01 11:56:01] Context Switch: default -> default
[2026-05-01 11:31:19] Context Switch: lekhak -> lekhak
[2026-05-01 11:31:19] Context Switch: lekhak -> lekhak
[2026-05-01 11:31:20] Context Switch: lekhak -> default
[2026-05-01 11:31:20] Context Switch: default -> default
[2026-05-01 11:31:21] Context Switch: default -> default
[2026-05-01 11:31:23] Context Switch: default -> lekhak
[2026-05-01 11:31:24] Context Switch: lekhak -> lekhak
[2026-05-01 11:31:28] Context Switch: default -> default
[2026-05-01 11:31:28] Context Switch: default -> default
[2026-05-01 11:31:30] Context Switch: default -> default
[2026-05-01 11:31:32] Context Switch: default -> default
[2026-05-01 11:31:32] Context Switch: default -> default
[2026-05-01 11:31:34] Context Switch: default -> default
[2026-05-01 11:31:37] Context Switch: default -> default
[2026-05-01 11:31:37] Context Switch: default -> default
[2026-05-01 11:31:40] Context Switch: default -> default
[2026-05-01 11:31:49] Context Switch: lekhak -> lekhak
[2026-05-01 11:31:49] Context Switch: lekhak -> lekhak
[2026-05-01 11:31:50] Context Switch: lekhak -> default
[2026-05-01 11:31:50] Context Switch: default -> default
[2026-05-01 11:31:51] Context Switch: default -> default
[2026-05-01 11:31:53] Context Switch: default -> lekhak
[2026-05-01 11:31:54] Context Switch: lekhak -> lekhak
[2026-05-01 11:31:56] Context Switch: default -> default
[2026-05-01 11:31:56] Context Switch: default -> default
[2026-05-01 11:31:58] Context Switch: default -> default
[2026-05-01 11:32:02] Context Switch: default -> default
[2026-05-01 11:32:02] Context Switch: default -> default
[2026-05-01 11:32:04] Context Switch: default -> default
[2026-05-01 11:32:06] Context Switch: default -> default
[2026-05-01 11:32:06] Context Switch: default -> default
[2026-05-01 11:32:08] Context Switch: default -> default
[2026-05-01 11:44:17] Context Switch: spp_docs -> spp_docs
[2026-05-01 11:44:17] Context Switch: spp_docs -> spp_docs
[2026-05-01 11:44:18] Context Switch: spp_docs -> default
[2026-05-01 11:44:18] Context Switch: default -> default
[2026-05-01 11:44:18] Context Switch: default -> default
[2026-05-01 11:44:19] Context Switch: default -> spp_docs
[2026-05-01 11:44:20] Context Switch: spp_docs -> spp_docs
[2026-05-01 11:44:20] Context Switch: spp_docs -> spp_docs
[2026-05-01 11:44:21] Context Switch: spp_docs -> default
[2026-05-01 11:44:21] Context Switch: default -> default
[2026-05-01 11:44:21] Context Switch: default -> default
[2026-05-01 11:44:22] Context Switch: default -> spp_docs
[2026-05-01 11:44:43] Context Switch: spp_docs -> spp_docs
[2026-05-01 11:44:43] Context Switch: spp_docs -> spp_docs
[2026-05-01 11:44:45] Context Switch: spp_docs -> default
[2026-05-01 11:44:45] Context Switch: default -> default
[2026-05-01 11:44:47] Context Switch: default -> default
[2026-05-01 11:44:48] Context Switch: default -> spp_docs
[2026-05-01 11:44:50] Context Switch: spp_docs -> spp_docs
[2026-05-01 11:44:50] Context Switch: spp_docs -> spp_docs
[2026-05-01 11:44:50] Context Switch: spp_docs -> spp_docs
[2026-05-01 11:44:50] Context Switch: spp_docs -> spp_docs
[2026-05-01 11:44:50] Context Switch: spp_docs -> default
[2026-05-01 11:44:50] Context Switch: default -> default
[2026-05-01 11:44:50] Context Switch: spp_docs -> default
[2026-05-01 11:44:50] Context Switch: default -> default
[2026-05-01 11:44:51] Context Switch: default -> default
[2026-05-01 11:44:51] Context Switch: default -> default
[2026-05-01 11:44:51] Context Switch: default -> spp_docs
[2026-05-01 11:44:51] Context Switch: default -> spp_docs
[2026-05-01 11:44:52] Context Switch: spp_docs -> __sppadmin__
[2026-05-01 11:44:52] Context Switch: __sppadmin__ -> __sppadmin__
[2026-05-01 11:44:52] Context Switch: __sppadmin__ -> lekhak
[2026-05-01 11:44:53] Context Switch: lekhak -> lekhak
[2026-05-01 11:44:53] Context Switch: lekhak -> lekhak
[2026-05-01 11:44:54] Context Switch: spp_docs -> spp_docs
[2026-05-01 11:44:54] Context Switch: spp_docs -> spp_docs
[2026-05-01 11:44:54] Context Switch: spp_docs -> spp_docs
[2026-05-01 11:44:54] Context Switch: spp_docs -> spp_docs
[2026-05-01 11:44:54] Context Switch: spp_docs -> spp_docs
[2026-05-01 11:44:54] Context Switch: spp_docs -> spp_docs
[2026-05-01 11:44:54] Context Switch: spp_docs -> default
[2026-05-01 11:44:54] Context Switch: spp_docs -> default
[2026-05-01 11:44:54] Context Switch: default -> default
[2026-05-01 11:44:54] Context Switch: default -> default
[2026-05-01 11:44:54] Context Switch: default -> default
[2026-05-01 11:44:54] Context Switch: default -> default
[2026-05-01 11:44:54] Context Switch: spp_docs -> default
[2026-05-01 11:44:54] Context Switch: default -> default
[2026-05-01 11:44:55] Context Switch: default -> spp_docs
[2026-05-01 11:44:55] Context Switch: default -> spp_docs
[2026-05-01 11:44:55] Context Switch: default -> default
[2026-05-01 11:44:56] Context Switch: spp_docs -> __sppadmin__
[2026-05-01 11:44:56] Context Switch: spp_docs -> __sppadmin__
[2026-05-01 11:44:56] Context Switch: __sppadmin__ -> __sppadmin__
[2026-05-01 11:44:56] Context Switch: __sppadmin__ -> default
[2026-05-01 11:44:56] Context Switch: __sppadmin__ -> __sppadmin__
[2026-05-01 11:44:56] Context Switch: __sppadmin__ -> default
[2026-05-01 11:44:56] Context Switch: default -> __sppadmin__
[2026-05-01 11:44:56] Context Switch: __sppadmin__ -> default
[2026-05-01 11:44:56] Context Switch: default -> __sppadmin__
[2026-05-01 11:44:56] Context Switch: __sppadmin__ -> default
[2026-05-01 11:44:56] Context Switch: default -> __sppadmin__
[2026-05-01 11:44:57] Context Switch: default -> __sppadmin__
[2026-05-01 11:44:57] Context Switch: default -> spp_docs
[2026-05-01 11:44:58] Context Switch: spp_docs -> __sppadmin__
[2026-05-01 11:44:58] Context Switch: __sppadmin__ -> __sppadmin__
[2026-05-01 11:44:58] Context Switch: __sppadmin__ -> lekhak
[2026-05-01 11:44:58] Context Switch: lekhak -> lekhak
[2026-05-01 11:44:58] Context Switch: lekhak -> lekhak
[2026-05-01 11:44:59] Context Switch: spp_docs -> spp_docs
[2026-05-01 11:44:59] Context Switch: spp_docs -> spp_docs
[2026-05-01 11:45:00] Context Switch: spp_docs -> default
[2026-05-01 11:45:00] Context Switch: default -> default
[2026-05-01 11:45:01] Context Switch: default -> default
[2026-05-01 11:45:02] Context Switch: default -> spp_docs
[2026-05-01 11:45:03] Context Switch: spp_docs -> __sppadmin__
[2026-05-01 11:45:03] Context Switch: __sppadmin__ -> __sppadmin__
[2026-05-01 11:45:14] Context Switch: spp_docs -> spp_docs
[2026-05-01 11:45:14] Context Switch: spp_docs -> spp_docs
[2026-05-01 11:45:16] Context Switch: spp_docs -> default
[2026-05-01 11:45:16] Context Switch: default -> default
[2026-05-01 11:45:16] Context Switch: default -> default
[2026-05-01 11:45:17] Context Switch: default -> spp_docs
[2026-05-01 11:45:18] Context Switch: spp_docs -> __sppadmin__
[2026-05-01 11:45:18] Context Switch: __sppadmin__ -> __sppadmin__
[2026-05-01 11:45:18] Context Switch: __sppadmin__ -> lekhak
[2026-05-01 11:45:18] Context Switch: lekhak -> lekhak
[2026-05-01 11:45:19] Context Switch: lekhak -> lekhak
[2026-05-01 11:45:39] Context Switch: spp_docs -> spp_docs
[2026-05-01 11:45:40] Context Switch: spp_docs -> spp_docs
[2026-05-01 11:45:41] Context Switch: spp_docs -> default
[2026-05-01 11:45:41] Context Switch: default -> default
[2026-05-01 11:45:41] Context Switch: default -> default
[2026-05-01 11:45:43] Context Switch: default -> spp_docs
[2026-05-01 11:45:44] Context Switch: spp_docs -> __sppadmin__
[2026-05-01 11:45:44] Context Switch: __sppadmin__ -> __sppadmin__
[2026-05-01 11:45:44] Context Switch: __sppadmin__ -> lekhak
[2026-05-01 11:45:44] Context Switch: lekhak -> lekhak
[2026-05-01 11:45:45] Context Switch: lekhak -> lekhak
[2026-05-01 11:46:08] Context Switch: spp_docs -> spp_docs
[2026-05-01 11:46:08] Context Switch: spp_docs -> spp_docs
[2026-05-01 11:46:10] Context Switch: spp_docs -> default
[2026-05-01 11:46:10] Context Switch: default -> default
[2026-05-01 11:46:11] Context Switch: default -> default
[2026-05-01 11:46:12] Context Switch: default -> spp_docs
[2026-05-01 11:46:34] Context Switch: spp_docs -> spp_docs
[2026-05-01 11:46:34] Context Switch: spp_docs -> spp_docs
[2026-05-01 11:46:35] Context Switch: spp_docs -> default
[2026-05-01 11:46:35] Context Switch: default -> default
[2026-05-01 11:46:36] Context Switch: default -> default
[2026-05-01 11:46:37] Context Switch: default -> spp_docs
[2026-05-01 11:46:38] Context Switch: spp_docs -> __sppadmin__
[2026-05-01 11:46:38] Context Switch: __sppadmin__ -> __sppadmin__
[2026-05-01 11:46:38] Context Switch: __sppadmin__ -> lekhak
[2026-05-01 11:46:38] Context Switch: lekhak -> lekhak
[2026-05-01 11:46:39] Context Switch: lekhak -> lekhak
[2026-05-01 11:47:43] Context Switch: spp_docs -> spp_docs
[2026-05-01 11:47:43] Context Switch: spp_docs -> spp_docs
[2026-05-01 11:47:43] Context Switch: spp_docs -> default
[2026-05-01 11:47:44] Context Switch: default -> default
[2026-05-01 11:47:44] Context Switch: default -> default
[2026-05-01 11:47:45] Context Switch: default -> spp_docs
[2026-05-01 11:47:48] Context Switch: spp_docs -> spp_docs
[2026-05-01 11:47:49] Context Switch: spp_docs -> spp_docs
[2026-05-01 11:47:50] Context Switch: spp_docs -> default
[2026-05-01 11:47:50] Context Switch: default -> default
[2026-05-01 11:47:51] Context Switch: default -> default
[2026-05-01 11:47:52] Context Switch: default -> spp_docs
[2026-05-01 11:48:27] Context Switch: spp_docs -> spp_docs
[2026-05-01 11:48:27] Context Switch: spp_docs -> spp_docs
[2026-05-01 11:48:29] Context Switch: spp_docs -> default
[2026-05-01 11:48:29] Context Switch: default -> default
[2026-05-01 11:48:29] Context Switch: default -> default
[2026-05-01 11:48:31] Context Switch: default -> spp_docs
[2026-05-01 11:48:33] Context Switch: spp_docs -> spp_docs
[2026-05-01 11:48:33] Context Switch: spp_docs -> spp_docs
[2026-05-01 11:48:33] Context Switch: spp_docs -> spp_docs
[2026-05-01 11:48:33] Context Switch: spp_docs -> spp_docs
[2026-05-01 11:48:34] Context Switch: spp_docs -> default
[2026-05-01 11:48:34] Context Switch: spp_docs -> default
[2026-05-01 11:48:34] Context Switch: default -> default
[2026-05-01 11:48:34] Context Switch: default -> default
[2026-05-01 11:48:34] Context Switch: default -> default
[2026-05-01 11:48:34] Context Switch: default -> default
[2026-05-01 11:48:35] Context Switch: default -> spp_docs
[2026-05-01 11:48:35] Context Switch: default -> spp_docs
[2026-05-01 11:48:36] Context Switch: spp_docs -> __sppadmin__
[2026-05-01 11:48:36] Context Switch: __sppadmin__ -> __sppadmin__
[2026-05-01 11:48:36] Context Switch: __sppadmin__ -> lekhak
[2026-05-01 11:48:37] Context Switch: lekhak -> lekhak
[2026-05-01 11:48:37] Context Switch: lekhak -> lekhak
[2026-05-01 13:49:32] Context Switch: default -> default
[2026-05-01 13:49:32] Context Switch: default -> default
[2026-05-01 13:49:32] Context Switch: default -> default
[2026-05-01 13:55:45] Context Switch: default -> default
[2026-05-01 13:55:45] Context Switch: default -> default
[2026-05-01 13:55:46] Context Switch: default -> default
[2026-05-01 13:56:17] Context Switch: default -> default
[2026-05-01 13:56:17] Context Switch: default -> default
[2026-05-01 13:56:17] Context Switch: default -> default
[2026-05-01 11:56:41] Context Switch: sppadmin -> sppadmin
[2026-05-01 11:56:41] Context Switch: sppadmin -> sppadmin
[2026-05-01 11:56:41] Context Switch: sppadmin -> default
[2026-05-01 11:56:41] Context Switch: default -> default
[2026-05-01 11:56:41] Context Switch: default -> default
[2026-05-01 11:56:42] Context Switch: default -> sppadmin
[2026-05-01 11:56:43] Context Switch: default -> default
[2026-05-01 11:56:43] Context Switch: default -> default
[2026-05-01 11:56:43] Context Switch: default -> default
[2026-05-01 11:56:43] Context Switch: default -> default
[2026-05-01 11:56:43] Context Switch: default -> default
[2026-05-01 11:56:43] Context Switch: default -> default
[2026-05-01 11:56:44] Context Switch: sppadmin -> sppadmin
[2026-05-01 11:56:44] Context Switch: sppadmin -> sppadmin
[2026-05-01 11:56:44] Context Switch: sppadmin -> default
[2026-05-01 11:56:44] Context Switch: default -> default
[2026-05-01 11:56:44] Context Switch: default -> default
[2026-05-01 11:56:45] Context Switch: default -> sppadmin
[2026-05-01 11:56:52] Context Switch: sppadmin -> sppadmin
[2026-05-01 11:56:52] Context Switch: sppadmin -> sppadmin
[2026-05-01 11:56:52] Context Switch: sppadmin -> default
[2026-05-01 11:56:52] Context Switch: default -> default
[2026-05-01 11:56:53] Context Switch: default -> default
[2026-05-01 11:56:53] Context Switch: default -> sppadmin
[2026-05-01 11:56:55] Context Switch: sppadmin -> sppadmin
[2026-05-01 11:56:55] Context Switch: sppadmin -> sppadmin
[2026-05-01 11:56:55] Context Switch: sppadmin -> sppadmin
[2026-05-01 11:56:55] Context Switch: sppadmin -> sppadmin
[2026-05-01 11:56:55] Context Switch: sppadmin -> default
[2026-05-01 11:56:55] Context Switch: default -> default
[2026-05-01 11:56:55] Context Switch: sppadmin -> default
[2026-05-01 11:56:55] Context Switch: default -> default
[2026-05-01 11:56:55] Context Switch: default -> default
[2026-05-01 11:56:55] Context Switch: default -> default
[2026-05-01 11:56:56] Context Switch: default -> sppadmin
[2026-05-01 11:56:56] Context Switch: default -> sppadmin
[2026-05-01 11:56:56] Context Switch: sppadmin -> __sppadmin__
[2026-05-01 11:56:56] Context Switch: __sppadmin__ -> __sppadmin__
[2026-05-01 11:56:56] Context Switch: __sppadmin__ -> lekhak
[2026-05-01 11:56:56] Context Switch: lekhak -> lekhak
[2026-05-01 11:56:56] Context Switch: lekhak -> lekhak
[2026-05-01 11:56:57] Context Switch: sppadmin -> sppadmin
[2026-05-01 11:56:57] Context Switch: sppadmin -> sppadmin
[2026-05-01 11:56:57] Context Switch: sppadmin -> sppadmin
[2026-05-01 11:56:57] Context Switch: sppadmin -> sppadmin
[2026-05-01 11:56:57] Context Switch: sppadmin -> sppadmin
[2026-05-01 11:56:57] Context Switch: sppadmin -> sppadmin
[2026-05-01 11:56:57] Context Switch: sppadmin -> default
[2026-05-01 11:56:57] Context Switch: sppadmin -> default
[2026-05-01 11:56:57] Context Switch: default -> default
[2026-05-01 11:56:57] Context Switch: default -> default
[2026-05-01 11:56:57] Context Switch: default -> default
[2026-05-01 11:56:57] Context Switch: default -> default
[2026-05-01 11:56:57] Context Switch: sppadmin -> default
[2026-05-01 11:56:57] Context Switch: default -> default
[2026-05-01 11:56:57] Context Switch: default -> sppadmin
[2026-05-01 11:56:57] Context Switch: default -> sppadmin
[2026-05-01 11:56:57] Context Switch: default -> default
[2026-05-01 11:56:57] Context Switch: sppadmin -> __sppadmin__
[2026-05-01 11:56:57] Context Switch: sppadmin -> __sppadmin__
[2026-05-01 11:56:57] Context Switch: __sppadmin__ -> __sppadmin__
[2026-05-01 11:56:57] Context Switch: __sppadmin__ -> __sppadmin__
[2026-05-01 11:56:57] Context Switch: __sppadmin__ -> lekhak
[2026-05-01 11:56:57] Context Switch: __sppadmin__ -> lekhak
[2026-05-01 11:56:58] Context Switch: lekhak -> lekhak
[2026-05-01 11:56:58] Context Switch: lekhak -> lekhak
[2026-05-01 11:56:58] Context Switch: lekhak -> __sppadmin__
[2026-05-01 11:56:58] Context Switch: __sppadmin__ -> lekhak
[2026-05-01 11:56:58] Context Switch: default -> sppadmin
[2026-05-01 11:56:58] Context Switch: lekhak -> __sppadmin__
[2026-05-01 11:56:58] Context Switch: lekhak -> __sppadmin__
[2026-05-01 11:56:58] Context Switch: __sppadmin__ -> lekhak
[2026-05-01 11:56:58] Context Switch: lekhak -> __sppadmin__
[2026-05-01 11:56:58] Context Switch: sppadmin -> __sppadmin__
[2026-05-01 11:56:58] Context Switch: __sppadmin__ -> __sppadmin__
[2026-05-01 11:56:58] Context Switch: __sppadmin__ -> lekhak
[2026-05-01 11:56:58] Context Switch: lekhak -> lekhak
[2026-05-01 11:56:58] Context Switch: lekhak -> lekhak
[2026-05-01 11:56:59] Context Switch: sppadmin -> sppadmin
[2026-05-01 11:56:59] Context Switch: sppadmin -> sppadmin
[2026-05-01 11:56:59] Context Switch: sppadmin -> default
[2026-05-01 11:56:59] Context Switch: default -> default
[2026-05-01 11:56:59] Context Switch: default -> default
[2026-05-01 11:57:00] Context Switch: default -> sppadmin
[2026-05-01 11:57:00] Context Switch: sppadmin -> __sppadmin__
[2026-05-01 11:57:00] Context Switch: __sppadmin__ -> __sppadmin__
[2026-05-01 11:57:25] Context Switch: sppadmin -> sppadmin
[2026-05-01 11:57:25] Context Switch: sppadmin -> sppadmin
[2026-05-01 11:57:25] Context Switch: sppadmin -> default
[2026-05-01 11:57:25] Context Switch: default -> default
[2026-05-01 11:57:26] Context Switch: default -> default
[2026-05-01 11:57:26] Context Switch: default -> sppadmin
[2026-05-01 11:57:27] Context Switch: sppadmin -> __sppadmin__
[2026-05-01 11:57:27] Context Switch: __sppadmin__ -> __sppadmin__
[2026-05-01 11:57:27] Context Switch: __sppadmin__ -> lekhak
[2026-05-01 11:57:27] Context Switch: lekhak -> lekhak
[2026-05-01 11:57:28] Context Switch: lekhak -> lekhak
[2026-05-01 11:58:42] Context Switch: sppadmin -> sppadmin
[2026-05-01 11:58:42] Context Switch: sppadmin -> sppadmin
[2026-05-01 11:58:42] Context Switch: sppadmin -> sppadmin
[2026-05-01 11:58:42] Context Switch: sppadmin -> sppadmin
[2026-05-01 11:58:42] Context Switch: sppadmin -> sppadmin
[2026-05-01 11:58:42] Context Switch: sppadmin -> sppadmin
[2026-05-01 11:58:42] Context Switch: sppadmin -> default
[2026-05-01 11:58:42] Context Switch: sppadmin -> default
[2026-05-01 11:58:42] Context Switch: sppadmin -> default
[2026-05-01 11:58:42] Context Switch: default -> default
[2026-05-01 11:58:42] Context Switch: default -> default
[2026-05-01 11:58:42] Context Switch: default -> default
[2026-05-01 11:58:42] Context Switch: default -> default
[2026-05-01 11:58:42] Context Switch: default -> default
[2026-05-01 11:58:42] Context Switch: default -> default
[2026-05-01 11:58:42] Context Switch: default -> sppadmin
[2026-05-01 11:58:42] Context Switch: default -> sppadmin
[2026-05-01 11:58:43] Context Switch: default -> sppadmin
[2026-05-01 11:58:43] Context Switch: sppadmin -> __sppadmin__
[2026-05-01 11:58:43] Context Switch: sppadmin -> __sppadmin__
[2026-05-01 11:58:43] Context Switch: sppadmin -> __sppadmin__
[2026-05-01 11:58:43] Context Switch: __sppadmin__ -> __sppadmin__
[2026-05-01 11:58:43] Context Switch: __sppadmin__ -> __sppadmin__
[2026-05-01 11:58:43] Context Switch: __sppadmin__ -> __sppadmin__
[2026-05-01 11:58:43] Context Switch: __sppadmin__ -> lekhak
[2026-05-01 11:58:43] Context Switch: __sppadmin__ -> lekhak
[2026-05-01 11:58:43] Context Switch: lekhak -> lekhak
[2026-05-01 11:58:43] Context Switch: lekhak -> lekhak
[2026-05-01 11:58:43] Context Switch: __sppadmin__ -> lekhak
[2026-05-01 11:58:43] Context Switch: lekhak -> lekhak
[2026-05-01 11:58:43] Context Switch: lekhak -> __sppadmin__
[2026-05-01 11:58:44] Context Switch: __sppadmin__ -> lekhak
[2026-05-01 11:58:44] Context Switch: lekhak -> __sppadmin__
[2026-05-01 11:58:44] Context Switch: lekhak -> lekhak
[2026-05-01 11:58:44] Context Switch: lekhak -> __sppadmin__
[2026-05-01 11:58:44] Context Switch: __sppadmin__ -> lekhak
[2026-05-01 11:58:44] Context Switch: lekhak -> __sppadmin__
[2026-05-01 11:58:44] Context Switch: sppadmin -> sppadmin
[2026-05-01 11:58:44] Context Switch: sppadmin -> sppadmin
[2026-05-01 11:58:45] Context Switch: sppadmin -> default
[2026-05-01 11:58:45] Context Switch: default -> default
[2026-05-01 11:58:45] Context Switch: default -> default
[2026-05-01 11:58:45] Context Switch: default -> sppadmin
[2026-05-01 11:58:46] Context Switch: sppadmin -> __sppadmin__
[2026-05-01 11:58:46] Context Switch: __sppadmin__ -> __sppadmin__
[2026-05-01 11:59:06] Context Switch: sppadmin -> sppadmin
[2026-05-01 11:59:06] Context Switch: sppadmin -> sppadmin
[2026-05-01 11:59:07] Context Switch: sppadmin -> default
[2026-05-01 11:59:07] Context Switch: default -> default
[2026-05-01 11:59:07] Context Switch: default -> default
[2026-05-01 11:59:09] Context Switch: default -> sppadmin
[2026-05-01 11:59:10] Context Switch: sppadmin -> __sppadmin__
[2026-05-01 11:59:10] Context Switch: __sppadmin__ -> __sppadmin__
[2026-05-01 11:59:23] Context Switch: sppadmin -> sppadmin
[2026-05-01 11:59:23] Context Switch: sppadmin -> sppadmin
[2026-05-01 11:59:24] Context Switch: sppadmin -> default
[2026-05-01 11:59:24] Context Switch: default -> default
[2026-05-01 11:59:24] Context Switch: default -> default
[2026-05-01 11:59:25] Context Switch: default -> sppadmin
[2026-05-01 11:59:25] Context Switch: sppadmin -> __sppadmin__
[2026-05-01 11:59:25] Context Switch: __sppadmin__ -> __sppadmin__
[2026-05-01 14:09:03] Context Switch: default -> default
[2026-05-01 14:09:03] Context Switch: default -> default
[2026-05-01 14:09:03] Context Switch: default -> default
[2026-05-01 14:09:16] Context Switch: default -> default
[2026-05-01 14:09:16] Context Switch: default -> default
[2026-05-01 14:09:16] Context Switch: default -> default
[2026-05-01 14:09:17] Context Switch: default -> lekhak
[2026-05-01 14:09:17] Context Switch: lekhak -> lekhak
[2026-05-01 14:09:17] Context Switch: lekhak -> lekhak
[2026-05-01 14:09:17] Context Switch: lekhak -> lekhak
[2026-05-01 14:09:27] Context Switch: default -> default
[2026-05-01 14:09:27] Context Switch: default -> default
[2026-05-01 14:09:28] Context Switch: default -> default
[2026-05-01 14:09:29] Context Switch: default -> lekhak
[2026-05-01 14:09:29] Context Switch: lekhak -> lekhak
[2026-05-01 14:09:29] Context Switch: lekhak -> lekhak
[2026-05-01 14:09:29] Context Switch: lekhak -> lekhak
[2026-05-01 14:09:52] Context Switch: default -> default
[2026-05-01 14:09:52] Context Switch: default -> default
[2026-05-01 14:09:52] Context Switch: default -> default
[2026-05-01 14:09:53] Context Switch: default -> lekhak
[2026-05-01 14:09:53] Context Switch: lekhak -> lekhak
[2026-05-01 14:09:53] Context Switch: lekhak -> lekhak
[2026-05-01 14:09:53] Context Switch: lekhak -> lekhak
[2026-05-01 12:10:18] Context Switch: sppadmin -> sppadmin
[2026-05-01 12:10:18] Context Switch: sppadmin -> sppadmin
[2026-05-01 12:10:18] Context Switch: sppadmin -> default
[2026-05-01 12:10:18] Context Switch: default -> default
[2026-05-01 12:10:19] Context Switch: default -> default
[2026-05-01 12:10:19] Context Switch: default -> sppadmin
[2026-05-01 12:10:20] Context Switch: default -> default
[2026-05-01 12:10:20] Context Switch: default -> default
[2026-05-01 12:10:20] Context Switch: default -> default
[2026-05-01 12:10:20] Context Switch: default -> default
[2026-05-01 12:10:20] Context Switch: default -> default
[2026-05-01 12:10:20] Context Switch: default -> default
[2026-05-01 12:10:21] Context Switch: sppadmin -> sppadmin
[2026-05-01 12:10:21] Context Switch: sppadmin -> sppadmin
[2026-05-01 12:10:21] Context Switch: sppadmin -> default
[2026-05-01 12:10:21] Context Switch: default -> default
[2026-05-01 12:10:21] Context Switch: default -> default
[2026-05-01 12:10:22] Context Switch: default -> sppadmin
[2026-05-01 12:10:38] Context Switch: sppadmin -> sppadmin
[2026-05-01 12:10:38] Context Switch: sppadmin -> sppadmin
[2026-05-01 12:10:39] Context Switch: sppadmin -> default
[2026-05-01 12:10:39] Context Switch: default -> default
[2026-05-01 12:10:39] Context Switch: default -> default
[2026-05-01 12:10:39] Context Switch: default -> sppadmin
[2026-05-01 12:10:40] Context Switch: sppadmin -> sppadmin
[2026-05-01 12:10:40] Context Switch: sppadmin -> sppadmin
[2026-05-01 12:10:40] Context Switch: sppadmin -> sppadmin
[2026-05-01 12:10:40] Context Switch: sppadmin -> sppadmin
[2026-05-01 12:10:40] Context Switch: sppadmin -> default
[2026-05-01 12:10:40] Context Switch: default -> default
[2026-05-01 12:10:40] Context Switch: sppadmin -> default
[2026-05-01 12:10:40] Context Switch: default -> default
[2026-05-01 12:10:40] Context Switch: default -> default
[2026-05-01 12:10:41] Context Switch: default -> default
[2026-05-01 12:10:41] Context Switch: default -> sppadmin
[2026-05-01 12:10:41] Context Switch: default -> sppadmin
[2026-05-01 12:10:41] Context Switch: sppadmin -> __sppadmin__
[2026-05-01 12:10:41] Context Switch: __sppadmin__ -> __sppadmin__
[2026-05-01 12:10:41] Context Switch: __sppadmin__ -> lekhak
[2026-05-01 12:10:41] Context Switch: lekhak -> lekhak
[2026-05-01 12:10:42] Context Switch: lekhak -> lekhak
[2026-05-01 12:10:42] Context Switch: sppadmin -> sppadmin
[2026-05-01 12:10:42] Context Switch: sppadmin -> sppadmin
[2026-05-01 12:10:42] Context Switch: sppadmin -> default
[2026-05-01 12:10:42] Context Switch: default -> default
[2026-05-01 12:10:43] Context Switch: default -> default
[2026-05-01 12:10:43] Context Switch: default -> sppadmin
[2026-05-01 12:10:44] Context Switch: sppadmin -> __sppadmin__
[2026-05-01 12:10:44] Context Switch: __sppadmin__ -> __sppadmin__
[2026-05-01 12:11:16] Context Switch: sppadmin -> sppadmin
[2026-05-01 12:11:16] Context Switch: sppadmin -> sppadmin
[2026-05-01 12:11:16] Context Switch: sppadmin -> default
[2026-05-01 12:11:16] Context Switch: default -> default
[2026-05-01 12:11:17] Context Switch: default -> default
[2026-05-01 12:11:17] Context Switch: default -> sppadmin
[2026-05-01 12:11:17] Context Switch: sppadmin -> __sppadmin__
[2026-05-01 12:11:17] Context Switch: __sppadmin__ -> __sppadmin__
[2026-05-01 12:11:26] Context Switch: sppadmin -> sppadmin
[2026-05-01 12:11:26] Context Switch: sppadmin -> sppadmin
[2026-05-01 12:11:26] Context Switch: sppadmin -> default
[2026-05-01 12:11:26] Context Switch: default -> default
[2026-05-01 12:11:26] Context Switch: default -> default
[2026-05-01 12:11:27] Context Switch: default -> sppadmin
[2026-05-01 12:11:27] Context Switch: sppadmin -> __sppadmin__
[2026-05-01 12:11:27] Context Switch: __sppadmin__ -> __sppadmin__
[2026-05-01 12:13:59] Context Switch: default -> default
[2026-05-01 12:13:59] Context Switch: default -> default
[2026-05-01 12:14:00] Context Switch: default -> default
[2026-05-01 12:14:07] Context Switch: sppadmin -> sppadmin
[2026-05-01 12:14:07] Context Switch: sppadmin -> sppadmin
[2026-05-01 12:14:07] Context Switch: sppadmin -> default
[2026-05-01 12:14:07] Context Switch: default -> default
[2026-05-01 12:14:07] Context Switch: default -> default
[2026-05-01 12:14:08] Context Switch: default -> sppadmin
[2026-05-01 12:14:08] Context Switch: sppadmin -> __sppadmin__
[2026-05-01 12:14:08] Context Switch: __sppadmin__ -> __sppadmin__
[2026-05-01 12:18:31] Context Switch: sppadmin -> sppadmin
[2026-05-01 12:18:31] Context Switch: sppadmin -> sppadmin
[2026-05-01 12:18:31] Context Switch: sppadmin -> default
[2026-05-01 12:18:31] Context Switch: default -> default
[2026-05-01 12:18:33] Context Switch: default -> default
[2026-05-01 12:18:33] Context Switch: default -> sppadmin
[2026-05-01 12:18:34] Context Switch: sppadmin -> __sppadmin__
[2026-05-01 12:18:34] Context Switch: __sppadmin__ -> __sppadmin__
[2026-05-01 12:21:08] Context Switch: sppadmin -> sppadmin
[2026-05-01 12:21:08] Context Switch: sppadmin -> sppadmin
[2026-05-01 12:21:09] Context Switch: sppadmin -> default
[2026-05-01 12:21:09] Context Switch: default -> default
[2026-05-01 12:21:09] Context Switch: default -> default
[2026-05-01 12:21:09] Context Switch: default -> sppadmin
[2026-05-01 12:21:10] Context Switch: sppadmin -> __sppadmin__
[2026-05-01 12:21:10] Context Switch: __sppadmin__ -> __sppadmin__
[2026-05-01 12:21:16] Context Switch: sppadmin -> sppadmin
[2026-05-01 12:21:17] Context Switch: sppadmin -> sppadmin
[2026-05-01 12:21:17] Context Switch: sppadmin -> default
[2026-05-01 12:21:17] Context Switch: default -> default
[2026-05-01 12:21:17] Context Switch: default -> default
[2026-05-01 12:21:17] Context Switch: default -> sppadmin
[2026-05-01 12:21:18] Context Switch: default -> default
[2026-05-01 12:21:18] Context Switch: default -> default
[2026-05-01 12:21:18] Context Switch: default -> default
[2026-05-01 12:21:18] Context Switch: default -> default
[2026-05-01 12:21:18] Context Switch: default -> default
[2026-05-01 12:21:18] Context Switch: default -> default
[2026-05-01 12:21:19] Context Switch: sppadmin -> sppadmin
[2026-05-01 12:21:19] Context Switch: sppadmin -> sppadmin
[2026-05-01 12:21:19] Context Switch: sppadmin -> default
[2026-05-01 12:21:19] Context Switch: default -> default
[2026-05-01 12:21:20] Context Switch: default -> default
[2026-05-01 12:21:20] Context Switch: default -> sppadmin
[2026-05-01 12:21:30] Context Switch: sppadmin -> sppadmin
[2026-05-01 12:21:30] Context Switch: sppadmin -> sppadmin
[2026-05-01 12:21:31] Context Switch: sppadmin -> default
[2026-05-01 12:21:31] Context Switch: default -> default
[2026-05-01 12:21:31] Context Switch: default -> default
[2026-05-01 12:21:32] Context Switch: default -> sppadmin
[2026-05-01 12:21:32] Context Switch: sppadmin -> sppadmin
[2026-05-01 12:21:32] Context Switch: sppadmin -> sppadmin
[2026-05-01 12:21:32] Context Switch: sppadmin -> sppadmin
[2026-05-01 12:21:32] Context Switch: sppadmin -> sppadmin
[2026-05-01 12:21:32] Context Switch: sppadmin -> default
[2026-05-01 12:21:32] Context Switch: default -> default
[2026-05-01 12:21:33] Context Switch: sppadmin -> default
[2026-05-01 12:21:33] Context Switch: default -> default
[2026-05-01 12:21:33] Context Switch: default -> default
[2026-05-01 12:21:33] Context Switch: default -> default
[2026-05-01 12:21:33] Context Switch: default -> sppadmin
[2026-05-01 12:21:33] Context Switch: default -> sppadmin
[2026-05-01 12:21:33] Context Switch: sppadmin -> __sppadmin__
[2026-05-01 12:21:33] Context Switch: __sppadmin__ -> __sppadmin__
[2026-05-01 12:21:33] Context Switch: __sppadmin__ -> lekhak
[2026-05-01 12:21:34] Context Switch: lekhak -> lekhak
[2026-05-01 12:21:34] Context Switch: lekhak -> lekhak
[2026-05-01 12:21:34] Context Switch: default -> default
[2026-05-01 12:21:34] Context Switch: default -> default
[2026-05-01 12:21:35] Context Switch: default -> default
[2026-05-01 12:21:35] Context Switch: default -> default
[2026-05-01 12:21:35] Context Switch: default -> default
[2026-05-01 12:21:36] Context Switch: default -> default
[2026-05-01 12:24:42] Context Switch: default -> default
[2026-05-01 12:24:42] Context Switch: default -> default
[2026-05-01 12:24:43] Context Switch: default -> default
[2026-05-01 12:24:44] Context Switch: sppadmin -> sppadmin
[2026-05-01 12:24:44] Context Switch: sppadmin -> sppadmin
[2026-05-01 12:24:44] Context Switch: sppadmin -> default
[2026-05-01 12:24:44] Context Switch: default -> default
[2026-05-01 12:24:46] Context Switch: default -> default
[2026-05-01 12:24:47] Context Switch: default -> sppadmin
[2026-05-01 12:24:47] Context Switch: sppadmin -> __sppadmin__
[2026-05-01 12:24:47] Context Switch: __sppadmin__ -> __sppadmin__
[2026-05-01 12:24:47] Context Switch: __sppadmin__ -> lekhak
[2026-05-01 12:24:47] Context Switch: lekhak -> lekhak
[2026-05-01 12:24:47] Context Switch: lekhak -> __sppadmin__
[2026-05-01 12:24:59] Context Switch: default -> default
[2026-05-01 12:24:59] Context Switch: default -> default
[2026-05-01 12:25:00] Context Switch: default -> default
[2026-05-01 12:25:01] Context Switch: sppadmin -> sppadmin
[2026-05-01 12:25:01] Context Switch: sppadmin -> sppadmin
[2026-05-01 12:25:01] Context Switch: sppadmin -> sppadmin
[2026-05-01 12:25:01] Context Switch: sppadmin -> sppadmin
[2026-05-01 12:25:01] Context Switch: sppadmin -> default
[2026-05-01 12:25:01] Context Switch: default -> default
[2026-05-01 12:25:01] Context Switch: sppadmin -> default
[2026-05-01 12:25:01] Context Switch: default -> default
[2026-05-01 12:25:01] Context Switch: default -> default
[2026-05-01 12:25:01] Context Switch: default -> default
[2026-05-01 12:25:02] Context Switch: default -> sppadmin
[2026-05-01 12:25:02] Context Switch: default -> sppadmin
[2026-05-01 12:25:02] Context Switch: sppadmin -> __sppadmin__
[2026-05-01 12:25:02] Context Switch: __sppadmin__ -> __sppadmin__
[2026-05-01 12:25:02] Context Switch: sppadmin -> __sppadmin__
[2026-05-01 12:25:02] Context Switch: __sppadmin__ -> __sppadmin__
[2026-05-01 12:25:50] Context Switch: default -> default
[2026-05-01 12:25:50] Context Switch: default -> default
[2026-05-01 12:25:51] Context Switch: default -> default
[2026-05-01 12:25:52] Context Switch: sppadmin -> sppadmin
[2026-05-01 12:25:52] Context Switch: sppadmin -> sppadmin
[2026-05-01 12:25:54] Context Switch: sppadmin -> default
[2026-05-01 12:25:54] Context Switch: default -> default
[2026-05-01 12:25:55] Context Switch: default -> default
[2026-05-01 12:25:55] Context Switch: default -> sppadmin
[2026-05-01 12:25:55] Context Switch: sppadmin -> __sppadmin__
[2026-05-01 12:25:55] Context Switch: __sppadmin__ -> __sppadmin__
[2026-05-01 12:25:55] Context Switch: __sppadmin__ -> lekhak
[2026-05-01 12:25:55] Context Switch: lekhak -> lekhak
[2026-05-01 12:25:56] Context Switch: lekhak -> lekhak
[2026-05-01 12:26:09] Context Switch: default -> default
[2026-05-01 12:26:09] Context Switch: default -> default
[2026-05-01 12:26:10] Context Switch: default -> default
[2026-05-01 12:26:11] Context Switch: sppadmin -> sppadmin
[2026-05-01 12:26:11] Context Switch: sppadmin -> sppadmin
[2026-05-01 12:26:11] Context Switch: sppadmin -> default
[2026-05-01 12:26:11] Context Switch: default -> default
[2026-05-01 12:26:12] Context Switch: default -> default
[2026-05-01 12:26:12] Context Switch: default -> sppadmin
[2026-05-01 12:26:12] Context Switch: sppadmin -> __sppadmin__
[2026-05-01 12:26:12] Context Switch: __sppadmin__ -> __sppadmin__
[2026-05-01 14:31:18] Context Switch: default -> default
[2026-05-01 14:31:18] Context Switch: default -> default
[2026-05-01 14:31:18] Context Switch: default -> default
[2026-05-01 14:31:38] Context Switch: default -> default
[2026-05-01 14:31:38] Context Switch: default -> default
[2026-05-01 14:31:39] Context Switch: default -> default
[2026-05-01 12:42:46] Context Switch: default -> default
[2026-05-01 12:42:46] Context Switch: default -> default
[2026-05-01 12:42:48] Context Switch: default -> default
[2026-05-01 12:42:49] Context Switch: sppadmin -> sppadmin
[2026-05-01 12:42:49] Context Switch: sppadmin -> sppadmin
[2026-05-01 12:42:49] Context Switch: sppadmin -> sppadmin
[2026-05-01 12:42:49] Context Switch: sppadmin -> sppadmin
[2026-05-01 12:42:49] Context Switch: sppadmin -> sppadmin
[2026-05-01 12:42:49] Context Switch: sppadmin -> sppadmin
[2026-05-01 12:42:49] Context Switch: sppadmin -> default
[2026-05-01 12:42:49] Context Switch: sppadmin -> default
[2026-05-01 12:42:49] Context Switch: default -> default
[2026-05-01 12:42:49] Context Switch: default -> default
[2026-05-01 12:42:49] Context Switch: sppadmin -> default
[2026-05-01 12:42:49] Context Switch: default -> default
[2026-05-01 12:42:49] Context Switch: default -> default
[2026-05-01 12:42:49] Context Switch: default -> default
[2026-05-01 12:42:50] Context Switch: default -> sppadmin
[2026-05-01 12:42:50] Context Switch: default -> sppadmin
[2026-05-01 12:42:50] Context Switch: default -> default
[2026-05-01 12:42:50] Context Switch: sppadmin -> __sppadmin__
[2026-05-01 12:42:50] Context Switch: sppadmin -> __sppadmin__
[2026-05-01 12:42:50] Context Switch: __sppadmin__ -> __sppadmin__
[2026-05-01 12:42:50] Context Switch: __sppadmin__ -> lekhak
[2026-05-01 12:42:50] Context Switch: __sppadmin__ -> __sppadmin__
[2026-05-01 12:42:50] Context Switch: __sppadmin__ -> lekhak
[2026-05-01 12:42:50] Context Switch: lekhak -> lekhak
[2026-05-01 12:42:50] Context Switch: lekhak -> lekhak
[2026-05-01 12:42:50] Context Switch: default -> sppadmin
[2026-05-01 12:42:50] Context Switch: lekhak -> __sppadmin__
[2026-05-01 12:42:50] Context Switch: __sppadmin__ -> lekhak
[2026-05-01 12:42:50] Context Switch: lekhak -> __sppadmin__
[2026-05-01 12:42:50] Context Switch: lekhak -> __sppadmin__
[2026-05-01 12:42:50] Context Switch: __sppadmin__ -> lekhak
[2026-05-01 12:42:50] Context Switch: lekhak -> __sppadmin__
[2026-05-01 12:42:50] Context Switch: sppadmin -> __sppadmin__
[2026-05-01 12:42:50] Context Switch: __sppadmin__ -> __sppadmin__
[2026-05-01 12:42:51] Context Switch: __sppadmin__ -> lekhak
[2026-05-01 12:42:51] Context Switch: lekhak -> lekhak
[2026-05-01 12:42:51] Context Switch: lekhak -> lekhak
[2026-05-01 12:42:51] Context Switch: sppadmin -> sppadmin
[2026-05-01 12:42:51] Context Switch: sppadmin -> sppadmin
[2026-05-01 12:42:51] Context Switch: sppadmin -> default
[2026-05-01 12:42:51] Context Switch: default -> default
[2026-05-01 12:42:52] Context Switch: default -> default
[2026-05-01 12:42:52] Context Switch: default -> sppadmin
[2026-05-01 12:42:52] Context Switch: sppadmin -> __sppadmin__
[2026-05-01 12:42:53] Context Switch: __sppadmin__ -> __sppadmin__
[2026-05-01 12:42:54] Context Switch: sppadmin -> sppadmin
[2026-05-01 12:42:54] Context Switch: sppadmin -> sppadmin
[2026-05-01 12:42:55] Context Switch: sppadmin -> default
[2026-05-01 12:42:55] Context Switch: default -> default
[2026-05-01 12:42:55] Context Switch: default -> default
[2026-05-01 12:42:55] Context Switch: default -> sppadmin
[2026-05-01 12:42:56] Context Switch: default -> default
[2026-05-01 12:42:56] Context Switch: default -> default
[2026-05-01 12:42:56] Context Switch: default -> default
[2026-05-01 12:42:56] Context Switch: default -> default
[2026-05-01 12:42:56] Context Switch: default -> default
[2026-05-01 12:42:56] Context Switch: default -> default
[2026-05-01 12:42:57] Context Switch: sppadmin -> sppadmin
[2026-05-01 12:42:57] Context Switch: sppadmin -> sppadmin
[2026-05-01 12:42:57] Context Switch: sppadmin -> default
[2026-05-01 12:42:57] Context Switch: default -> default
[2026-05-01 12:42:58] Context Switch: default -> default
[2026-05-01 12:42:58] Context Switch: default -> sppadmin
[2026-05-01 12:43:10] Context Switch: sppadmin -> sppadmin
[2026-05-01 12:43:10] Context Switch: sppadmin -> sppadmin
[2026-05-01 12:43:11] Context Switch: sppadmin -> default
[2026-05-01 12:43:11] Context Switch: default -> default
[2026-05-01 12:43:11] Context Switch: default -> default
[2026-05-01 12:43:11] Context Switch: default -> sppadmin
[2026-05-01 12:43:12] Context Switch: sppadmin -> sppadmin
[2026-05-01 12:43:12] Context Switch: sppadmin -> sppadmin
[2026-05-01 12:43:12] Context Switch: sppadmin -> sppadmin
[2026-05-01 12:43:12] Context Switch: sppadmin -> sppadmin
[2026-05-01 12:43:12] Context Switch: sppadmin -> default
[2026-05-01 12:43:12] Context Switch: sppadmin -> default
[2026-05-01 12:43:12] Context Switch: default -> default
[2026-05-01 12:43:12] Context Switch: default -> default
[2026-05-01 12:43:12] Context Switch: default -> default
[2026-05-01 12:43:12] Context Switch: default -> default
[2026-05-01 12:43:12] Context Switch: default -> sppadmin
[2026-05-01 12:43:12] Context Switch: default -> sppadmin
[2026-05-01 12:43:13] Context Switch: sppadmin -> __sppadmin__
[2026-05-01 12:43:13] Context Switch: __sppadmin__ -> __sppadmin__
[2026-05-01 12:43:13] Context Switch: __sppadmin__ -> lekhak
[2026-05-01 12:43:13] Context Switch: lekhak -> lekhak
[2026-05-01 12:43:13] Context Switch: lekhak -> lekhak
[2026-05-01 12:43:13] Context Switch: default -> default
[2026-05-01 12:43:13] Context Switch: default -> default
[2026-05-01 12:43:14] Context Switch: default -> default
[2026-05-01 12:43:15] Context Switch: sppadmin -> sppadmin
[2026-05-01 12:43:15] Context Switch: sppadmin -> sppadmin
[2026-05-01 12:43:15] Context Switch: sppadmin -> sppadmin
[2026-05-01 12:43:15] Context Switch: sppadmin -> sppadmin
[2026-05-01 12:43:15] Context Switch: sppadmin -> sppadmin
[2026-05-01 12:43:15] Context Switch: sppadmin -> sppadmin
[2026-05-01 12:43:15] Context Switch: sppadmin -> default
[2026-05-01 12:43:15] Context Switch: sppadmin -> default
[2026-05-01 12:43:15] Context Switch: sppadmin -> default
[2026-05-01 12:43:15] Context Switch: default -> default
[2026-05-01 12:43:15] Context Switch: default -> default
[2026-05-01 12:43:15] Context Switch: default -> default
[2026-05-01 12:43:15] Context Switch: default -> default
[2026-05-01 12:43:15] Context Switch: default -> default
[2026-05-01 12:43:15] Context Switch: default -> default
[2026-05-01 12:43:15] Context Switch: default -> sppadmin
[2026-05-01 12:43:15] Context Switch: default -> sppadmin
[2026-05-01 12:43:15] Context Switch: sppadmin -> __sppadmin__
[2026-05-01 12:43:15] Context Switch: sppadmin -> __sppadmin__
[2026-05-01 12:43:15] Context Switch: default -> sppadmin
[2026-05-01 12:43:15] Context Switch: __sppadmin__ -> __sppadmin__
[2026-05-01 12:43:15] Context Switch: __sppadmin__ -> __sppadmin__
[2026-05-01 12:43:15] Context Switch: __sppadmin__ -> lekhak
[2026-05-01 12:43:15] Context Switch: __sppadmin__ -> lekhak
[2026-05-01 12:43:16] Context Switch: lekhak -> lekhak
[2026-05-01 12:43:16] Context Switch: lekhak -> lekhak
[2026-05-01 12:43:16] Context Switch: lekhak -> __sppadmin__
[2026-05-01 12:43:16] Context Switch: __sppadmin__ -> lekhak
[2026-05-01 12:43:16] Context Switch: lekhak -> __sppadmin__
[2026-05-01 12:43:16] Context Switch: sppadmin -> __sppadmin__
[2026-05-01 12:43:16] Context Switch: lekhak -> __sppadmin__
[2026-05-01 12:43:16] Context Switch: __sppadmin__ -> __sppadmin__
[2026-05-01 12:43:16] Context Switch: __sppadmin__ -> lekhak
[2026-05-01 12:43:16] Context Switch: lekhak -> __sppadmin__
[2026-05-01 12:43:16] Context Switch: __sppadmin__ -> lekhak
[2026-05-01 12:43:16] Context Switch: lekhak -> lekhak
[2026-05-01 12:43:16] Context Switch: lekhak -> lekhak
[2026-05-01 12:43:17] Context Switch: sppadmin -> sppadmin
[2026-05-01 12:43:17] Context Switch: sppadmin -> sppadmin
[2026-05-01 12:43:17] Context Switch: sppadmin -> default
[2026-05-01 12:43:17] Context Switch: default -> default
[2026-05-01 12:43:17] Context Switch: default -> default
[2026-05-01 12:43:18] Context Switch: default -> sppadmin
[2026-05-01 12:43:18] Context Switch: sppadmin -> __sppadmin__
[2026-05-01 12:43:18] Context Switch: __sppadmin__ -> __sppadmin__
[2026-05-01 12:47:43] Context Switch: sppadmin -> sppadmin
[2026-05-01 12:47:43] Context Switch: sppadmin -> sppadmin
[2026-05-01 12:47:43] Context Switch: sppadmin -> default
[2026-05-01 12:47:43] Context Switch: default -> default
[2026-05-01 12:47:44] Context Switch: default -> default
[2026-05-01 12:47:44] Context Switch: default -> sppadmin
[2026-05-01 12:47:45] Context Switch: default -> default
[2026-05-01 12:47:45] Context Switch: default -> default
[2026-05-01 12:47:45] Context Switch: default -> default
[2026-05-01 12:47:45] Context Switch: default -> default
[2026-05-01 12:47:45] Context Switch: default -> default
[2026-05-01 12:47:45] Context Switch: default -> default
[2026-05-01 12:47:46] Context Switch: sppadmin -> sppadmin
[2026-05-01 12:47:46] Context Switch: sppadmin -> sppadmin
[2026-05-01 12:47:46] Context Switch: sppadmin -> default
[2026-05-01 12:47:46] Context Switch: default -> default
[2026-05-01 12:47:47] Context Switch: default -> default
[2026-05-01 12:47:47] Context Switch: default -> sppadmin
[2026-05-01 12:47:58] Context Switch: sppadmin -> sppadmin
[2026-05-01 12:47:58] Context Switch: sppadmin -> sppadmin
[2026-05-01 12:47:58] Context Switch: sppadmin -> default
[2026-05-01 12:47:58] Context Switch: default -> default
[2026-05-01 12:47:59] Context Switch: default -> default
[2026-05-01 12:47:59] Context Switch: default -> sppadmin
[2026-05-01 12:48:00] Context Switch: sppadmin -> sppadmin
[2026-05-01 12:48:00] Context Switch: sppadmin -> sppadmin
[2026-05-01 12:48:00] Context Switch: sppadmin -> sppadmin
[2026-05-01 12:48:00] Context Switch: sppadmin -> sppadmin
[2026-05-01 12:48:00] Context Switch: sppadmin -> default
[2026-05-01 12:48:00] Context Switch: default -> default
[2026-05-01 12:48:00] Context Switch: sppadmin -> default
[2026-05-01 12:48:00] Context Switch: default -> default
[2026-05-01 12:48:00] Context Switch: default -> default
[2026-05-01 12:48:00] Context Switch: default -> default
[2026-05-01 12:48:00] Context Switch: default -> sppadmin
[2026-05-01 12:48:00] Context Switch: default -> sppadmin
[2026-05-01 12:48:01] Context Switch: sppadmin -> __sppadmin__
[2026-05-01 12:48:01] Context Switch: __sppadmin__ -> __sppadmin__
[2026-05-01 12:48:01] Context Switch: __sppadmin__ -> lekhak
[2026-05-01 12:48:01] Context Switch: lekhak -> lekhak
[2026-05-01 12:48:01] Context Switch: lekhak -> lekhak
[2026-05-01 12:48:01] Context Switch: default -> default
[2026-05-01 12:48:01] Context Switch: default -> default
[2026-05-01 12:48:02] Context Switch: default -> default
[2026-05-01 12:48:03] Context Switch: sppadmin -> sppadmin
[2026-05-01 12:48:03] Context Switch: sppadmin -> sppadmin
[2026-05-01 12:48:03] Context Switch: sppadmin -> sppadmin
[2026-05-01 12:48:03] Context Switch: sppadmin -> sppadmin
[2026-05-01 12:48:03] Context Switch: sppadmin -> sppadmin
[2026-05-01 12:48:03] Context Switch: sppadmin -> sppadmin
[2026-05-01 12:48:03] Context Switch: sppadmin -> default
[2026-05-01 12:48:03] Context Switch: sppadmin -> default
[2026-05-01 12:48:03] Context Switch: default -> default
[2026-05-01 12:48:03] Context Switch: default -> default
[2026-05-01 12:48:03] Context Switch: default -> default
[2026-05-01 12:48:03] Context Switch: default -> default
[2026-05-01 12:48:03] Context Switch: sppadmin -> default
[2026-05-01 12:48:03] Context Switch: default -> default
[2026-05-01 12:48:03] Context Switch: default -> sppadmin
[2026-05-01 12:48:03] Context Switch: default -> sppadmin
[2026-05-01 12:48:03] Context Switch: default -> default
[2026-05-01 12:48:03] Context Switch: sppadmin -> __sppadmin__
[2026-05-01 12:48:03] Context Switch: sppadmin -> __sppadmin__
[2026-05-01 12:48:03] Context Switch: __sppadmin__ -> __sppadmin__
[2026-05-01 12:48:03] Context Switch: __sppadmin__ -> __sppadmin__
[2026-05-01 12:48:03] Context Switch: __sppadmin__ -> lekhak
[2026-05-01 12:48:03] Context Switch: __sppadmin__ -> lekhak
[2026-05-01 12:48:03] Context Switch: lekhak -> lekhak
[2026-05-01 12:48:03] Context Switch: lekhak -> lekhak
[2026-05-01 12:48:04] Context Switch: lekhak -> __sppadmin__
[2026-05-01 12:48:04] Context Switch: __sppadmin__ -> lekhak
[2026-05-01 12:48:04] Context Switch: lekhak -> __sppadmin__
[2026-05-01 12:48:04] Context Switch: default -> sppadmin
[2026-05-01 12:48:04] Context Switch: lekhak -> __sppadmin__
[2026-05-01 12:48:04] Context Switch: __sppadmin__ -> lekhak
[2026-05-01 12:48:04] Context Switch: lekhak -> __sppadmin__
[2026-05-01 12:48:04] Context Switch: sppadmin -> __sppadmin__
[2026-05-01 12:48:04] Context Switch: __sppadmin__ -> __sppadmin__
[2026-05-01 12:48:04] Context Switch: __sppadmin__ -> lekhak
[2026-05-01 12:48:04] Context Switch: lekhak -> lekhak
[2026-05-01 12:48:05] Context Switch: lekhak -> lekhak
[2026-05-01 12:48:05] Context Switch: sppadmin -> sppadmin
[2026-05-01 12:48:05] Context Switch: sppadmin -> sppadmin
[2026-05-01 12:48:05] Context Switch: sppadmin -> default
[2026-05-01 12:48:05] Context Switch: default -> default
[2026-05-01 12:48:06] Context Switch: default -> default
[2026-05-01 12:48:06] Context Switch: default -> sppadmin
[2026-05-01 12:48:06] Context Switch: sppadmin -> __sppadmin__
[2026-05-01 12:48:06] Context Switch: __sppadmin__ -> __sppadmin__
[2026-05-01 12:48:16] Context Switch: default -> default
[2026-05-01 12:48:16] Context Switch: default -> default
[2026-05-01 12:48:16] Context Switch: default -> default
[2026-05-01 12:48:17] Context Switch: sppadmin -> sppadmin
[2026-05-01 12:48:17] Context Switch: sppadmin -> sppadmin
[2026-05-01 12:48:17] Context Switch: sppadmin -> default
[2026-05-01 12:48:17] Context Switch: default -> default
[2026-05-01 12:48:17] Context Switch: default -> default
[2026-05-01 12:48:18] Context Switch: default -> sppadmin
[2026-05-01 12:48:18] Context Switch: sppadmin -> __sppadmin__
[2026-05-01 12:48:18] Context Switch: __sppadmin__ -> __sppadmin__
[2026-05-01 15:49:08] Context Switch: sppadmin -> sppadmin
[2026-05-01 15:49:08] Context Switch: sppadmin -> sppadmin
[2026-05-01 15:49:10] Context Switch: sppadmin -> default
[2026-05-01 15:49:10] Context Switch: default -> default
[2026-05-01 15:49:12] Context Switch: default -> default
[2026-05-01 15:49:14] Context Switch: default -> sppadmin
[2026-05-01 15:49:17] Context Switch: default -> default
[2026-05-01 15:49:17] Context Switch: default -> default
[2026-05-01 15:49:17] Context Switch: default -> default
[2026-05-01 15:49:17] Context Switch: default -> default
[2026-05-01 15:49:18] Context Switch: default -> default
[2026-05-01 15:49:18] Context Switch: default -> default
[2026-05-01 15:49:19] Context Switch: sppadmin -> sppadmin
[2026-05-01 15:49:19] Context Switch: sppadmin -> sppadmin
[2026-05-01 15:49:21] Context Switch: sppadmin -> default
[2026-05-01 15:49:21] Context Switch: default -> default
[2026-05-01 15:49:23] Context Switch: default -> default
[2026-05-01 15:49:25] Context Switch: default -> sppadmin
[2026-05-01 15:49:35] Context Switch: sppadmin -> sppadmin
[2026-05-01 15:49:35] Context Switch: sppadmin -> sppadmin
[2026-05-01 15:49:38] Context Switch: sppadmin -> default
[2026-05-01 15:49:38] Context Switch: default -> default
[2026-05-01 15:49:39] Context Switch: default -> default
[2026-05-01 15:49:41] Context Switch: default -> sppadmin
[2026-05-01 15:49:43] Context Switch: sppadmin -> sppadmin
[2026-05-01 15:49:43] Context Switch: sppadmin -> sppadmin
[2026-05-01 15:49:43] Context Switch: sppadmin -> sppadmin
[2026-05-01 15:49:43] Context Switch: sppadmin -> sppadmin
[2026-05-01 15:49:44] Context Switch: sppadmin -> default
[2026-05-01 15:49:44] Context Switch: sppadmin -> default
[2026-05-01 15:49:44] Context Switch: default -> default
[2026-05-01 15:49:44] Context Switch: default -> default
[2026-05-01 15:49:44] Context Switch: default -> default
[2026-05-01 15:49:44] Context Switch: default -> default
[2026-05-01 15:49:45] Context Switch: default -> sppadmin
[2026-05-01 15:49:45] Context Switch: default -> sppadmin
[2026-05-01 15:49:46] Context Switch: sppadmin -> __sppadmin__
[2026-05-01 15:49:46] Context Switch: __sppadmin__ -> __sppadmin__
[2026-05-01 15:49:46] Context Switch: __sppadmin__ -> lekhak
[2026-05-01 15:49:46] Context Switch: lekhak -> lekhak
[2026-05-01 15:49:47] Context Switch: lekhak -> lekhak
[2026-05-01 15:49:49] Context Switch: default -> default
[2026-05-01 15:49:49] Context Switch: default -> default
[2026-05-01 15:49:52] Context Switch: default -> default
[2026-05-01 15:49:55] Context Switch: sppadmin -> sppadmin
[2026-05-01 15:49:55] Context Switch: sppadmin -> sppadmin
[2026-05-01 15:49:57] Context Switch: sppadmin -> default
[2026-05-01 15:49:57] Context Switch: default -> default
[2026-05-01 15:49:59] Context Switch: default -> default
[2026-05-01 15:50:01] Context Switch: default -> sppadmin
[2026-05-01 15:50:02] Context Switch: sppadmin -> __sppadmin__
[2026-05-01 15:50:02] Context Switch: __sppadmin__ -> __sppadmin__
[2026-05-01 15:50:04] Context Switch: sppadmin -> sppadmin
[2026-05-01 15:50:04] Context Switch: sppadmin -> sppadmin
[2026-05-01 15:50:07] Context Switch: sppadmin -> default
[2026-05-01 15:50:07] Context Switch: default -> default
[2026-05-01 15:50:08] Context Switch: default -> default
[2026-05-01 15:50:10] Context Switch: default -> sppadmin
[2026-05-01 15:50:11] Context Switch: sppadmin -> __sppadmin__
[2026-05-01 15:50:11] Context Switch: __sppadmin__ -> __sppadmin__
[2026-05-01 15:50:28] Context Switch: sppadmin -> sppadmin
[2026-05-01 15:50:28] Context Switch: sppadmin -> sppadmin
[2026-05-01 15:50:31] Context Switch: sppadmin -> default
[2026-05-01 15:50:31] Context Switch: default -> default
[2026-05-01 15:50:32] Context Switch: default -> default
[2026-05-01 15:50:34] Context Switch: default -> sppadmin
[2026-05-01 15:50:35] Context Switch: sppadmin -> __sppadmin__
[2026-05-01 15:50:36] Context Switch: __sppadmin__ -> __sppadmin__
[2026-05-01 15:50:44] Context Switch: sppadmin -> sppadmin
[2026-05-01 15:50:44] Context Switch: sppadmin -> sppadmin
[2026-05-01 15:50:47] Context Switch: sppadmin -> default
[2026-05-01 15:50:47] Context Switch: default -> default
[2026-05-01 15:50:48] Context Switch: default -> default
[2026-05-01 15:50:50] Context Switch: default -> sppadmin
[2026-05-01 15:50:52] Context Switch: sppadmin -> __sppadmin__
[2026-05-01 15:50:52] Context Switch: __sppadmin__ -> __sppadmin__
[2026-05-01 15:51:00] Context Switch: sppadmin -> sppadmin
[2026-05-01 15:51:00] Context Switch: sppadmin -> sppadmin
[2026-05-01 15:51:02] Context Switch: sppadmin -> default
[2026-05-01 15:51:02] Context Switch: default -> default
[2026-05-01 15:51:03] Context Switch: default -> default
[2026-05-01 15:51:06] Context Switch: default -> sppadmin
[2026-05-01 15:51:07] Context Switch: sppadmin -> __sppadmin__
[2026-05-01 15:51:07] Context Switch: __sppadmin__ -> __sppadmin__
[2026-05-01 15:51:13] Context Switch: sppadmin -> sppadmin
[2026-05-01 15:51:13] Context Switch: sppadmin -> sppadmin
[2026-05-01 15:51:16] Context Switch: sppadmin -> default
[2026-05-01 15:51:16] Context Switch: default -> default
[2026-05-01 15:51:18] Context Switch: default -> default
[2026-05-01 15:51:20] Context Switch: default -> sppadmin
[2026-05-01 15:51:21] Context Switch: sppadmin -> __sppadmin__
[2026-05-01 15:51:22] Context Switch: __sppadmin__ -> __sppadmin__
[2026-05-01 15:56:57] Context Switch: sppadmin -> sppadmin
[2026-05-01 15:56:57] Context Switch: sppadmin -> sppadmin
[2026-05-01 15:56:59] Context Switch: sppadmin -> default
[2026-05-01 15:56:59] Context Switch: default -> default
[2026-05-01 15:57:00] Context Switch: default -> default
[2026-05-01 15:57:02] Context Switch: default -> sppadmin
[2026-05-01 15:57:04] Context Switch: default -> default
[2026-05-01 15:57:04] Context Switch: default -> default
[2026-05-01 15:57:04] Context Switch: default -> default
[2026-05-01 15:57:04] Context Switch: default -> default
[2026-05-01 15:57:05] Context Switch: default -> default
[2026-05-01 15:57:05] Context Switch: default -> default
[2026-05-01 15:57:06] Context Switch: sppadmin -> sppadmin
[2026-05-01 15:57:06] Context Switch: sppadmin -> sppadmin
[2026-05-01 15:57:08] Context Switch: sppadmin -> default
[2026-05-01 15:57:08] Context Switch: default -> default
[2026-05-01 15:57:09] Context Switch: default -> default
[2026-05-01 15:57:12] Context Switch: default -> sppadmin
[2026-05-01 15:57:21] Context Switch: sppadmin -> sppadmin
[2026-05-01 15:57:21] Context Switch: sppadmin -> sppadmin
[2026-05-01 15:57:24] Context Switch: sppadmin -> default
[2026-05-01 15:57:24] Context Switch: default -> default
[2026-05-01 15:57:26] Context Switch: default -> default
[2026-05-01 15:57:28] Context Switch: default -> sppadmin
[2026-05-01 15:57:30] Context Switch: sppadmin -> sppadmin
[2026-05-01 15:57:30] Context Switch: sppadmin -> sppadmin
[2026-05-01 15:57:30] Context Switch: sppadmin -> sppadmin
[2026-05-01 15:57:30] Context Switch: sppadmin -> sppadmin
[2026-05-01 15:57:31] Context Switch: sppadmin -> default
[2026-05-01 15:57:31] Context Switch: default -> default
[2026-05-01 15:57:31] Context Switch: sppadmin -> default
[2026-05-01 15:57:31] Context Switch: default -> default
[2026-05-01 15:57:32] Context Switch: default -> default
[2026-05-01 15:57:32] Context Switch: default -> default
[2026-05-01 15:57:33] Context Switch: default -> sppadmin
[2026-05-01 15:57:34] Context Switch: default -> sppadmin
[2026-05-01 15:57:34] Context Switch: sppadmin -> __sppadmin__
[2026-05-01 15:57:34] Context Switch: __sppadmin__ -> __sppadmin__
[2026-05-01 15:57:35] Context Switch: __sppadmin__ -> lekhak
[2026-05-01 15:57:35] Context Switch: lekhak -> lekhak
[2026-05-01 15:57:35] Context Switch: lekhak -> lekhak
[2026-05-01 15:57:37] Context Switch: default -> default
[2026-05-01 15:57:37] Context Switch: default -> default
[2026-05-01 15:57:40] Context Switch: default -> default
[2026-05-01 15:57:43] Context Switch: sppadmin -> sppadmin
[2026-05-01 15:57:43] Context Switch: sppadmin -> sppadmin
[2026-05-01 15:57:46] Context Switch: sppadmin -> default
[2026-05-01 15:57:46] Context Switch: default -> default
[2026-05-01 15:57:48] Context Switch: default -> default
[2026-05-01 15:57:49] Context Switch: default -> sppadmin
[2026-05-01 15:57:50] Context Switch: sppadmin -> __sppadmin__
[2026-05-01 15:57:51] Context Switch: __sppadmin__ -> __sppadmin__
[2026-05-01 15:57:52] Context Switch: sppadmin -> sppadmin
[2026-05-01 15:57:52] Context Switch: sppadmin -> sppadmin
[2026-05-01 15:57:55] Context Switch: sppadmin -> default
[2026-05-01 15:57:55] Context Switch: default -> default
[2026-05-01 15:57:56] Context Switch: default -> default
[2026-05-01 15:57:58] Context Switch: default -> sppadmin
[2026-05-01 15:57:59] Context Switch: sppadmin -> __sppadmin__
[2026-05-01 15:57:59] Context Switch: __sppadmin__ -> __sppadmin__
[2026-05-01 15:58:20] Context Switch: sppadmin -> sppadmin
[2026-05-01 15:58:21] Context Switch: sppadmin -> sppadmin
[2026-05-01 15:58:23] Context Switch: sppadmin -> default
[2026-05-01 15:58:23] Context Switch: default -> default
[2026-05-01 15:58:25] Context Switch: default -> default
[2026-05-01 15:58:27] Context Switch: default -> sppadmin
[2026-05-01 15:58:28] Context Switch: sppadmin -> __sppadmin__
[2026-05-01 15:58:29] Context Switch: __sppadmin__ -> __sppadmin__
[2026-05-01 15:58:34] Context Switch: sppadmin -> sppadmin
[2026-05-01 15:58:34] Context Switch: sppadmin -> sppadmin
[2026-05-01 15:58:36] Context Switch: sppadmin -> default
[2026-05-01 15:58:36] Context Switch: default -> default
[2026-05-01 15:58:37] Context Switch: default -> default
[2026-05-01 15:58:39] Context Switch: default -> sppadmin
[2026-05-01 15:58:41] Context Switch: sppadmin -> __sppadmin__
[2026-05-01 15:58:41] Context Switch: __sppadmin__ -> __sppadmin__
[2026-05-01 15:58:42] Context Switch: sppadmin -> sppadmin
[2026-05-01 15:58:42] Context Switch: sppadmin -> sppadmin
[2026-05-01 15:58:45] Context Switch: sppadmin -> default
[2026-05-01 15:58:45] Context Switch: default -> default
[2026-05-01 15:58:46] Context Switch: default -> default
[2026-05-01 15:58:48] Context Switch: default -> sppadmin
[2026-05-01 15:58:49] Context Switch: sppadmin -> __sppadmin__
[2026-05-01 15:58:50] Context Switch: __sppadmin__ -> __sppadmin__
[2026-05-01 16:00:36] Context Switch: default -> default
[2026-05-01 16:00:36] Context Switch: default -> default
[2026-05-01 16:00:40] Context Switch: default -> default
[2026-05-01 16:02:42] Context Switch: sppadmin -> sppadmin
[2026-05-01 16:02:42] Context Switch: sppadmin -> sppadmin
[2026-05-01 16:02:44] Context Switch: sppadmin -> default
[2026-05-01 16:02:44] Context Switch: default -> default
[2026-05-01 16:02:46] Context Switch: default -> default
[2026-05-01 16:02:48] Context Switch: default -> sppadmin
[2026-05-01 16:02:49] Context Switch: default -> default
[2026-05-01 16:02:49] Context Switch: default -> default
[2026-05-01 16:02:49] Context Switch: default -> default
[2026-05-01 16:02:49] Context Switch: default -> default
[2026-05-01 16:02:50] Context Switch: default -> default
[2026-05-01 16:02:50] Context Switch: default -> default
[2026-05-01 16:02:51] Context Switch: sppadmin -> sppadmin
[2026-05-01 16:02:51] Context Switch: sppadmin -> sppadmin
[2026-05-01 16:02:53] Context Switch: sppadmin -> default
[2026-05-01 16:02:53] Context Switch: default -> default
[2026-05-01 16:02:54] Context Switch: default -> default
[2026-05-01 16:02:57] Context Switch: default -> sppadmin
[2026-05-01 16:03:09] Context Switch: sppadmin -> sppadmin
[2026-05-01 16:03:09] Context Switch: sppadmin -> sppadmin
[2026-05-01 16:03:12] Context Switch: sppadmin -> default
[2026-05-01 16:03:12] Context Switch: default -> default
[2026-05-01 16:03:13] Context Switch: default -> default
[2026-05-01 16:03:15] Context Switch: default -> sppadmin
[2026-05-01 16:03:16] Context Switch: sppadmin -> sppadmin
[2026-05-01 16:03:16] Context Switch: sppadmin -> sppadmin
[2026-05-01 16:03:16] Context Switch: sppadmin -> sppadmin
[2026-05-01 16:03:16] Context Switch: sppadmin -> sppadmin
[2026-05-01 16:03:17] Context Switch: sppadmin -> default
[2026-05-01 16:03:17] Context Switch: sppadmin -> default
[2026-05-01 16:03:17] Context Switch: default -> default
[2026-05-01 16:03:17] Context Switch: default -> default
[2026-05-01 16:03:17] Context Switch: default -> default
[2026-05-01 16:03:17] Context Switch: default -> default
[2026-05-01 16:03:18] Context Switch: default -> sppadmin
[2026-05-01 16:03:18] Context Switch: default -> sppadmin
[2026-05-01 16:03:19] Context Switch: sppadmin -> __sppadmin__
[2026-05-01 16:03:19] Context Switch: __sppadmin__ -> __sppadmin__
[2026-05-01 16:03:19] Context Switch: __sppadmin__ -> lekhak
[2026-05-01 16:03:19] Context Switch: lekhak -> lekhak
[2026-05-01 16:03:20] Context Switch: lekhak -> lekhak
[2026-05-01 16:03:22] Context Switch: default -> default
[2026-05-01 16:03:22] Context Switch: default -> default
[2026-05-01 16:03:25] Context Switch: default -> default
[2026-05-01 16:03:27] Context Switch: sppadmin -> sppadmin
[2026-05-01 16:03:27] Context Switch: sppadmin -> sppadmin
[2026-05-01 16:03:29] Context Switch: sppadmin -> default
[2026-05-01 16:03:29] Context Switch: default -> default
[2026-05-01 16:03:30] Context Switch: default -> default
[2026-05-01 16:03:31] Context Switch: default -> sppadmin
[2026-05-01 16:03:32] Context Switch: sppadmin -> __sppadmin__
[2026-05-01 16:03:33] Context Switch: __sppadmin__ -> __sppadmin__
[2026-05-01 16:03:34] Context Switch: sppadmin -> sppadmin
[2026-05-01 16:03:34] Context Switch: sppadmin -> sppadmin
[2026-05-01 16:03:36] Context Switch: sppadmin -> default
[2026-05-01 16:03:36] Context Switch: default -> default
[2026-05-01 16:03:37] Context Switch: default -> default
[2026-05-01 16:03:38] Context Switch: default -> sppadmin
[2026-05-01 16:03:39] Context Switch: sppadmin -> __sppadmin__
[2026-05-01 16:03:39] Context Switch: __sppadmin__ -> __sppadmin__
[2026-05-01 16:03:49] Context Switch: sppadmin -> sppadmin
[2026-05-01 16:03:49] Context Switch: sppadmin -> sppadmin
[2026-05-01 16:03:52] Context Switch: sppadmin -> default
[2026-05-01 16:03:52] Context Switch: default -> default
[2026-05-01 16:03:53] Context Switch: default -> default
[2026-05-01 16:03:56] Context Switch: default -> sppadmin
[2026-05-01 16:03:57] Context Switch: sppadmin -> __sppadmin__
[2026-05-01 16:03:57] Context Switch: __sppadmin__ -> __sppadmin__
[2026-05-01 16:04:19] Context Switch: sppadmin -> sppadmin
[2026-05-01 16:04:19] Context Switch: sppadmin -> sppadmin
[2026-05-01 16:04:21] Context Switch: sppadmin -> default
[2026-05-01 16:04:21] Context Switch: default -> default
[2026-05-01 16:04:23] Context Switch: default -> default
[2026-05-01 16:04:25] Context Switch: default -> sppadmin
[2026-05-01 16:04:26] Context Switch: sppadmin -> __sppadmin__
[2026-05-01 16:04:26] Context Switch: __sppadmin__ -> __sppadmin__
[2026-05-01 16:04:36] Context Switch: default -> default
[2026-05-01 16:04:36] Context Switch: default -> default
[2026-05-01 16:04:38] Context Switch: sppadmin -> sppadmin
[2026-05-01 16:04:38] Context Switch: sppadmin -> sppadmin
[2026-05-01 16:04:38] Context Switch: default -> default
[2026-05-01 16:04:40] Context Switch: sppadmin -> default
[2026-05-01 16:04:40] Context Switch: default -> default
[2026-05-01 16:04:41] Context Switch: default -> default
[2026-05-01 16:04:42] Context Switch: default -> sppadmin
[2026-05-01 16:04:43] Context Switch: sppadmin -> __sppadmin__
[2026-05-01 16:04:44] Context Switch: __sppadmin__ -> __sppadmin__
[2026-05-01 16:06:35] Context Switch: sppadmin -> sppadmin
[2026-05-01 16:06:35] Context Switch: sppadmin -> sppadmin
[2026-05-01 16:06:37] Context Switch: sppadmin -> default
[2026-05-01 16:06:38] Context Switch: default -> default
[2026-05-01 16:06:38] Context Switch: default -> default
[2026-05-01 16:06:40] Context Switch: default -> sppadmin
[2026-05-01 16:06:42] Context Switch: sppadmin -> __sppadmin__
[2026-05-01 16:06:42] Context Switch: __sppadmin__ -> __sppadmin__
[2026-05-01 16:06:48] Context Switch: sppadmin -> sppadmin
[2026-05-01 16:06:48] Context Switch: sppadmin -> sppadmin
[2026-05-01 16:06:51] Context Switch: sppadmin -> default
[2026-05-01 16:06:51] Context Switch: default -> default
[2026-05-01 16:06:52] Context Switch: default -> default
[2026-05-01 16:06:54] Context Switch: default -> sppadmin
[2026-05-01 16:06:56] Context Switch: default -> default
[2026-05-01 16:06:56] Context Switch: default -> default
[2026-05-01 16:06:56] Context Switch: default -> default
[2026-05-01 16:06:56] Context Switch: default -> default
[2026-05-01 16:06:57] Context Switch: default -> default
[2026-05-01 16:06:57] Context Switch: default -> default
[2026-05-01 16:06:59] Context Switch: sppadmin -> sppadmin
[2026-05-01 16:06:59] Context Switch: sppadmin -> sppadmin
[2026-05-01 16:07:01] Context Switch: sppadmin -> default
[2026-05-01 16:07:01] Context Switch: default -> default
[2026-05-01 16:07:02] Context Switch: default -> default
[2026-05-01 16:07:05] Context Switch: default -> sppadmin
[2026-05-01 16:11:13] Context Switch: sppadmin -> sppadmin
[2026-05-01 16:11:13] Context Switch: sppadmin -> sppadmin
[2026-05-01 16:11:16] Context Switch: sppadmin -> default
[2026-05-01 16:11:16] Context Switch: default -> default
[2026-05-01 16:11:18] Context Switch: default -> default
[2026-05-01 16:11:20] Context Switch: default -> sppadmin
[2026-05-01 16:11:22] Context Switch: sppadmin -> sppadmin
[2026-05-01 16:11:22] Context Switch: sppadmin -> sppadmin
[2026-05-01 16:11:22] Context Switch: sppadmin -> sppadmin
[2026-05-01 16:11:22] Context Switch: sppadmin -> sppadmin
[2026-05-01 16:11:22] Context Switch: sppadmin -> default
[2026-05-01 16:11:22] Context Switch: sppadmin -> default
[2026-05-01 16:11:22] Context Switch: default -> default
[2026-05-01 16:11:22] Context Switch: default -> default
[2026-05-01 16:11:23] Context Switch: default -> default
[2026-05-01 16:11:23] Context Switch: default -> default
[2026-05-01 16:11:23] Context Switch: default -> sppadmin
[2026-05-01 16:11:23] Context Switch: default -> sppadmin
[2026-05-01 16:11:24] Context Switch: sppadmin -> __sppadmin__
[2026-05-01 16:11:24] Context Switch: __sppadmin__ -> __sppadmin__
[2026-05-01 16:11:24] Context Switch: __sppadmin__ -> lekhak
[2026-05-01 16:11:24] Context Switch: lekhak -> lekhak
[2026-05-01 16:11:25] Context Switch: lekhak -> lekhak
[2026-05-01 16:11:26] Context Switch: default -> default
[2026-05-01 16:11:26] Context Switch: default -> default
[2026-05-01 16:11:29] Context Switch: default -> default
[2026-05-01 16:11:33] Context Switch: sppadmin -> sppadmin
[2026-05-01 16:11:33] Context Switch: sppadmin -> sppadmin
[2026-05-01 16:11:34] Context Switch: sppadmin -> default
[2026-05-01 16:11:34] Context Switch: default -> default
[2026-05-01 16:11:36] Context Switch: default -> default
[2026-05-01 16:11:38] Context Switch: default -> sppadmin
[2026-05-01 16:11:39] Context Switch: sppadmin -> __sppadmin__
[2026-05-01 16:11:39] Context Switch: __sppadmin__ -> __sppadmin__
[2026-05-01 16:11:40] Context Switch: sppadmin -> sppadmin
[2026-05-01 16:11:40] Context Switch: sppadmin -> sppadmin
[2026-05-01 16:11:42] Context Switch: sppadmin -> default
[2026-05-01 16:11:42] Context Switch: default -> default
[2026-05-01 16:11:43] Context Switch: default -> default
[2026-05-01 16:11:45] Context Switch: default -> sppadmin
[2026-05-01 16:11:47] Context Switch: sppadmin -> __sppadmin__
[2026-05-01 16:11:47] Context Switch: __sppadmin__ -> __sppadmin__
[2026-05-01 16:12:07] Context Switch: sppadmin -> sppadmin
[2026-05-01 16:12:07] Context Switch: sppadmin -> sppadmin
[2026-05-01 16:12:10] Context Switch: sppadmin -> default
[2026-05-01 16:12:10] Context Switch: default -> default
[2026-05-01 16:12:12] Context Switch: default -> default
[2026-05-01 16:12:14] Context Switch: default -> sppadmin
[2026-05-01 16:12:15] Context Switch: sppadmin -> __sppadmin__
[2026-05-01 16:12:16] Context Switch: __sppadmin__ -> __sppadmin__
[2026-05-01 16:12:19] Context Switch: sppadmin -> sppadmin
[2026-05-01 16:12:19] Context Switch: sppadmin -> sppadmin
[2026-05-01 16:12:21] Context Switch: sppadmin -> default
[2026-05-01 16:12:21] Context Switch: default -> default
[2026-05-01 16:12:22] Context Switch: default -> default
[2026-05-01 16:12:24] Context Switch: default -> sppadmin
[2026-05-01 16:12:25] Context Switch: sppadmin -> __sppadmin__
[2026-05-01 16:12:25] Context Switch: __sppadmin__ -> __sppadmin__
[2026-05-01 16:12:26] Context Switch: sppadmin -> sppadmin
[2026-05-01 16:12:26] Context Switch: sppadmin -> sppadmin
[2026-05-01 16:12:29] Context Switch: sppadmin -> default
[2026-05-01 16:12:29] Context Switch: default -> default
[2026-05-01 16:12:30] Context Switch: default -> default
[2026-05-01 16:12:32] Context Switch: default -> sppadmin
[2026-05-01 16:12:33] Context Switch: sppadmin -> __sppadmin__
[2026-05-01 16:12:33] Context Switch: __sppadmin__ -> __sppadmin__
[2026-05-01 16:13:05] Context Switch: sppadmin -> sppadmin
[2026-05-01 16:13:05] Context Switch: sppadmin -> sppadmin
[2026-05-01 16:13:07] Context Switch: sppadmin -> default
[2026-05-01 16:13:07] Context Switch: default -> default
[2026-05-01 16:13:08] Context Switch: default -> default
[2026-05-01 16:13:10] Context Switch: default -> sppadmin
[2026-05-01 16:13:11] Context Switch: sppadmin -> __sppadmin__
[2026-05-01 16:13:12] Context Switch: __sppadmin__ -> __sppadmin__
[2026-05-01 16:14:31] Context Switch: sppadmin -> sppadmin
[2026-05-01 16:14:31] Context Switch: sppadmin -> sppadmin
[2026-05-01 16:14:33] Context Switch: sppadmin -> default
[2026-05-01 16:14:33] Context Switch: default -> default
[2026-05-01 16:14:34] Context Switch: default -> default
[2026-05-01 16:14:36] Context Switch: default -> sppadmin
[2026-05-01 16:14:38] Context Switch: sppadmin -> __sppadmin__
[2026-05-01 16:14:38] Context Switch: __sppadmin__ -> __sppadmin__
[2026-05-01 16:14:55] Context Switch: default -> default
[2026-05-01 16:14:55] Context Switch: default -> default
[2026-05-01 16:14:57] Context Switch: sppadmin -> sppadmin
[2026-05-01 16:14:57] Context Switch: sppadmin -> sppadmin
[2026-05-01 16:14:58] Context Switch: default -> default
[2026-05-01 16:14:58] Context Switch: sppadmin -> default
[2026-05-01 16:14:58] Context Switch: default -> default
[2026-05-01 16:14:59] Context Switch: default -> default
[2026-05-01 16:15:02] Context Switch: default -> sppadmin
[2026-05-01 16:15:03] Context Switch: sppadmin -> __sppadmin__
[2026-05-01 16:15:03] Context Switch: __sppadmin__ -> __sppadmin__
[2026-05-01 16:17:26] Context Switch: sppadmin -> sppadmin
[2026-05-01 16:17:26] Context Switch: sppadmin -> sppadmin
[2026-05-01 16:17:28] Context Switch: sppadmin -> default
[2026-05-01 16:17:28] Context Switch: default -> default
[2026-05-01 16:17:30] Context Switch: default -> default
[2026-05-01 16:17:32] Context Switch: default -> sppadmin
[2026-05-01 16:17:34] Context Switch: sppadmin -> __sppadmin__
[2026-05-01 16:17:34] Context Switch: __sppadmin__ -> __sppadmin__
[2026-05-01 23:21:57] Context Switch: sppadmin -> sppadmin
[2026-05-01 23:21:57] Context Switch: sppadmin -> sppadmin
[2026-05-01 23:21:59] Context Switch: sppadmin -> default
[2026-05-01 23:21:59] Context Switch: default -> default
[2026-05-01 23:21:59] Context Switch: default -> default
[2026-05-01 23:22:01] Context Switch: default -> sppadmin
[2026-05-01 23:22:03] Context Switch: default -> default
[2026-05-01 23:22:03] Context Switch: default -> default
[2026-05-01 23:22:03] Context Switch: default -> default
[2026-05-01 23:22:03] Context Switch: default -> default
[2026-05-01 23:22:03] Context Switch: default -> default
[2026-05-01 23:22:03] Context Switch: default -> default
[2026-05-01 23:22:05] Context Switch: sppadmin -> sppadmin
[2026-05-01 23:22:05] Context Switch: sppadmin -> sppadmin
[2026-05-01 23:22:06] Context Switch: sppadmin -> default
[2026-05-01 23:22:06] Context Switch: default -> default
[2026-05-01 23:22:07] Context Switch: default -> default
[2026-05-01 23:22:08] Context Switch: default -> sppadmin
[2026-05-01 23:22:18] Context Switch: sppadmin -> sppadmin
[2026-05-01 23:22:18] Context Switch: sppadmin -> sppadmin
[2026-05-01 23:22:19] Context Switch: sppadmin -> default
[2026-05-01 23:22:19] Context Switch: default -> default
[2026-05-01 23:22:20] Context Switch: default -> default
[2026-05-01 23:22:21] Context Switch: default -> sppadmin
[2026-05-01 23:22:22] Context Switch: sppadmin -> sppadmin
[2026-05-01 23:22:22] Context Switch: sppadmin -> sppadmin
[2026-05-01 23:22:22] Context Switch: sppadmin -> sppadmin
[2026-05-01 23:22:22] Context Switch: sppadmin -> sppadmin
[2026-05-01 23:22:22] Context Switch: sppadmin -> default
[2026-05-01 23:22:22] Context Switch: sppadmin -> default
[2026-05-01 23:22:22] Context Switch: default -> default
[2026-05-01 23:22:22] Context Switch: default -> default
[2026-05-01 23:22:23] Context Switch: default -> default
[2026-05-01 23:22:23] Context Switch: default -> default
[2026-05-01 23:22:23] Context Switch: default -> sppadmin
[2026-05-01 23:22:23] Context Switch: default -> sppadmin
[2026-05-01 23:22:24] Context Switch: sppadmin -> __sppadmin__
[2026-05-01 23:22:24] Context Switch: __sppadmin__ -> __sppadmin__
[2026-05-01 23:22:24] Context Switch: __sppadmin__ -> lekhak
[2026-05-01 23:22:24] Context Switch: lekhak -> lekhak
[2026-05-01 23:22:24] Context Switch: lekhak -> lekhak
[2026-05-01 23:22:25] Context Switch: default -> default
[2026-05-01 23:22:25] Context Switch: default -> default
[2026-05-01 23:22:26] Context Switch: default -> default
[2026-05-01 23:22:27] Context Switch: sppadmin -> sppadmin
[2026-05-01 23:22:27] Context Switch: sppadmin -> sppadmin
[2026-05-01 23:22:27] Context Switch: sppadmin -> sppadmin
[2026-05-01 23:22:27] Context Switch: sppadmin -> sppadmin
[2026-05-01 23:22:27] Context Switch: sppadmin -> sppadmin
[2026-05-01 23:22:27] Context Switch: sppadmin -> sppadmin
[2026-05-01 23:22:27] Context Switch: sppadmin -> default
[2026-05-01 23:22:27] Context Switch: sppadmin -> default
[2026-05-01 23:22:27] Context Switch: default -> default
[2026-05-01 23:22:27] Context Switch: default -> default
[2026-05-01 23:22:28] Context Switch: default -> default
[2026-05-01 23:22:28] Context Switch: default -> default
[2026-05-01 23:22:28] Context Switch: sppadmin -> default
[2026-05-01 23:22:28] Context Switch: default -> default
[2026-05-01 23:22:28] Context Switch: default -> sppadmin
[2026-05-01 23:22:28] Context Switch: default -> sppadmin
[2026-05-01 23:22:28] Context Switch: default -> default
[2026-05-01 23:22:28] Context Switch: sppadmin -> __sppadmin__
[2026-05-01 23:22:28] Context Switch: sppadmin -> __sppadmin__
[2026-05-01 23:22:28] Context Switch: __sppadmin__ -> __sppadmin__
[2026-05-01 23:22:28] Context Switch: __sppadmin__ -> __sppadmin__
[2026-05-01 23:22:28] Context Switch: __sppadmin__ -> lekhak
[2026-05-01 23:22:28] Context Switch: __sppadmin__ -> lekhak
[2026-05-01 23:22:28] Context Switch: lekhak -> lekhak
[2026-05-01 23:22:28] Context Switch: lekhak -> lekhak
[2026-05-01 23:22:29] Context Switch: lekhak -> __sppadmin__
[2026-05-01 23:22:29] Context Switch: __sppadmin__ -> lekhak
[2026-05-01 23:22:29] Context Switch: lekhak -> __sppadmin__
[2026-05-01 23:22:29] Context Switch: default -> sppadmin
[2026-05-01 23:22:29] Context Switch: lekhak -> __sppadmin__
[2026-05-01 23:22:29] Context Switch: __sppadmin__ -> lekhak
[2026-05-01 23:22:29] Context Switch: lekhak -> __sppadmin__
[2026-05-01 23:22:29] Context Switch: sppadmin -> __sppadmin__
[2026-05-01 23:22:29] Context Switch: __sppadmin__ -> __sppadmin__
[2026-05-01 23:22:30] Context Switch: __sppadmin__ -> lekhak
[2026-05-01 23:22:30] Context Switch: lekhak -> lekhak
[2026-05-01 23:22:30] Context Switch: lekhak -> lekhak
[2026-05-01 23:22:30] Context Switch: sppadmin -> sppadmin
[2026-05-01 23:22:30] Context Switch: sppadmin -> sppadmin
[2026-05-01 23:22:31] Context Switch: sppadmin -> default
[2026-05-01 23:22:31] Context Switch: default -> default
[2026-05-01 23:22:31] Context Switch: default -> default
[2026-05-01 23:22:32] Context Switch: default -> sppadmin
[2026-05-01 23:22:32] Context Switch: sppadmin -> __sppadmin__
[2026-05-01 23:22:32] Context Switch: __sppadmin__ -> __sppadmin__
[2026-05-01 23:22:47] Context Switch: default -> default
[2026-05-01 23:22:47] Context Switch: default -> default
[2026-05-01 23:22:48] Context Switch: default -> default
[2026-05-01 23:22:50] Context Switch: sppadmin -> sppadmin
[2026-05-01 23:22:50] Context Switch: sppadmin -> sppadmin
[2026-05-01 23:22:50] Context Switch: sppadmin -> default
[2026-05-01 23:22:50] Context Switch: default -> default
[2026-05-01 23:22:51] Context Switch: default -> default
[2026-05-01 23:22:51] Context Switch: default -> sppadmin
[2026-05-01 23:22:52] Context Switch: sppadmin -> __sppadmin__
[2026-05-01 23:22:52] Context Switch: __sppadmin__ -> __sppadmin__
[2026-05-01 23:23:07] Context Switch: default -> default
[2026-05-01 23:23:07] Context Switch: default -> default
[2026-05-01 23:23:09] Context Switch: default -> default
[2026-05-01 23:23:10] Context Switch: sppadmin -> sppadmin
[2026-05-01 23:23:10] Context Switch: sppadmin -> sppadmin
[2026-05-01 23:23:11] Context Switch: sppadmin -> default
[2026-05-01 23:23:11] Context Switch: default -> default
[2026-05-01 23:23:12] Context Switch: default -> default
[2026-05-01 23:23:13] Context Switch: default -> sppadmin
[2026-05-01 23:23:13] Context Switch: sppadmin -> __sppadmin__
[2026-05-01 23:23:14] Context Switch: __sppadmin__ -> __sppadmin__
[2026-05-01 23:23:14] Context Switch: __sppadmin__ -> lekhak
[2026-05-01 23:23:14] Context Switch: lekhak -> lekhak
[2026-05-01 23:23:14] Context Switch: lekhak -> __sppadmin__
[2026-05-01 23:23:18] Context Switch: default -> default
[2026-05-01 23:23:18] Context Switch: default -> default
[2026-05-01 23:23:20] Context Switch: default -> default
[2026-05-01 23:23:27] Context Switch: default -> default
[2026-05-01 23:23:27] Context Switch: default -> default
[2026-05-01 23:23:29] Context Switch: default -> default
[2026-05-01 23:23:31] Context Switch: sppadmin -> sppadmin
[2026-05-01 23:23:31] Context Switch: sppadmin -> sppadmin
[2026-05-01 23:23:32] Context Switch: sppadmin -> default
[2026-05-01 23:23:32] Context Switch: default -> default
[2026-05-01 23:23:32] Context Switch: default -> default
[2026-05-01 23:23:33] Context Switch: default -> sppadmin
[2026-05-01 23:23:33] Context Switch: sppadmin -> __sppadmin__
[2026-05-01 23:23:33] Context Switch: __sppadmin__ -> __sppadmin__
[2026-05-01 23:37:38] Context Switch: default -> default
[2026-05-01 23:37:38] Context Switch: default -> default
[2026-05-01 23:37:40] Context Switch: default -> default
[2026-05-01 23:37:41] Context Switch: sppadmin -> sppadmin
[2026-05-01 23:37:41] Context Switch: sppadmin -> sppadmin
[2026-05-01 23:37:41] Context Switch: sppadmin -> default
[2026-05-01 23:37:41] Context Switch: default -> default
[2026-05-01 23:37:42] Context Switch: default -> default
[2026-05-01 23:37:42] Context Switch: default -> sppadmin
[2026-05-01 23:37:42] Context Switch: sppadmin -> __sppadmin__
[2026-05-01 23:37:42] Context Switch: __sppadmin__ -> __sppadmin__
[2026-05-01 23:37:42] Context Switch: __sppadmin__ -> lekhak
[2026-05-01 23:37:43] Context Switch: lekhak -> lekhak
[2026-05-01 23:37:43] Context Switch: lekhak -> __sppadmin__
[2026-05-01 23:38:01] Context Switch: default -> default
[2026-05-01 23:38:01] Context Switch: default -> default
[2026-05-01 23:38:02] Context Switch: default -> default
[2026-05-01 23:38:03] Context Switch: sppadmin -> sppadmin
[2026-05-01 23:38:03] Context Switch: sppadmin -> sppadmin
[2026-05-01 23:38:04] Context Switch: sppadmin -> default
[2026-05-01 23:38:04] Context Switch: default -> default
[2026-05-01 23:38:04] Context Switch: default -> default
[2026-05-01 23:38:04] Context Switch: default -> sppadmin
[2026-05-01 23:38:05] Context Switch: sppadmin -> __sppadmin__
[2026-05-01 23:38:05] Context Switch: __sppadmin__ -> __sppadmin__
[2026-05-01 23:38:16] Context Switch: sppadmin -> sppadmin
[2026-05-01 23:38:16] Context Switch: sppadmin -> sppadmin
[2026-05-01 23:38:16] Context Switch: sppadmin -> default
[2026-05-01 23:38:16] Context Switch: default -> default
[2026-05-01 23:38:17] Context Switch: default -> default
[2026-05-01 23:38:17] Context Switch: default -> sppadmin
[2026-05-01 23:38:18] Context Switch: default -> default
[2026-05-01 23:38:18] Context Switch: default -> default
[2026-05-01 23:38:18] Context Switch: default -> default
[2026-05-01 23:38:18] Context Switch: default -> default
[2026-05-01 23:38:18] Context Switch: default -> default
[2026-05-01 23:38:18] Context Switch: default -> default
[2026-05-01 23:38:19] Context Switch: sppadmin -> sppadmin
[2026-05-01 23:38:19] Context Switch: sppadmin -> sppadmin
[2026-05-01 23:38:20] Context Switch: sppadmin -> default
[2026-05-01 23:38:20] Context Switch: default -> default
[2026-05-01 23:38:20] Context Switch: default -> default
[2026-05-01 23:38:21] Context Switch: default -> sppadmin
[2026-05-01 23:38:37] Context Switch: sppadmin -> sppadmin
[2026-05-01 23:38:37] Context Switch: sppadmin -> sppadmin
[2026-05-01 23:38:38] Context Switch: sppadmin -> default
[2026-05-01 23:38:38] Context Switch: default -> default
[2026-05-01 23:38:38] Context Switch: default -> default
[2026-05-01 23:38:39] Context Switch: default -> sppadmin
[2026-05-01 23:38:39] Context Switch: sppadmin -> sppadmin
[2026-05-01 23:38:39] Context Switch: sppadmin -> sppadmin
[2026-05-01 23:38:39] Context Switch: sppadmin -> sppadmin
[2026-05-01 23:38:39] Context Switch: sppadmin -> sppadmin
[2026-05-01 23:38:40] Context Switch: sppadmin -> default
[2026-05-01 23:38:40] Context Switch: sppadmin -> default
[2026-05-01 23:38:40] Context Switch: default -> default
[2026-05-01 23:38:40] Context Switch: default -> default
[2026-05-01 23:38:40] Context Switch: default -> default
[2026-05-01 23:38:40] Context Switch: default -> default
[2026-05-01 23:38:40] Context Switch: default -> sppadmin
[2026-05-01 23:38:40] Context Switch: default -> sppadmin
[2026-05-01 23:38:40] Context Switch: sppadmin -> __sppadmin__
[2026-05-01 23:38:40] Context Switch: __sppadmin__ -> __sppadmin__
[2026-05-01 23:38:40] Context Switch: __sppadmin__ -> lekhak
[2026-05-01 23:38:40] Context Switch: lekhak -> lekhak
[2026-05-01 23:38:41] Context Switch: lekhak -> lekhak
[2026-05-01 23:38:41] Context Switch: default -> default
[2026-05-01 23:38:41] Context Switch: default -> default
[2026-05-01 23:38:42] Context Switch: default -> default
[2026-05-01 23:38:44] Context Switch: sppadmin -> sppadmin
[2026-05-01 23:38:44] Context Switch: sppadmin -> sppadmin
[2026-05-01 23:38:44] Context Switch: sppadmin -> default
[2026-05-01 23:38:44] Context Switch: default -> default
[2026-05-01 23:38:44] Context Switch: default -> default
[2026-05-01 23:38:45] Context Switch: default -> sppadmin
[2026-05-01 23:38:46] Context Switch: sppadmin -> __sppadmin__
[2026-05-01 23:38:46] Context Switch: __sppadmin__ -> __sppadmin__
[2026-05-01 23:42:47] Context Switch: sppadmin -> sppadmin
[2026-05-01 23:42:47] Context Switch: sppadmin -> sppadmin
[2026-05-01 23:42:48] Context Switch: sppadmin -> default
[2026-05-01 23:42:48] Context Switch: default -> default
[2026-05-01 23:42:48] Context Switch: default -> default
[2026-05-01 23:42:49] Context Switch: default -> sppadmin
[2026-05-01 23:42:50] Context Switch: default -> default
[2026-05-01 23:42:50] Context Switch: default -> default
[2026-05-01 23:42:50] Context Switch: default -> default
[2026-05-01 23:42:50] Context Switch: default -> default
[2026-05-01 23:42:50] Context Switch: default -> default
[2026-05-01 23:42:50] Context Switch: default -> default
[2026-05-01 23:42:51] Context Switch: sppadmin -> sppadmin
[2026-05-01 23:42:51] Context Switch: sppadmin -> sppadmin
[2026-05-01 23:42:51] Context Switch: sppadmin -> default
[2026-05-01 23:42:51] Context Switch: default -> default
[2026-05-01 23:42:52] Context Switch: default -> default
[2026-05-01 23:42:52] Context Switch: default -> sppadmin
[2026-05-01 23:43:01] Context Switch: sppadmin -> sppadmin
[2026-05-01 23:43:01] Context Switch: sppadmin -> sppadmin
[2026-05-01 23:43:02] Context Switch: sppadmin -> default
[2026-05-01 23:43:02] Context Switch: default -> default
[2026-05-01 23:43:02] Context Switch: default -> default
[2026-05-01 23:43:02] Context Switch: default -> sppadmin
[2026-05-01 23:43:03] Context Switch: sppadmin -> sppadmin
[2026-05-01 23:43:03] Context Switch: sppadmin -> sppadmin
[2026-05-01 23:43:03] Context Switch: sppadmin -> sppadmin
[2026-05-01 23:43:03] Context Switch: sppadmin -> sppadmin
[2026-05-01 23:43:03] Context Switch: sppadmin -> default
[2026-05-01 23:43:03] Context Switch: sppadmin -> default
[2026-05-01 23:43:03] Context Switch: default -> default
[2026-05-01 23:43:03] Context Switch: default -> default
[2026-05-01 23:43:03] Context Switch: default -> default
[2026-05-01 23:43:03] Context Switch: default -> default
[2026-05-01 23:43:04] Context Switch: default -> sppadmin
[2026-05-01 23:43:04] Context Switch: default -> sppadmin
[2026-05-01 23:43:04] Context Switch: sppadmin -> __sppadmin__
[2026-05-01 23:43:04] Context Switch: __sppadmin__ -> __sppadmin__
[2026-05-01 23:43:04] Context Switch: __sppadmin__ -> lekhak
[2026-05-01 23:43:04] Context Switch: lekhak -> lekhak
[2026-05-01 23:43:04] Context Switch: lekhak -> lekhak
[2026-05-01 23:43:05] Context Switch: default -> default
[2026-05-01 23:43:05] Context Switch: default -> default
[2026-05-01 23:43:05] Context Switch: default -> default
[2026-05-01 23:43:06] Context Switch: sppadmin -> sppadmin
[2026-05-01 23:43:06] Context Switch: sppadmin -> sppadmin
[2026-05-01 23:43:07] Context Switch: sppadmin -> default
[2026-05-01 23:43:07] Context Switch: default -> default
[2026-05-01 23:43:07] Context Switch: default -> default
[2026-05-01 23:43:07] Context Switch: default -> sppadmin
[2026-05-01 23:43:08] Context Switch: sppadmin -> __sppadmin__
[2026-05-01 23:43:08] Context Switch: __sppadmin__ -> __sppadmin__
[2026-05-01 23:43:08] Context Switch: sppadmin -> sppadmin
[2026-05-01 23:43:08] Context Switch: sppadmin -> sppadmin
[2026-05-01 23:43:08] Context Switch: sppadmin -> default
[2026-05-01 23:43:08] Context Switch: default -> default
[2026-05-01 23:43:09] Context Switch: default -> default
[2026-05-01 23:43:09] Context Switch: default -> sppadmin
[2026-05-01 23:43:10] Context Switch: sppadmin -> __sppadmin__
[2026-05-01 23:43:10] Context Switch: __sppadmin__ -> __sppadmin__
[2026-05-02 00:00:06] Context Switch: sppadmin -> sppadmin
[2026-05-02 00:00:06] Context Switch: sppadmin -> sppadmin
[2026-05-02 00:00:07] Context Switch: sppadmin -> default
[2026-05-02 00:00:07] Context Switch: default -> default
[2026-05-02 00:00:07] Context Switch: default -> default
[2026-05-02 00:00:08] Context Switch: default -> sppadmin
[2026-05-02 00:00:09] Context Switch: default -> default
[2026-05-02 00:00:09] Context Switch: default -> default
[2026-05-02 00:00:09] Context Switch: default -> default
[2026-05-02 00:00:09] Context Switch: default -> default
[2026-05-02 00:00:09] Context Switch: default -> default
[2026-05-02 00:00:09] Context Switch: default -> default
[2026-05-02 00:00:10] Context Switch: sppadmin -> sppadmin
[2026-05-02 00:00:10] Context Switch: sppadmin -> sppadmin
[2026-05-02 00:00:11] Context Switch: sppadmin -> default
[2026-05-02 00:00:11] Context Switch: default -> default
[2026-05-02 00:00:11] Context Switch: default -> default
[2026-05-02 00:00:11] Context Switch: default -> sppadmin
[2026-05-02 00:00:19] Context Switch: sppadmin -> sppadmin
[2026-05-02 00:00:19] Context Switch: sppadmin -> sppadmin
[2026-05-02 00:00:20] Context Switch: sppadmin -> default
[2026-05-02 00:00:20] Context Switch: default -> default
[2026-05-02 00:00:20] Context Switch: default -> default
[2026-05-02 00:00:20] Context Switch: default -> sppadmin
[2026-05-02 00:00:21] Context Switch: sppadmin -> sppadmin
[2026-05-02 00:00:21] Context Switch: sppadmin -> sppadmin
[2026-05-02 00:00:21] Context Switch: sppadmin -> sppadmin
[2026-05-02 00:00:21] Context Switch: sppadmin -> sppadmin
[2026-05-02 00:00:21] Context Switch: sppadmin -> default
[2026-05-02 00:00:21] Context Switch: default -> default
[2026-05-02 00:00:21] Context Switch: sppadmin -> default
[2026-05-02 00:00:21] Context Switch: default -> default
[2026-05-02 00:00:22] Context Switch: default -> default
[2026-05-02 00:00:22] Context Switch: default -> default
[2026-05-02 00:00:22] Context Switch: default -> sppadmin
[2026-05-02 00:00:22] Context Switch: default -> sppadmin
[2026-05-02 00:00:22] Context Switch: sppadmin -> __sppadmin__
[2026-05-02 00:00:22] Context Switch: __sppadmin__ -> __sppadmin__
[2026-05-02 00:00:23] Context Switch: __sppadmin__ -> lekhak
[2026-05-02 00:00:23] Context Switch: lekhak -> lekhak
[2026-05-02 00:00:23] Context Switch: lekhak -> lekhak
[2026-05-02 00:00:23] Context Switch: default -> default
[2026-05-02 00:00:23] Context Switch: default -> default
[2026-05-02 00:00:24] Context Switch: default -> default
[2026-05-02 00:00:24] Context Switch: sppadmin -> sppadmin
[2026-05-02 00:00:24] Context Switch: sppadmin -> sppadmin
[2026-05-02 00:00:25] Context Switch: sppadmin -> default
[2026-05-02 00:00:25] Context Switch: default -> default
[2026-05-02 00:00:25] Context Switch: default -> default
[2026-05-02 00:00:26] Context Switch: default -> sppadmin
[2026-05-02 00:00:26] Context Switch: sppadmin -> __sppadmin__
[2026-05-02 00:00:26] Context Switch: __sppadmin__ -> __sppadmin__
[2026-05-02 00:00:26] Context Switch: sppadmin -> sppadmin
[2026-05-02 00:00:27] Context Switch: sppadmin -> sppadmin
[2026-05-02 00:00:27] Context Switch: sppadmin -> default
[2026-05-02 00:00:27] Context Switch: default -> default
[2026-05-02 00:00:27] Context Switch: default -> default
[2026-05-02 00:00:28] Context Switch: default -> sppadmin
[2026-05-02 00:00:28] Context Switch: sppadmin -> __sppadmin__
[2026-05-02 00:00:28] Context Switch: __sppadmin__ -> __sppadmin__
[2026-05-02 00:00:54] Context Switch: sppadmin -> sppadmin
[2026-05-02 00:00:54] Context Switch: sppadmin -> sppadmin
[2026-05-02 00:00:54] Context Switch: sppadmin -> default
[2026-05-02 00:00:54] Context Switch: default -> default
[2026-05-02 00:00:55] Context Switch: default -> default
[2026-05-02 00:00:55] Context Switch: default -> sppadmin
[2026-05-02 00:00:55] Context Switch: sppadmin -> __sppadmin__
[2026-05-02 00:00:55] Context Switch: __sppadmin__ -> __sppadmin__
[2026-05-02 00:01:25] Context Switch: sppadmin -> sppadmin
[2026-05-02 00:01:25] Context Switch: sppadmin -> sppadmin
[2026-05-02 00:01:25] Context Switch: sppadmin -> default
[2026-05-02 00:01:25] Context Switch: default -> default
[2026-05-02 00:01:26] Context Switch: default -> default
[2026-05-02 00:01:26] Context Switch: default -> sppadmin
[2026-05-02 00:01:27] Context Switch: sppadmin -> __sppadmin__
[2026-05-02 00:01:27] Context Switch: __sppadmin__ -> __sppadmin__
[2026-05-02 00:01:27] Context Switch: sppadmin -> sppadmin
[2026-05-02 00:01:27] Context Switch: sppadmin -> sppadmin
[2026-05-02 00:01:28] Context Switch: sppadmin -> default
[2026-05-02 00:01:28] Context Switch: default -> default
[2026-05-02 00:01:28] Context Switch: default -> default
[2026-05-02 00:01:29] Context Switch: default -> sppadmin
[2026-05-02 00:01:30] Context Switch: sppadmin -> __sppadmin__
[2026-05-02 00:01:30] Context Switch: __sppadmin__ -> __sppadmin__
[2026-05-02 00:02:17] Context Switch: sppadmin -> sppadmin
[2026-05-02 00:02:17] Context Switch: sppadmin -> sppadmin
[2026-05-02 00:02:17] Context Switch: sppadmin -> default
[2026-05-02 00:02:17] Context Switch: default -> default
[2026-05-02 00:02:17] Context Switch: default -> default
[2026-05-02 00:02:18] Context Switch: default -> sppadmin
[2026-05-02 00:02:18] Context Switch: sppadmin -> __sppadmin__
[2026-05-02 00:02:18] Context Switch: __sppadmin__ -> __sppadmin__
[2026-05-02 00:03:16] Context Switch: sppadmin -> sppadmin
[2026-05-02 00:03:16] Context Switch: sppadmin -> sppadmin
[2026-05-02 00:03:16] Context Switch: sppadmin -> default
[2026-05-02 00:03:16] Context Switch: default -> default
[2026-05-02 00:03:17] Context Switch: default -> default
[2026-05-02 00:03:17] Context Switch: default -> sppadmin
[2026-05-02 00:03:18] Context Switch: sppadmin -> __sppadmin__
[2026-05-02 00:03:18] Context Switch: __sppadmin__ -> __sppadmin__
[2026-05-02 00:03:38] Context Switch: default -> default
[2026-05-02 00:03:38] Context Switch: default -> default
[2026-05-02 00:03:39] Context Switch: default -> default
[2026-05-02 00:04:19] Context Switch: default -> default
[2026-05-02 00:04:19] Context Switch: default -> default
[2026-05-02 00:04:20] Context Switch: default -> default
[2026-05-02 00:04:20] Context Switch: sppadmin -> sppadmin
[2026-05-02 00:04:20] Context Switch: sppadmin -> sppadmin
[2026-05-02 00:04:20] Context Switch: sppadmin -> sppadmin
[2026-05-02 00:04:20] Context Switch: sppadmin -> sppadmin
[2026-05-02 00:04:20] Context Switch: sppadmin -> sppadmin
[2026-05-02 00:04:20] Context Switch: sppadmin -> sppadmin
[2026-05-02 00:04:21] Context Switch: sppadmin -> default
[2026-05-02 00:04:21] Context Switch: default -> default
[2026-05-02 00:04:21] Context Switch: sppadmin -> default
[2026-05-02 00:04:21] Context Switch: default -> default
[2026-05-02 00:04:21] Context Switch: sppadmin -> default
[2026-05-02 00:04:21] Context Switch: default -> default
[2026-05-02 00:04:21] Context Switch: default -> default
[2026-05-02 00:04:21] Context Switch: default -> default
[2026-05-02 00:04:21] Context Switch: default -> default
[2026-05-02 00:04:21] Context Switch: default -> sppadmin
[2026-05-02 00:04:21] Context Switch: default -> sppadmin
[2026-05-02 00:04:21] Context Switch: default -> sppadmin
[2026-05-02 00:04:22] Context Switch: sppadmin -> __sppadmin__
[2026-05-02 00:04:22] Context Switch: __sppadmin__ -> __sppadmin__
[2026-05-02 00:04:22] Context Switch: sppadmin -> __sppadmin__
[2026-05-02 00:04:22] Context Switch: __sppadmin__ -> lekhak
[2026-05-02 00:04:22] Context Switch: lekhak -> lekhak
[2026-05-02 00:04:22] Context Switch: __sppadmin__ -> __sppadmin__
[2026-05-02 00:04:22] Context Switch: __sppadmin__ -> lekhak
[2026-05-02 00:04:22] Context Switch: lekhak -> lekhak
[2026-05-02 00:04:22] Context Switch: lekhak -> __sppadmin__
[2026-05-02 00:04:22] Context Switch: __sppadmin__ -> lekhak
[2026-05-02 00:04:22] Context Switch: sppadmin -> __sppadmin__
[2026-05-02 00:04:22] Context Switch: __sppadmin__ -> __sppadmin__
[2026-05-02 00:04:22] Context Switch: lekhak -> __sppadmin__
[2026-05-02 00:04:22] Context Switch: __sppadmin__ -> lekhak
[2026-05-02 00:04:22] Context Switch: lekhak -> lekhak
[2026-05-02 00:04:22] Context Switch: lekhak -> __sppadmin__
[2026-05-02 00:04:22] Context Switch: __sppadmin__ -> lekhak
[2026-05-02 00:04:22] Context Switch: lekhak -> __sppadmin__
[2026-05-02 00:04:22] Context Switch: lekhak -> lekhak
[2026-05-02 00:04:23] Context Switch: sppadmin -> sppadmin
[2026-05-02 00:04:23] Context Switch: sppadmin -> sppadmin
[2026-05-02 00:04:23] Context Switch: sppadmin -> default
[2026-05-02 00:04:23] Context Switch: default -> default
[2026-05-02 00:04:24] Context Switch: default -> default
[2026-05-02 00:04:24] Context Switch: default -> sppadmin
[2026-05-02 00:04:25] Context Switch: sppadmin -> __sppadmin__
[2026-05-02 00:04:25] Context Switch: __sppadmin__ -> __sppadmin__
[2026-05-02 00:04:31] Context Switch: default -> default
[2026-05-02 00:04:31] Context Switch: default -> default
[2026-05-02 00:04:32] Context Switch: default -> default
[2026-05-02 00:04:33] Context Switch: sppadmin -> sppadmin
[2026-05-02 00:04:33] Context Switch: sppadmin -> sppadmin
[2026-05-02 00:04:33] Context Switch: sppadmin -> default
[2026-05-02 00:04:33] Context Switch: default -> default
[2026-05-02 00:04:33] Context Switch: default -> default
[2026-05-02 00:04:34] Context Switch: default -> sppadmin
[2026-05-02 00:04:35] Context Switch: sppadmin -> __sppadmin__
[2026-05-02 00:04:35] Context Switch: __sppadmin__ -> __sppadmin__
[2026-05-02 00:04:35] Context Switch: sppadmin -> sppadmin
[2026-05-02 00:04:35] Context Switch: sppadmin -> sppadmin
[2026-05-02 00:04:36] Context Switch: sppadmin -> default
[2026-05-02 00:04:36] Context Switch: default -> default
[2026-05-02 00:04:36] Context Switch: default -> default
[2026-05-02 00:04:36] Context Switch: default -> sppadmin
[2026-05-02 00:04:37] Context Switch: sppadmin -> __sppadmin__
[2026-05-02 00:04:37] Context Switch: __sppadmin__ -> __sppadmin__
[2026-05-02 00:04:50] Context Switch: sppadmin -> sppadmin
[2026-05-02 00:04:50] Context Switch: sppadmin -> sppadmin
[2026-05-02 00:04:51] Context Switch: sppadmin -> default
[2026-05-02 00:04:51] Context Switch: default -> default
[2026-05-02 00:04:51] Context Switch: default -> default
[2026-05-02 00:04:52] Context Switch: default -> sppadmin
[2026-05-02 00:04:53] Context Switch: sppadmin -> __sppadmin__
[2026-05-02 00:04:53] Context Switch: __sppadmin__ -> __sppadmin__
[2026-05-02 00:05:28] Context Switch: sppadmin -> sppadmin
[2026-05-02 00:05:28] Context Switch: sppadmin -> sppadmin
[2026-05-02 00:05:29] Context Switch: sppadmin -> default
[2026-05-02 00:05:29] Context Switch: default -> default
[2026-05-02 00:05:29] Context Switch: default -> default
[2026-05-02 00:05:30] Context Switch: default -> sppadmin
[2026-05-02 00:05:30] Context Switch: sppadmin -> __sppadmin__
[2026-05-02 00:05:30] Context Switch: __sppadmin__ -> __sppadmin__
[2026-05-02 03:38:44] Context Switch: sppadmin -> sppadmin
[2026-05-02 03:38:44] Context Switch: sppadmin -> sppadmin
[2026-05-02 03:38:46] Context Switch: sppadmin -> default
[2026-05-02 03:38:46] Context Switch: default -> default
[2026-05-02 03:38:47] Context Switch: default -> default
[2026-05-02 03:38:48] Context Switch: default -> sppadmin
[2026-05-02 03:38:52] Context Switch: default -> default
[2026-05-02 03:38:52] Context Switch: default -> default
[2026-05-02 03:38:52] Context Switch: default -> default
[2026-05-02 03:38:52] Context Switch: default -> default
[2026-05-02 03:38:53] Context Switch: default -> default
[2026-05-02 03:38:53] Context Switch: default -> default
[2026-05-02 03:38:54] Context Switch: sppadmin -> sppadmin
[2026-05-02 03:38:54] Context Switch: sppadmin -> sppadmin
[2026-05-02 03:38:55] Context Switch: sppadmin -> default
[2026-05-02 03:38:55] Context Switch: default -> default
[2026-05-02 03:38:56] Context Switch: default -> default
[2026-05-02 03:38:58] Context Switch: default -> sppadmin
[2026-05-02 03:39:03] Context Switch: sppadmin -> sppadmin
[2026-05-02 03:39:03] Context Switch: sppadmin -> sppadmin
[2026-05-02 03:39:05] Context Switch: sppadmin -> default
[2026-05-02 03:39:05] Context Switch: default -> default
[2026-05-02 03:39:06] Context Switch: default -> default
[2026-05-02 03:39:07] Context Switch: default -> sppadmin
[2026-05-02 03:39:11] Context Switch: default -> default
[2026-05-02 03:39:11] Context Switch: default -> default
[2026-05-02 03:39:11] Context Switch: default -> default
[2026-05-02 03:39:11] Context Switch: default -> default
[2026-05-02 03:39:12] Context Switch: default -> default
[2026-05-02 03:39:12] Context Switch: default -> default
[2026-05-02 03:39:13] Context Switch: sppadmin -> sppadmin
[2026-05-02 03:39:13] Context Switch: sppadmin -> sppadmin
[2026-05-02 03:39:15] Context Switch: sppadmin -> default
[2026-05-02 03:39:15] Context Switch: default -> default
[2026-05-02 03:39:16] Context Switch: default -> default
[2026-05-02 03:39:17] Context Switch: default -> sppadmin
[2026-05-02 03:48:12] Context Switch: sppadmin -> sppadmin
[2026-05-02 03:48:12] Context Switch: sppadmin -> sppadmin
[2026-05-02 03:48:14] Context Switch: sppadmin -> default
[2026-05-02 03:48:14] Context Switch: default -> default
[2026-05-02 03:48:15] Context Switch: default -> default
[2026-05-02 03:48:16] Context Switch: default -> sppadmin
[2026-05-02 03:48:18] Context Switch: sppadmin -> sppadmin
[2026-05-02 03:48:18] Context Switch: sppadmin -> sppadmin
[2026-05-02 03:48:18] Context Switch: sppadmin -> sppadmin
[2026-05-02 03:48:18] Context Switch: sppadmin -> sppadmin
[2026-05-02 03:48:19] Context Switch: sppadmin -> default
[2026-05-02 03:48:19] Context Switch: sppadmin -> default
[2026-05-02 03:48:19] Context Switch: default -> default
[2026-05-02 03:48:19] Context Switch: default -> default
[2026-05-02 03:48:19] Context Switch: default -> default
[2026-05-02 03:48:19] Context Switch: default -> default
[2026-05-02 03:48:19] Context Switch: default -> sppadmin
[2026-05-02 03:48:19] Context Switch: default -> sppadmin
[2026-05-02 03:48:20] Context Switch: sppadmin -> __sppadmin__
[2026-05-02 03:48:20] Context Switch: __sppadmin__ -> __sppadmin__
[2026-05-02 03:48:20] Context Switch: __sppadmin__ -> lekhak
[2026-05-02 03:48:20] Context Switch: lekhak -> lekhak
[2026-05-02 03:48:21] Context Switch: lekhak -> lekhak
[2026-05-02 03:48:22] Context Switch: default -> default
[2026-05-02 03:48:22] Context Switch: default -> default
[2026-05-02 03:48:25] Context Switch: default -> default
[2026-05-02 03:48:26] Context Switch: sppadmin -> sppadmin
[2026-05-02 03:48:26] Context Switch: sppadmin -> sppadmin
[2026-05-02 03:48:28] Context Switch: sppadmin -> default
[2026-05-02 03:48:28] Context Switch: default -> default
[2026-05-02 03:48:29] Context Switch: default -> default
[2026-05-02 03:48:30] Context Switch: default -> sppadmin
[2026-05-02 03:48:31] Context Switch: sppadmin -> __sppadmin__
[2026-05-02 03:48:31] Context Switch: __sppadmin__ -> __sppadmin__
[2026-05-02 03:48:32] Context Switch: sppadmin -> sppadmin
[2026-05-02 03:48:32] Context Switch: sppadmin -> sppadmin
[2026-05-02 03:48:33] Context Switch: sppadmin -> default
[2026-05-02 03:48:33] Context Switch: default -> default
[2026-05-02 03:48:34] Context Switch: default -> default
[2026-05-02 03:48:35] Context Switch: default -> sppadmin
[2026-05-02 03:48:36] Context Switch: sppadmin -> __sppadmin__
[2026-05-02 03:48:36] Context Switch: __sppadmin__ -> __sppadmin__
[2026-05-02 04:00:23] Context Switch: sppadmin -> sppadmin
[2026-05-02 04:00:23] Context Switch: sppadmin -> sppadmin
[2026-05-02 04:00:24] Context Switch: sppadmin -> default
[2026-05-02 04:00:24] Context Switch: default -> default
[2026-05-02 04:00:25] Context Switch: default -> default
[2026-05-02 04:00:27] Context Switch: default -> sppadmin
[2026-05-02 04:00:28] Context Switch: sppadmin -> __sppadmin__
[2026-05-02 04:00:28] Context Switch: __sppadmin__ -> __sppadmin__
[2026-05-02 04:00:39] Context Switch: sppadmin -> sppadmin
[2026-05-02 04:00:39] Context Switch: sppadmin -> sppadmin
[2026-05-02 04:00:40] Context Switch: sppadmin -> default
[2026-05-02 04:00:40] Context Switch: default -> default
[2026-05-02 04:00:41] Context Switch: default -> default
[2026-05-02 04:00:43] Context Switch: default -> sppadmin
[2026-05-02 04:00:45] Context Switch: sppadmin -> __sppadmin__
[2026-05-02 04:00:46] Context Switch: __sppadmin__ -> __sppadmin__
[2026-05-02 04:01:01] Context Switch: sppadmin -> sppadmin
[2026-05-02 04:01:01] Context Switch: sppadmin -> sppadmin
[2026-05-02 04:01:03] Context Switch: sppadmin -> default
[2026-05-02 04:01:03] Context Switch: default -> default
[2026-05-02 04:01:04] Context Switch: default -> default
[2026-05-02 04:01:06] Context Switch: default -> sppadmin
[2026-05-02 04:01:07] Context Switch: sppadmin -> __sppadmin__
[2026-05-02 04:01:07] Context Switch: __sppadmin__ -> __sppadmin__
[2026-05-02 04:01:14] Context Switch: sppadmin -> sppadmin
[2026-05-02 04:01:14] Context Switch: sppadmin -> sppadmin
[2026-05-02 04:01:15] Context Switch: sppadmin -> default
[2026-05-02 04:01:15] Context Switch: default -> default
[2026-05-02 04:01:16] Context Switch: default -> default
[2026-05-02 04:01:17] Context Switch: default -> sppadmin
[2026-05-02 04:01:18] Context Switch: sppadmin -> __sppadmin__
[2026-05-02 04:01:18] Context Switch: __sppadmin__ -> __sppadmin__
[2026-05-02 13:04:59] Context Switch: sppadmin -> sppadmin
[2026-05-02 13:04:59] Context Switch: sppadmin -> sppadmin
[2026-05-02 13:05:00] Context Switch: sppadmin -> default
[2026-05-02 13:05:00] Context Switch: default -> default
[2026-05-02 13:05:00] Context Switch: default -> default
[2026-05-02 13:05:00] Context Switch: default -> sppadmin
[2026-05-02 13:05:02] Context Switch: default -> default
[2026-05-02 13:05:02] Context Switch: default -> default
[2026-05-02 13:05:02] Context Switch: default -> default
[2026-05-02 13:05:02] Context Switch: default -> default
[2026-05-02 13:05:02] Context Switch: default -> default
[2026-05-02 13:05:02] Context Switch: default -> default
[2026-05-02 13:05:03] Context Switch: sppadmin -> sppadmin
[2026-05-02 13:05:03] Context Switch: sppadmin -> sppadmin
[2026-05-02 13:05:04] Context Switch: sppadmin -> default
[2026-05-02 13:05:04] Context Switch: default -> default
[2026-05-02 13:05:04] Context Switch: default -> default
[2026-05-02 13:05:04] Context Switch: default -> sppadmin
[2026-05-02 13:05:13] Context Switch: sppadmin -> sppadmin
[2026-05-02 13:05:13] Context Switch: sppadmin -> sppadmin
[2026-05-02 13:05:13] Context Switch: sppadmin -> default
[2026-05-02 13:05:13] Context Switch: default -> default
[2026-05-02 13:05:14] Context Switch: default -> default
[2026-05-02 13:05:14] Context Switch: default -> sppadmin
[2026-05-02 13:05:15] Context Switch: sppadmin -> sppadmin
[2026-05-02 13:05:15] Context Switch: sppadmin -> sppadmin
[2026-05-02 13:05:15] Context Switch: sppadmin -> sppadmin
[2026-05-02 13:05:15] Context Switch: sppadmin -> sppadmin
[2026-05-02 13:05:15] Context Switch: sppadmin -> default
[2026-05-02 13:05:15] Context Switch: sppadmin -> default
[2026-05-02 13:05:15] Context Switch: default -> default
[2026-05-02 13:05:15] Context Switch: default -> default
[2026-05-02 13:05:15] Context Switch: default -> default
[2026-05-02 13:05:15] Context Switch: default -> default
[2026-05-02 13:05:16] Context Switch: default -> sppadmin
[2026-05-02 13:05:16] Context Switch: default -> sppadmin
[2026-05-02 13:05:16] Context Switch: sppadmin -> __sppadmin__
[2026-05-02 13:05:16] Context Switch: __sppadmin__ -> __sppadmin__
[2026-05-02 13:05:16] Context Switch: __sppadmin__ -> lekhak
[2026-05-02 13:05:16] Context Switch: lekhak -> lekhak
[2026-05-02 13:05:16] Context Switch: lekhak -> lekhak
[2026-05-02 13:05:17] Context Switch: default -> default
[2026-05-02 13:05:17] Context Switch: default -> default
[2026-05-02 13:05:17] Context Switch: default -> default
[2026-05-02 13:05:18] Context Switch: sppadmin -> sppadmin
[2026-05-02 13:05:18] Context Switch: sppadmin -> sppadmin
[2026-05-02 13:05:19] Context Switch: sppadmin -> default
[2026-05-02 13:05:19] Context Switch: default -> default
[2026-05-02 13:05:19] Context Switch: default -> default
[2026-05-02 13:05:19] Context Switch: default -> sppadmin
[2026-05-02 13:05:20] Context Switch: sppadmin -> __sppadmin__
[2026-05-02 13:05:20] Context Switch: __sppadmin__ -> __sppadmin__
[2026-05-02 13:05:20] Context Switch: sppadmin -> sppadmin
[2026-05-02 13:05:20] Context Switch: sppadmin -> sppadmin
[2026-05-02 13:05:21] Context Switch: sppadmin -> default
[2026-05-02 13:05:21] Context Switch: default -> default
[2026-05-02 13:05:21] Context Switch: default -> default
[2026-05-02 13:05:21] Context Switch: default -> sppadmin
[2026-05-02 13:05:22] Context Switch: sppadmin -> __sppadmin__
[2026-05-02 13:05:22] Context Switch: __sppadmin__ -> __sppadmin__
[2026-05-02 13:05:35] Context Switch: sppadmin -> sppadmin
[2026-05-02 13:05:35] Context Switch: sppadmin -> sppadmin
[2026-05-02 13:05:36] Context Switch: sppadmin -> default
[2026-05-02 13:05:36] Context Switch: default -> default
[2026-05-02 13:05:36] Context Switch: default -> default
[2026-05-02 13:05:37] Context Switch: default -> sppadmin
[2026-05-02 13:05:38] Context Switch: sppadmin -> __sppadmin__
[2026-05-02 13:05:38] Context Switch: __sppadmin__ -> __sppadmin__
[2026-05-02 13:05:41] Context Switch: sppadmin -> sppadmin
[2026-05-02 13:05:41] Context Switch: sppadmin -> sppadmin
[2026-05-02 13:05:41] Context Switch: sppadmin -> default
[2026-05-02 13:05:42] Context Switch: default -> default
[2026-05-02 13:05:42] Context Switch: default -> default
[2026-05-02 13:05:43] Context Switch: default -> sppadmin
[2026-05-02 13:05:43] Context Switch: sppadmin -> __sppadmin__
[2026-05-02 13:05:44] Context Switch: __sppadmin__ -> __sppadmin__
[2026-05-02 13:05:44] Context Switch: sppadmin -> sppadmin
[2026-05-02 13:05:44] Context Switch: sppadmin -> sppadmin
[2026-05-02 13:05:45] Context Switch: sppadmin -> default
[2026-05-02 13:05:45] Context Switch: default -> default
[2026-05-02 13:05:46] Context Switch: default -> default
[2026-05-02 13:05:46] Context Switch: default -> sppadmin
[2026-05-02 13:05:47] Context Switch: sppadmin -> __sppadmin__
[2026-05-02 13:05:47] Context Switch: __sppadmin__ -> __sppadmin__
[2026-05-02 13:06:26] Context Switch: sppadmin -> sppadmin
[2026-05-02 13:06:26] Context Switch: sppadmin -> sppadmin
[2026-05-02 13:06:27] Context Switch: sppadmin -> default
[2026-05-02 13:06:27] Context Switch: default -> default
[2026-05-02 13:06:27] Context Switch: default -> default
[2026-05-02 13:06:28] Context Switch: default -> sppadmin
[2026-05-02 13:06:29] Context Switch: sppadmin -> __sppadmin__
[2026-05-02 13:06:29] Context Switch: __sppadmin__ -> __sppadmin__
[2026-05-02 13:06:29] Context Switch: sppadmin -> sppadmin
[2026-05-02 13:06:29] Context Switch: sppadmin -> sppadmin
[2026-05-02 13:06:31] Context Switch: sppadmin -> default
[2026-05-02 13:06:31] Context Switch: default -> default
[2026-05-02 13:06:31] Context Switch: default -> default
[2026-05-02 13:06:32] Context Switch: default -> sppadmin
[2026-05-02 13:06:33] Context Switch: sppadmin -> __sppadmin__
[2026-05-02 13:06:33] Context Switch: __sppadmin__ -> __sppadmin__
[2026-05-02 13:06:33] Context Switch: sppadmin -> sppadmin
[2026-05-02 13:06:33] Context Switch: sppadmin -> sppadmin
[2026-05-02 13:06:34] Context Switch: sppadmin -> default
[2026-05-02 13:06:34] Context Switch: default -> default
[2026-05-02 13:06:35] Context Switch: default -> default
[2026-05-02 13:06:36] Context Switch: default -> sppadmin
[2026-05-02 13:06:36] Context Switch: sppadmin -> __sppadmin__
[2026-05-02 13:06:36] Context Switch: __sppadmin__ -> __sppadmin__
[2026-05-02 13:06:44] Context Switch: sppadmin -> sppadmin
[2026-05-02 13:06:44] Context Switch: sppadmin -> sppadmin
[2026-05-02 13:06:46] Context Switch: sppadmin -> default
[2026-05-02 13:06:46] Context Switch: default -> default
[2026-05-02 13:06:47] Context Switch: default -> default
[2026-05-02 13:06:48] Context Switch: default -> sppadmin
[2026-05-02 13:06:48] Context Switch: sppadmin -> __sppadmin__
[2026-05-02 13:06:48] Context Switch: __sppadmin__ -> __sppadmin__
[2026-05-02 13:07:11] Context Switch: sppadmin -> sppadmin
[2026-05-02 13:07:11] Context Switch: sppadmin -> sppadmin
[2026-05-02 13:07:12] Context Switch: sppadmin -> default
[2026-05-02 13:07:12] Context Switch: default -> default
[2026-05-02 13:07:13] Context Switch: default -> default
[2026-05-02 13:07:14] Context Switch: default -> sppadmin
[2026-05-02 13:07:15] Context Switch: sppadmin -> __sppadmin__
[2026-05-02 13:07:15] Context Switch: __sppadmin__ -> __sppadmin__
[2026-05-02 14:23:33] Context Switch: sppadmin -> sppadmin
[2026-05-02 14:23:33] Context Switch: sppadmin -> sppadmin
[2026-05-02 14:23:33] Context Switch: sppadmin -> default
[2026-05-02 14:23:33] Context Switch: default -> default
[2026-05-02 14:23:34] Context Switch: default -> default
[2026-05-02 14:23:34] Context Switch: default -> sppadmin
[2026-05-02 14:23:35] Context Switch: default -> default
[2026-05-02 14:23:35] Context Switch: default -> default
[2026-05-02 14:23:35] Context Switch: default -> default
[2026-05-02 14:23:35] Context Switch: default -> default
[2026-05-02 14:23:35] Context Switch: default -> default
[2026-05-02 14:23:35] Context Switch: default -> default
[2026-05-02 14:23:48] Context Switch: sppadmin -> sppadmin
[2026-05-02 14:23:48] Context Switch: sppadmin -> sppadmin
[2026-05-02 14:23:48] Context Switch: sppadmin -> default
[2026-05-02 14:23:48] Context Switch: default -> default
[2026-05-02 14:23:49] Context Switch: default -> default
[2026-05-02 14:23:49] Context Switch: default -> sppadmin
[2026-05-02 14:23:50] Context Switch: default -> default
[2026-05-02 14:23:50] Context Switch: default -> default
[2026-05-02 14:23:50] Context Switch: default -> default
[2026-05-02 14:23:50] Context Switch: default -> default
[2026-05-02 14:23:50] Context Switch: default -> default
[2026-05-02 14:23:50] Context Switch: default -> default
[2026-05-02 14:38:25] Context Switch: spp_docs -> spp_docs
[2026-05-02 14:38:25] Context Switch: spp_docs -> spp_docs
[2026-05-02 14:38:25] Context Switch: spp_docs -> default
[2026-05-02 14:38:25] Context Switch: default -> default
[2026-05-02 14:38:26] Context Switch: default -> default
[2026-05-02 14:38:26] Context Switch: default -> spp_docs
[2026-05-02 14:38:28] Context Switch: spp_docs -> spp_docs
[2026-05-02 14:38:28] Context Switch: spp_docs -> spp_docs
[2026-05-02 14:38:29] Context Switch: spp_docs -> default
[2026-05-02 14:38:29] Context Switch: default -> default
[2026-05-02 14:38:30] Context Switch: default -> default
[2026-05-02 14:38:31] Context Switch: default -> spp_docs
[2026-05-02 14:39:14] Context Switch: spp_docs -> spp_docs
[2026-05-02 14:39:14] Context Switch: spp_docs -> spp_docs
[2026-05-02 14:39:16] Context Switch: spp_docs -> default
[2026-05-02 14:39:16] Context Switch: default -> default
[2026-05-02 14:39:17] Context Switch: default -> default
[2026-05-02 14:39:18] Context Switch: default -> spp_docs
[2026-05-02 14:39:19] Context Switch: spp_docs -> spp_docs
[2026-05-02 14:39:19] Context Switch: spp_docs -> spp_docs
[2026-05-02 14:39:19] Context Switch: spp_docs -> spp_docs
[2026-05-02 14:39:19] Context Switch: spp_docs -> spp_docs
[2026-05-02 14:39:20] Context Switch: spp_docs -> default
[2026-05-02 14:39:20] Context Switch: default -> default
[2026-05-02 14:39:20] Context Switch: spp_docs -> default
[2026-05-02 14:39:20] Context Switch: default -> default
[2026-05-02 14:39:20] Context Switch: default -> default
[2026-05-02 14:39:20] Context Switch: default -> default
[2026-05-02 14:39:21] Context Switch: default -> spp_docs
[2026-05-02 14:39:21] Context Switch: default -> spp_docs
[2026-05-02 14:39:22] Context Switch: spp_docs -> __sppadmin__
[2026-05-02 14:39:22] Context Switch: __sppadmin__ -> __sppadmin__
[2026-05-02 14:39:22] Context Switch: __sppadmin__ -> lekhak
[2026-05-02 14:39:22] Context Switch: lekhak -> lekhak
[2026-05-02 14:39:23] Context Switch: lekhak -> lekhak
[2026-05-02 14:39:24] Context Switch: default -> default
[2026-05-02 14:39:24] Context Switch: default -> default
[2026-05-02 14:39:25] Context Switch: default -> default
[2026-05-02 14:39:49] Context Switch: spp_docs -> spp_docs
[2026-05-02 14:39:49] Context Switch: spp_docs -> spp_docs
[2026-05-02 14:39:50] Context Switch: spp_docs -> default
[2026-05-02 14:39:50] Context Switch: default -> default
[2026-05-02 14:39:51] Context Switch: default -> default
[2026-05-02 14:39:52] Context Switch: default -> spp_docs
[2026-05-02 14:39:54] Context Switch: spp_docs -> spp_docs
[2026-05-02 14:39:54] Context Switch: spp_docs -> spp_docs
[2026-05-02 14:39:55] Context Switch: spp_docs -> default
[2026-05-02 14:39:55] Context Switch: default -> default
[2026-05-02 14:39:56] Context Switch: default -> default
[2026-05-02 14:39:57] Context Switch: default -> spp_docs
[2026-05-02 14:40:26] Context Switch: spp_docs -> spp_docs
[2026-05-02 14:40:26] Context Switch: spp_docs -> spp_docs
[2026-05-02 14:40:28] Context Switch: spp_docs -> default
[2026-05-02 14:40:28] Context Switch: default -> default
[2026-05-02 14:40:28] Context Switch: default -> default
[2026-05-02 14:40:29] Context Switch: default -> spp_docs
[2026-05-02 14:40:30] Context Switch: spp_docs -> spp_docs
[2026-05-02 14:40:30] Context Switch: spp_docs -> spp_docs
[2026-05-02 14:40:30] Context Switch: spp_docs -> spp_docs
[2026-05-02 14:40:30] Context Switch: spp_docs -> spp_docs
[2026-05-02 14:40:31] Context Switch: spp_docs -> default
[2026-05-02 14:40:31] Context Switch: spp_docs -> default
[2026-05-02 14:40:31] Context Switch: default -> default
[2026-05-02 14:40:31] Context Switch: default -> default
[2026-05-02 14:40:31] Context Switch: default -> default
[2026-05-02 14:40:31] Context Switch: default -> default
[2026-05-02 14:40:31] Context Switch: default -> spp_docs
[2026-05-02 14:40:31] Context Switch: default -> spp_docs
[2026-05-02 14:40:33] Context Switch: spp_docs -> __sppadmin__
[2026-05-02 14:40:33] Context Switch: __sppadmin__ -> __sppadmin__
[2026-05-02 14:40:33] Context Switch: __sppadmin__ -> lekhak
[2026-05-02 14:40:33] Context Switch: lekhak -> lekhak
[2026-05-02 14:40:33] Context Switch: lekhak -> lekhak
[2026-05-02 14:40:34] Context Switch: default -> default
[2026-05-02 14:40:34] Context Switch: default -> default
[2026-05-02 14:40:36] Context Switch: default -> default
[2026-05-02 14:40:48] Context Switch: default -> default
[2026-05-02 14:40:48] Context Switch: default -> default
[2026-05-02 14:40:50] Context Switch: default -> default
[2026-05-02 14:40:53] Context Switch: spp_docs -> spp_docs
[2026-05-02 14:40:53] Context Switch: spp_docs -> spp_docs
[2026-05-02 14:40:54] Context Switch: spp_docs -> default
[2026-05-02 14:40:54] Context Switch: default -> default
[2026-05-02 14:40:55] Context Switch: default -> default
[2026-05-02 14:40:56] Context Switch: default -> spp_docs
[2026-05-02 14:40:57] Context Switch: spp_docs -> __sppadmin__
[2026-05-02 14:40:57] Context Switch: __sppadmin__ -> __sppadmin__
[2026-05-02 14:40:57] Context Switch: __sppadmin__ -> lekhak
[2026-05-02 14:40:57] Context Switch: lekhak -> lekhak
[2026-05-02 14:40:58] Context Switch: lekhak -> lekhak
[2026-05-02 14:41:05] Context Switch: default -> default
[2026-05-02 14:41:05] Context Switch: default -> default
[2026-05-02 14:41:07] Context Switch: default -> default
[2026-05-02 14:42:36] Context Switch: spp_docs -> spp_docs
[2026-05-02 14:42:36] Context Switch: spp_docs -> spp_docs
[2026-05-02 14:42:36] Context Switch: spp_docs -> default
[2026-05-02 14:42:36] Context Switch: default -> default
[2026-05-02 14:42:36] Context Switch: default -> default
[2026-05-02 14:42:37] Context Switch: default -> spp_docs
[2026-05-02 14:42:38] Context Switch: spp_docs -> spp_docs
[2026-05-02 14:42:38] Context Switch: spp_docs -> spp_docs
[2026-05-02 14:42:39] Context Switch: spp_docs -> default
[2026-05-02 14:42:39] Context Switch: default -> default
[2026-05-02 14:42:39] Context Switch: default -> default
[2026-05-02 14:42:40] Context Switch: default -> spp_docs
[2026-05-02 14:43:11] Context Switch: spp_docs -> spp_docs
[2026-05-02 14:43:11] Context Switch: spp_docs -> spp_docs
[2026-05-02 14:43:13] Context Switch: spp_docs -> default
[2026-05-02 14:43:13] Context Switch: default -> default
[2026-05-02 14:43:14] Context Switch: default -> default
[2026-05-02 14:43:15] Context Switch: default -> spp_docs
[2026-05-02 14:43:17] Context Switch: spp_docs -> spp_docs
[2026-05-02 14:43:17] Context Switch: spp_docs -> spp_docs
[2026-05-02 14:43:17] Context Switch: spp_docs -> spp_docs
[2026-05-02 14:43:17] Context Switch: spp_docs -> spp_docs
[2026-05-02 14:43:18] Context Switch: spp_docs -> default
[2026-05-02 14:43:18] Context Switch: spp_docs -> default
[2026-05-02 14:43:18] Context Switch: default -> default
[2026-05-02 14:43:18] Context Switch: default -> default
[2026-05-02 14:43:18] Context Switch: default -> default
[2026-05-02 14:43:18] Context Switch: default -> default
[2026-05-02 14:43:19] Context Switch: default -> spp_docs
[2026-05-02 14:43:19] Context Switch: default -> spp_docs
[2026-05-02 14:43:20] Context Switch: spp_docs -> __sppadmin__
[2026-05-02 14:43:20] Context Switch: __sppadmin__ -> __sppadmin__
[2026-05-02 14:43:20] Context Switch: __sppadmin__ -> lekhak
[2026-05-02 14:43:20] Context Switch: lekhak -> lekhak
[2026-05-02 14:43:21] Context Switch: lekhak -> lekhak
[2026-05-02 14:43:22] Context Switch: default -> default
[2026-05-02 14:43:22] Context Switch: default -> default
[2026-05-02 14:43:24] Context Switch: default -> default
[2026-05-02 14:43:26] Context Switch: spp_docs -> spp_docs
[2026-05-02 14:43:26] Context Switch: spp_docs -> spp_docs
[2026-05-02 14:43:26] Context Switch: spp_docs -> spp_docs
[2026-05-02 14:43:26] Context Switch: spp_docs -> spp_docs
[2026-05-02 14:43:27] Context Switch: spp_docs -> spp_docs
[2026-05-02 14:43:27] Context Switch: spp_docs -> spp_docs
[2026-05-02 14:43:27] Context Switch: spp_docs -> default
[2026-05-02 14:43:27] Context Switch: spp_docs -> default
[2026-05-02 14:43:27] Context Switch: default -> default
[2026-05-02 14:43:27] Context Switch: default -> default
[2026-05-02 14:43:27] Context Switch: default -> default
[2026-05-02 14:43:27] Context Switch: default -> default
[2026-05-02 14:43:27] Context Switch: spp_docs -> default
[2026-05-02 14:43:27] Context Switch: default -> default
[2026-05-02 14:43:28] Context Switch: default -> spp_docs
[2026-05-02 14:43:28] Context Switch: default -> spp_docs
[2026-05-02 14:43:28] Context Switch: default -> default
[2026-05-02 14:43:29] Context Switch: spp_docs -> __sppadmin__
[2026-05-02 14:43:29] Context Switch: spp_docs -> __sppadmin__
[2026-05-02 14:43:29] Context Switch: __sppadmin__ -> __sppadmin__
[2026-05-02 14:43:29] Context Switch: __sppadmin__ -> __sppadmin__
[2026-05-02 14:43:29] Context Switch: __sppadmin__ -> default
[2026-05-02 14:43:29] Context Switch: __sppadmin__ -> lekhak
[2026-05-02 14:43:29] Context Switch: lekhak -> lekhak
[2026-05-02 14:43:29] Context Switch: default -> __sppadmin__
[2026-05-02 14:43:30] Context Switch: __sppadmin__ -> default
[2026-05-02 14:43:30] Context Switch: default -> __sppadmin__
[2026-05-02 14:43:30] Context Switch: __sppadmin__ -> default
[2026-05-02 14:43:30] Context Switch: default -> __sppadmin__
[2026-05-02 14:43:30] Context Switch: default -> spp_docs
[2026-05-02 14:43:31] Context Switch: lekhak -> lekhak
[2026-05-02 14:43:32] Context Switch: spp_docs -> __sppadmin__
[2026-05-02 14:43:32] Context Switch: __sppadmin__ -> __sppadmin__
[2026-05-02 14:43:32] Context Switch: __sppadmin__ -> default
[2026-05-02 14:43:32] Context Switch: default -> __sppadmin__
[2026-05-02 14:43:34] Context Switch: spp_docs -> spp_docs
[2026-05-02 14:43:34] Context Switch: spp_docs -> spp_docs
[2026-05-02 14:43:35] Context Switch: spp_docs -> default
[2026-05-02 14:43:35] Context Switch: default -> default
[2026-05-02 14:43:36] Context Switch: default -> default
[2026-05-02 14:43:38] Context Switch: default -> spp_docs
[2026-05-02 14:43:39] Context Switch: spp_docs -> __sppadmin__
[2026-05-02 14:43:39] Context Switch: __sppadmin__ -> __sppadmin__
[2026-05-02 14:43:49] Context Switch: default -> default
[2026-05-02 14:43:49] Context Switch: default -> default
[2026-05-02 14:43:51] Context Switch: default -> default
[2026-05-02 14:43:54] Context Switch: spp_docs -> spp_docs
[2026-05-02 14:43:54] Context Switch: spp_docs -> spp_docs
[2026-05-02 14:43:55] Context Switch: spp_docs -> default
[2026-05-02 14:43:55] Context Switch: default -> default
[2026-05-02 14:43:55] Context Switch: default -> default
[2026-05-02 14:43:56] Context Switch: default -> spp_docs
[2026-05-02 14:43:58] Context Switch: spp_docs -> __sppadmin__
[2026-05-02 14:43:58] Context Switch: __sppadmin__ -> __sppadmin__
[2026-05-02 14:43:58] Context Switch: __sppadmin__ -> lekhak
[2026-05-02 14:43:58] Context Switch: lekhak -> lekhak
[2026-05-02 14:43:58] Context Switch: lekhak -> lekhak
[2026-05-02 14:45:35] Context Switch: default -> default
[2026-05-02 14:45:35] Context Switch: default -> default
[2026-05-02 14:45:37] Context Switch: default -> default
[2026-05-02 14:45:40] Context Switch: spp_docs -> spp_docs
[2026-05-02 14:45:40] Context Switch: spp_docs -> spp_docs
[2026-05-02 14:45:40] Context Switch: spp_docs -> default
[2026-05-02 14:45:40] Context Switch: default -> default
[2026-05-02 14:45:41] Context Switch: default -> default
[2026-05-02 14:45:42] Context Switch: default -> spp_docs
[2026-05-02 14:45:43] Context Switch: spp_docs -> __sppadmin__
[2026-05-02 14:45:43] Context Switch: __sppadmin__ -> __sppadmin__
[2026-05-02 14:45:44] Context Switch: spp_docs -> spp_docs
[2026-05-02 14:45:44] Context Switch: spp_docs -> spp_docs
[2026-05-02 14:45:45] Context Switch: spp_docs -> default
[2026-05-02 14:45:45] Context Switch: default -> default
[2026-05-02 14:45:46] Context Switch: default -> default
[2026-05-02 14:45:48] Context Switch: default -> spp_docs
[2026-05-02 14:45:50] Context Switch: spp_docs -> __sppadmin__
[2026-05-02 14:45:51] Context Switch: __sppadmin__ -> __sppadmin__
[2026-05-02 14:46:39] Context Switch: spp_docs -> spp_docs
[2026-05-02 14:46:39] Context Switch: spp_docs -> spp_docs
[2026-05-02 14:46:40] Context Switch: spp_docs -> default
[2026-05-02 14:46:40] Context Switch: default -> default
[2026-05-02 14:46:41] Context Switch: default -> default
[2026-05-02 14:46:41] Context Switch: default -> spp_docs
[2026-05-02 14:46:43] Context Switch: spp_docs -> __sppadmin__
[2026-05-02 14:46:43] Context Switch: __sppadmin__ -> __sppadmin__
[2026-05-02 14:46:57] Context Switch: default -> default
[2026-05-02 14:46:57] Context Switch: default -> default
[2026-05-02 14:46:59] Context Switch: default -> default
[2026-05-02 14:47:33] Context Switch: spp_docs -> spp_docs
[2026-05-02 14:47:34] Context Switch: spp_docs -> spp_docs
[2026-05-02 14:47:34] Context Switch: spp_docs -> default
[2026-05-02 14:47:34] Context Switch: default -> default
[2026-05-02 14:47:36] Context Switch: default -> default
[2026-05-02 14:47:38] Context Switch: default -> spp_docs
[2026-05-02 14:47:39] Context Switch: spp_docs -> __sppadmin__
[2026-05-02 14:47:39] Context Switch: __sppadmin__ -> __sppadmin__
[2026-05-02 14:48:20] Context Switch: default -> default
[2026-05-02 14:48:20] Context Switch: default -> default
[2026-05-02 14:48:20] Context Switch: default -> default
[2026-05-02 14:48:20] Context Switch: default -> default
[2026-05-02 14:48:21] Context Switch: default -> default
[2026-05-02 14:48:21] Context Switch: default -> default
[2026-05-02 14:48:23] Context Switch: spp_docs -> spp_docs
[2026-05-02 14:48:23] Context Switch: spp_docs -> spp_docs
[2026-05-02 14:48:23] Context Switch: spp_docs -> spp_docs
[2026-05-02 14:48:23] Context Switch: spp_docs -> spp_docs
[2026-05-02 14:48:23] Context Switch: spp_docs -> spp_docs
[2026-05-02 14:48:24] Context Switch: spp_docs -> spp_docs
[2026-05-02 14:48:24] Context Switch: spp_docs -> spp_docs
[2026-05-02 14:48:24] Context Switch: spp_docs -> spp_docs
[2026-05-02 14:48:24] Context Switch: spp_docs -> default
[2026-05-02 14:48:24] Context Switch: spp_docs -> default
[2026-05-02 14:48:24] Context Switch: spp_docs -> default
[2026-05-02 14:48:24] Context Switch: default -> default
[2026-05-02 14:48:24] Context Switch: default -> default
[2026-05-02 14:48:24] Context Switch: default -> default
[2026-05-02 14:48:24] Context Switch: spp_docs -> default
[2026-05-02 14:48:24] Context Switch: default -> default
[2026-05-02 14:48:24] Context Switch: default -> default
[2026-05-02 14:48:24] Context Switch: default -> default
[2026-05-02 14:48:25] Context Switch: default -> default
[2026-05-02 14:48:25] Context Switch: default -> default
[2026-05-02 14:48:25] Context Switch: default -> spp_docs
[2026-05-02 14:48:25] Context Switch: default -> spp_docs
[2026-05-02 14:48:25] Context Switch: default -> spp_docs
[2026-05-02 14:48:26] Context Switch: default -> spp_docs
[2026-05-02 14:48:26] Context Switch: spp_docs -> __sppadmin__
[2026-05-02 14:48:26] Context Switch: spp_docs -> __sppadmin__
[2026-05-02 14:48:27] Context Switch: __sppadmin__ -> __sppadmin__
[2026-05-02 14:48:27] Context Switch: __sppadmin__ -> __sppadmin__
[2026-05-02 14:48:27] Context Switch: __sppadmin__ -> default
[2026-05-02 14:48:27] Context Switch: default -> __sppadmin__
[2026-05-02 14:48:27] Context Switch: __sppadmin__ -> default
[2026-05-02 14:48:27] Context Switch: default -> __sppadmin__
[2026-05-02 14:48:27] Context Switch: spp_docs -> __sppadmin__
[2026-05-02 14:48:27] Context Switch: spp_docs -> __sppadmin__
[2026-05-02 14:48:27] Context Switch: __sppadmin__ -> default
[2026-05-02 14:48:27] Context Switch: default -> __sppadmin__
[2026-05-02 14:48:27] Context Switch: __sppadmin__ -> __sppadmin__
[2026-05-02 14:48:27] Context Switch: __sppadmin__ -> __sppadmin__
[2026-05-02 14:48:27] Context Switch: __sppadmin__ -> default
[2026-05-02 14:48:27] Context Switch: __sppadmin__ -> lekhak
[2026-05-02 14:48:27] Context Switch: lekhak -> lekhak
[2026-05-02 14:48:28] Context Switch: default -> __sppadmin__
[2026-05-02 14:48:28] Context Switch: spp_docs -> spp_docs
[2026-05-02 14:48:28] Context Switch: spp_docs -> spp_docs
[2026-05-02 14:48:29] Context Switch: lekhak -> lekhak
[2026-05-02 14:48:29] Context Switch: spp_docs -> default
[2026-05-02 14:48:29] Context Switch: default -> default
[2026-05-02 14:48:29] Context Switch: spp_docs -> spp_docs
[2026-05-02 14:48:29] Context Switch: spp_docs -> spp_docs
[2026-05-02 14:48:30] Context Switch: default -> default
[2026-05-02 14:48:30] Context Switch: spp_docs -> default
[2026-05-02 14:48:30] Context Switch: default -> default
[2026-05-02 14:48:31] Context Switch: default -> default
[2026-05-02 14:48:31] Context Switch: default -> spp_docs
[2026-05-02 14:48:32] Context Switch: default -> spp_docs
[2026-05-02 14:48:32] Context Switch: spp_docs -> __sppadmin__
[2026-05-02 14:48:33] Context Switch: __sppadmin__ -> __sppadmin__
[2026-05-02 14:48:34] Context Switch: spp_docs -> __sppadmin__
[2026-05-02 14:48:34] Context Switch: __sppadmin__ -> __sppadmin__
[2026-05-02 14:49:09] Context Switch: default -> default
[2026-05-02 14:49:09] Context Switch: default -> default
[2026-05-02 14:49:11] Context Switch: default -> default
[2026-05-02 14:50:01] Context Switch: default -> default
[2026-05-02 14:50:01] Context Switch: default -> default
[2026-05-02 14:50:04] Context Switch: default -> default
[2026-05-02 14:50:07] Context Switch: spp_docs -> spp_docs
[2026-05-02 14:50:07] Context Switch: spp_docs -> spp_docs
[2026-05-02 14:50:08] Context Switch: spp_docs -> default
[2026-05-02 14:50:08] Context Switch: default -> default
[2026-05-02 14:50:08] Context Switch: default -> default
[2026-05-02 14:50:10] Context Switch: default -> spp_docs
[2026-05-02 14:50:11] Context Switch: spp_docs -> __sppadmin__
[2026-05-02 14:50:11] Context Switch: __sppadmin__ -> __sppadmin__
[2026-05-02 14:50:12] Context Switch: spp_docs -> spp_docs
[2026-05-02 14:50:12] Context Switch: spp_docs -> spp_docs
[2026-05-02 14:50:13] Context Switch: spp_docs -> default
[2026-05-02 14:50:13] Context Switch: default -> default
[2026-05-02 14:50:14] Context Switch: default -> default
[2026-05-02 14:50:16] Context Switch: default -> spp_docs
[2026-05-02 14:50:17] Context Switch: spp_docs -> __sppadmin__
[2026-05-02 14:50:17] Context Switch: __sppadmin__ -> __sppadmin__
[2026-05-02 14:57:38] Context Switch: sppadmin -> sppadmin
[2026-05-02 14:57:39] Context Switch: sppadmin -> sppadmin
[2026-05-02 14:57:41] Context Switch: sppadmin -> default
[2026-05-02 14:57:41] Context Switch: default -> default
[2026-05-02 14:57:42] Context Switch: default -> default
[2026-05-02 14:57:43] Context Switch: default -> sppadmin
[2026-05-02 14:57:47] Context Switch: default -> default
[2026-05-02 14:57:47] Context Switch: default -> default
[2026-05-02 14:57:47] Context Switch: default -> default
[2026-05-02 14:57:47] Context Switch: default -> default
[2026-05-02 14:57:48] Context Switch: default -> default
[2026-05-02 14:57:48] Context Switch: default -> default
[2026-05-02 14:57:49] Context Switch: sppadmin -> sppadmin
[2026-05-02 14:57:49] Context Switch: sppadmin -> sppadmin
[2026-05-02 14:57:52] Context Switch: sppadmin -> default
[2026-05-02 14:57:52] Context Switch: default -> default
[2026-05-02 14:57:53] Context Switch: default -> default
[2026-05-02 14:57:55] Context Switch: default -> sppadmin
[2026-05-02 14:58:06] Context Switch: sppadmin -> sppadmin
[2026-05-02 14:58:06] Context Switch: sppadmin -> sppadmin
[2026-05-02 14:58:08] Context Switch: sppadmin -> default
[2026-05-02 14:58:08] Context Switch: default -> default
[2026-05-02 14:58:10] Context Switch: default -> default
[2026-05-02 14:58:12] Context Switch: default -> sppadmin
[2026-05-02 14:58:14] Context Switch: sppadmin -> sppadmin
[2026-05-02 14:58:14] Context Switch: sppadmin -> sppadmin
[2026-05-02 14:58:14] Context Switch: sppadmin -> sppadmin
[2026-05-02 14:58:14] Context Switch: sppadmin -> sppadmin
[2026-05-02 14:58:15] Context Switch: sppadmin -> default
[2026-05-02 14:58:15] Context Switch: default -> default
[2026-05-02 14:58:15] Context Switch: sppadmin -> default
[2026-05-02 14:58:15] Context Switch: default -> default
[2026-05-02 14:58:15] Context Switch: default -> default
[2026-05-02 14:58:15] Context Switch: default -> default
[2026-05-02 14:58:16] Context Switch: default -> sppadmin
[2026-05-02 14:58:17] Context Switch: default -> sppadmin
[2026-05-02 14:58:17] Context Switch: sppadmin -> __sppadmin__
[2026-05-02 14:58:18] Context Switch: __sppadmin__ -> __sppadmin__
[2026-05-02 14:58:18] Context Switch: __sppadmin__ -> lekhak
[2026-05-02 14:58:18] Context Switch: lekhak -> lekhak
[2026-05-02 14:58:19] Context Switch: lekhak -> lekhak
[2026-05-02 14:58:21] Context Switch: default -> default
[2026-05-02 14:58:21] Context Switch: default -> default
[2026-05-02 14:58:24] Context Switch: default -> default
[2026-05-02 14:58:27] Context Switch: sppadmin -> sppadmin
[2026-05-02 14:58:27] Context Switch: sppadmin -> sppadmin
[2026-05-02 14:58:27] Context Switch: sppadmin -> sppadmin
[2026-05-02 14:58:27] Context Switch: sppadmin -> sppadmin
[2026-05-02 14:58:27] Context Switch: sppadmin -> sppadmin
[2026-05-02 14:58:27] Context Switch: sppadmin -> sppadmin
[2026-05-02 14:58:27] Context Switch: sppadmin -> default
[2026-05-02 14:58:27] Context Switch: sppadmin -> default
[2026-05-02 14:58:27] Context Switch: default -> default
[2026-05-02 14:58:27] Context Switch: default -> default
[2026-05-02 14:58:27] Context Switch: sppadmin -> default
[2026-05-02 14:58:28] Context Switch: default -> default
[2026-05-02 14:58:28] Context Switch: default -> default
[2026-05-02 14:58:28] Context Switch: default -> default
[2026-05-02 14:58:28] Context Switch: default -> sppadmin
[2026-05-02 14:58:28] Context Switch: default -> sppadmin
[2026-05-02 14:58:28] Context Switch: default -> default
[2026-05-02 14:58:29] Context Switch: sppadmin -> __sppadmin__
[2026-05-02 14:58:29] Context Switch: sppadmin -> __sppadmin__
[2026-05-02 14:58:30] Context Switch: __sppadmin__ -> __sppadmin__
[2026-05-02 14:58:30] Context Switch: __sppadmin__ -> __sppadmin__
[2026-05-02 14:58:30] Context Switch: __sppadmin__ -> default
[2026-05-02 14:58:30] Context Switch: __sppadmin__ -> lekhak
[2026-05-02 14:58:30] Context Switch: lekhak -> lekhak
[2026-05-02 14:58:30] Context Switch: default -> __sppadmin__
[2026-05-02 14:58:30] Context Switch: __sppadmin__ -> default
[2026-05-02 14:58:30] Context Switch: default -> __sppadmin__
[2026-05-02 14:58:30] Context Switch: __sppadmin__ -> default
[2026-05-02 14:58:30] Context Switch: default -> __sppadmin__
[2026-05-02 14:58:30] Context Switch: default -> sppadmin
[2026-05-02 14:58:31] Context Switch: lekhak -> lekhak
[2026-05-02 14:58:32] Context Switch: sppadmin -> __sppadmin__
[2026-05-02 14:58:32] Context Switch: __sppadmin__ -> __sppadmin__
[2026-05-02 14:58:32] Context Switch: __sppadmin__ -> default
[2026-05-02 14:58:32] Context Switch: default -> __sppadmin__
[2026-05-02 14:58:33] Context Switch: sppadmin -> sppadmin
[2026-05-02 14:58:33] Context Switch: sppadmin -> sppadmin
[2026-05-02 14:58:35] Context Switch: sppadmin -> default
[2026-05-02 14:58:35] Context Switch: default -> default
[2026-05-02 14:58:36] Context Switch: default -> default
[2026-05-02 14:58:38] Context Switch: default -> sppadmin
[2026-05-02 14:58:39] Context Switch: sppadmin -> __sppadmin__
[2026-05-02 14:58:39] Context Switch: __sppadmin__ -> __sppadmin__
[2026-05-02 14:59:30] Context Switch: default -> default
[2026-05-02 14:59:30] Context Switch: default -> default
[2026-05-02 14:59:33] Context Switch: default -> default
[2026-05-02 14:59:38] Context Switch: sppadmin -> sppadmin
[2026-05-02 14:59:38] Context Switch: sppadmin -> sppadmin
[2026-05-02 14:59:40] Context Switch: sppadmin -> default
[2026-05-02 14:59:40] Context Switch: default -> default
[2026-05-02 14:59:41] Context Switch: default -> default
[2026-05-02 14:59:43] Context Switch: default -> sppadmin
[2026-05-02 14:59:44] Context Switch: sppadmin -> __sppadmin__
[2026-05-02 14:59:44] Context Switch: __sppadmin__ -> __sppadmin__
[2026-05-02 14:59:45] Context Switch: __sppadmin__ -> lekhak
[2026-05-02 14:59:45] Context Switch: lekhak -> lekhak
[2026-05-02 14:59:45] Context Switch: lekhak -> lekhak
[2026-05-02 15:36:54] Context Switch: default -> default
[2026-05-02 15:36:54] Context Switch: default -> default
[2026-05-02 15:36:55] Context Switch: default -> default
[2026-05-02 15:36:56] Context Switch: spp_docs -> spp_docs
[2026-05-02 15:36:56] Context Switch: spp_docs -> spp_docs
[2026-05-02 15:36:56] Context Switch: spp_docs -> spp_docs
[2026-05-02 15:36:56] Context Switch: spp_docs -> spp_docs
[2026-05-02 15:36:56] Context Switch: spp_docs -> spp_docs
[2026-05-02 15:36:56] Context Switch: spp_docs -> spp_docs
[2026-05-02 15:36:56] Context Switch: spp_docs -> default
[2026-05-02 15:36:56] Context Switch: default -> default
[2026-05-02 15:36:56] Context Switch: spp_docs -> default
[2026-05-02 15:36:56] Context Switch: default -> default
[2026-05-02 15:36:56] Context Switch: spp_docs -> default
[2026-05-02 15:36:56] Context Switch: default -> default
[2026-05-02 15:36:56] Context Switch: default -> default
[2026-05-02 15:36:56] Context Switch: default -> default
[2026-05-02 15:36:56] Context Switch: default -> default
[2026-05-02 15:36:57] Context Switch: default -> spp_docs
[2026-05-02 15:36:57] Context Switch: default -> spp_docs
[2026-05-02 15:36:57] Context Switch: default -> spp_docs
[2026-05-02 15:36:58] Context Switch: spp_docs -> spp_docs
[2026-05-02 15:36:58] Context Switch: spp_docs -> spp_docs
[2026-05-02 15:36:58] Context Switch: spp_docs -> default
[2026-05-02 15:36:58] Context Switch: default -> default
[2026-05-02 15:36:58] Context Switch: default -> default
[2026-05-02 15:36:58] Context Switch: default -> spp_docs
[2026-05-02 15:37:18] Context Switch: sppadmin -> sppadmin
[2026-05-02 15:37:18] Context Switch: sppadmin -> sppadmin
[2026-05-02 15:37:18] Context Switch: sppadmin -> default
[2026-05-02 15:37:18] Context Switch: default -> default
[2026-05-02 15:37:19] Context Switch: default -> default
[2026-05-02 15:37:19] Context Switch: default -> sppadmin
[2026-05-02 15:37:20] Context Switch: default -> default
[2026-05-02 15:37:20] Context Switch: default -> default
[2026-05-02 15:37:20] Context Switch: default -> default
[2026-05-02 15:37:20] Context Switch: default -> default
[2026-05-02 15:37:20] Context Switch: default -> default
[2026-05-02 15:37:20] Context Switch: default -> default
[2026-05-02 15:37:20] Context Switch: sppadmin -> sppadmin
[2026-05-02 15:37:20] Context Switch: sppadmin -> sppadmin
[2026-05-02 15:37:21] Context Switch: sppadmin -> default
[2026-05-02 15:37:21] Context Switch: default -> default
[2026-05-02 15:37:21] Context Switch: default -> default
[2026-05-02 15:37:22] Context Switch: default -> sppadmin
[2026-05-02 15:37:32] Context Switch: sppadmin -> sppadmin
[2026-05-02 15:37:32] Context Switch: sppadmin -> sppadmin
[2026-05-02 15:37:33] Context Switch: sppadmin -> default
[2026-05-02 15:37:33] Context Switch: default -> default
[2026-05-02 15:37:33] Context Switch: default -> default
[2026-05-02 15:37:33] Context Switch: default -> sppadmin
[2026-05-02 15:37:34] Context Switch: sppadmin -> sppadmin
[2026-05-02 15:37:34] Context Switch: sppadmin -> sppadmin
[2026-05-02 15:37:34] Context Switch: sppadmin -> sppadmin
[2026-05-02 15:37:34] Context Switch: sppadmin -> sppadmin
[2026-05-02 15:37:34] Context Switch: sppadmin -> default
[2026-05-02 15:37:34] Context Switch: sppadmin -> default
[2026-05-02 15:37:34] Context Switch: default -> default
[2026-05-02 15:37:34] Context Switch: default -> default
[2026-05-02 15:37:34] Context Switch: default -> default
[2026-05-02 15:37:34] Context Switch: default -> default
[2026-05-02 15:37:34] Context Switch: default -> sppadmin
[2026-05-02 15:37:34] Context Switch: default -> sppadmin
[2026-05-02 15:37:35] Context Switch: sppadmin -> __sppadmin__
[2026-05-02 15:37:35] Context Switch: __sppadmin__ -> __sppadmin__
[2026-05-02 15:37:35] Context Switch: __sppadmin__ -> lekhak
[2026-05-02 15:37:35] Context Switch: lekhak -> lekhak
[2026-05-02 15:37:35] Context Switch: lekhak -> lekhak
[2026-05-02 15:37:35] Context Switch: default -> default
[2026-05-02 15:37:35] Context Switch: default -> default
[2026-05-02 15:37:36] Context Switch: default -> default
[2026-05-02 15:37:37] Context Switch: sppadmin -> sppadmin
[2026-05-02 15:37:37] Context Switch: sppadmin -> sppadmin
[2026-05-02 15:37:37] Context Switch: sppadmin -> sppadmin
[2026-05-02 15:37:37] Context Switch: sppadmin -> sppadmin
[2026-05-02 15:37:37] Context Switch: sppadmin -> sppadmin
[2026-05-02 15:37:37] Context Switch: sppadmin -> sppadmin
[2026-05-02 15:37:37] Context Switch: sppadmin -> default
[2026-05-02 15:37:37] Context Switch: sppadmin -> default
[2026-05-02 15:37:37] Context Switch: default -> default
[2026-05-02 15:37:37] Context Switch: default -> default
[2026-05-02 15:37:37] Context Switch: default -> default
[2026-05-02 15:37:37] Context Switch: default -> default
[2026-05-02 15:37:37] Context Switch: sppadmin -> default
[2026-05-02 15:37:37] Context Switch: default -> default
[2026-05-02 15:37:37] Context Switch: default -> sppadmin
[2026-05-02 15:37:37] Context Switch: default -> sppadmin
[2026-05-02 15:37:37] Context Switch: default -> default
[2026-05-02 15:37:37] Context Switch: sppadmin -> __sppadmin__
[2026-05-02 15:37:37] Context Switch: __sppadmin__ -> __sppadmin__
[2026-05-02 15:37:37] Context Switch: __sppadmin__ -> default
[2026-05-02 15:37:37] Context Switch: sppadmin -> __sppadmin__
[2026-05-02 15:37:37] Context Switch: __sppadmin__ -> __sppadmin__
[2026-05-02 15:37:37] Context Switch: __sppadmin__ -> default
[2026-05-02 15:37:38] Context Switch: default -> sppadmin
[2026-05-02 15:37:38] Context Switch: default -> __sppadmin__
[2026-05-02 15:37:38] Context Switch: __sppadmin__ -> default
[2026-05-02 15:37:38] Context Switch: default -> __sppadmin__
[2026-05-02 15:37:38] Context Switch: __sppadmin__ -> default
[2026-05-02 15:37:38] Context Switch: default -> __sppadmin__
[2026-05-02 15:37:38] Context Switch: default -> __sppadmin__
[2026-05-02 15:37:38] Context Switch: sppadmin -> __sppadmin__
[2026-05-02 15:37:38] Context Switch: __sppadmin__ -> __sppadmin__
[2026-05-02 15:37:38] Context Switch: __sppadmin__ -> lekhak
[2026-05-02 15:37:38] Context Switch: lekhak -> lekhak
[2026-05-02 15:37:38] Context Switch: lekhak -> lekhak
[2026-05-02 15:37:39] Context Switch: sppadmin -> sppadmin
[2026-05-02 15:37:39] Context Switch: sppadmin -> sppadmin
[2026-05-02 15:37:39] Context Switch: sppadmin -> default
[2026-05-02 15:37:39] Context Switch: default -> default
[2026-05-02 15:37:39] Context Switch: default -> default
[2026-05-02 15:37:40] Context Switch: default -> sppadmin
[2026-05-02 15:37:40] Context Switch: sppadmin -> __sppadmin__
[2026-05-02 15:37:40] Context Switch: __sppadmin__ -> __sppadmin__
[2026-05-02 15:37:46] Context Switch: default -> default
[2026-05-02 15:37:46] Context Switch: default -> default
[2026-05-02 15:37:47] Context Switch: default -> default
[2026-05-02 15:37:47] Context Switch: sppadmin -> sppadmin
[2026-05-02 15:37:47] Context Switch: sppadmin -> sppadmin
[2026-05-02 15:37:48] Context Switch: sppadmin -> default
[2026-05-02 15:37:48] Context Switch: default -> default
[2026-05-02 15:37:48] Context Switch: default -> default
[2026-05-02 15:37:48] Context Switch: default -> sppadmin
[2026-05-02 15:37:49] Context Switch: sppadmin -> __sppadmin__
[2026-05-02 15:37:49] Context Switch: __sppadmin__ -> __sppadmin__
[2026-05-02 15:37:49] Context Switch: sppadmin -> sppadmin
[2026-05-02 15:37:49] Context Switch: sppadmin -> sppadmin
[2026-05-02 15:37:49] Context Switch: sppadmin -> default
[2026-05-02 15:37:49] Context Switch: default -> default
[2026-05-02 15:37:50] Context Switch: default -> default
[2026-05-02 15:37:50] Context Switch: default -> sppadmin
[2026-05-02 15:37:51] Context Switch: sppadmin -> __sppadmin__
[2026-05-02 15:37:51] Context Switch: __sppadmin__ -> __sppadmin__
[2026-05-02 15:40:34] Context Switch: default -> default
[2026-05-02 15:40:34] Context Switch: default -> default
[2026-05-02 15:40:35] Context Switch: default -> default
[2026-05-02 15:40:36] Context Switch: sppadmin -> sppadmin
[2026-05-02 15:40:36] Context Switch: sppadmin -> sppadmin
[2026-05-02 15:40:37] Context Switch: sppadmin -> default
[2026-05-02 15:40:37] Context Switch: default -> default
[2026-05-02 15:40:37] Context Switch: default -> default
[2026-05-02 15:40:37] Context Switch: default -> sppadmin
[2026-05-02 15:40:37] Context Switch: sppadmin -> __sppadmin__
[2026-05-02 15:40:38] Context Switch: __sppadmin__ -> __sppadmin__
[2026-05-02 15:40:38] Context Switch: __sppadmin__ -> default
[2026-05-02 15:40:38] Context Switch: default -> __sppadmin__
[2026-05-02 15:40:43] Context Switch: default -> default
[2026-05-02 15:40:43] Context Switch: default -> default
[2026-05-02 15:40:44] Context Switch: default -> default
[2026-05-02 15:40:45] Context Switch: sppadmin -> sppadmin
[2026-05-02 15:40:45] Context Switch: sppadmin -> sppadmin
[2026-05-02 15:40:46] Context Switch: sppadmin -> default
[2026-05-02 15:40:46] Context Switch: default -> default
[2026-05-02 15:40:46] Context Switch: default -> default
[2026-05-02 15:40:46] Context Switch: default -> sppadmin
[2026-05-02 15:40:47] Context Switch: sppadmin -> __sppadmin__
[2026-05-02 15:40:47] Context Switch: __sppadmin__ -> __sppadmin__
[2026-05-02 15:40:47] Context Switch: sppadmin -> sppadmin
[2026-05-02 15:40:47] Context Switch: sppadmin -> sppadmin
[2026-05-02 15:40:47] Context Switch: sppadmin -> default
[2026-05-02 15:40:47] Context Switch: default -> default
[2026-05-02 15:40:47] Context Switch: default -> default
[2026-05-02 15:40:48] Context Switch: default -> sppadmin
[2026-05-02 15:40:48] Context Switch: sppadmin -> __sppadmin__
[2026-05-02 15:40:48] Context Switch: __sppadmin__ -> __sppadmin__
[2026-05-02 15:41:40] Context Switch: default -> default
[2026-05-02 15:41:40] Context Switch: default -> default
[2026-05-02 15:41:40] Context Switch: default -> default
[2026-05-02 15:46:05] Context Switch: sppadmin -> sppadmin
[2026-05-02 15:46:05] Context Switch: sppadmin -> sppadmin
[2026-05-02 15:46:05] Context Switch: sppadmin -> default
[2026-05-02 15:46:05] Context Switch: default -> default
[2026-05-02 15:46:05] Context Switch: default -> default
[2026-05-02 15:46:06] Context Switch: default -> sppadmin
[2026-05-02 15:46:06] Context Switch: default -> default
[2026-05-02 15:46:06] Context Switch: default -> default
[2026-05-02 15:46:06] Context Switch: default -> default
[2026-05-02 15:46:06] Context Switch: default -> default
[2026-05-02 15:46:06] Context Switch: default -> default
[2026-05-02 15:46:06] Context Switch: default -> default
[2026-05-02 15:46:15] Context Switch: sppadmin -> sppadmin
[2026-05-02 15:46:15] Context Switch: sppadmin -> sppadmin
[2026-05-02 15:46:16] Context Switch: sppadmin -> default
[2026-05-02 15:46:16] Context Switch: default -> default
[2026-05-02 15:46:16] Context Switch: default -> default
[2026-05-02 15:46:16] Context Switch: default -> sppadmin
[2026-05-02 15:46:27] Context Switch: sppadmin -> sppadmin
[2026-05-02 15:46:27] Context Switch: sppadmin -> sppadmin
[2026-05-02 15:46:28] Context Switch: sppadmin -> default
[2026-05-02 15:46:28] Context Switch: default -> default
[2026-05-02 15:46:28] Context Switch: default -> default
[2026-05-02 15:46:28] Context Switch: default -> sppadmin
[2026-05-02 15:46:29] Context Switch: sppadmin -> sppadmin
[2026-05-02 15:46:29] Context Switch: sppadmin -> sppadmin
[2026-05-02 15:46:29] Context Switch: sppadmin -> sppadmin
[2026-05-02 15:46:29] Context Switch: sppadmin -> sppadmin
[2026-05-02 15:46:29] Context Switch: sppadmin -> default
[2026-05-02 15:46:29] Context Switch: default -> default
[2026-05-02 15:46:29] Context Switch: sppadmin -> default
[2026-05-02 15:46:29] Context Switch: default -> default
[2026-05-02 15:46:29] Context Switch: default -> default
[2026-05-02 15:46:29] Context Switch: default -> default
[2026-05-02 15:46:29] Context Switch: default -> sppadmin
[2026-05-02 15:46:30] Context Switch: default -> sppadmin
[2026-05-02 15:46:30] Context Switch: sppadmin -> __sppadmin__
[2026-05-02 15:46:30] Context Switch: __sppadmin__ -> __sppadmin__
[2026-05-02 15:46:30] Context Switch: __sppadmin__ -> lekhak
[2026-05-02 15:46:30] Context Switch: lekhak -> lekhak
[2026-05-02 15:46:30] Context Switch: lekhak -> lekhak
[2026-05-02 15:46:31] Context Switch: default -> default
[2026-05-02 15:46:31] Context Switch: default -> default
[2026-05-02 15:46:31] Context Switch: default -> default
[2026-05-02 15:46:32] Context Switch: sppadmin -> sppadmin
[2026-05-02 15:46:32] Context Switch: sppadmin -> sppadmin
[2026-05-02 15:46:32] Context Switch: sppadmin -> default
[2026-05-02 15:46:32] Context Switch: default -> default
[2026-05-02 15:46:33] Context Switch: default -> default
[2026-05-02 15:46:33] Context Switch: default -> sppadmin
[2026-05-02 15:46:33] Context Switch: sppadmin -> __sppadmin__
[2026-05-02 15:46:33] Context Switch: __sppadmin__ -> __sppadmin__
[2026-05-02 15:46:34] Context Switch: sppadmin -> sppadmin
[2026-05-02 15:46:34] Context Switch: sppadmin -> sppadmin
[2026-05-02 15:46:34] Context Switch: sppadmin -> default
[2026-05-02 15:46:34] Context Switch: default -> default
[2026-05-02 15:46:34] Context Switch: default -> default
[2026-05-02 15:46:35] Context Switch: default -> sppadmin
[2026-05-02 15:46:35] Context Switch: sppadmin -> __sppadmin__
[2026-05-02 15:46:35] Context Switch: __sppadmin__ -> __sppadmin__
[2026-05-02 15:49:10] Context Switch: sppadmin -> sppadmin
[2026-05-02 15:49:10] Context Switch: sppadmin -> sppadmin
[2026-05-02 15:49:11] Context Switch: sppadmin -> default
[2026-05-02 15:49:11] Context Switch: default -> default
[2026-05-02 15:49:12] Context Switch: default -> default
[2026-05-02 15:49:12] Context Switch: default -> sppadmin
[2026-05-02 15:49:14] Context Switch: default -> default
[2026-05-02 15:49:14] Context Switch: default -> default
[2026-05-02 15:49:14] Context Switch: default -> default
[2026-05-02 15:49:14] Context Switch: default -> default
[2026-05-02 15:49:14] Context Switch: default -> default
[2026-05-02 15:49:14] Context Switch: default -> default
[2026-05-02 15:49:15] Context Switch: sppadmin -> sppadmin
[2026-05-02 15:49:15] Context Switch: sppadmin -> sppadmin
[2026-05-02 15:49:16] Context Switch: sppadmin -> default
[2026-05-02 15:49:16] Context Switch: default -> default
[2026-05-02 15:49:16] Context Switch: default -> default
[2026-05-02 15:49:17] Context Switch: default -> sppadmin
[2026-05-02 15:53:35] Context Switch: sppadmin -> sppadmin
[2026-05-02 15:53:35] Context Switch: sppadmin -> sppadmin
[2026-05-02 15:53:36] Context Switch: sppadmin -> default
[2026-05-02 15:53:36] Context Switch: default -> default
[2026-05-02 15:53:36] Context Switch: default -> default
[2026-05-02 15:53:36] Context Switch: default -> sppadmin
[2026-05-02 15:53:38] Context Switch: sppadmin -> sppadmin
[2026-05-02 15:53:38] Context Switch: sppadmin -> sppadmin
[2026-05-02 15:53:38] Context Switch: sppadmin -> sppadmin
[2026-05-02 15:53:38] Context Switch: sppadmin -> sppadmin
[2026-05-02 15:53:38] Context Switch: sppadmin -> default
[2026-05-02 15:53:38] Context Switch: default -> default
[2026-05-02 15:53:38] Context Switch: sppadmin -> default
[2026-05-02 15:53:38] Context Switch: default -> default
[2026-05-02 15:53:38] Context Switch: default -> default
[2026-05-02 15:53:38] Context Switch: default -> default
[2026-05-02 15:53:38] Context Switch: default -> sppadmin
[2026-05-02 15:53:38] Context Switch: default -> sppadmin
[2026-05-02 15:53:39] Context Switch: sppadmin -> __sppadmin__
[2026-05-02 15:53:39] Context Switch: __sppadmin__ -> __sppadmin__
[2026-05-02 15:53:39] Context Switch: __sppadmin__ -> lekhak
[2026-05-02 15:53:39] Context Switch: lekhak -> lekhak
[2026-05-02 15:53:39] Context Switch: lekhak -> lekhak
[2026-05-02 15:53:39] Context Switch: default -> default
[2026-05-02 15:53:39] Context Switch: default -> default
[2026-05-02 15:53:40] Context Switch: default -> default
[2026-05-02 15:53:41] Context Switch: sppadmin -> sppadmin
[2026-05-02 15:53:41] Context Switch: sppadmin -> sppadmin
[2026-05-02 15:53:41] Context Switch: sppadmin -> default
[2026-05-02 15:53:41] Context Switch: default -> default
[2026-05-02 15:53:41] Context Switch: default -> default
[2026-05-02 15:53:42] Context Switch: default -> sppadmin
[2026-05-02 15:53:42] Context Switch: sppadmin -> __sppadmin__
[2026-05-02 15:53:42] Context Switch: __sppadmin__ -> __sppadmin__
[2026-05-02 15:53:42] Context Switch: sppadmin -> sppadmin
[2026-05-02 15:53:42] Context Switch: sppadmin -> sppadmin
[2026-05-02 15:53:43] Context Switch: sppadmin -> default
[2026-05-02 15:53:43] Context Switch: default -> default
[2026-05-02 15:53:43] Context Switch: default -> default
[2026-05-02 15:53:43] Context Switch: default -> sppadmin
[2026-05-02 15:53:44] Context Switch: sppadmin -> __sppadmin__
[2026-05-02 15:53:44] Context Switch: __sppadmin__ -> __sppadmin__
[2026-05-02 15:56:23] Context Switch: sppadmin -> sppadmin
[2026-05-02 15:56:23] Context Switch: sppadmin -> sppadmin
[2026-05-02 15:56:23] Context Switch: sppadmin -> default
[2026-05-02 15:56:23] Context Switch: default -> default
[2026-05-02 15:56:24] Context Switch: default -> default
[2026-05-02 15:56:24] Context Switch: default -> sppadmin
[2026-05-02 15:56:25] Context Switch: default -> default
[2026-05-02 15:56:25] Context Switch: default -> default
[2026-05-02 15:56:25] Context Switch: default -> default
[2026-05-02 15:56:25] Context Switch: default -> default
[2026-05-02 15:56:25] Context Switch: default -> default
[2026-05-02 15:56:25] Context Switch: default -> default
[2026-05-02 15:56:26] Context Switch: sppadmin -> sppadmin
[2026-05-02 15:56:26] Context Switch: sppadmin -> sppadmin
[2026-05-02 15:56:26] Context Switch: sppadmin -> default
[2026-05-02 15:56:26] Context Switch: default -> default
[2026-05-02 15:56:27] Context Switch: default -> default
[2026-05-02 15:56:27] Context Switch: default -> sppadmin
[2026-05-02 15:56:43] Context Switch: sppadmin -> sppadmin
[2026-05-02 15:56:43] Context Switch: sppadmin -> sppadmin
[2026-05-02 15:56:43] Context Switch: sppadmin -> default
[2026-05-02 15:56:43] Context Switch: default -> default
[2026-05-02 15:56:44] Context Switch: default -> default
[2026-05-02 15:56:44] Context Switch: default -> sppadmin
[2026-05-02 15:56:45] Context Switch: sppadmin -> sppadmin
[2026-05-02 15:56:45] Context Switch: sppadmin -> sppadmin
[2026-05-02 15:56:45] Context Switch: sppadmin -> sppadmin
[2026-05-02 15:56:45] Context Switch: sppadmin -> sppadmin
[2026-05-02 15:56:45] Context Switch: sppadmin -> default
[2026-05-02 15:56:45] Context Switch: default -> default
[2026-05-02 15:56:45] Context Switch: sppadmin -> default
[2026-05-02 15:56:45] Context Switch: default -> default
[2026-05-02 15:56:45] Context Switch: default -> default
[2026-05-02 15:56:45] Context Switch: default -> default
[2026-05-02 15:56:45] Context Switch: default -> sppadmin
[2026-05-02 15:56:46] Context Switch: default -> sppadmin
[2026-05-02 15:56:46] Context Switch: sppadmin -> __sppadmin__
[2026-05-02 15:56:46] Context Switch: __sppadmin__ -> __sppadmin__
[2026-05-02 15:56:46] Context Switch: __sppadmin__ -> lekhak
[2026-05-02 15:56:46] Context Switch: lekhak -> lekhak
[2026-05-02 15:56:46] Context Switch: lekhak -> lekhak
[2026-05-02 15:56:46] Context Switch: default -> default
[2026-05-02 15:56:46] Context Switch: default -> default
[2026-05-02 15:56:47] Context Switch: default -> default
[2026-05-02 15:56:48] Context Switch: sppadmin -> sppadmin
[2026-05-02 15:56:48] Context Switch: sppadmin -> sppadmin
[2026-05-02 15:56:48] Context Switch: sppadmin -> default
[2026-05-02 15:56:48] Context Switch: default -> default
[2026-05-02 15:56:48] Context Switch: default -> default
[2026-05-02 15:56:48] Context Switch: default -> sppadmin
[2026-05-02 15:56:49] Context Switch: sppadmin -> __sppadmin__
[2026-05-02 15:56:49] Context Switch: __sppadmin__ -> __sppadmin__
[2026-05-02 15:56:49] Context Switch: sppadmin -> sppadmin
[2026-05-02 15:56:49] Context Switch: sppadmin -> sppadmin
[2026-05-02 15:56:49] Context Switch: sppadmin -> default
[2026-05-02 15:56:49] Context Switch: default -> default
[2026-05-02 15:56:50] Context Switch: default -> default
[2026-05-02 15:56:50] Context Switch: default -> sppadmin
[2026-05-02 15:56:50] Context Switch: sppadmin -> __sppadmin__
[2026-05-02 15:56:50] Context Switch: __sppadmin__ -> __sppadmin__
[2026-05-02 16:10:07] Context Switch: sppadmin -> sppadmin
[2026-05-02 16:10:07] Context Switch: sppadmin -> sppadmin
[2026-05-02 16:10:08] Context Switch: sppadmin -> default
[2026-05-02 16:10:08] Context Switch: default -> default
[2026-05-02 16:10:08] Context Switch: default -> default
[2026-05-02 16:10:09] Context Switch: default -> sppadmin
[2026-05-02 16:10:10] Context Switch: default -> default
[2026-05-02 16:10:10] Context Switch: default -> default
[2026-05-02 16:10:10] Context Switch: default -> default
[2026-05-02 16:10:10] Context Switch: default -> default
[2026-05-02 16:10:10] Context Switch: default -> default
[2026-05-02 16:10:10] Context Switch: default -> default
[2026-05-02 16:10:11] Context Switch: sppadmin -> sppadmin
[2026-05-02 16:10:11] Context Switch: sppadmin -> sppadmin
[2026-05-02 16:10:11] Context Switch: sppadmin -> default
[2026-05-02 16:10:11] Context Switch: default -> default
[2026-05-02 16:10:11] Context Switch: default -> default
[2026-05-02 16:10:12] Context Switch: default -> sppadmin
[2026-05-02 16:10:19] Context Switch: sppadmin -> sppadmin
[2026-05-02 16:10:19] Context Switch: sppadmin -> sppadmin
[2026-05-02 16:10:19] Context Switch: sppadmin -> default
[2026-05-02 16:10:19] Context Switch: default -> default
[2026-05-02 16:10:19] Context Switch: default -> default
[2026-05-02 16:10:20] Context Switch: default -> sppadmin
[2026-05-02 16:10:20] Context Switch: sppadmin -> sppadmin
[2026-05-02 16:10:20] Context Switch: sppadmin -> sppadmin
[2026-05-02 16:10:20] Context Switch: sppadmin -> sppadmin
[2026-05-02 16:10:20] Context Switch: sppadmin -> sppadmin
[2026-05-02 16:10:21] Context Switch: sppadmin -> default
[2026-05-02 16:10:21] Context Switch: default -> default
[2026-05-02 16:10:21] Context Switch: sppadmin -> default
[2026-05-02 16:10:21] Context Switch: default -> default
[2026-05-02 16:10:21] Context Switch: default -> default
[2026-05-02 16:10:21] Context Switch: default -> default
[2026-05-02 16:10:21] Context Switch: default -> sppadmin
[2026-05-02 16:10:21] Context Switch: default -> sppadmin
[2026-05-02 16:10:21] Context Switch: sppadmin -> __sppadmin__
[2026-05-02 16:10:21] Context Switch: __sppadmin__ -> __sppadmin__
[2026-05-02 16:10:22] Context Switch: __sppadmin__ -> lekhak
[2026-05-02 16:10:22] Context Switch: lekhak -> lekhak
[2026-05-02 16:10:22] Context Switch: lekhak -> lekhak
[2026-05-02 16:10:22] Context Switch: default -> default
[2026-05-02 16:10:22] Context Switch: default -> default
[2026-05-02 16:10:23] Context Switch: default -> default
[2026-05-02 16:10:23] Context Switch: sppadmin -> sppadmin
[2026-05-02 16:10:23] Context Switch: sppadmin -> sppadmin
[2026-05-02 16:10:24] Context Switch: sppadmin -> default
[2026-05-02 16:10:24] Context Switch: default -> default
[2026-05-02 16:10:24] Context Switch: default -> default
[2026-05-02 16:10:24] Context Switch: default -> sppadmin
[2026-05-02 16:10:25] Context Switch: sppadmin -> __sppadmin__
[2026-05-02 16:10:25] Context Switch: __sppadmin__ -> __sppadmin__
[2026-05-02 16:10:25] Context Switch: sppadmin -> sppadmin
[2026-05-02 16:10:25] Context Switch: sppadmin -> sppadmin
[2026-05-02 16:10:26] Context Switch: sppadmin -> default
[2026-05-02 16:10:26] Context Switch: default -> default
[2026-05-02 16:10:26] Context Switch: default -> default
[2026-05-02 16:10:26] Context Switch: default -> sppadmin
[2026-05-02 16:10:27] Context Switch: sppadmin -> __sppadmin__
[2026-05-02 16:10:27] Context Switch: __sppadmin__ -> __sppadmin__
[2026-05-02 16:12:06] Context Switch: default -> default
[2026-05-02 16:12:06] Context Switch: default -> default
[2026-05-02 16:12:07] Context Switch: default -> default
[2026-05-02 16:14:41] Context Switch: sppadmin -> sppadmin
[2026-05-02 16:14:41] Context Switch: sppadmin -> sppadmin
[2026-05-02 16:14:41] Context Switch: sppadmin -> default
[2026-05-02 16:14:41] Context Switch: default -> default
[2026-05-02 16:14:42] Context Switch: default -> default
[2026-05-02 16:14:42] Context Switch: default -> sppadmin
[2026-05-02 16:14:43] Context Switch: default -> default
[2026-05-02 16:14:43] Context Switch: default -> default
[2026-05-02 16:14:43] Context Switch: default -> default
[2026-05-02 16:14:43] Context Switch: default -> default
[2026-05-02 16:14:43] Context Switch: default -> default
[2026-05-02 16:14:43] Context Switch: default -> default
[2026-05-02 16:14:43] Context Switch: sppadmin -> sppadmin
[2026-05-02 16:14:43] Context Switch: sppadmin -> sppadmin
[2026-05-02 16:14:44] Context Switch: sppadmin -> default
[2026-05-02 16:14:44] Context Switch: default -> default
[2026-05-02 16:14:44] Context Switch: default -> default
[2026-05-02 16:14:44] Context Switch: default -> sppadmin
[2026-05-02 16:14:52] Context Switch: sppadmin -> sppadmin
[2026-05-02 16:14:52] Context Switch: sppadmin -> sppadmin
[2026-05-02 16:14:52] Context Switch: sppadmin -> default
[2026-05-02 16:14:52] Context Switch: default -> default
[2026-05-02 16:14:52] Context Switch: default -> default
[2026-05-02 16:14:53] Context Switch: default -> sppadmin
[2026-05-02 16:14:53] Context Switch: sppadmin -> sppadmin
[2026-05-02 16:14:53] Context Switch: sppadmin -> sppadmin
[2026-05-02 16:14:53] Context Switch: sppadmin -> sppadmin
[2026-05-02 16:14:53] Context Switch: sppadmin -> sppadmin
[2026-05-02 16:14:53] Context Switch: sppadmin -> default
[2026-05-02 16:14:53] Context Switch: default -> default
[2026-05-02 16:14:54] Context Switch: sppadmin -> default
[2026-05-02 16:14:54] Context Switch: default -> default
[2026-05-02 16:14:54] Context Switch: default -> default
[2026-05-02 16:14:54] Context Switch: default -> default
[2026-05-02 16:14:54] Context Switch: default -> sppadmin
[2026-05-02 16:14:55] Context Switch: default -> sppadmin
[2026-05-02 16:14:55] Context Switch: sppadmin -> __sppadmin__
[2026-05-02 16:14:55] Context Switch: __sppadmin__ -> __sppadmin__
[2026-05-02 16:14:55] Context Switch: __sppadmin__ -> lekhak
[2026-05-02 16:14:55] Context Switch: lekhak -> lekhak
[2026-05-02 16:14:56] Context Switch: lekhak -> lekhak
[2026-05-02 16:14:56] Context Switch: default -> default
[2026-05-02 16:14:56] Context Switch: default -> default
[2026-05-02 16:14:57] Context Switch: default -> default
[2026-05-02 16:14:57] Context Switch: sppadmin -> sppadmin
[2026-05-02 16:14:57] Context Switch: sppadmin -> sppadmin
[2026-05-02 16:14:58] Context Switch: sppadmin -> default
[2026-05-02 16:14:58] Context Switch: default -> default
[2026-05-02 16:14:58] Context Switch: default -> default
[2026-05-02 16:14:58] Context Switch: default -> sppadmin
[2026-05-02 16:14:59] Context Switch: sppadmin -> __sppadmin__
[2026-05-02 16:14:59] Context Switch: __sppadmin__ -> __sppadmin__
[2026-05-02 16:14:59] Context Switch: sppadmin -> sppadmin
[2026-05-02 16:14:59] Context Switch: sppadmin -> sppadmin
[2026-05-02 16:14:59] Context Switch: sppadmin -> default
[2026-05-02 16:14:59] Context Switch: default -> default
[2026-05-02 16:15:00] Context Switch: default -> default
[2026-05-02 16:15:00] Context Switch: default -> sppadmin
[2026-05-02 16:15:00] Context Switch: sppadmin -> __sppadmin__
[2026-05-02 16:15:00] Context Switch: __sppadmin__ -> __sppadmin__
[2026-05-02 16:15:31] Context Switch: sppadmin -> sppadmin
[2026-05-02 16:15:31] Context Switch: sppadmin -> sppadmin
[2026-05-02 16:15:33] Context Switch: sppadmin -> default
[2026-05-02 16:15:33] Context Switch: default -> default
[2026-05-02 16:15:33] Context Switch: default -> default
[2026-05-02 16:15:34] Context Switch: default -> sppadmin
[2026-05-02 16:15:35] Context Switch: sppadmin -> __sppadmin__
[2026-05-02 16:15:35] Context Switch: __sppadmin__ -> __sppadmin__
[2026-05-02 16:15:35] Context Switch: sppadmin -> sppadmin
[2026-05-02 16:15:35] Context Switch: sppadmin -> sppadmin
[2026-05-02 16:15:36] Context Switch: sppadmin -> default
[2026-05-02 16:15:36] Context Switch: default -> default
[2026-05-02 16:15:36] Context Switch: default -> default
[2026-05-02 16:15:37] Context Switch: default -> sppadmin
[2026-05-02 16:15:37] Context Switch: sppadmin -> __sppadmin__
[2026-05-02 16:15:37] Context Switch: __sppadmin__ -> __sppadmin__
[2026-05-02 16:15:42] Context Switch: sppadmin -> sppadmin
[2026-05-02 16:15:42] Context Switch: sppadmin -> sppadmin
[2026-05-02 16:15:42] Context Switch: sppadmin -> default
[2026-05-02 16:15:42] Context Switch: default -> default
[2026-05-02 16:15:43] Context Switch: default -> default
[2026-05-02 16:15:43] Context Switch: default -> sppadmin
[2026-05-02 16:15:43] Context Switch: sppadmin -> __sppadmin__
[2026-05-02 16:15:43] Context Switch: __sppadmin__ -> __sppadmin__
[2026-05-02 16:15:44] Context Switch: sppadmin -> sppadmin
[2026-05-02 16:15:44] Context Switch: sppadmin -> sppadmin
[2026-05-02 16:15:44] Context Switch: sppadmin -> default
[2026-05-02 16:15:44] Context Switch: default -> default
[2026-05-02 16:15:44] Context Switch: default -> default
[2026-05-02 16:15:45] Context Switch: default -> sppadmin
[2026-05-02 16:15:45] Context Switch: sppadmin -> __sppadmin__
[2026-05-02 16:15:45] Context Switch: __sppadmin__ -> __sppadmin__
[2026-05-02 16:17:13] Context Switch: sppadmin -> sppadmin
[2026-05-02 16:17:13] Context Switch: sppadmin -> sppadmin
[2026-05-02 16:17:13] Context Switch: sppadmin -> default
[2026-05-02 16:17:13] Context Switch: default -> default
[2026-05-02 16:17:14] Context Switch: default -> default
[2026-05-02 16:17:14] Context Switch: default -> sppadmin
[2026-05-02 16:17:15] Context Switch: default -> default
[2026-05-02 16:17:15] Context Switch: default -> default
[2026-05-02 16:17:15] Context Switch: default -> default
[2026-05-02 16:17:15] Context Switch: default -> default
[2026-05-02 16:17:15] Context Switch: default -> default
[2026-05-02 16:17:15] Context Switch: default -> default
[2026-05-02 16:17:16] Context Switch: sppadmin -> sppadmin
[2026-05-02 16:17:16] Context Switch: sppadmin -> sppadmin
[2026-05-02 16:17:16] Context Switch: sppadmin -> default
[2026-05-02 16:17:16] Context Switch: default -> default
[2026-05-02 16:17:17] Context Switch: default -> default
[2026-05-02 16:17:17] Context Switch: default -> sppadmin
[2026-05-02 16:17:24] Context Switch: sppadmin -> sppadmin
[2026-05-02 16:17:24] Context Switch: sppadmin -> sppadmin
[2026-05-02 16:17:24] Context Switch: sppadmin -> default
[2026-05-02 16:17:24] Context Switch: default -> default
[2026-05-02 16:17:25] Context Switch: default -> default
[2026-05-02 16:17:25] Context Switch: default -> sppadmin
[2026-05-02 16:17:25] Context Switch: sppadmin -> sppadmin
[2026-05-02 16:17:25] Context Switch: sppadmin -> sppadmin
[2026-05-02 16:17:25] Context Switch: sppadmin -> sppadmin
[2026-05-02 16:17:25] Context Switch: sppadmin -> sppadmin
[2026-05-02 16:17:26] Context Switch: sppadmin -> default
[2026-05-02 16:17:26] Context Switch: default -> default
[2026-05-02 16:17:26] Context Switch: sppadmin -> default
[2026-05-02 16:17:26] Context Switch: default -> default
[2026-05-02 16:17:26] Context Switch: default -> default
[2026-05-02 16:17:26] Context Switch: default -> default
[2026-05-02 16:17:26] Context Switch: default -> sppadmin
[2026-05-02 16:17:26] Context Switch: default -> sppadmin
[2026-05-02 16:17:27] Context Switch: sppadmin -> __sppadmin__
[2026-05-02 16:17:27] Context Switch: __sppadmin__ -> __sppadmin__
[2026-05-02 16:17:27] Context Switch: __sppadmin__ -> lekhak
[2026-05-02 16:17:27] Context Switch: lekhak -> lekhak
[2026-05-02 16:17:27] Context Switch: lekhak -> lekhak
[2026-05-02 16:17:27] Context Switch: default -> default
[2026-05-02 16:17:27] Context Switch: default -> default
[2026-05-02 16:17:28] Context Switch: default -> default
[2026-05-02 16:17:28] Context Switch: sppadmin -> sppadmin
[2026-05-02 16:17:28] Context Switch: sppadmin -> sppadmin
[2026-05-02 16:17:29] Context Switch: sppadmin -> default
[2026-05-02 16:17:29] Context Switch: default -> default
[2026-05-02 16:17:29] Context Switch: default -> default
[2026-05-02 16:17:29] Context Switch: default -> sppadmin
[2026-05-02 16:17:30] Context Switch: sppadmin -> __sppadmin__
[2026-05-02 16:17:30] Context Switch: __sppadmin__ -> __sppadmin__
[2026-05-02 16:17:30] Context Switch: sppadmin -> sppadmin
[2026-05-02 16:17:30] Context Switch: sppadmin -> sppadmin
[2026-05-02 16:17:30] Context Switch: sppadmin -> default
[2026-05-02 16:17:30] Context Switch: default -> default
[2026-05-02 16:17:31] Context Switch: default -> default
[2026-05-02 16:17:31] Context Switch: default -> sppadmin
[2026-05-02 16:17:31] Context Switch: sppadmin -> __sppadmin__
[2026-05-02 16:17:31] Context Switch: __sppadmin__ -> __sppadmin__
[2026-05-02 18:26:51] Context Switch: default -> default
[2026-05-02 18:26:51] Context Switch: default -> default
[2026-05-02 18:26:51] Context Switch: default -> default
[2026-05-02 18:29:29] Context Switch: default -> default
[2026-05-02 18:29:29] Context Switch: default -> default
[2026-05-02 18:29:29] Context Switch: default -> default
[2026-05-02 18:31:07] Context Switch: default -> default
[2026-05-02 18:31:07] Context Switch: default -> default
[2026-05-02 18:31:07] Context Switch: default -> default
[2026-05-02 18:34:56] Context Switch: default -> default
[2026-05-02 18:34:56] Context Switch: default -> default
[2026-05-02 18:34:56] Context Switch: default -> default
[2026-05-02 18:36:11] Context Switch: default -> default
[2026-05-02 18:36:11] Context Switch: default -> default
[2026-05-02 18:36:11] Context Switch: default -> default
[2026-05-02 18:38:56] Context Switch: default -> default
[2026-05-02 18:38:56] Context Switch: default -> default
[2026-05-02 18:38:56] Context Switch: default -> default
